NroLicitacionPublica;IdConvenioMarco;ConvenioMarco;CodigoOC;PorId;NombreOC;FechaEnvioOC;FechaCreacionGC;FechaInvitacion;FechaFinInvitacion;EstadoOC;IdGranCompra;RutUnidadCompra;UnidadCompra;RazonSocialComprador;DireccionUnidadCompra;ComunaUnidadCompra;Institucion;IdProductoCM;NombreProducto;TipoProducto;PrecioTienda;PrecioOfertaEspecial;DescuentoAplicado;CantidadFinal;PrecioOfertaFinal;Adjudicado;RazonSocialSucursal;NombreProveedor;RutProveedor
2239-11-LR24;5802370;Convenio  Marco  para  la  adquisición  de  licencias  de  software  de  ofimática  (Magento);1051173-52-CM25;52950933;Adquisición  de  licencias  de  correo  electrónico  365  y  ofimática  instalable;2025-07-23;2025-06-04;2025-06-04;2025-06-18;Recepción  Conforme;77142;60.100.003-2;Ministerio  Secretaria  General  de  la  Presidencia;MINISTERIO  SECRETARIA  GENERAL  DE  LA  PRESIDENCIA  DE  LA  REPUBLICA;Moneda  N°1160;Santiago;MINISTERIO  SECRETARIA  GENERAL  DE  LA  PRESIDENCIA  DE  LA  REPUBLICA;4193073;LICENCIA  MICROSOFT  OFFICE  365  E1  +  DEFENDER  P1  +  TEAMS  GAMA  1E  VALOR  ANUAL;LICENCIA;94;94;0;20;1881;Si;MSLI  Latam  Inc.;MSLI  Latam  INC;880443249
2239-11-LR24;5802370;Convenio  Marco  para  la  adquisición  de  licencias  de  software  de  ofimática  (Magento);1051173-52-CM25;52950933;Adquisición  de  licencias  de  correo  electrónico  365  y  ofimática  instalable;2025-07-23;2025-06-04;2025-06-04;2025-06-18;Recepción  Conforme;77142;60.100.003-2;Ministerio  Secretaria  General  de  la  Presidencia;MINISTERIO  SECRETARIA  GENERAL  DE  LA  PRESIDENCIA  DE  LA  REPUBLICA;Moneda  N°1160;Santiago;MINISTERIO  SECRETARIA  GENERAL  DE  LA  PRESIDENCIA  DE  LA  REPUBLICA;4193081;LICENCIA  MICROSOFT  OFFICE  365  E1  +  DEFENDER  P1  +  365  APPS  +  TEAMS  +  ENTRA  ID  P1  GAMA  2E  VALOR  ANUAL;LICENCIA;228;228;0;265;60642;Si;MSLI  Latam  Inc.;MSLI  Latam  INC;880443249
2239-21-LR23;5802355;Convenio  Marco  de  Insumos  y  Dispositivos  Médicos  (Magento);1057432-196-CM25;52691140;Orden  de  Compra  generada  por  la  Gran  Compra:  75739;2025-07-10;2025-03-07;2025-03-20;2025-04-03;Recepción  Conforme;75739;61.607.100-9;Servicio  de  Salud    Concepción;SERVICIO  DE  SALUD  CONCEPCION;Ohiggins  N°297;Concepción;SERVICIO  DE  SALUD  CONCEPCION;2230021;COLCHÓN  CLÍNICO  LESENHILF  VISCOELÁSTICO  PACIENTE  UNIDAD;COLCHÓN  CLÍNICO;130910;109000;17;500;54500000;Si;SIMIL  EXPRESS  S.A.;SIMIL  EXPRESS  S.  A.;76.106.857-1
2239-21-LR23;5802355;Convenio  Marco  de  Insumos  y  Dispositivos  Médicos  (Magento);1057432-196-CM25;52691140;Orden  de  Compra  generada  por  la  Gran  Compra:  75739;2025-07-10;2025-03-07;2025-03-20;2025-04-03;Recepción  Conforme;75739;61.607.100-9;Servicio  de  Salud    Concepción;SERVICIO  DE  SALUD  CONCEPCION;Ohiggins  N°297;Concepción;SERVICIO  DE  SALUD  CONCEPCION;2230015;COLCHÓN  CLÍNICO  CLINICON  VISCOELÁSTICO  PACIENTE  UNIDAD;COLCHÓN  CLÍNICO;146015;141015;3;500;70507500;No;CLINICON  SPA;CLINICON  SPA;77.070.635-1
2239-21-LR23;5802355;Convenio  Marco  de  Insumos  y  Dispositivos  Médicos  (Magento);1057432-196-CM25;52691140;Orden  de  Compra  generada  por  la  Gran  Compra:  75739;2025-07-10;2025-03-07;2025-03-20;2025-04-03;Recepción  Conforme;75739;61.607.100-9;Servicio  de  Salud    Concepción;SERVICIO  DE  SALUD  CONCEPCION;Ohiggins  N°297;Concepción;SERVICIO  DE  SALUD  CONCEPCION;2230011;COLCHÓN  CLÍNICO  BLUNDING  VISCOELÁSTICO  PACIENTE  CA-002  UNIDAD;COLCHÓN  CLÍNICO;137959;137000;1;500;68500000;No;BLUNDING  S  A;BLUNDING  S.  A.;79.744.580-0
2239-12-LR23;5802348;Convenio  Marco  para  la  adquisición  seguros  de  vida  con  adicional  de  salud;1111089-352-CM25;53072235;Seguro  de  Salud  colectivo  Servicio  de  Bienestar  2025;2025-07-15;2025-02-12;2025-03-19;2025-04-02;Aceptada;75270;60.915.000-9;Agencia  Nacional  de  Investigación  y  Desarrollo;Agencia  Nacional  de  Investigación  y  Desarrollo  (ANID);Moneda  1375  Santiago  Centro;Santiago;Comisión  Nacional  de  Investigación  Científica  y  Tecnológicas  -  CONICYT;2035638;SEGURO  COLECTIVO  DE  VIDA  CON  ADICIONAL  DE  SALUD  Y  CATASTRÓFICO  -  PLAN  4  VALOR  PRIMA  MENSUAL;SEGURO  COLECTIVO  DE  VIDA  CON  ADICIONAL  DE  SALUD  Y  CATASTRÓFICO;0;0;0;4176;3599;Si;BCI  SEGUROS  VIDA  S  A;BCI  Seguros  Vida  S.A;96.573.600-K
2239-1-LR24;5802359;CONVENIO  MARCO  PARA  COMPUTADORES  PORTÁTILES  DESKTOP  Y  AIO;1233615-1085-CM25;53024856;Gran  Compra:    ID  76742;2025-07-21;2025-05-05;2025-06-05;2025-06-19;Recepción  Conforme;76742;61.980.950-5;Servicio  Local  de  Educación  Pública  Aysén;Servicio  Local  de  Educación  Pública  Aysén;José  de  Moraleda  #437;Coyhaique;Servicio  Local  de  Educación  Pública  Aysén;2227947;LAPTOP  LENOVO  14E  CHROMEBOOK  CHROME  OS  INTEL  CORE  I3-N305  8  GB  128  GB  GAMA  4E;LAPTOP;367;347;6;315;109534;No;BOOKCOMPUTER  COMERCIALIZADORA  SPA;BOOKCOMPUTER  COMERCIALIZADORA  SPA;77.108.316-1
2239-1-LR24;5802359;CONVENIO  MARCO  PARA  COMPUTADORES  PORTÁTILES  DESKTOP  Y  AIO;1233615-1085-CM25;53024856;Gran  Compra:    ID  76742;2025-07-21;2025-05-05;2025-06-05;2025-06-19;Recepción  Conforme;76742;61.980.950-5;Servicio  Local  de  Educación  Pública  Aysén;Servicio  Local  de  Educación  Pública  Aysén;José  de  Moraleda  #437;Coyhaique;Servicio  Local  de  Educación  Pública  Aysén;2227947;LAPTOP  LENOVO  14E  CHROMEBOOK  CHROME  OS  INTEL  CORE  I3-N305  8  GB  128  GB  GAMA  4E;LAPTOP;367;331;10;335;111149;Si;TIC  SERVICES  SPA;TIC  SERVICES  SPA;76.423.634-3
2239-9-LR22;5800319;Convenio  Marco  de  Artículos  de  Aseo  e  Higiene;1261592-3733-CM25;53011590;Orden  de  Compra  generada  por  la  Gran  Compra:  76002;2025-07-04;2025-03-20;2025-03-31;2025-04-14;Aceptada;76002;71.102.600-2;UNIDAD  TÉCNICA  DIRECCIÓN  DE  SALUD;Corporación  Municipal  Desarrollo  Social  Antofagast;AVENIDA  ARGENTINA  1595  –  II  PISO;Antofagasta;CORP  MUNICIPAL  DE  DESARROLLO  SOCIAL  DE  A;1889008;BOLSA  DE  BASURA  IMPEKE  PEQUEÑA  50X70  30  L  ROLLO  X  10  UNIDADES  REGIÓN  II;BOLSA  DE  BASURA;420;470;-12;64800;30456000;No;COMERCIAL  MUNOZ  Y  COMPANIA  LIMITADA;COMERCIAL  MUNOZ  Y  COMPANIA  LIMITADA;78.906.980-8
2239-9-LR22;5800319;Convenio  Marco  de  Artículos  de  Aseo  e  Higiene;1261592-3733-CM25;53011590;Orden  de  Compra  generada  por  la  Gran  Compra:  76002;2025-07-04;2025-03-20;2025-03-31;2025-04-14;Aceptada;76002;71.102.600-2;UNIDAD  TÉCNICA  DIRECCIÓN  DE  SALUD;Corporación  Municipal  Desarrollo  Social  Antofagast;AVENIDA  ARGENTINA  1595  –  II  PISO;Antofagasta;CORP  MUNICIPAL  DE  DESARROLLO  SOCIAL  DE  A;1895638;CERA  PARA  PISOS  TREMEX  LÍQUIDA  BIDÓN  5  L  EMULSIÓN  ACRÍLICA  INCOLORA  UNIDAD  REGIÓN  II;CERA  PARA  PISOS;10829;8299;23;3460;28714540;No;PROVEEDORES  INTEGRALES  PRISA  S  A;PROVEEDORES  INTEGRALES  PRISA  S  A;96.556.940-5
2239-9-LR22;5800319;Convenio  Marco  de  Artículos  de  Aseo  e  Higiene;1261592-3733-CM25;53011590;Orden  de  Compra  generada  por  la  Gran  Compra:  76002;2025-07-04;2025-03-20;2025-03-31;2025-04-14;Aceptada;76002;71.102.600-2;UNIDAD  TÉCNICA  DIRECCIÓN  DE  SALUD;Corporación  Municipal  Desarrollo  Social  Antofagast;AVENIDA  ARGENTINA  1595  –  II  PISO;Antofagasta;CORP  MUNICIPAL  DE  DESARROLLO  SOCIAL  DE  A;1910360;LIMPIADOR  DE  PISOS  IGENIX  CONCENTRADO  MULTIUSO  BIDÓN  5000  ML  UNIDAD  REGIÓN  II;LIMPIADOR  DE  PISOS;4632;4399;5;5400;23754600;Si;PROVEEDORES  INTEGRALES  PRISA  S  A;PROVEEDORES  INTEGRALES  PRISA  S  A;96.556.940-5
2239-9-LR22;5800319;Convenio  Marco  de  Artículos  de  Aseo  e  Higiene;1261592-3733-CM25;53011590;Orden  de  Compra  generada  por  la  Gran  Compra:  76002;2025-07-04;2025-03-20;2025-03-31;2025-04-14;Aceptada;76002;71.102.600-2;UNIDAD  TÉCNICA  DIRECCIÓN  DE  SALUD;Corporación  Municipal  Desarrollo  Social  Antofagast;AVENIDA  ARGENTINA  1595  –  II  PISO;Antofagasta;CORP  MUNICIPAL  DE  DESARROLLO  SOCIAL  DE  A;1895638;CERA  PARA  PISOS  TREMEX  LÍQUIDA  BIDÓN  5  L  EMULSIÓN  ACRÍLICA  INCOLORA  UNIDAD  REGIÓN  II;CERA  PARA  PISOS;10029;8990;10;3460;31105400;Si;COMERCIAL  RED  OFFICE  LIMITADA;COMERCIAL  RED  OFFICE  LIMITADA;77.012.870-6
2239-9-LR22;5800319;Convenio  Marco  de  Artículos  de  Aseo  e  Higiene;1261592-3733-CM25;53011590;Orden  de  Compra  generada  por  la  Gran  Compra:  76002;2025-07-04;2025-03-20;2025-03-31;2025-04-14;Aceptada;76002;71.102.600-2;UNIDAD  TÉCNICA  DIRECCIÓN  DE  SALUD;Corporación  Municipal  Desarrollo  Social  Antofagast;AVENIDA  ARGENTINA  1595  –  II  PISO;Antofagasta;CORP  MUNICIPAL  DE  DESARROLLO  SOCIAL  DE  A;1889008;BOLSA  DE  BASURA  IMPEKE  PEQUEÑA  50X70  30  L  ROLLO  X  10  UNIDADES  REGIÓN  II;BOLSA  DE  BASURA;337;269;20;64800;17431200;No;PROVEEDORES  INTEGRALES  PRISA  S  A;PROVEEDORES  INTEGRALES  PRISA  S  A;96.556.940-5
2239-9-LR22;5800319;Convenio  Marco  de  Artículos  de  Aseo  e  Higiene;1261592-3733-CM25;53011590;Orden  de  Compra  generada  por  la  Gran  Compra:  76002;2025-07-04;2025-03-20;2025-03-31;2025-04-14;Aceptada;76002;71.102.600-2;UNIDAD  TÉCNICA  DIRECCIÓN  DE  SALUD;Corporación  Municipal  Desarrollo  Social  Antofagast;AVENIDA  ARGENTINA  1595  –  II  PISO;Antofagasta;CORP  MUNICIPAL  DE  DESARROLLO  SOCIAL  DE  A;1900483;ESCOBILLÓN  AVALCO  ESCOBA  DE  RAMA  EXTERIOR  MANGO  MADERA  UNIDAD  REGIÓN  II;ESCOBILLÓN;6427;5227;19;1300;6795100;Si;PROVEEDORES  INTEGRALES  DEL  NORTE  S.A.;PROVEEDORES  INTEGRALES  DEL  NORTE  S.A.;76.213.681-3
2239-9-LR22;5800319;Convenio  Marco  de  Artículos  de  Aseo  e  Higiene;1261592-3733-CM25;53011590;Orden  de  Compra  generada  por  la  Gran  Compra:  76002;2025-07-04;2025-03-20;2025-03-31;2025-04-14;Aceptada;76002;71.102.600-2;UNIDAD  TÉCNICA  DIRECCIÓN  DE  SALUD;Corporación  Municipal  Desarrollo  Social  Antofagast;AVENIDA  ARGENTINA  1595  –  II  PISO;Antofagasta;CORP  MUNICIPAL  DE  DESARROLLO  SOCIAL  DE  A;1890385;BOLSA  DE  BASURA  TREMEX  MEDIANA  70X90  70  L  ROLLO  X  10  UNIDADES  REGIÓN  II;BOLSA  DE  BASURA;686;685;0;64800;44388000;No;COMERCIAL  MYC  LIMITADA;COMERCIAL  MYC  LTDA.;77.008.207-2
2239-9-LR22;5800319;Convenio  Marco  de  Artículos  de  Aseo  e  Higiene;1261592-3733-CM25;53011590;Orden  de  Compra  generada  por  la  Gran  Compra:  76002;2025-07-04;2025-03-20;2025-03-31;2025-04-14;Aceptada;76002;71.102.600-2;UNIDAD  TÉCNICA  DIRECCIÓN  DE  SALUD;Corporación  Municipal  Desarrollo  Social  Antofagast;AVENIDA  ARGENTINA  1595  –  II  PISO;Antofagasta;CORP  MUNICIPAL  DE  DESARROLLO  SOCIAL  DE  A;1895638;CERA  PARA  PISOS  TREMEX  LÍQUIDA  BIDÓN  5  L  EMULSIÓN  ACRÍLICA  INCOLORA  UNIDAD  REGIÓN  II;CERA  PARA  PISOS;10823;7740;28;3460;26780400;No;PROVEEDORES  INTEGRALES  DEL  NORTE  S.A.;PROVEEDORES  INTEGRALES  DEL  NORTE  S.A.;76.213.681-3
2239-9-LR22;5800319;Convenio  Marco  de  Artículos  de  Aseo  e  Higiene;1261592-3733-CM25;53011590;Orden  de  Compra  generada  por  la  Gran  Compra:  76002;2025-07-04;2025-03-20;2025-03-31;2025-04-14;Aceptada;76002;71.102.600-2;UNIDAD  TÉCNICA  DIRECCIÓN  DE  SALUD;Corporación  Municipal  Desarrollo  Social  Antofagast;AVENIDA  ARGENTINA  1595  –  II  PISO;Antofagasta;CORP  MUNICIPAL  DE  DESARROLLO  SOCIAL  DE  A;1889739;BOLSA  DE  BASURA  POLINASA  MEDIANA  70X90  70  L  PLANA  PAQUETE  X  10  UNIDADES  REGIÓN  II;BOLSA  DE  BASURA;674;619;8;64800;40111200;No;PROVEEDORES  INTEGRALES  PRISA  S  A;PROVEEDORES  INTEGRALES  PRISA  S  A;96.556.940-5
2239-9-LR22;5800319;Convenio  Marco  de  Artículos  de  Aseo  e  Higiene;1261592-3733-CM25;53011590;Orden  de  Compra  generada  por  la  Gran  Compra:  76002;2025-07-04;2025-03-20;2025-03-31;2025-04-14;Aceptada;76002;71.102.600-2;UNIDAD  TÉCNICA  DIRECCIÓN  DE  SALUD;Corporación  Municipal  Desarrollo  Social  Antofagast;AVENIDA  ARGENTINA  1595  –  II  PISO;Antofagasta;CORP  MUNICIPAL  DE  DESARROLLO  SOCIAL  DE  A;1903832;ESPONJA  VIRUTEX  PRO  ANATÓMICA  C/FIBRA  ABRASIVA  UNIDAD  REGIÓN  II;ESPONJA;194;193;1;4320;833760;Si;COMERCIAL  RED  OFFICE  LIMITADA;COMERCIAL  RED  OFFICE  LIMITADA;77.012.870-6
2239-9-LR22;5800319;Convenio  Marco  de  Artículos  de  Aseo  e  Higiene;1261592-3733-CM25;53011590;Orden  de  Compra  generada  por  la  Gran  Compra:  76002;2025-07-04;2025-03-20;2025-03-31;2025-04-14;Aceptada;76002;71.102.600-2;UNIDAD  TÉCNICA  DIRECCIÓN  DE  SALUD;Corporación  Municipal  Desarrollo  Social  Antofagast;AVENIDA  ARGENTINA  1595  –  II  PISO;Antofagasta;CORP  MUNICIPAL  DE  DESARROLLO  SOCIAL  DE  A;1889008;BOLSA  DE  BASURA  IMPEKE  PEQUEÑA  50X70  30  L  ROLLO  X  10  UNIDADES  REGIÓN  II;BOLSA  DE  BASURA;353;350;1;64800;22680000;Si;COMERCIAL  RED  OFFICE  LIMITADA;COMERCIAL  RED  OFFICE  LIMITADA;77.012.870-6
2239-9-LR22;5800319;Convenio  Marco  de  Artículos  de  Aseo  e  Higiene;1261592-3733-CM25;53011590;Orden  de  Compra  generada  por  la  Gran  Compra:  76002;2025-07-04;2025-03-20;2025-03-31;2025-04-14;Aceptada;76002;71.102.600-2;UNIDAD  TÉCNICA  DIRECCIÓN  DE  SALUD;Corporación  Municipal  Desarrollo  Social  Antofagast;AVENIDA  ARGENTINA  1595  –  II  PISO;Antofagasta;CORP  MUNICIPAL  DE  DESARROLLO  SOCIAL  DE  A;1887410;BOLSA  DE  BASURA  AVALCO  CARGA  PESADA  110X120  200  L  ROLLO  X  10  UNIDADES  REGIÓN  II;BOLSA  DE  BASURA;3218;3218;0;12960;41705280;No;COMERCIAL  MYC  LIMITADA;COMERCIAL  MYC  LTDA.;77.008.207-2
2239-9-LR22;5800319;Convenio  Marco  de  Artículos  de  Aseo  e  Higiene;1261592-3733-CM25;53011590;Orden  de  Compra  generada  por  la  Gran  Compra:  76002;2025-07-04;2025-03-20;2025-03-31;2025-04-14;Aceptada;76002;71.102.600-2;UNIDAD  TÉCNICA  DIRECCIÓN  DE  SALUD;Corporación  Municipal  Desarrollo  Social  Antofagast;AVENIDA  ARGENTINA  1595  –  II  PISO;Antofagasta;CORP  MUNICIPAL  DE  DESARROLLO  SOCIAL  DE  A;1890878;BOLSA  DE  BASURA  ZAFA  MEDIANA  70X90  70  L  ROLLO  X  10  UNIDADES  REGIÓN  II;BOLSA  DE  BASURA;984;370;62;64800;23976000;No;COMERCIALIZADORA  PRANDELLI  LIMITADA;COMERCIALIZADORA  PRANDELLI  LIMITADA;76.295.342-0
2239-9-LR22;5800319;Convenio  Marco  de  Artículos  de  Aseo  e  Higiene;1261592-3733-CM25;53011590;Orden  de  Compra  generada  por  la  Gran  Compra:  76002;2025-07-04;2025-03-20;2025-03-31;2025-04-14;Aceptada;76002;71.102.600-2;UNIDAD  TÉCNICA  DIRECCIÓN  DE  SALUD;Corporación  Municipal  Desarrollo  Social  Antofagast;AVENIDA  ARGENTINA  1595  –  II  PISO;Antofagasta;CORP  MUNICIPAL  DE  DESARROLLO  SOCIAL  DE  A;1889008;BOLSA  DE  BASURA  IMPEKE  PEQUEÑA  50X70  30  L  ROLLO  X  10  UNIDADES  REGIÓN  II;BOLSA  DE  BASURA;301;355;-18;64800;23004000;No;PROVEEDORES  INTEGRALES  DEL  NORTE  S.A.;PROVEEDORES  INTEGRALES  DEL  NORTE  S.A.;76.213.681-3
2239-9-LR22;5800319;Convenio  Marco  de  Artículos  de  Aseo  e  Higiene;1261592-3733-CM25;53011590;Orden  de  Compra  generada  por  la  Gran  Compra:  76002;2025-07-04;2025-03-20;2025-03-31;2025-04-14;Aceptada;76002;71.102.600-2;UNIDAD  TÉCNICA  DIRECCIÓN  DE  SALUD;Corporación  Municipal  Desarrollo  Social  Antofagast;AVENIDA  ARGENTINA  1595  –  II  PISO;Antofagasta;CORP  MUNICIPAL  DE  DESARROLLO  SOCIAL  DE  A;1890623;BOLSA  DE  BASURA  VIRUTEX  PRO  PEQUEÑA  50X70  30  L  PLANA  PAQUETE  X  10  UNIDADES  REGIÓN  II;BOLSA  DE  BASURA;485;485;0;64800;31428000;No;SODIMAC  S.A.;SODIMAC  S.A.;96.792.430-K
2239-9-LR22;5800319;Convenio  Marco  de  Artículos  de  Aseo  e  Higiene;1261592-3733-CM25;53011590;Orden  de  Compra  generada  por  la  Gran  Compra:  76002;2025-07-04;2025-03-20;2025-03-31;2025-04-14;Aceptada;76002;71.102.600-2;UNIDAD  TÉCNICA  DIRECCIÓN  DE  SALUD;Corporación  Municipal  Desarrollo  Social  Antofagast;AVENIDA  ARGENTINA  1595  –  II  PISO;Antofagasta;CORP  MUNICIPAL  DE  DESARROLLO  SOCIAL  DE  A;1890589;BOLSA  DE  BASURA  VIRUTEX  PRO  MEDIANA  70X90  70  L  PLANA  PAQUETE  X  10  UNIDADES  REGIÓN  II;BOLSA  DE  BASURA;774;774;0;64800;50155200;No;SODIMAC  S.A.;SODIMAC  S.A.;96.792.430-K
2239-9-LR22;5800319;Convenio  Marco  de  Artículos  de  Aseo  e  Higiene;1261592-3733-CM25;53011590;Orden  de  Compra  generada  por  la  Gran  Compra:  76002;2025-07-04;2025-03-20;2025-03-31;2025-04-14;Aceptada;76002;71.102.600-2;UNIDAD  TÉCNICA  DIRECCIÓN  DE  SALUD;Corporación  Municipal  Desarrollo  Social  Antofagast;AVENIDA  ARGENTINA  1595  –  II  PISO;Antofagasta;CORP  MUNICIPAL  DE  DESARROLLO  SOCIAL  DE  A;1923688;TOALLA  DE  PAPEL  BIANCA  HOJA  SIMPLE  250  M  2  ROLLOS  REGIÓN  II;TOALLA  DE  PAPEL;8320;8044;3;10800;86875200;No;COMERCIAL  MYC  LIMITADA;COMERCIAL  MYC  LTDA.;77.008.207-2
2239-9-LR22;5800319;Convenio  Marco  de  Artículos  de  Aseo  e  Higiene;1261592-3733-CM25;53011590;Orden  de  Compra  generada  por  la  Gran  Compra:  76002;2025-07-04;2025-03-20;2025-03-31;2025-04-14;Aceptada;76002;71.102.600-2;UNIDAD  TÉCNICA  DIRECCIÓN  DE  SALUD;Corporación  Municipal  Desarrollo  Social  Antofagast;AVENIDA  ARGENTINA  1595  –  II  PISO;Antofagasta;CORP  MUNICIPAL  DE  DESARROLLO  SOCIAL  DE  A;1907674;INSECTICIDA  KILLER  AEROSOL  ARAÑAS/CUCARACHAS  560  CC  UNIDAD  REGIÓN  II;INSECTICIDA;2890;2479;14;5200;12890800;No;PROVEEDORES  INTEGRALES  PRISA  S  A;PROVEEDORES  INTEGRALES  PRISA  S  A;96.556.940-5
2239-9-LR22;5800319;Convenio  Marco  de  Artículos  de  Aseo  e  Higiene;1261592-3733-CM25;53011590;Orden  de  Compra  generada  por  la  Gran  Compra:  76002;2025-07-04;2025-03-20;2025-03-31;2025-04-14;Aceptada;76002;71.102.600-2;UNIDAD  TÉCNICA  DIRECCIÓN  DE  SALUD;Corporación  Municipal  Desarrollo  Social  Antofagast;AVENIDA  ARGENTINA  1595  –  II  PISO;Antofagasta;CORP  MUNICIPAL  DE  DESARROLLO  SOCIAL  DE  A;1920050;PAPEL  HIGIÉNICO  ELITE  ALTO  METRAJE  HOJA  SIMPLE  4  ROLLOS  500  M  1  PAQUETE  REGIÓN  II;PAPEL  HIGIÉNICO;10454;4254;59;2700;11485800;No;COMERCIAL  ETHOS  S  A;COMERCIAL  ETHOS  S.  A.;78.583.750-9
2239-9-LR22;5800319;Convenio  Marco  de  Artículos  de  Aseo  e  Higiene;1261592-3733-CM25;53011590;Orden  de  Compra  generada  por  la  Gran  Compra:  76002;2025-07-04;2025-03-20;2025-03-31;2025-04-14;Aceptada;76002;71.102.600-2;UNIDAD  TÉCNICA  DIRECCIÓN  DE  SALUD;Corporación  Municipal  Desarrollo  Social  Antofagast;AVENIDA  ARGENTINA  1595  –  II  PISO;Antofagasta;CORP  MUNICIPAL  DE  DESARROLLO  SOCIAL  DE  A;1910358;LIMPIADOR  DE  PISOS  IGENIX  CONCENTRADO  MULTIUSO  BIDÓN  5000  ML  UNIDAD;LIMPIADOR  DE  PISOS;0;4273;0;5400;23074200;No;PROVEEDORES  INTEGRALES  DEL  NORTE  S.A.;PROVEEDORES  INTEGRALES  DEL  NORTE  S.A.;76.213.681-3
2239-9-LR22;5800319;Convenio  Marco  de  Artículos  de  Aseo  e  Higiene;1261592-3733-CM25;53011590;Orden  de  Compra  generada  por  la  Gran  Compra:  76002;2025-07-04;2025-03-20;2025-03-31;2025-04-14;Aceptada;76002;71.102.600-2;UNIDAD  TÉCNICA  DIRECCIÓN  DE  SALUD;Corporación  Municipal  Desarrollo  Social  Antofagast;AVENIDA  ARGENTINA  1595  –  II  PISO;Antofagasta;CORP  MUNICIPAL  DE  DESARROLLO  SOCIAL  DE  A;1890402;BOLSA  DE  BASURA  TREMEX  PEQUEÑA  50X70  30  L  ROLLO  X  10  UNIDADES  REGIÓN  II;BOLSA  DE  BASURA;596;420;30;64800;27216000;No;COMERCIAL  MYC  LIMITADA;COMERCIAL  MYC  LTDA.;77.008.207-2
2239-9-LR22;5800319;Convenio  Marco  de  Artículos  de  Aseo  e  Higiene;1261592-3733-CM25;53011590;Orden  de  Compra  generada  por  la  Gran  Compra:  76002;2025-07-04;2025-03-20;2025-03-31;2025-04-14;Aceptada;76002;71.102.600-2;UNIDAD  TÉCNICA  DIRECCIÓN  DE  SALUD;Corporación  Municipal  Desarrollo  Social  Antofagast;AVENIDA  ARGENTINA  1595  –  II  PISO;Antofagasta;CORP  MUNICIPAL  DE  DESARROLLO  SOCIAL  DE  A;1911108;LIMPIADOR  DE  PISOS  TREMEX  CONCENTRADO  MULTIUSO  BIDÓN  5000  ML  UNIDAD  REGIÓN  II;LIMPIADOR  DE  PISOS;3735;3735;0;5400;20169000;No;COMERCIAL  MYC  LIMITADA;COMERCIAL  MYC  LTDA.;77.008.207-2
2239-9-LR22;5800319;Convenio  Marco  de  Artículos  de  Aseo  e  Higiene;1261592-3733-CM25;53011590;Orden  de  Compra  generada  por  la  Gran  Compra:  76002;2025-07-04;2025-03-20;2025-03-31;2025-04-14;Aceptada;76002;71.102.600-2;UNIDAD  TÉCNICA  DIRECCIÓN  DE  SALUD;Corporación  Municipal  Desarrollo  Social  Antofagast;AVENIDA  ARGENTINA  1595  –  II  PISO;Antofagasta;CORP  MUNICIPAL  DE  DESARROLLO  SOCIAL  DE  A;1890453;BOLSA  DE  BASURA  VIRUTEX  MEDIANA  70X90  70  L  ROLLO  X  10  UNIDADES  REGIÓN  II;BOLSA  DE  BASURA;1105;855;23;64800;55404000;Si;COMERCIAL  RED  OFFICE  LIMITADA;COMERCIAL  RED  OFFICE  LIMITADA;77.012.870-6
2239-9-LR22;5800319;Convenio  Marco  de  Artículos  de  Aseo  e  Higiene;1261592-3733-CM25;53011590;Orden  de  Compra  generada  por  la  Gran  Compra:  76002;2025-07-04;2025-03-20;2025-03-31;2025-04-14;Aceptada;76002;71.102.600-2;UNIDAD  TÉCNICA  DIRECCIÓN  DE  SALUD;Corporación  Municipal  Desarrollo  Social  Antofagast;AVENIDA  ARGENTINA  1595  –  II  PISO;Antofagasta;CORP  MUNICIPAL  DE  DESARROLLO  SOCIAL  DE  A;1931412;DESINFECTANTE  SUPERFICIES  EN  AEROSOL  IGENIX  ANTIBACTERIAL  360  ML  UNIDAD  REGIÓN  II;DESINFECTANTE  SUPERFICIES  EN  AEROSOL;1896;1894;0;10370;19640780;Si;COMERCIAL  RED  OFFICE  LIMITADA;COMERCIAL  RED  OFFICE  LIMITADA;77.012.870-6
2239-9-LR22;5800319;Convenio  Marco  de  Artículos  de  Aseo  e  Higiene;1261592-3733-CM25;53011590;Orden  de  Compra  generada  por  la  Gran  Compra:  76002;2025-07-04;2025-03-20;2025-03-31;2025-04-14;Aceptada;76002;71.102.600-2;UNIDAD  TÉCNICA  DIRECCIÓN  DE  SALUD;Corporación  Municipal  Desarrollo  Social  Antofagast;AVENIDA  ARGENTINA  1595  –  II  PISO;Antofagasta;CORP  MUNICIPAL  DE  DESARROLLO  SOCIAL  DE  A;1920048;PAPEL  HIGIÉNICO  ELITE  ALTO  METRAJE  HOJA  SIMPLE  4  ROLLOS  500  M  1  PAQUETE;PAPEL  HIGIÉNICO;0;9300;0;2700;25110000;No;SODIMAC  S.A.;SODIMAC  S.A.;96.792.430-K
2239-9-LR22;5800319;Convenio  Marco  de  Artículos  de  Aseo  e  Higiene;1261592-3733-CM25;53011590;Orden  de  Compra  generada  por  la  Gran  Compra:  76002;2025-07-04;2025-03-20;2025-03-31;2025-04-14;Aceptada;76002;71.102.600-2;UNIDAD  TÉCNICA  DIRECCIÓN  DE  SALUD;Corporación  Municipal  Desarrollo  Social  Antofagast;AVENIDA  ARGENTINA  1595  –  II  PISO;Antofagasta;CORP  MUNICIPAL  DE  DESARROLLO  SOCIAL  DE  A;1920050;PAPEL  HIGIÉNICO  ELITE  ALTO  METRAJE  HOJA  SIMPLE  4  ROLLOS  500  M  1  PAQUETE  REGIÓN  II;PAPEL  HIGIÉNICO;10457;8000;23;2700;21600000;Si;DIMERC  S  A;DIMERC  S.  A.;96.670.840-9
2239-9-LR22;5800319;Convenio  Marco  de  Artículos  de  Aseo  e  Higiene;1261592-3733-CM25;53011590;Orden  de  Compra  generada  por  la  Gran  Compra:  76002;2025-07-04;2025-03-20;2025-03-31;2025-04-14;Aceptada;76002;71.102.600-2;UNIDAD  TÉCNICA  DIRECCIÓN  DE  SALUD;Corporación  Municipal  Desarrollo  Social  Antofagast;AVENIDA  ARGENTINA  1595  –  II  PISO;Antofagasta;CORP  MUNICIPAL  DE  DESARROLLO  SOCIAL  DE  A;1924674;TOALLA  DE  PAPEL  RENDIPEL  MAX  HOJA  SIMPLE  250  M  2  ROLLOS  REGIÓN  II;TOALLA  DE  PAPEL;6580;6763;-3;10800;73040400;No;PROVEEDORES  INTEGRALES  DEL  NORTE  S.A.;PROVEEDORES  INTEGRALES  DEL  NORTE  S.A.;76.213.681-3
2239-9-LR22;5800319;Convenio  Marco  de  Artículos  de  Aseo  e  Higiene;1261592-3733-CM25;53011590;Orden  de  Compra  generada  por  la  Gran  Compra:  76002;2025-07-04;2025-03-20;2025-03-31;2025-04-14;Aceptada;76002;71.102.600-2;UNIDAD  TÉCNICA  DIRECCIÓN  DE  SALUD;Corporación  Municipal  Desarrollo  Social  Antofagast;AVENIDA  ARGENTINA  1595  –  II  PISO;Antofagasta;CORP  MUNICIPAL  DE  DESARROLLO  SOCIAL  DE  A;1888991;BOLSA  DE  BASURA  IMPEKE  MEDIANA  70X90  70  L  ROLLO  X  10  UNIDADES  REGIÓN  II;BOLSA  DE  BASURA;425;652;-53;64800;42249600;No;PROVEEDORES  INTEGRALES  DEL  NORTE  S.A.;PROVEEDORES  INTEGRALES  DEL  NORTE  S.A.;76.213.681-3
2239-9-LR22;5800319;Convenio  Marco  de  Artículos  de  Aseo  e  Higiene;1261592-3733-CM25;53011590;Orden  de  Compra  generada  por  la  Gran  Compra:  76002;2025-07-04;2025-03-20;2025-03-31;2025-04-14;Aceptada;76002;71.102.600-2;UNIDAD  TÉCNICA  DIRECCIÓN  DE  SALUD;Corporación  Municipal  Desarrollo  Social  Antofagast;AVENIDA  ARGENTINA  1595  –  II  PISO;Antofagasta;CORP  MUNICIPAL  DE  DESARROLLO  SOCIAL  DE  A;1920050;PAPEL  HIGIÉNICO  ELITE  ALTO  METRAJE  HOJA  SIMPLE  4  ROLLOS  500  M  1  PAQUETE  REGIÓN  II;PAPEL  HIGIÉNICO;9344;7803;16;2700;21068100;No;PROVEEDORES  INTEGRALES  DEL  NORTE  S.A.;PROVEEDORES  INTEGRALES  DEL  NORTE  S.A.;76.213.681-3
2239-9-LR22;5800319;Convenio  Marco  de  Artículos  de  Aseo  e  Higiene;1261592-3733-CM25;53011590;Orden  de  Compra  generada  por  la  Gran  Compra:  76002;2025-07-04;2025-03-20;2025-03-31;2025-04-14;Aceptada;76002;71.102.600-2;UNIDAD  TÉCNICA  DIRECCIÓN  DE  SALUD;Corporación  Municipal  Desarrollo  Social  Antofagast;AVENIDA  ARGENTINA  1595  –  II  PISO;Antofagasta;CORP  MUNICIPAL  DE  DESARROLLO  SOCIAL  DE  A;1903781;ESPONJA  VIRUTEX  LISA  C/FIBRA  ABRASIVA  UNIDAD  REGIÓN  II;ESPONJA;138;248;-80;4320;1071360;No;PROVEEDORES  INTEGRALES  DEL  NORTE  S.A.;PROVEEDORES  INTEGRALES  DEL  NORTE  S.A.;76.213.681-3
2239-9-LR22;5800319;Convenio  Marco  de  Artículos  de  Aseo  e  Higiene;1261592-3733-CM25;53011590;Orden  de  Compra  generada  por  la  Gran  Compra:  76002;2025-07-04;2025-03-20;2025-03-31;2025-04-14;Aceptada;76002;71.102.600-2;UNIDAD  TÉCNICA  DIRECCIÓN  DE  SALUD;Corporación  Municipal  Desarrollo  Social  Antofagast;AVENIDA  ARGENTINA  1595  –  II  PISO;Antofagasta;CORP  MUNICIPAL  DE  DESARROLLO  SOCIAL  DE  A;1890878;BOLSA  DE  BASURA  ZAFA  MEDIANA  70X90  70  L  ROLLO  X  10  UNIDADES  REGIÓN  II;BOLSA  DE  BASURA;984;370;62;64800;23976000;No;COMERCIALIZADORA  PRANDELLI  LIMITADA;COMERCIALIZADORA  PRANDELLI  LIMITADA;76.295.342-0
2239-9-LR22;5800319;Convenio  Marco  de  Artículos  de  Aseo  e  Higiene;1261592-3733-CM25;53011590;Orden  de  Compra  generada  por  la  Gran  Compra:  76002;2025-07-04;2025-03-20;2025-03-31;2025-04-14;Aceptada;76002;71.102.600-2;UNIDAD  TÉCNICA  DIRECCIÓN  DE  SALUD;Corporación  Municipal  Desarrollo  Social  Antofagast;AVENIDA  ARGENTINA  1595  –  II  PISO;Antofagasta;CORP  MUNICIPAL  DE  DESARROLLO  SOCIAL  DE  A;1890657;BOLSA  DE  BASURA  WINKLER  CARGA  PESADA  110X120  200  L  ROLLO  X  10  UNIDADES  REGIÓN  II;BOLSA  DE  BASURA;3272;3702;-13;12960;47977920;No;PROVEEDORES  INTEGRALES  DEL  NORTE  S.A.;PROVEEDORES  INTEGRALES  DEL  NORTE  S.A.;76.213.681-3
2239-9-LR22;5800319;Convenio  Marco  de  Artículos  de  Aseo  e  Higiene;1261592-3733-CM25;53011590;Orden  de  Compra  generada  por  la  Gran  Compra:  76002;2025-07-04;2025-03-20;2025-03-31;2025-04-14;Aceptada;76002;71.102.600-2;UNIDAD  TÉCNICA  DIRECCIÓN  DE  SALUD;Corporación  Municipal  Desarrollo  Social  Antofagast;AVENIDA  ARGENTINA  1595  –  II  PISO;Antofagasta;CORP  MUNICIPAL  DE  DESARROLLO  SOCIAL  DE  A;1931412;DESINFECTANTE  SUPERFICIES  EN  AEROSOL  IGENIX  ANTIBACTERIAL  360  ML  UNIDAD  REGIÓN  II;DESINFECTANTE  SUPERFICIES  EN  AEROSOL;1719;1699;1;10370;17618630;No;PROVEEDORES  INTEGRALES  PRISA  S  A;PROVEEDORES  INTEGRALES  PRISA  S  A;96.556.940-5
2239-9-LR22;5800319;Convenio  Marco  de  Artículos  de  Aseo  e  Higiene;1261592-3733-CM25;53011590;Orden  de  Compra  generada  por  la  Gran  Compra:  76002;2025-07-04;2025-03-20;2025-03-31;2025-04-14;Aceptada;76002;71.102.600-2;UNIDAD  TÉCNICA  DIRECCIÓN  DE  SALUD;Corporación  Municipal  Desarrollo  Social  Antofagast;AVENIDA  ARGENTINA  1595  –  II  PISO;Antofagasta;CORP  MUNICIPAL  DE  DESARROLLO  SOCIAL  DE  A;1920050;PAPEL  HIGIÉNICO  ELITE  ALTO  METRAJE  HOJA  SIMPLE  4  ROLLOS  500  M  1  PAQUETE  REGIÓN  II;PAPEL  HIGIÉNICO;10465;8435;19;2700;22774500;No;COMERCIAL  RED  OFFICE  LIMITADA;COMERCIAL  RED  OFFICE  LIMITADA;77.012.870-6
2239-9-LR22;5800319;Convenio  Marco  de  Artículos  de  Aseo  e  Higiene;1261592-3733-CM25;53011590;Orden  de  Compra  generada  por  la  Gran  Compra:  76002;2025-07-04;2025-03-20;2025-03-31;2025-04-14;Aceptada;76002;71.102.600-2;UNIDAD  TÉCNICA  DIRECCIÓN  DE  SALUD;Corporación  Municipal  Desarrollo  Social  Antofagast;AVENIDA  ARGENTINA  1595  –  II  PISO;Antofagasta;CORP  MUNICIPAL  DE  DESARROLLO  SOCIAL  DE  A;1924674;TOALLA  DE  PAPEL  RENDIPEL  MAX  HOJA  SIMPLE  250  M  2  ROLLOS  REGIÓN  II;TOALLA  DE  PAPEL;6990;6150;12;10800;66420000;No;COMERCIAL  RED  OFFICE  LIMITADA;COMERCIAL  RED  OFFICE  LIMITADA;77.012.870-6
2239-9-LR22;5800319;Convenio  Marco  de  Artículos  de  Aseo  e  Higiene;1261592-3733-CM25;53011590;Orden  de  Compra  generada  por  la  Gran  Compra:  76002;2025-07-04;2025-03-20;2025-03-31;2025-04-14;Aceptada;76002;71.102.600-2;UNIDAD  TÉCNICA  DIRECCIÓN  DE  SALUD;Corporación  Municipal  Desarrollo  Social  Antofagast;AVENIDA  ARGENTINA  1595  –  II  PISO;Antofagasta;CORP  MUNICIPAL  DE  DESARROLLO  SOCIAL  DE  A;1920050;PAPEL  HIGIÉNICO  ELITE  ALTO  METRAJE  HOJA  SIMPLE  4  ROLLOS  500  M  1  PAQUETE  REGIÓN  II;PAPEL  HIGIÉNICO;9342;9340;0;2700;25218000;No;COMERCIAL  MYC  LIMITADA;COMERCIAL  MYC  LTDA.;77.008.207-2
2239-9-LR22;5800319;Convenio  Marco  de  Artículos  de  Aseo  e  Higiene;1261592-3733-CM25;53011590;Orden  de  Compra  generada  por  la  Gran  Compra:  76002;2025-07-04;2025-03-20;2025-03-31;2025-04-14;Aceptada;76002;71.102.600-2;UNIDAD  TÉCNICA  DIRECCIÓN  DE  SALUD;Corporación  Municipal  Desarrollo  Social  Antofagast;AVENIDA  ARGENTINA  1595  –  II  PISO;Antofagasta;CORP  MUNICIPAL  DE  DESARROLLO  SOCIAL  DE  A;1932582;JABÓN  TREMEX  NEUTRO-GLICERINA  LÍQUIDO  DOYPACK  1000  ML  UNIDAD  REGIÓN  II;JABÓN;2033;2030;0;3240;6577200;No;COMERCIAL  RED  OFFICE  LIMITADA;COMERCIAL  RED  OFFICE  LIMITADA;77.012.870-6
2239-9-LR22;5800319;Convenio  Marco  de  Artículos  de  Aseo  e  Higiene;1261592-3733-CM25;53011590;Orden  de  Compra  generada  por  la  Gran  Compra:  76002;2025-07-04;2025-03-20;2025-03-31;2025-04-14;Aceptada;76002;71.102.600-2;UNIDAD  TÉCNICA  DIRECCIÓN  DE  SALUD;Corporación  Municipal  Desarrollo  Social  Antofagast;AVENIDA  ARGENTINA  1595  –  II  PISO;Antofagasta;CORP  MUNICIPAL  DE  DESARROLLO  SOCIAL  DE  A;1907776;INSECTICIDA  KILLER1000  AEROSOL  ARAÑAS/CUCARACHAS  360  CC  UNIDAD  REGIÓN  II;INSECTICIDA;2120;1268;40;5200;6593600;Si;PROVEEDORES  INTEGRALES  DEL  NORTE  S.A.;PROVEEDORES  INTEGRALES  DEL  NORTE  S.A.;76.213.681-3
2239-9-LR22;5800319;Convenio  Marco  de  Artículos  de  Aseo  e  Higiene;1261592-3733-CM25;53011590;Orden  de  Compra  generada  por  la  Gran  Compra:  76002;2025-07-04;2025-03-20;2025-03-31;2025-04-14;Aceptada;76002;71.102.600-2;UNIDAD  TÉCNICA  DIRECCIÓN  DE  SALUD;Corporación  Municipal  Desarrollo  Social  Antofagast;AVENIDA  ARGENTINA  1595  –  II  PISO;Antofagasta;CORP  MUNICIPAL  DE  DESARROLLO  SOCIAL  DE  A;1925184;TOALLA  DE  PAPEL  ZAFA  HOJA  SIMPLE  250  M  2  ROLLOS  REGIÓN  II;TOALLA  DE  PAPEL;7952;7000;12;10800;75600000;No;COMERCIALIZADORA  PRANDELLI  LIMITADA;COMERCIALIZADORA  PRANDELLI  LIMITADA;76.295.342-0
2239-9-LR22;5800319;Convenio  Marco  de  Artículos  de  Aseo  e  Higiene;1261592-3733-CM25;53011590;Orden  de  Compra  generada  por  la  Gran  Compra:  76002;2025-07-04;2025-03-20;2025-03-31;2025-04-14;Aceptada;76002;71.102.600-2;UNIDAD  TÉCNICA  DIRECCIÓN  DE  SALUD;Corporación  Municipal  Desarrollo  Social  Antofagast;AVENIDA  ARGENTINA  1595  –  II  PISO;Antofagasta;CORP  MUNICIPAL  DE  DESARROLLO  SOCIAL  DE  A;1903798;ESPONJA  VIRUTEX  NO  RAYA  C/FIBRA  ABRASIVA  UNIDAD  REGIÓN  II;ESPONJA;644;499;23;4320;2155680;No;PROVEEDORES  INTEGRALES  PRISA  S  A;PROVEEDORES  INTEGRALES  PRISA  S  A;96.556.940-5
2239-9-LR22;5800319;Convenio  Marco  de  Artículos  de  Aseo  e  Higiene;1261592-3733-CM25;53011590;Orden  de  Compra  generada  por  la  Gran  Compra:  76002;2025-07-04;2025-03-20;2025-03-31;2025-04-14;Aceptada;76002;71.102.600-2;UNIDAD  TÉCNICA  DIRECCIÓN  DE  SALUD;Corporación  Municipal  Desarrollo  Social  Antofagast;AVENIDA  ARGENTINA  1595  –  II  PISO;Antofagasta;CORP  MUNICIPAL  DE  DESARROLLO  SOCIAL  DE  A;1932650;JABÓN  TREMEX  NEUTRO-GLICERINA  LÍQUIDO  BIDÓN  5  L  UNIDAD  REGIÓN  II;JABÓN;6114;5399;12;3240;17492760;Si;PROVEEDORES  INTEGRALES  PRISA  S  A;PROVEEDORES  INTEGRALES  PRISA  S  A;96.556.940-5
2239-9-LR22;5800319;Convenio  Marco  de  Artículos  de  Aseo  e  Higiene;1261592-3733-CM25;53011590;Orden  de  Compra  generada  por  la  Gran  Compra:  76002;2025-07-04;2025-03-20;2025-03-31;2025-04-14;Aceptada;76002;71.102.600-2;UNIDAD  TÉCNICA  DIRECCIÓN  DE  SALUD;Corporación  Municipal  Desarrollo  Social  Antofagast;AVENIDA  ARGENTINA  1595  –  II  PISO;Antofagasta;CORP  MUNICIPAL  DE  DESARROLLO  SOCIAL  DE  A;1920050;PAPEL  HIGIÉNICO  ELITE  ALTO  METRAJE  HOJA  SIMPLE  4  ROLLOS  500  M  1  PAQUETE  REGIÓN  II;PAPEL  HIGIÉNICO;10468;7449;29;2700;20112300;No;PROVEEDORES  INTEGRALES  PRISA  S  A;PROVEEDORES  INTEGRALES  PRISA  S  A;96.556.940-5
2239-9-LR22;5800319;Convenio  Marco  de  Artículos  de  Aseo  e  Higiene;1261592-3733-CM25;53011590;Orden  de  Compra  generada  por  la  Gran  Compra:  76002;2025-07-04;2025-03-20;2025-03-31;2025-04-14;Aceptada;76002;71.102.600-2;UNIDAD  TÉCNICA  DIRECCIÓN  DE  SALUD;Corporación  Municipal  Desarrollo  Social  Antofagast;AVENIDA  ARGENTINA  1595  –  II  PISO;Antofagasta;CORP  MUNICIPAL  DE  DESARROLLO  SOCIAL  DE  A;1924674;TOALLA  DE  PAPEL  RENDIPEL  MAX  HOJA  SIMPLE  250  M  2  ROLLOS  REGIÓN  II;TOALLA  DE  PAPEL;8521;5990;30;10800;64692000;No;PROVEEDORES  INTEGRALES  PRISA  S  A;PROVEEDORES  INTEGRALES  PRISA  S  A;96.556.940-5
2239-9-LR22;5800319;Convenio  Marco  de  Artículos  de  Aseo  e  Higiene;1261592-3733-CM25;53011590;Orden  de  Compra  generada  por  la  Gran  Compra:  76002;2025-07-04;2025-03-20;2025-03-31;2025-04-14;Aceptada;76002;71.102.600-2;UNIDAD  TÉCNICA  DIRECCIÓN  DE  SALUD;Corporación  Municipal  Desarrollo  Social  Antofagast;AVENIDA  ARGENTINA  1595  –  II  PISO;Antofagasta;CORP  MUNICIPAL  DE  DESARROLLO  SOCIAL  DE  A;1895638;CERA  PARA  PISOS  TREMEX  LÍQUIDA  BIDÓN  5  L  EMULSIÓN  ACRÍLICA  INCOLORA  UNIDAD  REGIÓN  II;CERA  PARA  PISOS;10026;8860;12;3460;30655600;No;COMERCIAL  MUNOZ  Y  COMPANIA  LIMITADA;COMERCIAL  MUNOZ  Y  COMPANIA  LIMITADA;78.906.980-8
2239-9-LR22;5800319;Convenio  Marco  de  Artículos  de  Aseo  e  Higiene;1261592-3733-CM25;53011590;Orden  de  Compra  generada  por  la  Gran  Compra:  76002;2025-07-04;2025-03-20;2025-03-31;2025-04-14;Aceptada;76002;71.102.600-2;UNIDAD  TÉCNICA  DIRECCIÓN  DE  SALUD;Corporación  Municipal  Desarrollo  Social  Antofagast;AVENIDA  ARGENTINA  1595  –  II  PISO;Antofagasta;CORP  MUNICIPAL  DE  DESARROLLO  SOCIAL  DE  A;1946853;TOALLA  DE  PAPEL  LIVE  HOJA  SIMPLE  250  METROS  2  ROLLOS  1  PAQUETE  REGIÓN  II;TOALLA  DE  PAPEL;8667;6700;23;10800;72360000;No;COMERCIAL  MUNOZ  Y  COMPANIA  LIMITADA;COMERCIAL  MUNOZ  Y  COMPANIA  LIMITADA;78.906.980-8
2239-9-LR22;5800319;Convenio  Marco  de  Artículos  de  Aseo  e  Higiene;1261592-3733-CM25;53011590;Orden  de  Compra  generada  por  la  Gran  Compra:  76002;2025-07-04;2025-03-20;2025-03-31;2025-04-14;Aceptada;76002;71.102.600-2;UNIDAD  TÉCNICA  DIRECCIÓN  DE  SALUD;Corporación  Municipal  Desarrollo  Social  Antofagast;AVENIDA  ARGENTINA  1595  –  II  PISO;Antofagasta;CORP  MUNICIPAL  DE  DESARROLLO  SOCIAL  DE  A;1924674;TOALLA  DE  PAPEL  RENDIPEL  MAX  HOJA  SIMPLE  250  M  2  ROLLOS  REGIÓN  II;TOALLA  DE  PAPEL;8516;5550;35;10800;59940000;Si;DIMERC  S  A;DIMERC  S.  A.;96.670.840-9
2239-9-LR22;5800319;Convenio  Marco  de  Artículos  de  Aseo  e  Higiene;1261592-3733-CM25;53011590;Orden  de  Compra  generada  por  la  Gran  Compra:  76002;2025-07-04;2025-03-20;2025-03-31;2025-04-14;Aceptada;76002;71.102.600-2;UNIDAD  TÉCNICA  DIRECCIÓN  DE  SALUD;Corporación  Municipal  Desarrollo  Social  Antofagast;AVENIDA  ARGENTINA  1595  –  II  PISO;Antofagasta;CORP  MUNICIPAL  DE  DESARROLLO  SOCIAL  DE  A;1901350;ESCOBILLÓN  KLEINE  WOLKE  ESCOBA  DE  RAMA  EXTERIOR  MANGO  MADERA  UNIDAD  REGIÓN  II;ESCOBILLÓN;8190;7990;2;1300;10387000;No;SODIMAC  S.A.;SODIMAC  S.A.;96.792.430-K
2239-9-LR22;5800319;Convenio  Marco  de  Artículos  de  Aseo  e  Higiene;1261592-3733-CM25;53011590;Orden  de  Compra  generada  por  la  Gran  Compra:  76002;2025-07-04;2025-03-20;2025-03-31;2025-04-14;Aceptada;76002;71.102.600-2;UNIDAD  TÉCNICA  DIRECCIÓN  DE  SALUD;Corporación  Municipal  Desarrollo  Social  Antofagast;AVENIDA  ARGENTINA  1595  –  II  PISO;Antofagasta;CORP  MUNICIPAL  DE  DESARROLLO  SOCIAL  DE  A;1923569;TOALLA  DE  PAPEL  AVALCO  HOJA  SIMPLE  250  M  2  ROLLOS  REGIÓN  II;TOALLA  DE  PAPEL;14880;10980;26;10800;118584000;No;ARROCERA  SAN  FERNANDO  SPA;ARROCERA  SAN  FERNANDO  SPA;76.360.565-5
2239-9-LR22;5800319;Convenio  Marco  de  Artículos  de  Aseo  e  Higiene;1261592-3733-CM25;53011590;Orden  de  Compra  generada  por  la  Gran  Compra:  76002;2025-07-04;2025-03-20;2025-03-31;2025-04-14;Aceptada;76002;71.102.600-2;UNIDAD  TÉCNICA  DIRECCIÓN  DE  SALUD;Corporación  Municipal  Desarrollo  Social  Antofagast;AVENIDA  ARGENTINA  1595  –  II  PISO;Antofagasta;CORP  MUNICIPAL  DE  DESARROLLO  SOCIAL  DE  A;1946853;TOALLA  DE  PAPEL  LIVE  HOJA  SIMPLE  250  METROS  2  ROLLOS  1  PAQUETE  REGIÓN  II;TOALLA  DE  PAPEL;8653;8500;2;10800;91800000;No;SODIMAC  S.A.;SODIMAC  S.A.;96.792.430-K
2239-9-LR22;5800319;Convenio  Marco  de  Artículos  de  Aseo  e  Higiene;1261592-3733-CM25;53011590;Orden  de  Compra  generada  por  la  Gran  Compra:  76002;2025-07-04;2025-03-20;2025-03-31;2025-04-14;Aceptada;76002;71.102.600-2;UNIDAD  TÉCNICA  DIRECCIÓN  DE  SALUD;Corporación  Municipal  Desarrollo  Social  Antofagast;AVENIDA  ARGENTINA  1595  –  II  PISO;Antofagasta;CORP  MUNICIPAL  DE  DESARROLLO  SOCIAL  DE  A;1924402;TOALLA  DE  PAPEL  OVELLA  HOJA  SIMPLE  250  M  2  ROLLOS  REGIÓN  II;TOALLA  DE  PAPEL;7428;7428;0;10800;80222400;No;DISTRIBUIDORA  PAPELES  INDUSTRIALES  SPA;Distribuidora  Papeles  Industriales  S.A.;93.558.000-5
2239-9-LR22;5800319;Convenio  Marco  de  Artículos  de  Aseo  e  Higiene;1261592-3733-CM25;53011590;Orden  de  Compra  generada  por  la  Gran  Compra:  76002;2025-07-04;2025-03-20;2025-03-31;2025-04-14;Aceptada;76002;71.102.600-2;UNIDAD  TÉCNICA  DIRECCIÓN  DE  SALUD;Corporación  Municipal  Desarrollo  Social  Antofagast;AVENIDA  ARGENTINA  1595  –  II  PISO;Antofagasta;CORP  MUNICIPAL  DE  DESARROLLO  SOCIAL  DE  A;1946819;JABON    TORK  NEUTRO  GLICERINA  LÍQUIDO  ESPUMA  DOYPACK  1000  ML  UNIDAD  REGIÓN  II;JABÓN;11047;8557;23;3240;27724680;No;PROVEEDORES  INTEGRALES  DEL  NORTE  S.A.;PROVEEDORES  INTEGRALES  DEL  NORTE  S.A.;76.213.681-3
2239-9-LR22;5800319;Convenio  Marco  de  Artículos  de  Aseo  e  Higiene;1261592-3733-CM25;53011590;Orden  de  Compra  generada  por  la  Gran  Compra:  76002;2025-07-04;2025-03-20;2025-03-31;2025-04-14;Aceptada;76002;71.102.600-2;UNIDAD  TÉCNICA  DIRECCIÓN  DE  SALUD;Corporación  Municipal  Desarrollo  Social  Antofagast;AVENIDA  ARGENTINA  1595  –  II  PISO;Antofagasta;CORP  MUNICIPAL  DE  DESARROLLO  SOCIAL  DE  A;1907555;INSECTICIDA  KILLER  1000  AEROSOL  ARAÑAS/CUCARACHAS  560  CC  UNIDAD  REGIÓN  II;INSECTICIDA;3321;2690;19;5200;13988000;No;COMERCIAL  RED  OFFICE  LIMITADA;COMERCIAL  RED  OFFICE  LIMITADA;77.012.870-6
2239-9-LR22;5800319;Convenio  Marco  de  Artículos  de  Aseo  e  Higiene;1261592-3733-CM25;53011590;Orden  de  Compra  generada  por  la  Gran  Compra:  76002;2025-07-04;2025-03-20;2025-03-31;2025-04-14;Aceptada;76002;71.102.600-2;UNIDAD  TÉCNICA  DIRECCIÓN  DE  SALUD;Corporación  Municipal  Desarrollo  Social  Antofagast;AVENIDA  ARGENTINA  1595  –  II  PISO;Antofagasta;CORP  MUNICIPAL  DE  DESARROLLO  SOCIAL  DE  A;1931412;DESINFECTANTE  SUPERFICIES  EN  AEROSOL  IGENIX  ANTIBACTERIAL  360  ML  UNIDAD  REGIÓN  II;DESINFECTANTE  SUPERFICIES  EN  AEROSOL;1655;1558;6;10370;16156460;No;PROVEEDORES  INTEGRALES  DEL  NORTE  S.A.;PROVEEDORES  INTEGRALES  DEL  NORTE  S.A.;76.213.681-3
2239-9-LR22;5800319;Convenio  Marco  de  Artículos  de  Aseo  e  Higiene;1261592-3733-CM25;53011590;Orden  de  Compra  generada  por  la  Gran  Compra:  76002;2025-07-04;2025-03-20;2025-03-31;2025-04-14;Aceptada;76002;71.102.600-2;UNIDAD  TÉCNICA  DIRECCIÓN  DE  SALUD;Corporación  Municipal  Desarrollo  Social  Antofagast;AVENIDA  ARGENTINA  1595  –  II  PISO;Antofagasta;CORP  MUNICIPAL  DE  DESARROLLO  SOCIAL  DE  A;1946819;JABON    TORK  NEUTRO  GLICERINA  LÍQUIDO  ESPUMA  DOYPACK  1000  ML  UNIDAD  REGIÓN  II;JABÓN;11054;10810;2;3240;35024400;No;COMERCIAL  MUNOZ  Y  COMPANIA  LIMITADA;COMERCIAL  MUNOZ  Y  COMPANIA  LIMITADA;78.906.980-8
2239-9-LR22;5800319;Convenio  Marco  de  Artículos  de  Aseo  e  Higiene;1261592-3733-CM25;53011590;Orden  de  Compra  generada  por  la  Gran  Compra:  76002;2025-07-04;2025-03-20;2025-03-31;2025-04-14;Aceptada;76002;71.102.600-2;UNIDAD  TÉCNICA  DIRECCIÓN  DE  SALUD;Corporación  Municipal  Desarrollo  Social  Antofagast;AVENIDA  ARGENTINA  1595  –  II  PISO;Antofagasta;CORP  MUNICIPAL  DE  DESARROLLO  SOCIAL  DE  A;1942019;BOLSA  DE  BASURA  VIRUTEX  CARGA  PESADA  110X120  CM  200  L  ROLLO  X  5  UNIDADES  REGIÓN  II;BOLSA  DE  BASURA;3613;2299;36;12960;29795040;Si;PROVEEDORES  INTEGRALES  PRISA  S  A;PROVEEDORES  INTEGRALES  PRISA  S  A;96.556.940-5
2239-11-LR24;5802370;Convenio  Marco  para  la  adquisición  de  licencias  de  software  de  ofimática  (Magento);1561-107-CM25;52750848;Adquisición  del  licenciamiento  de  software  de  ofimática;2025-07-09;2025-04-24;2025-04-24;2025-05-09;Aceptada;76619;61.504.000-2;Dirección  General;DIRECCION  GENERAL  DEL  CREDITO  PRENDARIO;San  Antonio  Nº  427,  5º  piso;Santiago;DIRECCION  GENERAL  DEL  CREDITO  PRENDARIO;4193084;LICENCIA  MICROSOFT  OFFICE  365  E3  +  DEFENDER  P1  +  TEAMS  +  ENTRA  ID  P1  GAMA  3E  VALOR  ANUAL;LICENCIA;255;255;0;470;120075;Si;MSLI  Latam  Inc.;MSLI  Latam  INC;880443249
2239-8-LR23;5802342;Convenio  Marco  de    Adquisición  de  Vehículos;1596-160-CM25;52826615;REPOSICION  DE  UN  CAMIÓN  TOLVA,  PARA  LA  COMUNA  DE  MAULE;2025-07-01;2025-04-14;2025-04-14;2025-04-29;Recepción  Conforme;76452;72.227.000-2;Gobierno  Regional  del  Maule;GOBIERNO  REGIONAL  VII  REGION;1  NORTE  #711,  TALCA.;Talca;GOBIERNO  REGIONAL  VII  REGION;4193602;TOLVA  MERCEDES  BENZ  AROCS  3342  K  6X4  3600  AT  15M3  2025  REGI?N  VII;TOLVA;168952480;171000000;-1;1;171000000;No;EQUIPOS  Y  CAMIONES  SPA;EQUIPOS  Y  CAMIONES  SPA;77.517.323-8
2239-8-LR23;5802342;Convenio  Marco  de    Adquisición  de  Vehículos;1596-160-CM25;52826615;REPOSICION  DE  UN  CAMIÓN  TOLVA,  PARA  LA  COMUNA  DE  MAULE;2025-07-01;2025-04-14;2025-04-14;2025-04-29;Recepción  Conforme;76452;72.227.000-2;Gobierno  Regional  del  Maule;GOBIERNO  REGIONAL  VII  REGION;1  NORTE  #711,  TALCA.;Talca;GOBIERNO  REGIONAL  VII  REGION;4192997;TOLVA  ASTRA  HD9  64.48  TOLVA  16M3  AT  2025  REGIÓN  VII;TOLVA;152752500;150900000;1;1;150900000;No;SK  COMERCIAL  SPA;SK  COMERCIAL  SPA;76.176.602-3
2239-8-LR23;5802342;Convenio  Marco  de    Adquisición  de  Vehículos;1596-160-CM25;52826615;REPOSICION  DE  UN  CAMIÓN  TOLVA,  PARA  LA  COMUNA  DE  MAULE;2025-07-01;2025-04-14;2025-04-14;2025-04-29;Recepción  Conforme;76452;72.227.000-2;Gobierno  Regional  del  Maule;GOBIERNO  REGIONAL  VII  REGION;1  NORTE  #711,  TALCA.;Talca;GOBIERNO  REGIONAL  VII  REGION;4192470;TOLVA  JAC  LANDER  3262  6X4  15M3  MT  2025  REGIÓN  VII;TOLVA;73611000;83611000;-14;1;83611000;No;DERCOMAQ  SPA;DERCOMAQ  SPA;96.545.450-0
2239-8-LR23;5802342;Convenio  Marco  de    Adquisición  de  Vehículos;1596-160-CM25;52826615;REPOSICION  DE  UN  CAMIÓN  TOLVA,  PARA  LA  COMUNA  DE  MAULE;2025-07-01;2025-04-14;2025-04-14;2025-04-29;Recepción  Conforme;76452;72.227.000-2;Gobierno  Regional  del  Maule;GOBIERNO  REGIONAL  VII  REGION;1  NORTE  #711,  TALCA.;Talca;GOBIERNO  REGIONAL  VII  REGION;4193602;TOLVA  MERCEDES  BENZ  AROCS  3342  K  6X4  3600  AT  15M3  2025  REGI?N  VII;TOLVA;168952481;167436415;1;1;167436415;Si;COMERCIAL  KAUFMANN  S  A;COMERCIAL  KAUFMANN  S.  A.;96.572.360-9
2239-13-LR23;5802346;CM  Administración,Entrega  de  Beneficios  y  Tarjetas  de  Beneficios  Institucionales  y  Sociales(Magento);1655-1005-CM25;52732068;FOLIO  Nº141  +  GRAN  COMPRA  ID  76265  +  FBC;2025-07-17;2025-04-04;2025-04-04;2025-04-22;Recepción  Conforme;76265;61.608.605-7;Subdirección  de  Atención  Primaria;SERVICIO  DE  SALUD  METROPOLI  CENTRAL  DIRECCION  DE  ATENCION  PRIMARIA;;Santiago;SERVICIO  DE  SALUD  METROPOLI  CENTRAL  DIRECCION  DE  ATENCION  PRIMARIA;1964920;ALIMENTACIÓN  -;ALIMENTACIÓN;0;664201681;0;1;664201681;Si;EDENRED  CHILE  SOCIEDAD  ANONIMA;Edenred  Chile  S.A.;96.781.350-8
2239-11-LR24;5802370;Convenio  Marco  para  la  adquisición  de  licencias  de  software  de  ofimática  (Magento);2216-394-CM25;53014948;Orden  de  Compra  generada  por  la  Gran  Compra:  77308;2025-07-04;2025-06-11;2025-06-13;2025-07-01;Aceptada;77308;61.202.000-0;MOP  Dirección  General  de  Concesiones;MINISTERIO  DE  OBRAS  PUBLICAS  DIREC  CION  GRAL  DE  OO  PP  DCYF;Morande  71,  Piso  1,  Ventanilla  Unica  DCyF;Santiago;MOP  Dirección  General  de  Concesiones;4193067;LICENCIA  GOOGLE  GEMINI  EDUCATION  GAMA  3ED  VALOR  ANUAL;LICENCIA;271;236;13;383;90751;No;EMPRESA  NACIONAL  DE  TELECOMUNICACIONES  S  A;EMPRESA  NACIONAL  DE  TELECOMUNICACIONES  S.A.;92.580.000-7
2239-11-LR24;5802370;Convenio  Marco  para  la  adquisición  de  licencias  de  software  de  ofimática  (Magento);2216-394-CM25;53014948;Orden  de  Compra  generada  por  la  Gran  Compra:  77308;2025-07-04;2025-06-11;2025-06-13;2025-07-01;Aceptada;77308;61.202.000-0;MOP  Dirección  General  de  Concesiones;MINISTERIO  DE  OBRAS  PUBLICAS  DIREC  CION  GRAL  DE  OO  PP  DCYF;Morande  71,  Piso  1,  Ventanilla  Unica  DCyF;Santiago;MOP  Dirección  General  de  Concesiones;4193085;LICENCIA  MICROSOFT  OFFICE  365  E3  +  TEAMS  ENTERPRISE  GAMA  3E  VALOR  ANUAL;LICENCIA;273;255;7;383;97818;Si;COMERCIALIZADORA  TELENET  LTDA;COMERCIAL  TELENET;77.700.780-7
2239-11-LR24;5802370;Convenio  Marco  para  la  adquisición  de  licencias  de  software  de  ofimática  (Magento);2216-394-CM25;53014948;Orden  de  Compra  generada  por  la  Gran  Compra:  77308;2025-07-04;2025-06-11;2025-06-13;2025-07-01;Aceptada;77308;61.202.000-0;MOP  Dirección  General  de  Concesiones;MINISTERIO  DE  OBRAS  PUBLICAS  DIREC  CION  GRAL  DE  OO  PP  DCYF;Morande  71,  Piso  1,  Ventanilla  Unica  DCyF;Santiago;MOP  Dirección  General  de  Concesiones;4193097;LICENCIA  MICROSOFT  OFFICE  365  E5  +  TEAMS  ENTERPRISE  GAMA  5E  VALOR  ANUAL;LICENCIA;476;260;45;383;99580;No;COMPUTACION  GRAFICA  APLICADA  Y  CIA  LTDA;COMPUTACION  GRAFICA  APLICADA  Y  CIA.  LTDA.;79.770.640-K
2239-8-LR23;5802342;Convenio  Marco  de    Adquisición  de  Vehículos;2369-37-CM25;52774200;GC  75935  Adquisición  de  Camionetas;2025-07-21;2025-03-18;2025-03-18;2025-04-01;Recepción  Conforme;75935;69.010.100-9;SECRETARIA  COMUNAL  DE  PLANIFICACIÓN;I  MUNICIPALIDAD  DE  ARICA;RAFAEL  SOTOMAYOR  Nº  415;Arica;I  MUNICIPALIDAD  DE  ARICA;2249532;CAMIONETA  CHEVROLET  COLORADO  LTZ  4X4  AT  2025  REGIÓN  XV;CAMIONETA;35127303;37078819;-6;1;37078819;Si;SALINAS  Y  FABRES  SOCIEDAD  ANONIMA;SALINAS  Y  FABRES  S.  A.;91.502.000-3
2239-8-LR23;5802342;Convenio  Marco  de    Adquisición  de  Vehículos;2369-37-CM25;52774200;GC  75935  Adquisición  de  Camionetas;2025-07-21;2025-03-18;2025-03-18;2025-04-01;Recepción  Conforme;75935;69.010.100-9;SECRETARIA  COMUNAL  DE  PLANIFICACIÓN;I  MUNICIPALIDAD  DE  ARICA;RAFAEL  SOTOMAYOR  Nº  415;Arica;I  MUNICIPALIDAD  DE  ARICA;2238367;CAMIONETA  NISSAN  NAVARA  SE  4X2  MT  2025  REGIÓN  XV;CAMIONETA;24455232;23923596;2;1;23923596;Si;SALINAS  Y  FABRES  SOCIEDAD  ANONIMA;SALINAS  Y  FABRES  S.  A.;91.502.000-3
2239-8-LR23;5802342;Convenio  Marco  de    Adquisición  de  Vehículos;2369-37-CM25;52774200;GC  75935  Adquisición  de  Camionetas;2025-07-21;2025-03-18;2025-03-18;2025-04-01;Recepción  Conforme;75935;69.010.100-9;SECRETARIA  COMUNAL  DE  PLANIFICACIÓN;I  MUNICIPALIDAD  DE  ARICA;RAFAEL  SOTOMAYOR  Nº  415;Arica;I  MUNICIPALIDAD  DE  ARICA;2254734;CAMIONETA  TOYOTA  HILUX  DX  2.4  4X4  MT  2025  REGIÓN  XV;CAMIONETA;28190000;28278151;0;5;141390755;Si;SALINAS  Y  FABRES  SOCIEDAD  ANONIMA;SALINAS  Y  FABRES  S.  A.;91.502.000-3
2239-8-LR23;5802342;Convenio  Marco  de    Adquisición  de  Vehículos;2369-37-CM25;52774200;GC  75935  Adquisición  de  Camionetas;2025-07-21;2025-03-18;2025-03-18;2025-04-01;Recepción  Conforme;75935;69.010.100-9;SECRETARIA  COMUNAL  DE  PLANIFICACIÓN;I  MUNICIPALIDAD  DE  ARICA;RAFAEL  SOTOMAYOR  Nº  415;Arica;I  MUNICIPALIDAD  DE  ARICA;2238452;CAMIONETA  NISSAN  NAVARA  PLATINUM  4X4  MT  2025  REGIÓN  XV;CAMIONETA;34665702;35796105;-3;1;35796105;Si;SALINAS  Y  FABRES  SOCIEDAD  ANONIMA;SALINAS  Y  FABRES  S.  A.;91.502.000-3
2239-8-LR23;5802342;Convenio  Marco  de    Adquisición  de  Vehículos;2369-37-CM25;52774200;GC  75935  Adquisición  de  Camionetas;2025-07-21;2025-03-18;2025-03-18;2025-04-01;Recepción  Conforme;75935;69.010.100-9;SECRETARIA  COMUNAL  DE  PLANIFICACIÓN;I  MUNICIPALIDAD  DE  ARICA;RAFAEL  SOTOMAYOR  Nº  415;Arica;I  MUNICIPALIDAD  DE  ARICA;2254870;CAMIONETA  TOYOTA  HILUX  DX  DC  2.4  4X4  MT  2025  REGIÓN  XV;CAMIONETA;28180000;28278151;0;2;56556302;Si;SALINAS  Y  FABRES  SOCIEDAD  ANONIMA;SALINAS  Y  FABRES  S.  A.;91.502.000-3
2239-8-LR23;5802342;Convenio  Marco  de    Adquisición  de  Vehículos;2392-4410-CM25;53145716;Orden  de  Compra  generada  por  la  Gran  Compra:  74658;2025-07-28;1900-01-01;2025-01-15;2025-01-29;Aceptada;74658;69.254.900-7;SECRETARIA  DE  PLANIFICACIÓN;I  MUNICIPALIDAD  PEDRO  AGUIRRE  CERDA;Av.  Pdte.  Salvador  Allende  2029  (ex-Salesianos);Pedro  Aguirre  Cerda;I  MUNICIPALIDAD  PEDRO  AGUIRRE  CERDA;2245256;CAMIONETA  MAXUS  T60  E6  GL  4X4  MT  2025  REGIÓN  RM;CAMIONETA;20556900;21568430;-5;4;86273720;No;MEDITERRANEO  AUTOMOTORES  S  A;MEDITERRANEO  AUTOMOTORES  S.  A.;96.889.440-4
2239-8-LR23;5802342;Convenio  Marco  de    Adquisición  de  Vehículos;2392-4410-CM25;53145716;Orden  de  Compra  generada  por  la  Gran  Compra:  74658;2025-07-28;1900-01-01;2025-01-15;2025-01-29;Aceptada;74658;69.254.900-7;SECRETARIA  DE  PLANIFICACIÓN;I  MUNICIPALIDAD  PEDRO  AGUIRRE  CERDA;Av.  Pdte.  Salvador  Allende  2029  (ex-Salesianos);Pedro  Aguirre  Cerda;I  MUNICIPALIDAD  PEDRO  AGUIRRE  CERDA;2245222;CAMIONETA  MAXUS  T60  DX  E6  4X4  MT  2025  REGIÓN  RM;CAMIONETA;19828900;20820430;-5;4;83281720;No;MEDITERRANEO  AUTOMOTORES  S  A;MEDITERRANEO  AUTOMOTORES  S.  A.;96.889.440-4
2239-8-LR23;5802342;Convenio  Marco  de    Adquisición  de  Vehículos;2392-4410-CM25;53145716;Orden  de  Compra  generada  por  la  Gran  Compra:  74658;2025-07-28;1900-01-01;2025-01-15;2025-01-29;Aceptada;74658;69.254.900-7;SECRETARIA  DE  PLANIFICACIÓN;I  MUNICIPALIDAD  PEDRO  AGUIRRE  CERDA;Av.  Pdte.  Salvador  Allende  2029  (ex-Salesianos);Pedro  Aguirre  Cerda;I  MUNICIPALIDAD  PEDRO  AGUIRRE  CERDA;2244219;CAMIONETA  DFSK  D1  LUXURY  4X4  MT  2025  REGIÓN  RM;CAMIONETA;16281000;16281000;0;4;65124000;Si;POMPEYO  CARRASCO  SPA;POMPEYO  CARRASCO  SPA;81.318.700-0
2239-8-LR23;5802342;Convenio  Marco  de    Adquisición  de  Vehículos;2392-4410-CM25;53145716;Orden  de  Compra  generada  por  la  Gran  Compra:  74658;2025-07-28;1900-01-01;2025-01-15;2025-01-29;Aceptada;74658;69.254.900-7;SECRETARIA  DE  PLANIFICACIÓN;I  MUNICIPALIDAD  PEDRO  AGUIRRE  CERDA;Av.  Pdte.  Salvador  Allende  2029  (ex-Salesianos);Pedro  Aguirre  Cerda;I  MUNICIPALIDAD  PEDRO  AGUIRRE  CERDA;2250220;CAMIONETA  GREAT  WALL  POER  4X2  ELITE  PANT  MT  2025  REGIÓN  RM;CAMIONETA;17470800;17470800;0;4;69883200;No;COMERCIAL  ANFRUNS  Y  COMPANIA  SPA;COMERCIAL  ANFRUNS  Y  COMPAÑÍA  SPA;86.385.500-4
2239-3-LR24;5802326;Convenio  Marco  para  suministro  de  combustibles  (Magento);2581-30-CM25;52994569;Orden  de  Compra  generada  por  la  Gran  Compra:  75197;2025-07-02;2025-02-07;2025-03-05;2025-03-19;Aceptada;75197;69.070.200-2;Secretaría  de  Planificación  Comunal;I  MUNICIPALIDAD  DE  CONCHALI;Independencia  3499;Conchalí;I  MUNICIPALIDAD  DE  CONCHALI;2237122;ESTACIÓN  DE  SERVICIO  GASOLINA  -  REGIÓN  METROPOLITANA  DESCUENTO  PESOS  POR  LITRO;ESTACIÓN  DE  SERVICIO  GASOLINA;0;50;0;1;44537815;Si;COPEC  S.A.;COPEC  S.A.;99.520.000-7
2239-3-LR24;5802326;Convenio  Marco  para  suministro  de  combustibles  (Magento);2581-30-CM25;52994569;Orden  de  Compra  generada  por  la  Gran  Compra:  75197;2025-07-02;2025-02-07;2025-03-05;2025-03-19;Aceptada;75197;69.070.200-2;Secretaría  de  Planificación  Comunal;I  MUNICIPALIDAD  DE  CONCHALI;Independencia  3499;Conchalí;I  MUNICIPALIDAD  DE  CONCHALI;2237122;ESTACIÓN  DE  SERVICIO  GASOLINA  -  REGIÓN  METROPOLITANA  DESCUENTO  PESOS  POR  LITRO;ESTACIÓN  DE  SERVICIO  GASOLINA;0;50;0;1;50;No;EMPRESA  NACIONAL  DE  ENERGIA  ENEX  S.A.;EMPRESA  NACIONAL  DE  ENERGIA  ENEX  SA;92.011.000-2
2239-3-LR24;5802326;Convenio  Marco  para  suministro  de  combustibles  (Magento);2581-30-CM25;52994569;Orden  de  Compra  generada  por  la  Gran  Compra:  75197;2025-07-02;2025-02-07;2025-03-05;2025-03-19;Aceptada;75197;69.070.200-2;Secretaría  de  Planificación  Comunal;I  MUNICIPALIDAD  DE  CONCHALI;Independencia  3499;Conchalí;I  MUNICIPALIDAD  DE  CONCHALI;2237138;ESTACIÓN  DE  SERVICIO  DIESEL  -  REGIÓN  METROPOLITANA  DESCUENTO  PESOS  POR  LITRO;ESTACIÓN  DE  SERVICIO  DIESEL;0;55;0;1;28571429;Si;COPEC  S.A.;COPEC  S.A.;99.520.000-7
2239-3-LR24;5802326;Convenio  Marco  para  suministro  de  combustibles  (Magento);2581-30-CM25;52994569;Orden  de  Compra  generada  por  la  Gran  Compra:  75197;2025-07-02;2025-02-07;2025-03-05;2025-03-19;Aceptada;75197;69.070.200-2;Secretaría  de  Planificación  Comunal;I  MUNICIPALIDAD  DE  CONCHALI;Independencia  3499;Conchalí;I  MUNICIPALIDAD  DE  CONCHALI;2237138;ESTACIÓN  DE  SERVICIO  DIESEL  -  REGIÓN  METROPOLITANA  DESCUENTO  PESOS  POR  LITRO;ESTACIÓN  DE  SERVICIO  DIESEL;0;59;0;1;59;No;EMPRESA  NACIONAL  DE  ENERGIA  ENEX  S.A.;EMPRESA  NACIONAL  DE  ENERGIA  ENEX  SA;92.011.000-2
2239-8-LR23;5802342;Convenio  Marco  de    Adquisición  de  Vehículos;2595-347-CM25;53036874;ADQUISICION  DE  VEHICULOS  PARA  LA  MUNICIPALIDAD  DE  PARRAL;2025-07-09;2025-05-13;2025-05-13;2025-05-28;Recepción  Conforme;76854;69.130.700-K;I  MUNICIPALIDAD  DE  PARRAL;I  MUNICIPALIDAD  DE  PARRAL;Dieciocho  Nº  720;Parral;I  MUNICIPALIDAD  DE  PARRAL;2243236;MINIBUS  HYUNDAI  STARIA  US4  MB  2.2  CRDI  MT  11P   2025  REGIÓN  VII;MINIBUS;28123200;28123200;0;1;28123200;No;MEDITERRANEO  AUTOMOTORES  S  A;MEDITERRANEO  AUTOMOTORES  S.  A.;96.889.440-4
2239-8-LR23;5802342;Convenio  Marco  de    Adquisición  de  Vehículos;2595-347-CM25;53036874;ADQUISICION  DE  VEHICULOS  PARA  LA  MUNICIPALIDAD  DE  PARRAL;2025-07-09;2025-05-13;2025-05-13;2025-05-28;Recepción  Conforme;76854;69.130.700-K;I  MUNICIPALIDAD  DE  PARRAL;I  MUNICIPALIDAD  DE  PARRAL;Dieciocho  Nº  720;Parral;I  MUNICIPALIDAD  DE  PARRAL;2249475;CAMIONETA  CHEVROLET  COLORADO  LT  4X4  MT  2025  REGIÓN  VII;CAMIONETA;29290000;26790000;9;2;53580000;Si;KOVACS  SPA;KOVACS  SPA;80.522.900-4
2239-8-LR23;5802342;Convenio  Marco  de    Adquisición  de  Vehículos;2595-347-CM25;53036874;ADQUISICION  DE  VEHICULOS  PARA  LA  MUNICIPALIDAD  DE  PARRAL;2025-07-09;2025-05-13;2025-05-13;2025-05-28;Recepción  Conforme;76854;69.130.700-K;I  MUNICIPALIDAD  DE  PARRAL;I  MUNICIPALIDAD  DE  PARRAL;Dieciocho  Nº  720;Parral;I  MUNICIPALIDAD  DE  PARRAL;2256292;SUV  TOYOTA  RAIZE  1.2  MT  GAS  MT  2025  REGIÓN  VII;SUV;10661176;22800000;-114;1;22800000;No;MARITANO  Y  EBENSPERGER  LTDA;MARITANO  Y  EBENSPERGER  LIMITADA;86.519.000-K
2239-8-LR23;5802342;Convenio  Marco  de    Adquisición  de  Vehículos;2595-347-CM25;53036874;ADQUISICION  DE  VEHICULOS  PARA  LA  MUNICIPALIDAD  DE  PARRAL;2025-07-09;2025-05-13;2025-05-13;2025-05-28;Recepción  Conforme;76854;69.130.700-K;I  MUNICIPALIDAD  DE  PARRAL;I  MUNICIPALIDAD  DE  PARRAL;Dieciocho  Nº  720;Parral;I  MUNICIPALIDAD  DE  PARRAL;2244392;CAMIONETA  FORD  RANGER  DSL  XLT  2.0  4X4  MT  2025  REGIÓN  VII;CAMIONETA;32391000;29290000;10;2;58580000;No;DIFOR  CHILE  SOCIEDAD  ANONIMA;DIFOR  CHILE  S.  A.;96.918.300-5
2239-8-LR24;5802366;Convenio  Marco  para  Emergencias  y  Prevención;2699-73-CM25;53078858;Orden  de  Compra  generada  por  la  Gran  Compra:  77131;2025-07-18;2025-06-03;2025-06-06;2025-06-24;Aceptada;77131;69.070.600-8;Secretaría  de  Planificación;I  MUNICIPALIDAD  DE  LA  REINA;Av.  Fernando  Castillo  Velasco  N°9925;La  Reina;I  MUNICIPALIDAD  DE  LA  REINA;2223555;KIT  DE  ALIMENTOS  4  PERSONAS  4  DÍAS  CON  POUCH  PREVENCIÓN  REGIÓN  RM;KIT  DE  ALIMENTOS;48780;22881;53;4000;91524000;No;SOCIEDAD  COMERCIAL  SERI  SPA;SOCIEDAD  COMERCIAL  SERI  SPA;76.148.628-4
2239-8-LR24;5802366;Convenio  Marco  para  Emergencias  y  Prevención;2699-73-CM25;53078858;Orden  de  Compra  generada  por  la  Gran  Compra:  77131;2025-07-18;2025-06-03;2025-06-06;2025-06-24;Aceptada;77131;69.070.600-8;Secretaría  de  Planificación;I  MUNICIPALIDAD  DE  LA  REINA;Av.  Fernando  Castillo  Velasco  N°9925;La  Reina;I  MUNICIPALIDAD  DE  LA  REINA;2223555;KIT  DE  ALIMENTOS  4  PERSONAS  4  DÍAS  CON  POUCH  PREVENCIÓN  REGIÓN  RM;KIT  DE  ALIMENTOS;48921;19746;60;4000;78984000;Si;AGROINDUSTRIAS  DEL  SUR  SPA;Agroindustrias;76.359.833-0
2239-8-LR24;5802366;Convenio  Marco  para  Emergencias  y  Prevención;2699-73-CM25;53078858;Orden  de  Compra  generada  por  la  Gran  Compra:  77131;2025-07-18;2025-06-03;2025-06-06;2025-06-24;Aceptada;77131;69.070.600-8;Secretaría  de  Planificación;I  MUNICIPALIDAD  DE  LA  REINA;Av.  Fernando  Castillo  Velasco  N°9925;La  Reina;I  MUNICIPALIDAD  DE  LA  REINA;2223555;KIT  DE  ALIMENTOS  4  PERSONAS  4  DÍAS  CON  POUCH  PREVENCIÓN  REGIÓN  RM;KIT  DE  ALIMENTOS;48940;22900;53;4000;91600000;No;COMERCIAL  ORIONIS  SPA;COMERCIAL  ORIONIS;77.721.492-6
2239-8-LR24;5802366;Convenio  Marco  para  Emergencias  y  Prevención;2699-73-CM25;53078858;Orden  de  Compra  generada  por  la  Gran  Compra:  77131;2025-07-18;2025-06-03;2025-06-06;2025-06-24;Aceptada;77131;69.070.600-8;Secretaría  de  Planificación;I  MUNICIPALIDAD  DE  LA  REINA;Av.  Fernando  Castillo  Velasco  N°9925;La  Reina;I  MUNICIPALIDAD  DE  LA  REINA;2223506;KIT  DE  ALIMENTOS  4  PERSONAS  4  DÍAS  SIN  POUCH  PREVENCIÓN  REGIÓN  RM;KIT  DE  ALIMENTOS;46422;27140;42;4000;108560000;No;SURTI  VENTAS  S.A.;SURTI  VENTAS  S.A.;76.462.500-5
2239-8-LR24;5802366;Convenio  Marco  para  Emergencias  y  Prevención;2699-73-CM25;53078858;Orden  de  Compra  generada  por  la  Gran  Compra:  77131;2025-07-18;2025-06-03;2025-06-06;2025-06-24;Aceptada;77131;69.070.600-8;Secretaría  de  Planificación;I  MUNICIPALIDAD  DE  LA  REINA;Av.  Fernando  Castillo  Velasco  N°9925;La  Reina;I  MUNICIPALIDAD  DE  LA  REINA;2223555;KIT  DE  ALIMENTOS  4  PERSONAS  4  DÍAS  CON  POUCH  PREVENCIÓN  REGIÓN  RM;KIT  DE  ALIMENTOS;49268;21570;56;4000;86280000;No;DISTRIBUIDORA  Y  COMERCIALIZADORA  SANTA  ELIANA  SPA;DISTRIBUIDORA  Y  COMERCIALIZADORA  SANTA  ELIANA  SPA;77.544.929-2
2239-8-LR24;5802366;Convenio  Marco  para  Emergencias  y  Prevención;2699-73-CM25;53078858;Orden  de  Compra  generada  por  la  Gran  Compra:  77131;2025-07-18;2025-06-03;2025-06-06;2025-06-24;Aceptada;77131;69.070.600-8;Secretaría  de  Planificación;I  MUNICIPALIDAD  DE  LA  REINA;Av.  Fernando  Castillo  Velasco  N°9925;La  Reina;I  MUNICIPALIDAD  DE  LA  REINA;2223555;KIT  DE  ALIMENTOS  4  PERSONAS  4  DÍAS  CON  POUCH  PREVENCIÓN  REGIÓN  RM;KIT  DE  ALIMENTOS;49517;46977;5;4000;187908000;No;ABATTE  PRODUCTOS  PARA  OFICINA  S  A;ABATTE  PRODUCTOS  PARA  OFICINA  S  A;96.909.950-0
2239-8-LR24;5802366;Convenio  Marco  para  Emergencias  y  Prevención;2699-73-CM25;53078858;Orden  de  Compra  generada  por  la  Gran  Compra:  77131;2025-07-18;2025-06-03;2025-06-06;2025-06-24;Aceptada;77131;69.070.600-8;Secretaría  de  Planificación;I  MUNICIPALIDAD  DE  LA  REINA;Av.  Fernando  Castillo  Velasco  N°9925;La  Reina;I  MUNICIPALIDAD  DE  LA  REINA;2223555;KIT  DE  ALIMENTOS  4  PERSONAS  4  DÍAS  CON  POUCH  PREVENCIÓN  REGIÓN  RM;KIT  DE  ALIMENTOS;48781;22305;54;4000;89220000;No;SOCIEDAD  COMERCIAL  DLM  SPA;SOCIEDAD  COMERCIAL  DLM  SPA;77.346.435-9
2239-8-LR24;5802366;Convenio  Marco  para  Emergencias  y  Prevención;2699-73-CM25;53078858;Orden  de  Compra  generada  por  la  Gran  Compra:  77131;2025-07-18;2025-06-03;2025-06-06;2025-06-24;Aceptada;77131;69.070.600-8;Secretaría  de  Planificación;I  MUNICIPALIDAD  DE  LA  REINA;Av.  Fernando  Castillo  Velasco  N°9925;La  Reina;I  MUNICIPALIDAD  DE  LA  REINA;2223555;KIT  DE  ALIMENTOS  4  PERSONAS  4  DÍAS  CON  POUCH  PREVENCIÓN  REGIÓN  RM;KIT  DE  ALIMENTOS;48940;22900;53;4000;91600000;No;INVERSIONES  SANTA  FRANCISCA  SPA;INVERSIONES  SANTA  FRANCISCA  SPA;77.721.515-9
2239-9-LR24;5802368;Convenio  Marco  para  la  adquisición  de  Alimentos  (Magento);3729-90-CM25;53152452;ADQUISICION  DE  CAJAS  DE  VIVERES  PARA  CASOS  SOCIALES  DE  LA  COMUNA;2025-07-31;2025-06-30;2025-06-30;2025-07-14;Recepción  Conforme;77557;69.090.300-8;Secpla;I  MUNICIPALIDAD  DE  CHIMBARONGO;JAVIERA  CARRERA  511;Chimbarongo;I  MUNICIPALIDAD  DE  CHIMBARONGO;4203964;SPAGHETTI  DON  GIUSEPPE  N°5  BOLSA  400  G  UNIDAD  VI  REGIÓN;SPAGHETTI;591;514;13;6000;3084000;No;AGROINDUSTRIAS  DEL  SUR  SPA;Agroindustrias;76.359.833-0
2239-9-LR24;5802368;Convenio  Marco  para  la  adquisición  de  Alimentos  (Magento);3729-90-CM25;53152452;ADQUISICION  DE  CAJAS  DE  VIVERES  PARA  CASOS  SOCIALES  DE  LA  COMUNA;2025-07-31;2025-06-30;2025-06-30;2025-07-14;Recepción  Conforme;77557;69.090.300-8;Secpla;I  MUNICIPALIDAD  DE  CHIMBARONGO;JAVIERA  CARRERA  511;Chimbarongo;I  MUNICIPALIDAD  DE  CHIMBARONGO;4203964;SPAGHETTI  DON  GIUSEPPE  N°5  BOLSA  400  G  UNIDAD  VI  REGIÓN;SPAGHETTI;600;515;14;6000;3090000;No;COMERCIAL  EMERGENZA  SPA;SOLUCIONES  INTEGRALES  EMERGENZA  SPA;77.082.051-0
2239-9-LR24;5802368;Convenio  Marco  para  la  adquisición  de  Alimentos  (Magento);3729-90-CM25;53152452;ADQUISICION  DE  CAJAS  DE  VIVERES  PARA  CASOS  SOCIALES  DE  LA  COMUNA;2025-07-31;2025-06-30;2025-06-30;2025-07-14;Recepción  Conforme;77557;69.090.300-8;Secpla;I  MUNICIPALIDAD  DE  CHIMBARONGO;JAVIERA  CARRERA  511;Chimbarongo;I  MUNICIPALIDAD  DE  CHIMBARONGO;4197096;AZUCAR  BONANZA  BLANCA  GRANULADA  BOLSA  1  K  UNIDAD  VI  REGIÓN;AZUCAR;1258;1195;5;6000;7170000;No;DISTRIBUIDORA  Y  COMERCIALIZADORA  SANTA  ELIANA  SPA;DISTRIBUIDORA  Y  COMERCIALIZADORA  SANTA  ELIANA  SPA;77.544.929-2
2239-9-LR24;5802368;Convenio  Marco  para  la  adquisición  de  Alimentos  (Magento);3729-90-CM25;53152452;ADQUISICION  DE  CAJAS  DE  VIVERES  PARA  CASOS  SOCIALES  DE  LA  COMUNA;2025-07-31;2025-06-30;2025-06-30;2025-07-14;Recepción  Conforme;77557;69.090.300-8;Secpla;I  MUNICIPALIDAD  DE  CHIMBARONGO;JAVIERA  CARRERA  511;Chimbarongo;I  MUNICIPALIDAD  DE  CHIMBARONGO;4198575;HARINA  CON  POLVOS  SMARTPRICE  BOLSA  1  K  UNIDAD  VI  REGIÓN;HARINA  CON  POLVOS;1002;890;11;3000;2670000;No;MERCADOBOY  SPA;Mercadoboy;77.358.747-7
2239-9-LR24;5802368;Convenio  Marco  para  la  adquisición  de  Alimentos  (Magento);3729-90-CM25;53152452;ADQUISICION  DE  CAJAS  DE  VIVERES  PARA  CASOS  SOCIALES  DE  LA  COMUNA;2025-07-31;2025-06-30;2025-06-30;2025-07-14;Recepción  Conforme;77557;69.090.300-8;Secpla;I  MUNICIPALIDAD  DE  CHIMBARONGO;JAVIERA  CARRERA  511;Chimbarongo;I  MUNICIPALIDAD  DE  CHIMBARONGO;4198133;ACEITE  VEGETAL  LOS  SILOS  BOTELLA  900  ML  UNIDAD  VI  REGIÓN;ACEITE  VEGETAL;2023;1639;19;6000;9834000;No;AGROINDUSTRIAS  DEL  SUR  SPA;Agroindustrias;76.359.833-0
2239-9-LR24;5802368;Convenio  Marco  para  la  adquisición  de  Alimentos  (Magento);3729-90-CM25;53152452;ADQUISICION  DE  CAJAS  DE  VIVERES  PARA  CASOS  SOCIALES  DE  LA  COMUNA;2025-07-31;2025-06-30;2025-06-30;2025-07-14;Recepción  Conforme;77557;69.090.300-8;Secpla;I  MUNICIPALIDAD  DE  CHIMBARONGO;JAVIERA  CARRERA  511;Chimbarongo;I  MUNICIPALIDAD  DE  CHIMBARONGO;4204389;ARROZ  CAMSA  GRADO  2  BOLSA  1  K  UNIDAD  VI  REGIÓN;ARROZ;1662;930;44;9000;8370000;Si;SOCIEDAD  DE  INVERSIONES  VALENZUELA  SPA;SOCIEDAD  DE  INVERSIONES  VALENZUELA  SPA;77.212.675-1
2239-9-LR24;5802368;Convenio  Marco  para  la  adquisición  de  Alimentos  (Magento);3729-90-CM25;53152452;ADQUISICION  DE  CAJAS  DE  VIVERES  PARA  CASOS  SOCIALES  DE  LA  COMUNA;2025-07-31;2025-06-30;2025-06-30;2025-07-14;Recepción  Conforme;77557;69.090.300-8;Secpla;I  MUNICIPALIDAD  DE  CHIMBARONGO;JAVIERA  CARRERA  511;Chimbarongo;I  MUNICIPALIDAD  DE  CHIMBARONGO;4200309;TE  LA  RENDIDORA  NEGRO  CEYLAN  CAJA  100  BOLSAS  UNIDAD  VI  REGIÓN;TE;1956;1074;45;3000;3222000;No;COMERCIAL  EDA  SPA;MERCADO  EDA  SPA;76.691.662-7
2239-9-LR24;5802368;Convenio  Marco  para  la  adquisición  de  Alimentos  (Magento);3729-90-CM25;53152452;ADQUISICION  DE  CAJAS  DE  VIVERES  PARA  CASOS  SOCIALES  DE  LA  COMUNA;2025-07-31;2025-06-30;2025-06-30;2025-07-14;Recepción  Conforme;77557;69.090.300-8;Secpla;I  MUNICIPALIDAD  DE  CHIMBARONGO;JAVIERA  CARRERA  511;Chimbarongo;I  MUNICIPALIDAD  DE  CHIMBARONGO;4198575;HARINA  CON  POLVOS  SMARTPRICE  BOLSA  1  K  UNIDAD  VI  REGIÓN;HARINA  CON  POLVOS;1008;890;12;3000;2670000;No;DISTRIBUIDORA  ECOMARK  CORONEL  SPA;Ecomark;76.104.415-k
2239-9-LR24;5802368;Convenio  Marco  para  la  adquisición  de  Alimentos  (Magento);3729-90-CM25;53152452;ADQUISICION  DE  CAJAS  DE  VIVERES  PARA  CASOS  SOCIALES  DE  LA  COMUNA;2025-07-31;2025-06-30;2025-06-30;2025-07-14;Recepción  Conforme;77557;69.090.300-8;Secpla;I  MUNICIPALIDAD  DE  CHIMBARONGO;JAVIERA  CARRERA  511;Chimbarongo;I  MUNICIPALIDAD  DE  CHIMBARONGO;4204406;ACEITE  VEGETAL  PARRAL  BOTELLA  900  ML  UNIDAD  VI  REGIÓN;ACEITE  VEGETAL;1767;1506;15;6000;9036000;Si;SOCIEDAD  DE  INVERSIONES  VALENZUELA  SPA;SOCIEDAD  DE  INVERSIONES  VALENZUELA  SPA;77.212.675-1
2239-9-LR24;5802368;Convenio  Marco  para  la  adquisición  de  Alimentos  (Magento);3729-90-CM25;53152452;ADQUISICION  DE  CAJAS  DE  VIVERES  PARA  CASOS  SOCIALES  DE  LA  COMUNA;2025-07-31;2025-06-30;2025-06-30;2025-07-14;Recepción  Conforme;77557;69.090.300-8;Secpla;I  MUNICIPALIDAD  DE  CHIMBARONGO;JAVIERA  CARRERA  511;Chimbarongo;I  MUNICIPALIDAD  DE  CHIMBARONGO;4206633;POROTO  BLANCO  BOLSA  1  K  UNIDAD  VI  REGIÓN;POROTO;2100;1995;5;3000;5985000;No;DISTRIBUIDORA  Y  COMERCIALIZADORA  SANTA  ELIANA  SPA;DISTRIBUIDORA  Y  COMERCIALIZADORA  SANTA  ELIANA  SPA;77.544.929-2
2239-9-LR24;5802368;Convenio  Marco  para  la  adquisición  de  Alimentos  (Magento);3729-90-CM25;53152452;ADQUISICION  DE  CAJAS  DE  VIVERES  PARA  CASOS  SOCIALES  DE  LA  COMUNA;2025-07-31;2025-06-30;2025-06-30;2025-07-14;Recepción  Conforme;77557;69.090.300-8;Secpla;I  MUNICIPALIDAD  DE  CHIMBARONGO;JAVIERA  CARRERA  511;Chimbarongo;I  MUNICIPALIDAD  DE  CHIMBARONGO;4198218;HARINA  SIN  POLVOS  SMARTPRICE  BOLSA  1  K  UNIDAD  VI  REGIÓN;HARINA  SIN  POLVOS;1010;890;12;3000;2670000;No;DISTRIBUIDORA  ECOMARK  CORONEL  SPA;Ecomark;76.104.415-k
2239-9-LR24;5802368;Convenio  Marco  para  la  adquisición  de  Alimentos  (Magento);3729-90-CM25;53152452;ADQUISICION  DE  CAJAS  DE  VIVERES  PARA  CASOS  SOCIALES  DE  LA  COMUNA;2025-07-31;2025-06-30;2025-06-30;2025-07-14;Recepción  Conforme;77557;69.090.300-8;Secpla;I  MUNICIPALIDAD  DE  CHIMBARONGO;JAVIERA  CARRERA  511;Chimbarongo;I  MUNICIPALIDAD  DE  CHIMBARONGO;4200309;TE  LA  RENDIDORA  NEGRO  CEYLAN  CAJA  100  BOLSAS  UNIDAD  VI  REGIÓN;TE;1955;1857;5;3000;5571000;No;DISTRIBUIDORA  Y  COMERCIALIZADORA  SANTA  ELIANA  SPA;DISTRIBUIDORA  Y  COMERCIALIZADORA  SANTA  ELIANA  SPA;77.544.929-2
2239-9-LR24;5802368;Convenio  Marco  para  la  adquisición  de  Alimentos  (Magento);3729-90-CM25;53152452;ADQUISICION  DE  CAJAS  DE  VIVERES  PARA  CASOS  SOCIALES  DE  LA  COMUNA;2025-07-31;2025-06-30;2025-06-30;2025-07-14;Recepción  Conforme;77557;69.090.300-8;Secpla;I  MUNICIPALIDAD  DE  CHIMBARONGO;JAVIERA  CARRERA  511;Chimbarongo;I  MUNICIPALIDAD  DE  CHIMBARONGO;4198133;ACEITE  VEGETAL  LOS  SILOS  BOTELLA  900  ML  UNIDAD  VI  REGIÓN;ACEITE  VEGETAL;2090;1777;15;6000;10662000;No;ADM  SPA.;ADM  SPA.;77.909.208-9
2239-9-LR24;5802368;Convenio  Marco  para  la  adquisición  de  Alimentos  (Magento);3729-90-CM25;53152452;ADQUISICION  DE  CAJAS  DE  VIVERES  PARA  CASOS  SOCIALES  DE  LA  COMUNA;2025-07-31;2025-06-30;2025-06-30;2025-07-14;Recepción  Conforme;77557;69.090.300-8;Secpla;I  MUNICIPALIDAD  DE  CHIMBARONGO;JAVIERA  CARRERA  511;Chimbarongo;I  MUNICIPALIDAD  DE  CHIMBARONGO;4197096;AZUCAR  BONANZA  BLANCA  GRANULADA  BOLSA  1  K  UNIDAD  VI  REGIÓN;AZUCAR;1258;1074;15;6000;6444000;No;COMERCIAL  EDA  SPA;MERCADO  EDA  SPA;76.691.662-7
2239-9-LR24;5802368;Convenio  Marco  para  la  adquisición  de  Alimentos  (Magento);3729-90-CM25;53152452;ADQUISICION  DE  CAJAS  DE  VIVERES  PARA  CASOS  SOCIALES  DE  LA  COMUNA;2025-07-31;2025-06-30;2025-06-30;2025-07-14;Recepción  Conforme;77557;69.090.300-8;Secpla;I  MUNICIPALIDAD  DE  CHIMBARONGO;JAVIERA  CARRERA  511;Chimbarongo;I  MUNICIPALIDAD  DE  CHIMBARONGO;4198574;HARINA  CON  POLVOS  SMARTPRICE  BOLSA  1  K  UNIDAD  RM;HARINA  CON  POLVOS;1029;1029;0;3000;3087000;No;SOCIEDAD  COMERCIAL  DLM  SPA;SOCIEDAD  COMERCIAL  DLM  SPA;77.346.435-9
2239-9-LR24;5802368;Convenio  Marco  para  la  adquisición  de  Alimentos  (Magento);3729-90-CM25;53152452;ADQUISICION  DE  CAJAS  DE  VIVERES  PARA  CASOS  SOCIALES  DE  LA  COMUNA;2025-07-31;2025-06-30;2025-06-30;2025-07-14;Recepción  Conforme;77557;69.090.300-8;Secpla;I  MUNICIPALIDAD  DE  CHIMBARONGO;JAVIERA  CARRERA  511;Chimbarongo;I  MUNICIPALIDAD  DE  CHIMBARONGO;4214402;ARROZ  BONANZA  GRADO  2  BOLSA  1  K  UNIDAD  VI  REGIÓN;ARROZ;1509;1283;15;9000;11547000;No;ADM  SPA.;ADM  SPA.;77.909.208-9
2239-9-LR24;5802368;Convenio  Marco  para  la  adquisición  de  Alimentos  (Magento);3729-90-CM25;53152452;ADQUISICION  DE  CAJAS  DE  VIVERES  PARA  CASOS  SOCIALES  DE  LA  COMUNA;2025-07-31;2025-06-30;2025-06-30;2025-07-14;Recepción  Conforme;77557;69.090.300-8;Secpla;I  MUNICIPALIDAD  DE  CHIMBARONGO;JAVIERA  CARRERA  511;Chimbarongo;I  MUNICIPALIDAD  DE  CHIMBARONGO;4204066;ESPIRALES  SAN  REMO  BOLSA  400  G  UNIDAD  VI  REGIÓN;ESPIRALES;695;490;29;6000;2940000;No;SERVICIOS  INTEGRADOS  SIDAPT  LIMITADA;SERVICIOS  INTEGRADOS  SIDAPT  LIMITADA;76.299.358-9
2239-9-LR24;5802368;Convenio  Marco  para  la  adquisición  de  Alimentos  (Magento);3729-90-CM25;53152452;ADQUISICION  DE  CAJAS  DE  VIVERES  PARA  CASOS  SOCIALES  DE  LA  COMUNA;2025-07-31;2025-06-30;2025-06-30;2025-07-14;Recepción  Conforme;77557;69.090.300-8;Secpla;I  MUNICIPALIDAD  DE  CHIMBARONGO;JAVIERA  CARRERA  511;Chimbarongo;I  MUNICIPALIDAD  DE  CHIMBARONGO;4203998;SPAGHETTI  SAN  REMO  N°5  SPECIALE  BOLSA  400  G  UNIDAD  VI  REGIÓN;SPAGHETTI;695;490;29;6000;2940000;No;SERVICIOS  INTEGRADOS  SIDAPT  LIMITADA;SERVICIOS  INTEGRADOS  SIDAPT  LIMITADA;76.299.358-9
2239-9-LR24;5802368;Convenio  Marco  para  la  adquisición  de  Alimentos  (Magento);3729-90-CM25;53152452;ADQUISICION  DE  CAJAS  DE  VIVERES  PARA  CASOS  SOCIALES  DE  LA  COMUNA;2025-07-31;2025-06-30;2025-06-30;2025-07-14;Recepción  Conforme;77557;69.090.300-8;Secpla;I  MUNICIPALIDAD  DE  CHIMBARONGO;JAVIERA  CARRERA  511;Chimbarongo;I  MUNICIPALIDAD  DE  CHIMBARONGO;4203964;SPAGHETTI  DON  GIUSEPPE  N°5  BOLSA  400  G  UNIDAD  VI  REGIÓN;SPAGHETTI;632;632;0;6000;3792000;No;SOCIEDAD  COMERCIAL  DLM  SPA;SOCIEDAD  COMERCIAL  DLM  SPA;77.346.435-9
2239-9-LR24;5802368;Convenio  Marco  para  la  adquisición  de  Alimentos  (Magento);3729-90-CM25;53152452;ADQUISICION  DE  CAJAS  DE  VIVERES  PARA  CASOS  SOCIALES  DE  LA  COMUNA;2025-07-31;2025-06-30;2025-06-30;2025-07-14;Recepción  Conforme;77557;69.090.300-8;Secpla;I  MUNICIPALIDAD  DE  CHIMBARONGO;JAVIERA  CARRERA  511;Chimbarongo;I  MUNICIPALIDAD  DE  CHIMBARONGO;4215983;ESPIRALES  DON  GIUSEPPE  BOLSA  400  G  UNIDAD  VI  REGIÓN;ESPIRALES;602;515;14;6000;3090000;No;COMERCIAL  EMERGENZA  SPA;SOLUCIONES  INTEGRALES  EMERGENZA  SPA;77.082.051-0
2239-9-LR24;5802368;Convenio  Marco  para  la  adquisición  de  Alimentos  (Magento);3729-90-CM25;53152452;ADQUISICION  DE  CAJAS  DE  VIVERES  PARA  CASOS  SOCIALES  DE  LA  COMUNA;2025-07-31;2025-06-30;2025-06-30;2025-07-14;Recepción  Conforme;77557;69.090.300-8;Secpla;I  MUNICIPALIDAD  DE  CHIMBARONGO;JAVIERA  CARRERA  511;Chimbarongo;I  MUNICIPALIDAD  DE  CHIMBARONGO;4198217;HARINA  SIN  POLVOS  SMARTPRICE  BOLSA  1  K  UNIDAD  RM;HARINA  SIN  POLVOS;1029;1029;0;3000;3087000;No;SOCIEDAD  COMERCIAL  DLM  SPA;SOCIEDAD  COMERCIAL  DLM  SPA;77.346.435-9
2239-9-LR24;5802368;Convenio  Marco  para  la  adquisición  de  Alimentos  (Magento);3729-90-CM25;53152452;ADQUISICION  DE  CAJAS  DE  VIVERES  PARA  CASOS  SOCIALES  DE  LA  COMUNA;2025-07-31;2025-06-30;2025-06-30;2025-07-14;Recepción  Conforme;77557;69.090.300-8;Secpla;I  MUNICIPALIDAD  DE  CHIMBARONGO;JAVIERA  CARRERA  511;Chimbarongo;I  MUNICIPALIDAD  DE  CHIMBARONGO;4204406;ACEITE  VEGETAL  PARRAL  BOTELLA  900  ML  UNIDAD  VI  REGIÓN;ACEITE  VEGETAL;2030;2030;0;6000;12180000;No;SOCIEDAD  COMERCIAL  DLM  SPA;SOCIEDAD  COMERCIAL  DLM  SPA;77.346.435-9
2239-9-LR24;5802368;Convenio  Marco  para  la  adquisición  de  Alimentos  (Magento);3729-90-CM25;53152452;ADQUISICION  DE  CAJAS  DE  VIVERES  PARA  CASOS  SOCIALES  DE  LA  COMUNA;2025-07-31;2025-06-30;2025-06-30;2025-07-14;Recepción  Conforme;77557;69.090.300-8;Secpla;I  MUNICIPALIDAD  DE  CHIMBARONGO;JAVIERA  CARRERA  511;Chimbarongo;I  MUNICIPALIDAD  DE  CHIMBARONGO;4206004;POROTO  HALLADO  BOLSA  1  K  UNIDAD  VI  REGIÓN;POROTO;2495;2490;0;3000;7470000;No;MERCADOBOY  SPA;Mercadoboy;77.358.747-7
2239-9-LR24;5802368;Convenio  Marco  para  la  adquisición  de  Alimentos  (Magento);3729-90-CM25;53152452;ADQUISICION  DE  CAJAS  DE  VIVERES  PARA  CASOS  SOCIALES  DE  LA  COMUNA;2025-07-31;2025-06-30;2025-06-30;2025-07-14;Recepción  Conforme;77557;69.090.300-8;Secpla;I  MUNICIPALIDAD  DE  CHIMBARONGO;JAVIERA  CARRERA  511;Chimbarongo;I  MUNICIPALIDAD  DE  CHIMBARONGO;4204389;ARROZ  CAMSA  GRADO  2  BOLSA  1  K  UNIDAD  VI  REGIÓN;ARROZ;1668;980;41;9000;8820000;No;DISTRIBUIDORA  ECOMARK  CORONEL  SPA;Ecomark;76.104.415-k
2239-9-LR24;5802368;Convenio  Marco  para  la  adquisición  de  Alimentos  (Magento);3729-90-CM25;53152452;ADQUISICION  DE  CAJAS  DE  VIVERES  PARA  CASOS  SOCIALES  DE  LA  COMUNA;2025-07-31;2025-06-30;2025-06-30;2025-07-14;Recepción  Conforme;77557;69.090.300-8;Secpla;I  MUNICIPALIDAD  DE  CHIMBARONGO;JAVIERA  CARRERA  511;Chimbarongo;I  MUNICIPALIDAD  DE  CHIMBARONGO;4204406;ACEITE  VEGETAL  PARRAL  BOTELLA  900  ML  UNIDAD  VI  REGIÓN;ACEITE  VEGETAL;1784;1782;0;6000;10692000;No;COMERCIAL  EMERGENZA  SPA;SOLUCIONES  INTEGRALES  EMERGENZA  SPA;77.082.051-0
2239-9-LR24;5802368;Convenio  Marco  para  la  adquisición  de  Alimentos  (Magento);3729-90-CM25;53152452;ADQUISICION  DE  CAJAS  DE  VIVERES  PARA  CASOS  SOCIALES  DE  LA  COMUNA;2025-07-31;2025-06-30;2025-06-30;2025-07-14;Recepción  Conforme;77557;69.090.300-8;Secpla;I  MUNICIPALIDAD  DE  CHIMBARONGO;JAVIERA  CARRERA  511;Chimbarongo;I  MUNICIPALIDAD  DE  CHIMBARONGO;4206633;POROTO  BLANCO  BOLSA  1  K  UNIDAD  VI  REGIÓN;POROTO;2102;2050;2;3000;6150000;No;SOCIEDAD  COMERCIAL  MAULE  LIMITADA;SOCIEDAD  COMERCIAL  MAULE  LIMITADA;76.287.511-k
2239-9-LR24;5802368;Convenio  Marco  para  la  adquisición  de  Alimentos  (Magento);3729-90-CM25;53152452;ADQUISICION  DE  CAJAS  DE  VIVERES  PARA  CASOS  SOCIALES  DE  LA  COMUNA;2025-07-31;2025-06-30;2025-06-30;2025-07-14;Recepción  Conforme;77557;69.090.300-8;Secpla;I  MUNICIPALIDAD  DE  CHIMBARONGO;JAVIERA  CARRERA  511;Chimbarongo;I  MUNICIPALIDAD  DE  CHIMBARONGO;4211648;JUREL  CONSERVA  AL  NATURAL  COLISEO  TARRO  425  G  UNIDAD  VI  REGIÓN;JUREL  CONSERVA  AL  NATURAL;1129;1071;5;6000;6426000;No;DISTRIBUIDORA  DEL  MAULE  LIMITADA;Dimal;77.784.560-8
2239-9-LR24;5802368;Convenio  Marco  para  la  adquisición  de  Alimentos  (Magento);3729-90-CM25;53152452;ADQUISICION  DE  CAJAS  DE  VIVERES  PARA  CASOS  SOCIALES  DE  LA  COMUNA;2025-07-31;2025-06-30;2025-06-30;2025-07-14;Recepción  Conforme;77557;69.090.300-8;Secpla;I  MUNICIPALIDAD  DE  CHIMBARONGO;JAVIERA  CARRERA  511;Chimbarongo;I  MUNICIPALIDAD  DE  CHIMBARONGO;4200309;TE  LA  RENDIDORA  NEGRO  CEYLAN  CAJA  100  BOLSAS  UNIDAD  VI  REGIÓN;TE;1960;1959;0;3000;5877000;No;COMERCIAL  EMERGENZA  SPA;SOLUCIONES  INTEGRALES  EMERGENZA  SPA;77.082.051-0
2239-9-LR24;5802368;Convenio  Marco  para  la  adquisición  de  Alimentos  (Magento);3729-90-CM25;53152452;ADQUISICION  DE  CAJAS  DE  VIVERES  PARA  CASOS  SOCIALES  DE  LA  COMUNA;2025-07-31;2025-06-30;2025-06-30;2025-07-14;Recepción  Conforme;77557;69.090.300-8;Secpla;I  MUNICIPALIDAD  DE  CHIMBARONGO;JAVIERA  CARRERA  511;Chimbarongo;I  MUNICIPALIDAD  DE  CHIMBARONGO;4203998;SPAGHETTI  SAN  REMO  N°5  SPECIALE  BOLSA  400  G  UNIDAD  VI  REGIÓN;SPAGHETTI;684;650;5;6000;3900000;No;DISTRIBUIDORA  ECOMARK  CORONEL  SPA;Ecomark;76.104.415-k
2239-9-LR24;5802368;Convenio  Marco  para  la  adquisición  de  Alimentos  (Magento);3729-90-CM25;53152452;ADQUISICION  DE  CAJAS  DE  VIVERES  PARA  CASOS  SOCIALES  DE  LA  COMUNA;2025-07-31;2025-06-30;2025-06-30;2025-07-14;Recepción  Conforme;77557;69.090.300-8;Secpla;I  MUNICIPALIDAD  DE  CHIMBARONGO;JAVIERA  CARRERA  511;Chimbarongo;I  MUNICIPALIDAD  DE  CHIMBARONGO;4206327;SALSA  DE  TOMATE  SAN  REMO  BOLSA  200  G  UNIDAD  VI  REGIÓN;SALSA  DE  TOMATE;365;340;7;12000;4080000;No;COMERCIAL  EMERGENZA  SPA;SOLUCIONES  INTEGRALES  EMERGENZA  SPA;77.082.051-0
2239-9-LR24;5802368;Convenio  Marco  para  la  adquisición  de  Alimentos  (Magento);3729-90-CM25;53152452;ADQUISICION  DE  CAJAS  DE  VIVERES  PARA  CASOS  SOCIALES  DE  LA  COMUNA;2025-07-31;2025-06-30;2025-06-30;2025-07-14;Recepción  Conforme;77557;69.090.300-8;Secpla;I  MUNICIPALIDAD  DE  CHIMBARONGO;JAVIERA  CARRERA  511;Chimbarongo;I  MUNICIPALIDAD  DE  CHIMBARONGO;4206633;POROTO  BLANCO  BOLSA  1  K  UNIDAD  VI  REGIÓN;POROTO;2770;2500;10;3000;7500000;No;COMERCIAL  EMERGENZA  SPA;SOLUCIONES  INTEGRALES  EMERGENZA  SPA;77.082.051-0
2239-9-LR24;5802368;Convenio  Marco  para  la  adquisición  de  Alimentos  (Magento);3729-90-CM25;53152452;ADQUISICION  DE  CAJAS  DE  VIVERES  PARA  CASOS  SOCIALES  DE  LA  COMUNA;2025-07-31;2025-06-30;2025-06-30;2025-07-14;Recepción  Conforme;77557;69.090.300-8;Secpla;I  MUNICIPALIDAD  DE  CHIMBARONGO;JAVIERA  CARRERA  511;Chimbarongo;I  MUNICIPALIDAD  DE  CHIMBARONGO;4215983;ESPIRALES  DON  GIUSEPPE  BOLSA  400  G  UNIDAD  VI  REGIÓN;ESPIRALES;632;632;0;6000;3792000;No;SOCIEDAD  COMERCIAL  DLM  SPA;SOCIEDAD  COMERCIAL  DLM  SPA;77.346.435-9
2239-9-LR24;5802368;Convenio  Marco  para  la  adquisición  de  Alimentos  (Magento);3729-90-CM25;53152452;ADQUISICION  DE  CAJAS  DE  VIVERES  PARA  CASOS  SOCIALES  DE  LA  COMUNA;2025-07-31;2025-06-30;2025-06-30;2025-07-14;Recepción  Conforme;77557;69.090.300-8;Secpla;I  MUNICIPALIDAD  DE  CHIMBARONGO;JAVIERA  CARRERA  511;Chimbarongo;I  MUNICIPALIDAD  DE  CHIMBARONGO;4231368;SALSA  DE  TOMATE  COLISEO  ITALIANA  DOYPACK  200  G  UNIDAD  VI  REGIÓN;SALSA  DE  TOMATE;303;303;0;12000;3636000;No;MERCADOBOY  SPA;Mercadoboy;77.358.747-7
2239-9-LR24;5802368;Convenio  Marco  para  la  adquisición  de  Alimentos  (Magento);3729-90-CM25;53152452;ADQUISICION  DE  CAJAS  DE  VIVERES  PARA  CASOS  SOCIALES  DE  LA  COMUNA;2025-07-31;2025-06-30;2025-06-30;2025-07-14;Recepción  Conforme;77557;69.090.300-8;Secpla;I  MUNICIPALIDAD  DE  CHIMBARONGO;JAVIERA  CARRERA  511;Chimbarongo;I  MUNICIPALIDAD  DE  CHIMBARONGO;4206633;POROTO  BLANCO  BOLSA  1  K  UNIDAD  VI  REGIÓN;POROTO;2099;1784;15;3000;5352000;No;ADM  SPA.;ADM  SPA.;77.909.208-9
2239-9-LR24;5802368;Convenio  Marco  para  la  adquisición  de  Alimentos  (Magento);3729-90-CM25;53152452;ADQUISICION  DE  CAJAS  DE  VIVERES  PARA  CASOS  SOCIALES  DE  LA  COMUNA;2025-07-31;2025-06-30;2025-06-30;2025-07-14;Recepción  Conforme;77557;69.090.300-8;Secpla;I  MUNICIPALIDAD  DE  CHIMBARONGO;JAVIERA  CARRERA  511;Chimbarongo;I  MUNICIPALIDAD  DE  CHIMBARONGO;4204389;ARROZ  CAMSA  GRADO  2  BOLSA  1  K  UNIDAD  VI  REGIÓN;ARROZ;1663;940;43;9000;8460000;No;SERVICIOS  INTEGRADOS  SIDAPT  LIMITADA;SERVICIOS  INTEGRADOS  SIDAPT  LIMITADA;76.299.358-9
2239-9-LR24;5802368;Convenio  Marco  para  la  adquisición  de  Alimentos  (Magento);3729-90-CM25;53152452;ADQUISICION  DE  CAJAS  DE  VIVERES  PARA  CASOS  SOCIALES  DE  LA  COMUNA;2025-07-31;2025-06-30;2025-06-30;2025-07-14;Recepción  Conforme;77557;69.090.300-8;Secpla;I  MUNICIPALIDAD  DE  CHIMBARONGO;JAVIERA  CARRERA  511;Chimbarongo;I  MUNICIPALIDAD  DE  CHIMBARONGO;4223769;TE  DORASOL  NEGRO  CEYLAN  CAJA  100  BOLSAS  UNIDAD  VI  REGIÓN;TE;1700;1166;31;3000;3498000;No;CV  TRADING  S.A.;CV  TRADING  S.A.;78.254.990-1
2239-9-LR24;5802368;Convenio  Marco  para  la  adquisición  de  Alimentos  (Magento);3729-90-CM25;53152452;ADQUISICION  DE  CAJAS  DE  VIVERES  PARA  CASOS  SOCIALES  DE  LA  COMUNA;2025-07-31;2025-06-30;2025-06-30;2025-07-14;Recepción  Conforme;77557;69.090.300-8;Secpla;I  MUNICIPALIDAD  DE  CHIMBARONGO;JAVIERA  CARRERA  511;Chimbarongo;I  MUNICIPALIDAD  DE  CHIMBARONGO;4217394;HARINA  SIN  POLVOS  COLISEO  BOLSA  1  K  UNIDAD  VI  REGIÓN;HARINA  SIN  POLVOS;852;820;4;3000;2460000;No;MERCADOBOY  SPA;Mercadoboy;77.358.747-7
2239-9-LR24;5802368;Convenio  Marco  para  la  adquisición  de  Alimentos  (Magento);3729-90-CM25;53152452;ADQUISICION  DE  CAJAS  DE  VIVERES  PARA  CASOS  SOCIALES  DE  LA  COMUNA;2025-07-31;2025-06-30;2025-06-30;2025-07-14;Recepción  Conforme;77557;69.090.300-8;Secpla;I  MUNICIPALIDAD  DE  CHIMBARONGO;JAVIERA  CARRERA  511;Chimbarongo;I  MUNICIPALIDAD  DE  CHIMBARONGO;4218754;TE  MILDRED  NEGRO  CEYLAN  CAJA  100  BOLSAS  UNIDAD  VI  REGIÓN;TE;2681;2681;0;3000;8043000;No;SOCIEDAD  COMERCIAL  DLM  SPA;SOCIEDAD  COMERCIAL  DLM  SPA;77.346.435-9
2239-9-LR24;5802368;Convenio  Marco  para  la  adquisición  de  Alimentos  (Magento);3729-90-CM25;53152452;ADQUISICION  DE  CAJAS  DE  VIVERES  PARA  CASOS  SOCIALES  DE  LA  COMUNA;2025-07-31;2025-06-30;2025-06-30;2025-07-14;Recepción  Conforme;77557;69.090.300-8;Secpla;I  MUNICIPALIDAD  DE  CHIMBARONGO;JAVIERA  CARRERA  511;Chimbarongo;I  MUNICIPALIDAD  DE  CHIMBARONGO;4206633;POROTO  BLANCO  BOLSA  1  K  UNIDAD  VI  REGIÓN;POROTO;2100;1074;49;3000;3222000;No;COMERCIAL  EDA  SPA;MERCADO  EDA  SPA;76.691.662-7
2239-9-LR24;5802368;Convenio  Marco  para  la  adquisición  de  Alimentos  (Magento);3729-90-CM25;53152452;ADQUISICION  DE  CAJAS  DE  VIVERES  PARA  CASOS  SOCIALES  DE  LA  COMUNA;2025-07-31;2025-06-30;2025-06-30;2025-07-14;Recepción  Conforme;77557;69.090.300-8;Secpla;I  MUNICIPALIDAD  DE  CHIMBARONGO;JAVIERA  CARRERA  511;Chimbarongo;I  MUNICIPALIDAD  DE  CHIMBARONGO;4204389;ARROZ  CAMSA  GRADO  2  BOLSA  1  K  UNIDAD  VI  REGIÓN;ARROZ;1677;1050;37;9000;9450000;No;COMERCIAL  EMERGENZA  SPA;SOLUCIONES  INTEGRALES  EMERGENZA  SPA;77.082.051-0
2239-9-LR24;5802368;Convenio  Marco  para  la  adquisición  de  Alimentos  (Magento);3729-90-CM25;53152452;ADQUISICION  DE  CAJAS  DE  VIVERES  PARA  CASOS  SOCIALES  DE  LA  COMUNA;2025-07-31;2025-06-30;2025-06-30;2025-07-14;Recepción  Conforme;77557;69.090.300-8;Secpla;I  MUNICIPALIDAD  DE  CHIMBARONGO;JAVIERA  CARRERA  511;Chimbarongo;I  MUNICIPALIDAD  DE  CHIMBARONGO;4214402;ARROZ  BONANZA  GRADO  2  BOLSA  1  K  UNIDAD  VI  REGIÓN;ARROZ;1514;1074;29;9000;9666000;No;COMERCIAL  EDA  SPA;MERCADO  EDA  SPA;76.691.662-7
2239-9-LR24;5802368;Convenio  Marco  para  la  adquisición  de  Alimentos  (Magento);3729-90-CM25;53152452;ADQUISICION  DE  CAJAS  DE  VIVERES  PARA  CASOS  SOCIALES  DE  LA  COMUNA;2025-07-31;2025-06-30;2025-06-30;2025-07-14;Recepción  Conforme;77557;69.090.300-8;Secpla;I  MUNICIPALIDAD  DE  CHIMBARONGO;JAVIERA  CARRERA  511;Chimbarongo;I  MUNICIPALIDAD  DE  CHIMBARONGO;4210747;SALSA  DE  TOMATE  DORASOL  ITALIANA  DOYPACK  200  G  UNIDAD  VI  REGIÓN;SALSA  DE  TOMATE;422;359;15;12000;4308000;No;ADM  SPA.;ADM  SPA.;77.909.208-9
2239-9-LR24;5802368;Convenio  Marco  para  la  adquisición  de  Alimentos  (Magento);3729-90-CM25;53152452;ADQUISICION  DE  CAJAS  DE  VIVERES  PARA  CASOS  SOCIALES  DE  LA  COMUNA;2025-07-31;2025-06-30;2025-06-30;2025-07-14;Recepción  Conforme;77557;69.090.300-8;Secpla;I  MUNICIPALIDAD  DE  CHIMBARONGO;JAVIERA  CARRERA  511;Chimbarongo;I  MUNICIPALIDAD  DE  CHIMBARONGO;4214402;ARROZ  BONANZA  GRADO  2  BOLSA  1  K  UNIDAD  VI  REGIÓN;ARROZ;1517;1440;5;9000;12960000;No;SOCIEDAD  COMERCIAL  MAULE  LIMITADA;SOCIEDAD  COMERCIAL  MAULE  LIMITADA;76.287.511-k
2239-9-LR24;5802368;Convenio  Marco  para  la  adquisición  de  Alimentos  (Magento);3729-90-CM25;53152452;ADQUISICION  DE  CAJAS  DE  VIVERES  PARA  CASOS  SOCIALES  DE  LA  COMUNA;2025-07-31;2025-06-30;2025-06-30;2025-07-14;Recepción  Conforme;77557;69.090.300-8;Secpla;I  MUNICIPALIDAD  DE  CHIMBARONGO;JAVIERA  CARRERA  511;Chimbarongo;I  MUNICIPALIDAD  DE  CHIMBARONGO;4206004;POROTO  HALLADO  BOLSA  1  K  UNIDAD  VI  REGIÓN;POROTO;3000;1836;39;3000;5508000;No;CV  TRADING  S.A.;CV  TRADING  S.A.;78.254.990-1
2239-9-LR24;5802368;Convenio  Marco  para  la  adquisición  de  Alimentos  (Magento);3729-90-CM25;53152452;ADQUISICION  DE  CAJAS  DE  VIVERES  PARA  CASOS  SOCIALES  DE  LA  COMUNA;2025-07-31;2025-06-30;2025-06-30;2025-07-14;Recepción  Conforme;77557;69.090.300-8;Secpla;I  MUNICIPALIDAD  DE  CHIMBARONGO;JAVIERA  CARRERA  511;Chimbarongo;I  MUNICIPALIDAD  DE  CHIMBARONGO;4211648;JUREL  CONSERVA  AL  NATURAL  COLISEO  TARRO  425  G  UNIDAD  VI  REGIÓN;JUREL  CONSERVA  AL  NATURAL;1130;1130;0;6000;6780000;No;SOCIEDAD  COMERCIAL  DLM  SPA;SOCIEDAD  COMERCIAL  DLM  SPA;77.346.435-9
2239-9-LR24;5802368;Convenio  Marco  para  la  adquisición  de  Alimentos  (Magento);3729-90-CM25;53152452;ADQUISICION  DE  CAJAS  DE  VIVERES  PARA  CASOS  SOCIALES  DE  LA  COMUNA;2025-07-31;2025-06-30;2025-06-30;2025-07-14;Recepción  Conforme;77557;69.090.300-8;Secpla;I  MUNICIPALIDAD  DE  CHIMBARONGO;JAVIERA  CARRERA  511;Chimbarongo;I  MUNICIPALIDAD  DE  CHIMBARONGO;4215983;ESPIRALES  DON  GIUSEPPE  BOLSA  400  G  UNIDAD  VI  REGIÓN;ESPIRALES;577;473;18;6000;2838000;Si;SOCIEDAD  DE  INVERSIONES  VALENZUELA  SPA;SOCIEDAD  DE  INVERSIONES  VALENZUELA  SPA;77.212.675-1
2239-9-LR24;5802368;Convenio  Marco  para  la  adquisición  de  Alimentos  (Magento);3729-90-CM25;53152452;ADQUISICION  DE  CAJAS  DE  VIVERES  PARA  CASOS  SOCIALES  DE  LA  COMUNA;2025-07-31;2025-06-30;2025-06-30;2025-07-14;Recepción  Conforme;77557;69.090.300-8;Secpla;I  MUNICIPALIDAD  DE  CHIMBARONGO;JAVIERA  CARRERA  511;Chimbarongo;I  MUNICIPALIDAD  DE  CHIMBARONGO;4211648;JUREL  CONSERVA  AL  NATURAL  COLISEO  TARRO  425  G  UNIDAD  VI  REGIÓN;JUREL  CONSERVA  AL  NATURAL;1127;1074;5;6000;6444000;No;COMERCIAL  EDA  SPA;MERCADO  EDA  SPA;76.691.662-7
2239-9-LR24;5802368;Convenio  Marco  para  la  adquisición  de  Alimentos  (Magento);3729-90-CM25;53152452;ADQUISICION  DE  CAJAS  DE  VIVERES  PARA  CASOS  SOCIALES  DE  LA  COMUNA;2025-07-31;2025-06-30;2025-06-30;2025-07-14;Recepción  Conforme;77557;69.090.300-8;Secpla;I  MUNICIPALIDAD  DE  CHIMBARONGO;JAVIERA  CARRERA  511;Chimbarongo;I  MUNICIPALIDAD  DE  CHIMBARONGO;4218788;SALSA  DE  TOMATE  MISOL  BOLSA  200  G  UNIDAD  VI  REGIÓN;SALSA  DE  TOMATE;332;290;13;12000;3480000;No;SERVICIOS  INTEGRADOS  SIDAPT  LIMITADA;SERVICIOS  INTEGRADOS  SIDAPT  LIMITADA;76.299.358-9
2239-9-LR24;5802368;Convenio  Marco  para  la  adquisición  de  Alimentos  (Magento);3729-90-CM25;53152452;ADQUISICION  DE  CAJAS  DE  VIVERES  PARA  CASOS  SOCIALES  DE  LA  COMUNA;2025-07-31;2025-06-30;2025-06-30;2025-07-14;Recepción  Conforme;77557;69.090.300-8;Secpla;I  MUNICIPALIDAD  DE  CHIMBARONGO;JAVIERA  CARRERA  511;Chimbarongo;I  MUNICIPALIDAD  DE  CHIMBARONGO;4248283;HARINA  CON  POLVOS  HEREDIA  BOLSA  1  K  UNIDAD  VI  REGIÓN;HARINA  CON  POLVOS;1106;952;14;3000;2856000;No;DISTRIBUIDORA  DEL  MAULE  LIMITADA;Dimal;77.784.560-8
2239-9-LR24;5802368;Convenio  Marco  para  la  adquisición  de  Alimentos  (Magento);3729-90-CM25;53152452;ADQUISICION  DE  CAJAS  DE  VIVERES  PARA  CASOS  SOCIALES  DE  LA  COMUNA;2025-07-31;2025-06-30;2025-06-30;2025-07-14;Recepción  Conforme;77557;69.090.300-8;Secpla;I  MUNICIPALIDAD  DE  CHIMBARONGO;JAVIERA  CARRERA  511;Chimbarongo;I  MUNICIPALIDAD  DE  CHIMBARONGO;4206633;POROTO  BLANCO  BOLSA  1  K  UNIDAD  VI  REGIÓN;POROTO;2103;2103;0;3000;6309000;No;SOCIEDAD  COMERCIAL  DLM  SPA;SOCIEDAD  COMERCIAL  DLM  SPA;77.346.435-9
2239-9-LR24;5802368;Convenio  Marco  para  la  adquisición  de  Alimentos  (Magento);3729-90-CM25;53152452;ADQUISICION  DE  CAJAS  DE  VIVERES  PARA  CASOS  SOCIALES  DE  LA  COMUNA;2025-07-31;2025-06-30;2025-06-30;2025-07-14;Recepción  Conforme;77557;69.090.300-8;Secpla;I  MUNICIPALIDAD  DE  CHIMBARONGO;JAVIERA  CARRERA  511;Chimbarongo;I  MUNICIPALIDAD  DE  CHIMBARONGO;4214402;ARROZ  BONANZA  GRADO  2  BOLSA  1  K  UNIDAD  VI  REGIÓN;ARROZ;1509;1434;5;9000;12906000;No;DISTRIBUIDORA  Y  COMERCIALIZADORA  SANTA  ELIANA  SPA;DISTRIBUIDORA  Y  COMERCIALIZADORA  SANTA  ELIANA  SPA;77.544.929-2
2239-9-LR24;5802368;Convenio  Marco  para  la  adquisición  de  Alimentos  (Magento);3729-90-CM25;53152452;ADQUISICION  DE  CAJAS  DE  VIVERES  PARA  CASOS  SOCIALES  DE  LA  COMUNA;2025-07-31;2025-06-30;2025-06-30;2025-07-14;Recepción  Conforme;77557;69.090.300-8;Secpla;I  MUNICIPALIDAD  DE  CHIMBARONGO;JAVIERA  CARRERA  511;Chimbarongo;I  MUNICIPALIDAD  DE  CHIMBARONGO;4227101;ACEITE  VEGETAL  COLISEO  BOTELLA  900  ML  UNIDAD  VI  REGIÓN;ACEITE  VEGETAL;1622;1549;5;6000;9294000;No;DISTRIBUIDORA  Y  COMERCIALIZADORA  SANTA  ELIANA  SPA;DISTRIBUIDORA  Y  COMERCIALIZADORA  SANTA  ELIANA  SPA;77.544.929-2
2239-9-LR24;5802368;Convenio  Marco  para  la  adquisición  de  Alimentos  (Magento);3729-90-CM25;53152452;ADQUISICION  DE  CAJAS  DE  VIVERES  PARA  CASOS  SOCIALES  DE  LA  COMUNA;2025-07-31;2025-06-30;2025-06-30;2025-07-14;Recepción  Conforme;77557;69.090.300-8;Secpla;I  MUNICIPALIDAD  DE  CHIMBARONGO;JAVIERA  CARRERA  511;Chimbarongo;I  MUNICIPALIDAD  DE  CHIMBARONGO;4231368;SALSA  DE  TOMATE  COLISEO  ITALIANA  DOYPACK  200  G  UNIDAD  VI  REGIÓN;SALSA  DE  TOMATE;296;290;2;12000;3480000;No;DISTRIBUIDORA  Y  COMERCIALIZADORA  SANTA  ELIANA  SPA;DISTRIBUIDORA  Y  COMERCIALIZADORA  SANTA  ELIANA  SPA;77.544.929-2
2239-9-LR24;5802368;Convenio  Marco  para  la  adquisición  de  Alimentos  (Magento);3729-90-CM25;53152452;ADQUISICION  DE  CAJAS  DE  VIVERES  PARA  CASOS  SOCIALES  DE  LA  COMUNA;2025-07-31;2025-06-30;2025-06-30;2025-07-14;Recepción  Conforme;77557;69.090.300-8;Secpla;I  MUNICIPALIDAD  DE  CHIMBARONGO;JAVIERA  CARRERA  511;Chimbarongo;I  MUNICIPALIDAD  DE  CHIMBARONGO;4247756;ACEITE  VEGETAL  SMARTPRICE  BOTELLA  900  ML  UNIDAD  VI  REGIÓN;ACEITE  VEGETAL;1863;1400;25;6000;8400000;No;DISTRIBUIDORA  ECOMARK  CORONEL  SPA;Ecomark;76.104.415-k
2239-9-LR24;5802368;Convenio  Marco  para  la  adquisición  de  Alimentos  (Magento);3729-90-CM25;53152452;ADQUISICION  DE  CAJAS  DE  VIVERES  PARA  CASOS  SOCIALES  DE  LA  COMUNA;2025-07-31;2025-06-30;2025-06-30;2025-07-14;Recepción  Conforme;77557;69.090.300-8;Secpla;I  MUNICIPALIDAD  DE  CHIMBARONGO;JAVIERA  CARRERA  511;Chimbarongo;I  MUNICIPALIDAD  DE  CHIMBARONGO;4206633;POROTO  BLANCO  BOLSA  1  K  UNIDAD  VI  REGIÓN;POROTO;2103;1600;24;3000;4800000;No;DISTRIBUIDORA  ECOMARK  CORONEL  SPA;Ecomark;76.104.415-k
2239-9-LR24;5802368;Convenio  Marco  para  la  adquisición  de  Alimentos  (Magento);3729-90-CM25;53152452;ADQUISICION  DE  CAJAS  DE  VIVERES  PARA  CASOS  SOCIALES  DE  LA  COMUNA;2025-07-31;2025-06-30;2025-06-30;2025-07-14;Recepción  Conforme;77557;69.090.300-8;Secpla;I  MUNICIPALIDAD  DE  CHIMBARONGO;JAVIERA  CARRERA  511;Chimbarongo;I  MUNICIPALIDAD  DE  CHIMBARONGO;4206633;POROTO  BLANCO  BOLSA  1  K  UNIDAD  VI  REGIÓN;POROTO;2101;1904;9;3000;5712000;No;DISTRIBUIDORA  DEL  MAULE  LIMITADA;Dimal;77.784.560-8
2239-9-LR24;5802368;Convenio  Marco  para  la  adquisición  de  Alimentos  (Magento);3729-90-CM25;53152452;ADQUISICION  DE  CAJAS  DE  VIVERES  PARA  CASOS  SOCIALES  DE  LA  COMUNA;2025-07-31;2025-06-30;2025-06-30;2025-07-14;Recepción  Conforme;77557;69.090.300-8;Secpla;I  MUNICIPALIDAD  DE  CHIMBARONGO;JAVIERA  CARRERA  511;Chimbarongo;I  MUNICIPALIDAD  DE  CHIMBARONGO;4219587;AZUCAR  MISOL  BLANCA  GRANULADA  BOLSA  1  K  UNIDAD  VI  REGIÓN;AZUCAR;1407;940;33;6000;5640000;No;SERVICIOS  INTEGRADOS  SIDAPT  LIMITADA;SERVICIOS  INTEGRADOS  SIDAPT  LIMITADA;76.299.358-9
2239-9-LR24;5802368;Convenio  Marco  para  la  adquisición  de  Alimentos  (Magento);3729-90-CM25;53152452;ADQUISICION  DE  CAJAS  DE  VIVERES  PARA  CASOS  SOCIALES  DE  LA  COMUNA;2025-07-31;2025-06-30;2025-06-30;2025-07-14;Recepción  Conforme;77557;69.090.300-8;Secpla;I  MUNICIPALIDAD  DE  CHIMBARONGO;JAVIERA  CARRERA  511;Chimbarongo;I  MUNICIPALIDAD  DE  CHIMBARONGO;4216425;TE  MISOL  NEGRO  ARGENTINA  CAJA  100  BOLSAS  UNIDAD  VI  REGIÓN;TE;2374;1490;37;3000;4470000;No;SERVICIOS  INTEGRADOS  SIDAPT  LIMITADA;SERVICIOS  INTEGRADOS  SIDAPT  LIMITADA;76.299.358-9
2239-9-LR24;5802368;Convenio  Marco  para  la  adquisición  de  Alimentos  (Magento);3729-90-CM25;53152452;ADQUISICION  DE  CAJAS  DE  VIVERES  PARA  CASOS  SOCIALES  DE  LA  COMUNA;2025-07-31;2025-06-30;2025-06-30;2025-07-14;Recepción  Conforme;77557;69.090.300-8;Secpla;I  MUNICIPALIDAD  DE  CHIMBARONGO;JAVIERA  CARRERA  511;Chimbarongo;I  MUNICIPALIDAD  DE  CHIMBARONGO;4217377;ARROZ  COLISEO  GRADO  1  BOLSA  1  K  UNIDAD  VI  REGIÓN;ARROZ;1699;1019;40;9000;9171000;No;CV  TRADING  S.A.;CV  TRADING  S.A.;78.254.990-1
2239-9-LR24;5802368;Convenio  Marco  para  la  adquisición  de  Alimentos  (Magento);3729-90-CM25;53152452;ADQUISICION  DE  CAJAS  DE  VIVERES  PARA  CASOS  SOCIALES  DE  LA  COMUNA;2025-07-31;2025-06-30;2025-06-30;2025-07-14;Recepción  Conforme;77557;69.090.300-8;Secpla;I  MUNICIPALIDAD  DE  CHIMBARONGO;JAVIERA  CARRERA  511;Chimbarongo;I  MUNICIPALIDAD  DE  CHIMBARONGO;4211648;JUREL  CONSERVA  AL  NATURAL  COLISEO  TARRO  425  G  UNIDAD  VI  REGIÓN;JUREL  CONSERVA  AL  NATURAL;1139;1085;5;6000;6510000;No;SOCIEDAD  COMERCIAL  MAULE  LIMITADA;SOCIEDAD  COMERCIAL  MAULE  LIMITADA;76.287.511-k
2239-9-LR24;5802368;Convenio  Marco  para  la  adquisición  de  Alimentos  (Magento);3729-90-CM25;53152452;ADQUISICION  DE  CAJAS  DE  VIVERES  PARA  CASOS  SOCIALES  DE  LA  COMUNA;2025-07-31;2025-06-30;2025-06-30;2025-07-14;Recepción  Conforme;77557;69.090.300-8;Secpla;I  MUNICIPALIDAD  DE  CHIMBARONGO;JAVIERA  CARRERA  511;Chimbarongo;I  MUNICIPALIDAD  DE  CHIMBARONGO;4214402;ARROZ  BONANZA  GRADO  2  BOLSA  1  K  UNIDAD  VI  REGIÓN;ARROZ;1518;1111;27;9000;9999000;No;AGROINDUSTRIAS  DEL  SUR  SPA;Agroindustrias;76.359.833-0
2239-9-LR24;5802368;Convenio  Marco  para  la  adquisición  de  Alimentos  (Magento);3729-90-CM25;53152452;ADQUISICION  DE  CAJAS  DE  VIVERES  PARA  CASOS  SOCIALES  DE  LA  COMUNA;2025-07-31;2025-06-30;2025-06-30;2025-07-14;Recepción  Conforme;77557;69.090.300-8;Secpla;I  MUNICIPALIDAD  DE  CHIMBARONGO;JAVIERA  CARRERA  511;Chimbarongo;I  MUNICIPALIDAD  DE  CHIMBARONGO;4223837;AZUCAR  COLISEO  BLANCA  GRANULADA  BOLSA  1  K  UNIDAD  VI  REGIÓN;AZUCAR;1253;1190;5;6000;7140000;No;SOCIEDAD  COMERCIAL  MAULE  LIMITADA;SOCIEDAD  COMERCIAL  MAULE  LIMITADA;76.287.511-k
2239-9-LR24;5802368;Convenio  Marco  para  la  adquisición  de  Alimentos  (Magento);3729-90-CM25;53152452;ADQUISICION  DE  CAJAS  DE  VIVERES  PARA  CASOS  SOCIALES  DE  LA  COMUNA;2025-07-31;2025-06-30;2025-06-30;2025-07-14;Recepción  Conforme;77557;69.090.300-8;Secpla;I  MUNICIPALIDAD  DE  CHIMBARONGO;JAVIERA  CARRERA  511;Chimbarongo;I  MUNICIPALIDAD  DE  CHIMBARONGO;4215983;ESPIRALES  DON  GIUSEPPE  BOLSA  400  G  UNIDAD  VI  REGIÓN;ESPIRALES;583;514;12;6000;3084000;No;AGROINDUSTRIAS  DEL  SUR  SPA;Agroindustrias;76.359.833-0
2239-9-LR24;5802368;Convenio  Marco  para  la  adquisición  de  Alimentos  (Magento);3729-90-CM25;53152452;ADQUISICION  DE  CAJAS  DE  VIVERES  PARA  CASOS  SOCIALES  DE  LA  COMUNA;2025-07-31;2025-06-30;2025-06-30;2025-07-14;Recepción  Conforme;77557;69.090.300-8;Secpla;I  MUNICIPALIDAD  DE  CHIMBARONGO;JAVIERA  CARRERA  511;Chimbarongo;I  MUNICIPALIDAD  DE  CHIMBARONGO;4218788;SALSA  DE  TOMATE  MISOL  BOLSA  200  G  UNIDAD  VI  REGIÓN;SALSA  DE  TOMATE;336;264;21;12000;3168000;No;AGROINDUSTRIAS  DEL  SUR  SPA;Agroindustrias;76.359.833-0
2239-9-LR24;5802368;Convenio  Marco  para  la  adquisición  de  Alimentos  (Magento);3729-90-CM25;53152452;ADQUISICION  DE  CAJAS  DE  VIVERES  PARA  CASOS  SOCIALES  DE  LA  COMUNA;2025-07-31;2025-06-30;2025-06-30;2025-07-14;Recepción  Conforme;77557;69.090.300-8;Secpla;I  MUNICIPALIDAD  DE  CHIMBARONGO;JAVIERA  CARRERA  511;Chimbarongo;I  MUNICIPALIDAD  DE  CHIMBARONGO;4253009;HARINA  CON  POLVOS  YANINE  BOLSA  1  K  UNIDAD  VI  REGIÓN;HARINA  CON  POLVOS;982;1074;-9;3000;3222000;No;COMERCIAL  EDA  SPA;MERCADO  EDA  SPA;76.691.662-7
2239-9-LR24;5802368;Convenio  Marco  para  la  adquisición  de  Alimentos  (Magento);3729-90-CM25;53152452;ADQUISICION  DE  CAJAS  DE  VIVERES  PARA  CASOS  SOCIALES  DE  LA  COMUNA;2025-07-31;2025-06-30;2025-06-30;2025-07-14;Recepción  Conforme;77557;69.090.300-8;Secpla;I  MUNICIPALIDAD  DE  CHIMBARONGO;JAVIERA  CARRERA  511;Chimbarongo;I  MUNICIPALIDAD  DE  CHIMBARONGO;4206633;POROTO  BLANCO  BOLSA  1  K  UNIDAD  VI  REGIÓN;POROTO;2761;1926;30;3000;5778000;Si;SOCIEDAD  DE  INVERSIONES  VALENZUELA  SPA;SOCIEDAD  DE  INVERSIONES  VALENZUELA  SPA;77.212.675-1
2239-9-LR24;5802368;Convenio  Marco  para  la  adquisición  de  Alimentos  (Magento);3729-90-CM25;53152452;ADQUISICION  DE  CAJAS  DE  VIVERES  PARA  CASOS  SOCIALES  DE  LA  COMUNA;2025-07-31;2025-06-30;2025-06-30;2025-07-14;Recepción  Conforme;77557;69.090.300-8;Secpla;I  MUNICIPALIDAD  DE  CHIMBARONGO;JAVIERA  CARRERA  511;Chimbarongo;I  MUNICIPALIDAD  DE  CHIMBARONGO;4215541;SOPA  NATUREZZA  POLLO  CON  FIDEOS  SOBRE  55  G  UNIDAD  VI  REGIÓN;SOPA;391;391;0;12000;4692000;No;MERCADOBOY  SPA;Mercadoboy;77.358.747-7
2239-9-LR24;5802368;Convenio  Marco  para  la  adquisición  de  Alimentos  (Magento);3729-90-CM25;53152452;ADQUISICION  DE  CAJAS  DE  VIVERES  PARA  CASOS  SOCIALES  DE  LA  COMUNA;2025-07-31;2025-06-30;2025-06-30;2025-07-14;Recepción  Conforme;77557;69.090.300-8;Secpla;I  MUNICIPALIDAD  DE  CHIMBARONGO;JAVIERA  CARRERA  511;Chimbarongo;I  MUNICIPALIDAD  DE  CHIMBARONGO;4239630;SOPA  NATUREZZA  POSTA  CON  CABELLOS  SOBRE  55  G  UNIDAD  VI  REGIÓN;SOPA;478;477;0;12000;5724000;No;COMERCIAL  EMERGENZA  SPA;SOLUCIONES  INTEGRALES  EMERGENZA  SPA;77.082.051-0
2239-9-LR24;5802368;Convenio  Marco  para  la  adquisición  de  Alimentos  (Magento);3729-90-CM25;53152452;ADQUISICION  DE  CAJAS  DE  VIVERES  PARA  CASOS  SOCIALES  DE  LA  COMUNA;2025-07-31;2025-06-30;2025-06-30;2025-07-14;Recepción  Conforme;77557;69.090.300-8;Secpla;I  MUNICIPALIDAD  DE  CHIMBARONGO;JAVIERA  CARRERA  511;Chimbarongo;I  MUNICIPALIDAD  DE  CHIMBARONGO;4253009;HARINA  CON  POLVOS  YANINE  BOLSA  1  K  UNIDAD  VI  REGIÓN;HARINA  CON  POLVOS;982;962;2;3000;2886000;No;DISTRIBUIDORA  Y  COMERCIALIZADORA  SANTA  ELIANA  SPA;DISTRIBUIDORA  Y  COMERCIALIZADORA  SANTA  ELIANA  SPA;77.544.929-2
2239-9-LR24;5802368;Convenio  Marco  para  la  adquisición  de  Alimentos  (Magento);3729-90-CM25;53152452;ADQUISICION  DE  CAJAS  DE  VIVERES  PARA  CASOS  SOCIALES  DE  LA  COMUNA;2025-07-31;2025-06-30;2025-06-30;2025-07-14;Recepción  Conforme;77557;69.090.300-8;Secpla;I  MUNICIPALIDAD  DE  CHIMBARONGO;JAVIERA  CARRERA  511;Chimbarongo;I  MUNICIPALIDAD  DE  CHIMBARONGO;4248572;SOPA  LUCCHETTI  POSTA  CON  CABELLOS  SOBRE  55  G  UNIDAD  VI  REGIÓN;SOPA;544;544;0;12000;6528000;No;SOCIEDAD  COMERCIAL  DLM  SPA;SOCIEDAD  COMERCIAL  DLM  SPA;77.346.435-9
2239-9-LR24;5802368;Convenio  Marco  para  la  adquisición  de  Alimentos  (Magento);3729-90-CM25;53152452;ADQUISICION  DE  CAJAS  DE  VIVERES  PARA  CASOS  SOCIALES  DE  LA  COMUNA;2025-07-31;2025-06-30;2025-06-30;2025-07-14;Recepción  Conforme;77557;69.090.300-8;Secpla;I  MUNICIPALIDAD  DE  CHIMBARONGO;JAVIERA  CARRERA  511;Chimbarongo;I  MUNICIPALIDAD  DE  CHIMBARONGO;4216425;TE  MISOL  NEGRO  ARGENTINA  CAJA  100  BOLSAS  UNIDAD  VI  REGIÓN;TE;2384;1200;50;3000;3600000;No;DISTRIBUIDORA  ECOMARK  CORONEL  SPA;Ecomark;76.104.415-k
2239-9-LR24;5802368;Convenio  Marco  para  la  adquisición  de  Alimentos  (Magento);3729-90-CM25;53152452;ADQUISICION  DE  CAJAS  DE  VIVERES  PARA  CASOS  SOCIALES  DE  LA  COMUNA;2025-07-31;2025-06-30;2025-06-30;2025-07-14;Recepción  Conforme;77557;69.090.300-8;Secpla;I  MUNICIPALIDAD  DE  CHIMBARONGO;JAVIERA  CARRERA  511;Chimbarongo;I  MUNICIPALIDAD  DE  CHIMBARONGO;4206633;POROTO  BLANCO  BOLSA  1  K  UNIDAD  VI  REGIÓN;POROTO;2826;2423;14;3000;7269000;No;AGROINDUSTRIAS  DEL  SUR  SPA;Agroindustrias;76.359.833-0
2239-9-LR24;5802368;Convenio  Marco  para  la  adquisición  de  Alimentos  (Magento);3729-90-CM25;53152452;ADQUISICION  DE  CAJAS  DE  VIVERES  PARA  CASOS  SOCIALES  DE  LA  COMUNA;2025-07-31;2025-06-30;2025-06-30;2025-07-14;Recepción  Conforme;77557;69.090.300-8;Secpla;I  MUNICIPALIDAD  DE  CHIMBARONGO;JAVIERA  CARRERA  511;Chimbarongo;I  MUNICIPALIDAD  DE  CHIMBARONGO;4231368;SALSA  DE  TOMATE  COLISEO  ITALIANA  DOYPACK  200  G  UNIDAD  VI  REGIÓN;SALSA  DE  TOMATE;305;290;5;12000;3480000;No;SOCIEDAD  COMERCIAL  MAULE  LIMITADA;SOCIEDAD  COMERCIAL  MAULE  LIMITADA;76.287.511-k
2239-9-LR24;5802368;Convenio  Marco  para  la  adquisición  de  Alimentos  (Magento);3729-90-CM25;53152452;ADQUISICION  DE  CAJAS  DE  VIVERES  PARA  CASOS  SOCIALES  DE  LA  COMUNA;2025-07-31;2025-06-30;2025-06-30;2025-07-14;Recepción  Conforme;77557;69.090.300-8;Secpla;I  MUNICIPALIDAD  DE  CHIMBARONGO;JAVIERA  CARRERA  511;Chimbarongo;I  MUNICIPALIDAD  DE  CHIMBARONGO;4216425;TE  MISOL  NEGRO  ARGENTINA  CAJA  100  BOLSAS  UNIDAD  VI  REGIÓN;TE;2375;1904;20;3000;5712000;No;DISTRIBUIDORA  DEL  MAULE  LIMITADA;Dimal;77.784.560-8
2239-9-LR24;5802368;Convenio  Marco  para  la  adquisición  de  Alimentos  (Magento);3729-90-CM25;53152452;ADQUISICION  DE  CAJAS  DE  VIVERES  PARA  CASOS  SOCIALES  DE  LA  COMUNA;2025-07-31;2025-06-30;2025-06-30;2025-07-14;Recepción  Conforme;77557;69.090.300-8;Secpla;I  MUNICIPALIDAD  DE  CHIMBARONGO;JAVIERA  CARRERA  511;Chimbarongo;I  MUNICIPALIDAD  DE  CHIMBARONGO;4223667;TE  MOKATE  NEGRO  CEYLAN  CAJA  100  BOLSAS  UNIDAD  VI  REGIÓN;TE;1464;1337;9;3000;4011000;Si;SOCIEDAD  DE  INVERSIONES  VALENZUELA  SPA;SOCIEDAD  DE  INVERSIONES  VALENZUELA  SPA;77.212.675-1
2239-9-LR24;5802368;Convenio  Marco  para  la  adquisición  de  Alimentos  (Magento);3729-90-CM25;53152452;ADQUISICION  DE  CAJAS  DE  VIVERES  PARA  CASOS  SOCIALES  DE  LA  COMUNA;2025-07-31;2025-06-30;2025-06-30;2025-07-14;Recepción  Conforme;77557;69.090.300-8;Secpla;I  MUNICIPALIDAD  DE  CHIMBARONGO;JAVIERA  CARRERA  511;Chimbarongo;I  MUNICIPALIDAD  DE  CHIMBARONGO;4211648;JUREL  CONSERVA  AL  NATURAL  COLISEO  TARRO  425  G  UNIDAD  VI  REGIÓN;JUREL  CONSERVA  AL  NATURAL;1489;1266;15;6000;7596000;No;ADM  SPA.;ADM  SPA.;77.909.208-9
2239-9-LR24;5802368;Convenio  Marco  para  la  adquisición  de  Alimentos  (Magento);3729-90-CM25;53152452;ADQUISICION  DE  CAJAS  DE  VIVERES  PARA  CASOS  SOCIALES  DE  LA  COMUNA;2025-07-31;2025-06-30;2025-06-30;2025-07-14;Recepción  Conforme;77557;69.090.300-8;Secpla;I  MUNICIPALIDAD  DE  CHIMBARONGO;JAVIERA  CARRERA  511;Chimbarongo;I  MUNICIPALIDAD  DE  CHIMBARONGO;4216425;TE  MISOL  NEGRO  ARGENTINA  CAJA  100  BOLSAS  UNIDAD  VI  REGIÓN;TE;2374;1800;24;3000;5400000;No;SOCIEDAD  COMERCIAL  MAULE  LIMITADA;SOCIEDAD  COMERCIAL  MAULE  LIMITADA;76.287.511-k
2239-9-LR24;5802368;Convenio  Marco  para  la  adquisición  de  Alimentos  (Magento);3729-90-CM25;53152452;ADQUISICION  DE  CAJAS  DE  VIVERES  PARA  CASOS  SOCIALES  DE  LA  COMUNA;2025-07-31;2025-06-30;2025-06-30;2025-07-14;Recepción  Conforme;77557;69.090.300-8;Secpla;I  MUNICIPALIDAD  DE  CHIMBARONGO;JAVIERA  CARRERA  511;Chimbarongo;I  MUNICIPALIDAD  DE  CHIMBARONGO;4223837;AZUCAR  COLISEO  BLANCA  GRANULADA  BOLSA  1  K  UNIDAD  VI  REGIÓN;AZUCAR;1480;995;33;6000;5970000;No;CV  TRADING  S.A.;CV  TRADING  S.A.;78.254.990-1
2239-9-LR24;5802368;Convenio  Marco  para  la  adquisición  de  Alimentos  (Magento);3729-90-CM25;53152452;ADQUISICION  DE  CAJAS  DE  VIVERES  PARA  CASOS  SOCIALES  DE  LA  COMUNA;2025-07-31;2025-06-30;2025-06-30;2025-07-14;Recepción  Conforme;77557;69.090.300-8;Secpla;I  MUNICIPALIDAD  DE  CHIMBARONGO;JAVIERA  CARRERA  511;Chimbarongo;I  MUNICIPALIDAD  DE  CHIMBARONGO;4217377;ARROZ  COLISEO  GRADO  1  BOLSA  1  K  UNIDAD  VI  REGIÓN;ARROZ;1872;1480;21;9000;13320000;No;MERCADOBOY  SPA;Mercadoboy;77.358.747-7
2239-9-LR24;5802368;Convenio  Marco  para  la  adquisición  de  Alimentos  (Magento);3729-90-CM25;53152452;ADQUISICION  DE  CAJAS  DE  VIVERES  PARA  CASOS  SOCIALES  DE  LA  COMUNA;2025-07-31;2025-06-30;2025-06-30;2025-07-14;Recepción  Conforme;77557;69.090.300-8;Secpla;I  MUNICIPALIDAD  DE  CHIMBARONGO;JAVIERA  CARRERA  511;Chimbarongo;I  MUNICIPALIDAD  DE  CHIMBARONGO;4239630;SOPA  NATUREZZA  POSTA  CON  CABELLOS  SOBRE  55  G  UNIDAD  VI  REGIÓN;SOPA;473;424;10;12000;5088000;No;CV  TRADING  S.A.;CV  TRADING  S.A.;78.254.990-1
2239-9-LR24;5802368;Convenio  Marco  para  la  adquisición  de  Alimentos  (Magento);3729-90-CM25;53152452;ADQUISICION  DE  CAJAS  DE  VIVERES  PARA  CASOS  SOCIALES  DE  LA  COMUNA;2025-07-31;2025-06-30;2025-06-30;2025-07-14;Recepción  Conforme;77557;69.090.300-8;Secpla;I  MUNICIPALIDAD  DE  CHIMBARONGO;JAVIERA  CARRERA  511;Chimbarongo;I  MUNICIPALIDAD  DE  CHIMBARONGO;4321407;AZUCAR  IANSA  BLANCA  GRANULADA  BOLSA  1  K  UNIDAD  XVI  REGIÓN;AZUCAR;1660;1498;10;6000;8988000;No;JOSE  VICENTE  SUAZO  BENITEZ;vicente  2009;8.693.714-k
2239-9-LR24;5802368;Convenio  Marco  para  la  adquisición  de  Alimentos  (Magento);3729-90-CM25;53152452;ADQUISICION  DE  CAJAS  DE  VIVERES  PARA  CASOS  SOCIALES  DE  LA  COMUNA;2025-07-31;2025-06-30;2025-06-30;2025-07-14;Recepción  Conforme;77557;69.090.300-8;Secpla;I  MUNICIPALIDAD  DE  CHIMBARONGO;JAVIERA  CARRERA  511;Chimbarongo;I  MUNICIPALIDAD  DE  CHIMBARONGO;4211631;JUREL  CONSERVA  AL  NATURAL  SAN  JOSE  MEDALLON  TARRO  425  G  UNIDAD  VI  REGIÓN;JUREL  CONSERVA  AL  NATURAL;1927;1927;0;6000;11562000;No;MERCADOBOY  SPA;Mercadoboy;77.358.747-7
2239-9-LR24;5802368;Convenio  Marco  para  la  adquisición  de  Alimentos  (Magento);3729-90-CM25;53152452;ADQUISICION  DE  CAJAS  DE  VIVERES  PARA  CASOS  SOCIALES  DE  LA  COMUNA;2025-07-31;2025-06-30;2025-06-30;2025-07-14;Recepción  Conforme;77557;69.090.300-8;Secpla;I  MUNICIPALIDAD  DE  CHIMBARONGO;JAVIERA  CARRERA  511;Chimbarongo;I  MUNICIPALIDAD  DE  CHIMBARONGO;4215966;ARROZ  LOS  GRANOS  WPB  GRADO  1  BOLSA  1  K  UNIDAD  VI  REGIÓN;ARROZ;1698;1428;16;9000;12852000;No;DISTRIBUIDORA  DEL  MAULE  LIMITADA;Dimal;77.784.560-8
2239-9-LR24;5802368;Convenio  Marco  para  la  adquisición  de  Alimentos  (Magento);3729-90-CM25;53152452;ADQUISICION  DE  CAJAS  DE  VIVERES  PARA  CASOS  SOCIALES  DE  LA  COMUNA;2025-07-31;2025-06-30;2025-06-30;2025-07-14;Recepción  Conforme;77557;69.090.300-8;Secpla;I  MUNICIPALIDAD  DE  CHIMBARONGO;JAVIERA  CARRERA  511;Chimbarongo;I  MUNICIPALIDAD  DE  CHIMBARONGO;4253009;HARINA  CON  POLVOS  YANINE  BOLSA  1  K  UNIDAD  VI  REGIÓN;HARINA  CON  POLVOS;981;834;15;3000;2502000;No;ADM  SPA.;ADM  SPA.;77.909.208-9
2239-9-LR24;5802368;Convenio  Marco  para  la  adquisición  de  Alimentos  (Magento);3729-90-CM25;53152452;ADQUISICION  DE  CAJAS  DE  VIVERES  PARA  CASOS  SOCIALES  DE  LA  COMUNA;2025-07-31;2025-06-30;2025-06-30;2025-07-14;Recepción  Conforme;77557;69.090.300-8;Secpla;I  MUNICIPALIDAD  DE  CHIMBARONGO;JAVIERA  CARRERA  511;Chimbarongo;I  MUNICIPALIDAD  DE  CHIMBARONGO;4253009;HARINA  CON  POLVOS  YANINE  BOLSA  1  K  UNIDAD  VI  REGIÓN;HARINA  CON  POLVOS;988;930;6;3000;2790000;No;SOCIEDAD  COMERCIAL  MAULE  LIMITADA;SOCIEDAD  COMERCIAL  MAULE  LIMITADA;76.287.511-k
2239-9-LR24;5802368;Convenio  Marco  para  la  adquisición  de  Alimentos  (Magento);3729-90-CM25;53152452;ADQUISICION  DE  CAJAS  DE  VIVERES  PARA  CASOS  SOCIALES  DE  LA  COMUNA;2025-07-31;2025-06-30;2025-06-30;2025-07-14;Recepción  Conforme;77557;69.090.300-8;Secpla;I  MUNICIPALIDAD  DE  CHIMBARONGO;JAVIERA  CARRERA  511;Chimbarongo;I  MUNICIPALIDAD  DE  CHIMBARONGO;4254267;SPAGHETTI  DORASOL  N°5  BOLSA  400  G  UNIDAD  VI  REGIÓN;SPAGHETTI;771;730;5;6000;4380000;No;SOCIEDAD  COMERCIAL  MAULE  LIMITADA;SOCIEDAD  COMERCIAL  MAULE  LIMITADA;76.287.511-k
2239-9-LR24;5802368;Convenio  Marco  para  la  adquisición  de  Alimentos  (Magento);3729-90-CM25;53152452;ADQUISICION  DE  CAJAS  DE  VIVERES  PARA  CASOS  SOCIALES  DE  LA  COMUNA;2025-07-31;2025-06-30;2025-06-30;2025-07-14;Recepción  Conforme;77557;69.090.300-8;Secpla;I  MUNICIPALIDAD  DE  CHIMBARONGO;JAVIERA  CARRERA  511;Chimbarongo;I  MUNICIPALIDAD  DE  CHIMBARONGO;4227815;HARINA  SIN  POLVOS  LINDEROS  BOLSA  1  K  UNIDAD  VI  REGIÓN;HARINA  SIN  POLVOS;893;940;-5;3000;2820000;No;CV  TRADING  S.A.;CV  TRADING  S.A.;78.254.990-1
2239-9-LR24;5802368;Convenio  Marco  para  la  adquisición  de  Alimentos  (Magento);3729-90-CM25;53152452;ADQUISICION  DE  CAJAS  DE  VIVERES  PARA  CASOS  SOCIALES  DE  LA  COMUNA;2025-07-31;2025-06-30;2025-06-30;2025-07-14;Recepción  Conforme;77557;69.090.300-8;Secpla;I  MUNICIPALIDAD  DE  CHIMBARONGO;JAVIERA  CARRERA  511;Chimbarongo;I  MUNICIPALIDAD  DE  CHIMBARONGO;4206633;POROTO  BLANCO  BOLSA  1  K  UNIDAD  VI  REGIÓN;POROTO;2853;2190;23;3000;6570000;No;SERVICIOS  INTEGRADOS  SIDAPT  LIMITADA;SERVICIOS  INTEGRADOS  SIDAPT  LIMITADA;76.299.358-9
2239-9-LR24;5802368;Convenio  Marco  para  la  adquisición  de  Alimentos  (Magento);3729-90-CM25;53152452;ADQUISICION  DE  CAJAS  DE  VIVERES  PARA  CASOS  SOCIALES  DE  LA  COMUNA;2025-07-31;2025-06-30;2025-06-30;2025-07-14;Recepción  Conforme;77557;69.090.300-8;Secpla;I  MUNICIPALIDAD  DE  CHIMBARONGO;JAVIERA  CARRERA  511;Chimbarongo;I  MUNICIPALIDAD  DE  CHIMBARONGO;4239630;SOPA  NATUREZZA  POSTA  CON  CABELLOS  SOBRE  55  G  UNIDAD  VI  REGIÓN;SOPA;475;400;16;12000;4800000;No;DISTRIBUIDORA  ECOMARK  CORONEL  SPA;Ecomark;76.104.415-k
2239-9-LR24;5802368;Convenio  Marco  para  la  adquisición  de  Alimentos  (Magento);3729-90-CM25;53152452;ADQUISICION  DE  CAJAS  DE  VIVERES  PARA  CASOS  SOCIALES  DE  LA  COMUNA;2025-07-31;2025-06-30;2025-06-30;2025-07-14;Recepción  Conforme;77557;69.090.300-8;Secpla;I  MUNICIPALIDAD  DE  CHIMBARONGO;JAVIERA  CARRERA  511;Chimbarongo;I  MUNICIPALIDAD  DE  CHIMBARONGO;4219587;AZUCAR  MISOL  BLANCA  GRANULADA  BOLSA  1  K  UNIDAD  VI  REGIÓN;AZUCAR;1413;997;29;6000;5982000;No;AGROINDUSTRIAS  DEL  SUR  SPA;Agroindustrias;76.359.833-0
2239-9-LR24;5802368;Convenio  Marco  para  la  adquisición  de  Alimentos  (Magento);3729-90-CM25;53152452;ADQUISICION  DE  CAJAS  DE  VIVERES  PARA  CASOS  SOCIALES  DE  LA  COMUNA;2025-07-31;2025-06-30;2025-06-30;2025-07-14;Recepción  Conforme;77557;69.090.300-8;Secpla;I  MUNICIPALIDAD  DE  CHIMBARONGO;JAVIERA  CARRERA  511;Chimbarongo;I  MUNICIPALIDAD  DE  CHIMBARONGO;4227101;ACEITE  VEGETAL  COLISEO  BOTELLA  900  ML  UNIDAD  VI  REGIÓN;ACEITE  VEGETAL;1999;1793;10;6000;10758000;No;CV  TRADING  S.A.;CV  TRADING  S.A.;78.254.990-1
2239-9-LR24;5802368;Convenio  Marco  para  la  adquisición  de  Alimentos  (Magento);3729-90-CM25;53152452;ADQUISICION  DE  CAJAS  DE  VIVERES  PARA  CASOS  SOCIALES  DE  LA  COMUNA;2025-07-31;2025-06-30;2025-06-30;2025-07-14;Recepción  Conforme;77557;69.090.300-8;Secpla;I  MUNICIPALIDAD  DE  CHIMBARONGO;JAVIERA  CARRERA  511;Chimbarongo;I  MUNICIPALIDAD  DE  CHIMBARONGO;4219587;AZUCAR  MISOL  BLANCA  GRANULADA  BOLSA  1  K  UNIDAD  VI  REGIÓN;AZUCAR;1408;1197;15;6000;7182000;No;ADM  SPA.;ADM  SPA.;77.909.208-9
2239-9-LR24;5802368;Convenio  Marco  para  la  adquisición  de  Alimentos  (Magento);3729-90-CM25;53152452;ADQUISICION  DE  CAJAS  DE  VIVERES  PARA  CASOS  SOCIALES  DE  LA  COMUNA;2025-07-31;2025-06-30;2025-06-30;2025-07-14;Recepción  Conforme;77557;69.090.300-8;Secpla;I  MUNICIPALIDAD  DE  CHIMBARONGO;JAVIERA  CARRERA  511;Chimbarongo;I  MUNICIPALIDAD  DE  CHIMBARONGO;4218788;SALSA  DE  TOMATE  MISOL  BOLSA  200  G  UNIDAD  VI  REGIÓN;SALSA  DE  TOMATE;338;320;5;12000;3840000;No;DISTRIBUIDORA  ECOMARK  CORONEL  SPA;Ecomark;76.104.415-k
2239-9-LR24;5802368;Convenio  Marco  para  la  adquisición  de  Alimentos  (Magento);3729-90-CM25;53152452;ADQUISICION  DE  CAJAS  DE  VIVERES  PARA  CASOS  SOCIALES  DE  LA  COMUNA;2025-07-31;2025-06-30;2025-06-30;2025-07-14;Recepción  Conforme;77557;69.090.300-8;Secpla;I  MUNICIPALIDAD  DE  CHIMBARONGO;JAVIERA  CARRERA  511;Chimbarongo;I  MUNICIPALIDAD  DE  CHIMBARONGO;4231368;SALSA  DE  TOMATE  COLISEO  ITALIANA  DOYPACK  200  G  UNIDAD  VI  REGIÓN;SALSA  DE  TOMATE;400;215;46;12000;2580000;No;CV  TRADING  S.A.;CV  TRADING  S.A.;78.254.990-1
2239-9-LR24;5802368;Convenio  Marco  para  la  adquisición  de  Alimentos  (Magento);3729-90-CM25;53152452;ADQUISICION  DE  CAJAS  DE  VIVERES  PARA  CASOS  SOCIALES  DE  LA  COMUNA;2025-07-31;2025-06-30;2025-06-30;2025-07-14;Recepción  Conforme;77557;69.090.300-8;Secpla;I  MUNICIPALIDAD  DE  CHIMBARONGO;JAVIERA  CARRERA  511;Chimbarongo;I  MUNICIPALIDAD  DE  CHIMBARONGO;4247756;ACEITE  VEGETAL  SMARTPRICE  BOTELLA  900  ML  UNIDAD  VI  REGIÓN;ACEITE  VEGETAL;1844;1666;10;6000;9996000;No;DISTRIBUIDORA  DEL  MAULE  LIMITADA;Dimal;77.784.560-8
2239-9-LR24;5802368;Convenio  Marco  para  la  adquisición  de  Alimentos  (Magento);3729-90-CM25;53152452;ADQUISICION  DE  CAJAS  DE  VIVERES  PARA  CASOS  SOCIALES  DE  LA  COMUNA;2025-07-31;2025-06-30;2025-06-30;2025-07-14;Recepción  Conforme;77557;69.090.300-8;Secpla;I  MUNICIPALIDAD  DE  CHIMBARONGO;JAVIERA  CARRERA  511;Chimbarongo;I  MUNICIPALIDAD  DE  CHIMBARONGO;4239630;SOPA  NATUREZZA  POSTA  CON  CABELLOS  SOBRE  55  G  UNIDAD  VI  REGIÓN;SOPA;476;450;5;12000;5400000;No;SOCIEDAD  COMERCIAL  MAULE  LIMITADA;SOCIEDAD  COMERCIAL  MAULE  LIMITADA;76.287.511-k
2239-9-LR24;5802368;Convenio  Marco  para  la  adquisición  de  Alimentos  (Magento);3729-90-CM25;53152452;ADQUISICION  DE  CAJAS  DE  VIVERES  PARA  CASOS  SOCIALES  DE  LA  COMUNA;2025-07-31;2025-06-30;2025-06-30;2025-07-14;Recepción  Conforme;77557;69.090.300-8;Secpla;I  MUNICIPALIDAD  DE  CHIMBARONGO;JAVIERA  CARRERA  511;Chimbarongo;I  MUNICIPALIDAD  DE  CHIMBARONGO;4256783;HARINA  SIN  POLVOS  HEREDIA  BOLSA  1  K  UNIDAD  VI  REGIÓN;HARINA  SIN  POLVOS;1113;952;14;3000;2856000;No;DISTRIBUIDORA  DEL  MAULE  LIMITADA;Dimal;77.784.560-8
2239-9-LR24;5802368;Convenio  Marco  para  la  adquisición  de  Alimentos  (Magento);3729-90-CM25;53152452;ADQUISICION  DE  CAJAS  DE  VIVERES  PARA  CASOS  SOCIALES  DE  LA  COMUNA;2025-07-31;2025-06-30;2025-06-30;2025-07-14;Recepción  Conforme;77557;69.090.300-8;Secpla;I  MUNICIPALIDAD  DE  CHIMBARONGO;JAVIERA  CARRERA  511;Chimbarongo;I  MUNICIPALIDAD  DE  CHIMBARONGO;4223769;TE  DORASOL  NEGRO  CEYLAN  CAJA  100  BOLSAS  UNIDAD  VI  REGIÓN;TE;1690;1690;0;3000;5070000;No;MERCADOBOY  SPA;Mercadoboy;77.358.747-7
2239-9-LR24;5802368;Convenio  Marco  para  la  adquisición  de  Alimentos  (Magento);3729-90-CM25;53152452;ADQUISICION  DE  CAJAS  DE  VIVERES  PARA  CASOS  SOCIALES  DE  LA  COMUNA;2025-07-31;2025-06-30;2025-06-30;2025-07-14;Recepción  Conforme;77557;69.090.300-8;Secpla;I  MUNICIPALIDAD  DE  CHIMBARONGO;JAVIERA  CARRERA  511;Chimbarongo;I  MUNICIPALIDAD  DE  CHIMBARONGO;4216425;TE  MISOL  NEGRO  ARGENTINA  CAJA  100  BOLSAS  UNIDAD  VI  REGIÓN;TE;2379;1242;48;3000;3726000;No;AGROINDUSTRIAS  DEL  SUR  SPA;Agroindustrias;76.359.833-0
2239-9-LR24;5802368;Convenio  Marco  para  la  adquisición  de  Alimentos  (Magento);3729-90-CM25;53152452;ADQUISICION  DE  CAJAS  DE  VIVERES  PARA  CASOS  SOCIALES  DE  LA  COMUNA;2025-07-31;2025-06-30;2025-06-30;2025-07-14;Recepción  Conforme;77557;69.090.300-8;Secpla;I  MUNICIPALIDAD  DE  CHIMBARONGO;JAVIERA  CARRERA  511;Chimbarongo;I  MUNICIPALIDAD  DE  CHIMBARONGO;4258279;LEVADURA  FORTALEZA  SECA  CAJA  500  G  UNIDAD  VI  REGIÓN;LEVADURA;2800;2410;14;3000;7230000;No;SERVICIOS  INTEGRADOS  SIDAPT  LIMITADA;SERVICIOS  INTEGRADOS  SIDAPT  LIMITADA;76.299.358-9
2239-9-LR24;5802368;Convenio  Marco  para  la  adquisición  de  Alimentos  (Magento);3729-90-CM25;53152452;ADQUISICION  DE  CAJAS  DE  VIVERES  PARA  CASOS  SOCIALES  DE  LA  COMUNA;2025-07-31;2025-06-30;2025-06-30;2025-07-14;Recepción  Conforme;77557;69.090.300-8;Secpla;I  MUNICIPALIDAD  DE  CHIMBARONGO;JAVIERA  CARRERA  511;Chimbarongo;I  MUNICIPALIDAD  DE  CHIMBARONGO;4258279;LEVADURA  FORTALEZA  SECA  CAJA  500  G  UNIDAD  VI  REGIÓN;LEVADURA;2789;3056;-10;3000;9168000;No;CV  TRADING  S.A.;CV  TRADING  S.A.;78.254.990-1
2239-9-LR24;5802368;Convenio  Marco  para  la  adquisición  de  Alimentos  (Magento);3729-90-CM25;53152452;ADQUISICION  DE  CAJAS  DE  VIVERES  PARA  CASOS  SOCIALES  DE  LA  COMUNA;2025-07-31;2025-06-30;2025-06-30;2025-07-14;Recepción  Conforme;77557;69.090.300-8;Secpla;I  MUNICIPALIDAD  DE  CHIMBARONGO;JAVIERA  CARRERA  511;Chimbarongo;I  MUNICIPALIDAD  DE  CHIMBARONGO;4254267;SPAGHETTI  DORASOL  N°5  BOLSA  400  G  UNIDAD  VI  REGIÓN;SPAGHETTI;777;361;54;6000;2166000;Si;SOCIEDAD  DE  INVERSIONES  VALENZUELA  SPA;SOCIEDAD  DE  INVERSIONES  VALENZUELA  SPA;77.212.675-1
2239-9-LR24;5802368;Convenio  Marco  para  la  adquisición  de  Alimentos  (Magento);3729-90-CM25;53152452;ADQUISICION  DE  CAJAS  DE  VIVERES  PARA  CASOS  SOCIALES  DE  LA  COMUNA;2025-07-31;2025-06-30;2025-06-30;2025-07-14;Recepción  Conforme;77557;69.090.300-8;Secpla;I  MUNICIPALIDAD  DE  CHIMBARONGO;JAVIERA  CARRERA  511;Chimbarongo;I  MUNICIPALIDAD  DE  CHIMBARONGO;4231368;SALSA  DE  TOMATE  COLISEO  ITALIANA  DOYPACK  200  G  UNIDAD  VI  REGIÓN;SALSA  DE  TOMATE;298;1074;-260;12000;12888000;No;COMERCIAL  EDA  SPA;MERCADO  EDA  SPA;76.691.662-7
2239-9-LR24;5802368;Convenio  Marco  para  la  adquisición  de  Alimentos  (Magento);3729-90-CM25;53152452;ADQUISICION  DE  CAJAS  DE  VIVERES  PARA  CASOS  SOCIALES  DE  LA  COMUNA;2025-07-31;2025-06-30;2025-06-30;2025-07-14;Recepción  Conforme;77557;69.090.300-8;Secpla;I  MUNICIPALIDAD  DE  CHIMBARONGO;JAVIERA  CARRERA  511;Chimbarongo;I  MUNICIPALIDAD  DE  CHIMBARONGO;4211648;JUREL  CONSERVA  AL  NATURAL  COLISEO  TARRO  425  G  UNIDAD  VI  REGIÓN;JUREL  CONSERVA  AL  NATURAL;1128;1072;5;6000;6432000;No;DISTRIBUIDORA  Y  COMERCIALIZADORA  SANTA  ELIANA  SPA;DISTRIBUIDORA  Y  COMERCIALIZADORA  SANTA  ELIANA  SPA;77.544.929-2
2239-9-LR24;5802368;Convenio  Marco  para  la  adquisición  de  Alimentos  (Magento);3729-90-CM25;53152452;ADQUISICION  DE  CAJAS  DE  VIVERES  PARA  CASOS  SOCIALES  DE  LA  COMUNA;2025-07-31;2025-06-30;2025-06-30;2025-07-14;Recepción  Conforme;77557;69.090.300-8;Secpla;I  MUNICIPALIDAD  DE  CHIMBARONGO;JAVIERA  CARRERA  511;Chimbarongo;I  MUNICIPALIDAD  DE  CHIMBARONGO;4258279;LEVADURA  FORTALEZA  SECA  CAJA  500  G  UNIDAD  VI  REGIÓN;LEVADURA;2792;2400;14;3000;7200000;No;DISTRIBUIDORA  ECOMARK  CORONEL  SPA;Ecomark;76.104.415-k
2239-9-LR24;5802368;Convenio  Marco  para  la  adquisición  de  Alimentos  (Magento);3729-90-CM25;53152452;ADQUISICION  DE  CAJAS  DE  VIVERES  PARA  CASOS  SOCIALES  DE  LA  COMUNA;2025-07-31;2025-06-30;2025-06-30;2025-07-14;Recepción  Conforme;77557;69.090.300-8;Secpla;I  MUNICIPALIDAD  DE  CHIMBARONGO;JAVIERA  CARRERA  511;Chimbarongo;I  MUNICIPALIDAD  DE  CHIMBARONGO;4230212;AZUCAR  SAN  ISIDRO  BLANCA  GRANULADA  BOLSA  1  K  UNIDAD  VI  REGIÓN;AZUCAR;850;900;-6;6000;5400000;No;DISTRIBUIDORA  ECOMARK  CORONEL  SPA;Ecomark;76.104.415-k
2239-9-LR24;5802368;Convenio  Marco  para  la  adquisición  de  Alimentos  (Magento);3729-90-CM25;53152452;ADQUISICION  DE  CAJAS  DE  VIVERES  PARA  CASOS  SOCIALES  DE  LA  COMUNA;2025-07-31;2025-06-30;2025-06-30;2025-07-14;Recepción  Conforme;77557;69.090.300-8;Secpla;I  MUNICIPALIDAD  DE  CHIMBARONGO;JAVIERA  CARRERA  511;Chimbarongo;I  MUNICIPALIDAD  DE  CHIMBARONGO;4230212;AZUCAR  SAN  ISIDRO  BLANCA  GRANULADA  BOLSA  1  K  UNIDAD  VI  REGIÓN;AZUCAR;1269;1190;6;6000;7140000;No;DISTRIBUIDORA  DEL  MAULE  LIMITADA;Dimal;77.784.560-8
2239-9-LR24;5802368;Convenio  Marco  para  la  adquisición  de  Alimentos  (Magento);3729-90-CM25;53152452;ADQUISICION  DE  CAJAS  DE  VIVERES  PARA  CASOS  SOCIALES  DE  LA  COMUNA;2025-07-31;2025-06-30;2025-06-30;2025-07-14;Recepción  Conforme;77557;69.090.300-8;Secpla;I  MUNICIPALIDAD  DE  CHIMBARONGO;JAVIERA  CARRERA  511;Chimbarongo;I  MUNICIPALIDAD  DE  CHIMBARONGO;4223837;AZUCAR  COLISEO  BLANCA  GRANULADA  BOLSA  1  K  UNIDAD  VI  REGIÓN;AZUCAR;1248;1248;0;6000;7488000;No;SOCIEDAD  COMERCIAL  DLM  SPA;SOCIEDAD  COMERCIAL  DLM  SPA;77.346.435-9
2239-9-LR24;5802368;Convenio  Marco  para  la  adquisición  de  Alimentos  (Magento);3729-90-CM25;53152452;ADQUISICION  DE  CAJAS  DE  VIVERES  PARA  CASOS  SOCIALES  DE  LA  COMUNA;2025-07-31;2025-06-30;2025-06-30;2025-07-14;Recepción  Conforme;77557;69.090.300-8;Secpla;I  MUNICIPALIDAD  DE  CHIMBARONGO;JAVIERA  CARRERA  511;Chimbarongo;I  MUNICIPALIDAD  DE  CHIMBARONGO;4253009;HARINA  CON  POLVOS  YANINE  BOLSA  1  K  UNIDAD  VI  REGIÓN;HARINA  CON  POLVOS;1120;900;20;3000;2700000;No;SERVICIOS  INTEGRADOS  SIDAPT  LIMITADA;SERVICIOS  INTEGRADOS  SIDAPT  LIMITADA;76.299.358-9
2239-9-LR24;5802368;Convenio  Marco  para  la  adquisición  de  Alimentos  (Magento);3729-90-CM25;53152452;ADQUISICION  DE  CAJAS  DE  VIVERES  PARA  CASOS  SOCIALES  DE  LA  COMUNA;2025-07-31;2025-06-30;2025-06-30;2025-07-14;Recepción  Conforme;77557;69.090.300-8;Secpla;I  MUNICIPALIDAD  DE  CHIMBARONGO;JAVIERA  CARRERA  511;Chimbarongo;I  MUNICIPALIDAD  DE  CHIMBARONGO;4239630;SOPA  NATUREZZA  POSTA  CON  CABELLOS  SOBRE  55  G  UNIDAD  VI  REGIÓN;SOPA;481;387;20;12000;4644000;Si;SOCIEDAD  DE  INVERSIONES  VALENZUELA  SPA;SOCIEDAD  DE  INVERSIONES  VALENZUELA  SPA;77.212.675-1
2239-9-LR24;5802368;Convenio  Marco  para  la  adquisición  de  Alimentos  (Magento);3729-90-CM25;53152452;ADQUISICION  DE  CAJAS  DE  VIVERES  PARA  CASOS  SOCIALES  DE  LA  COMUNA;2025-07-31;2025-06-30;2025-06-30;2025-07-14;Recepción  Conforme;77557;69.090.300-8;Secpla;I  MUNICIPALIDAD  DE  CHIMBARONGO;JAVIERA  CARRERA  511;Chimbarongo;I  MUNICIPALIDAD  DE  CHIMBARONGO;4267204;HARINA  SIN  POLVOS  YANINE  BOLSA  1  K  UNIDAD  VI  REGIÓN;HARINA  SIN  POLVOS;980;833;15;3000;2499000;No;ADM  SPA.;ADM  SPA.;77.909.208-9
2239-9-LR24;5802368;Convenio  Marco  para  la  adquisición  de  Alimentos  (Magento);3729-90-CM25;53152452;ADQUISICION  DE  CAJAS  DE  VIVERES  PARA  CASOS  SOCIALES  DE  LA  COMUNA;2025-07-31;2025-06-30;2025-06-30;2025-07-14;Recepción  Conforme;77557;69.090.300-8;Secpla;I  MUNICIPALIDAD  DE  CHIMBARONGO;JAVIERA  CARRERA  511;Chimbarongo;I  MUNICIPALIDAD  DE  CHIMBARONGO;4254267;SPAGHETTI  DORASOL  N°5  BOLSA  400  G  UNIDAD  VI  REGIÓN;SPAGHETTI;769;714;7;6000;4284000;No;DISTRIBUIDORA  DEL  MAULE  LIMITADA;Dimal;77.784.560-8
2239-9-LR24;5802368;Convenio  Marco  para  la  adquisición  de  Alimentos  (Magento);3729-90-CM25;53152452;ADQUISICION  DE  CAJAS  DE  VIVERES  PARA  CASOS  SOCIALES  DE  LA  COMUNA;2025-07-31;2025-06-30;2025-06-30;2025-07-14;Recepción  Conforme;77557;69.090.300-8;Secpla;I  MUNICIPALIDAD  DE  CHIMBARONGO;JAVIERA  CARRERA  511;Chimbarongo;I  MUNICIPALIDAD  DE  CHIMBARONGO;4258279;LEVADURA  FORTALEZA  SECA  CAJA  500  G  UNIDAD  VI  REGIÓN;LEVADURA;2794;2600;7;3000;7800000;No;SOCIEDAD  COMERCIAL  MAULE  LIMITADA;SOCIEDAD  COMERCIAL  MAULE  LIMITADA;76.287.511-k
2239-9-LR24;5802368;Convenio  Marco  para  la  adquisición  de  Alimentos  (Magento);3729-90-CM25;53152452;ADQUISICION  DE  CAJAS  DE  VIVERES  PARA  CASOS  SOCIALES  DE  LA  COMUNA;2025-07-31;2025-06-30;2025-06-30;2025-07-14;Recepción  Conforme;77557;69.090.300-8;Secpla;I  MUNICIPALIDAD  DE  CHIMBARONGO;JAVIERA  CARRERA  511;Chimbarongo;I  MUNICIPALIDAD  DE  CHIMBARONGO;4239630;SOPA  NATUREZZA  POSTA  CON  CABELLOS  SOBRE  55  G  UNIDAD  VI  REGIÓN;SOPA;477;357;25;12000;4284000;No;DISTRIBUIDORA  DEL  MAULE  LIMITADA;Dimal;77.784.560-8
2239-9-LR24;5802368;Convenio  Marco  para  la  adquisición  de  Alimentos  (Magento);3729-90-CM25;53152452;ADQUISICION  DE  CAJAS  DE  VIVERES  PARA  CASOS  SOCIALES  DE  LA  COMUNA;2025-07-31;2025-06-30;2025-06-30;2025-07-14;Recepción  Conforme;77557;69.090.300-8;Secpla;I  MUNICIPALIDAD  DE  CHIMBARONGO;JAVIERA  CARRERA  511;Chimbarongo;I  MUNICIPALIDAD  DE  CHIMBARONGO;4217207;ACEITE  VEGETAL  BONANZA  BOTELLA  900  ML  UNIDAD  VI  REGIÓN;ACEITE  VEGETAL;1777;1776;0;6000;10656000;No;SERVICIOS  INTEGRADOS  SIDAPT  LIMITADA;SERVICIOS  INTEGRADOS  SIDAPT  LIMITADA;76.299.358-9
2239-9-LR24;5802368;Convenio  Marco  para  la  adquisición  de  Alimentos  (Magento);3729-90-CM25;53152452;ADQUISICION  DE  CAJAS  DE  VIVERES  PARA  CASOS  SOCIALES  DE  LA  COMUNA;2025-07-31;2025-06-30;2025-06-30;2025-07-14;Recepción  Conforme;77557;69.090.300-8;Secpla;I  MUNICIPALIDAD  DE  CHIMBARONGO;JAVIERA  CARRERA  511;Chimbarongo;I  MUNICIPALIDAD  DE  CHIMBARONGO;4267204;HARINA  SIN  POLVOS  YANINE  BOLSA  1  K  UNIDAD  VI  REGIÓN;HARINA  SIN  POLVOS;991;771;22;3000;2313000;Si;SOCIEDAD  DE  INVERSIONES  VALENZUELA  SPA;SOCIEDAD  DE  INVERSIONES  VALENZUELA  SPA;77.212.675-1
2239-9-LR24;5802368;Convenio  Marco  para  la  adquisición  de  Alimentos  (Magento);3729-90-CM25;53152452;ADQUISICION  DE  CAJAS  DE  VIVERES  PARA  CASOS  SOCIALES  DE  LA  COMUNA;2025-07-31;2025-06-30;2025-06-30;2025-07-14;Recepción  Conforme;77557;69.090.300-8;Secpla;I  MUNICIPALIDAD  DE  CHIMBARONGO;JAVIERA  CARRERA  511;Chimbarongo;I  MUNICIPALIDAD  DE  CHIMBARONGO;4258279;LEVADURA  FORTALEZA  SECA  CAJA  500  G  UNIDAD  VI  REGIÓN;LEVADURA;2791;2213;21;3000;6639000;Si;SOCIEDAD  DE  INVERSIONES  VALENZUELA  SPA;SOCIEDAD  DE  INVERSIONES  VALENZUELA  SPA;77.212.675-1
2239-9-LR24;5802368;Convenio  Marco  para  la  adquisición  de  Alimentos  (Magento);3729-90-CM25;53152452;ADQUISICION  DE  CAJAS  DE  VIVERES  PARA  CASOS  SOCIALES  DE  LA  COMUNA;2025-07-31;2025-06-30;2025-06-30;2025-07-14;Recepción  Conforme;77557;69.090.300-8;Secpla;I  MUNICIPALIDAD  DE  CHIMBARONGO;JAVIERA  CARRERA  511;Chimbarongo;I  MUNICIPALIDAD  DE  CHIMBARONGO;4256783;HARINA  SIN  POLVOS  HEREDIA  BOLSA  1  K  UNIDAD  VI  REGIÓN;HARINA  SIN  POLVOS;1106;950;14;3000;2850000;No;COMERCIAL  EMERGENZA  SPA;SOLUCIONES  INTEGRALES  EMERGENZA  SPA;77.082.051-0
2239-9-LR24;5802368;Convenio  Marco  para  la  adquisición  de  Alimentos  (Magento);3729-90-CM25;53152452;ADQUISICION  DE  CAJAS  DE  VIVERES  PARA  CASOS  SOCIALES  DE  LA  COMUNA;2025-07-31;2025-06-30;2025-06-30;2025-07-14;Recepción  Conforme;77557;69.090.300-8;Secpla;I  MUNICIPALIDAD  DE  CHIMBARONGO;JAVIERA  CARRERA  511;Chimbarongo;I  MUNICIPALIDAD  DE  CHIMBARONGO;4239630;SOPA  NATUREZZA  POSTA  CON  CABELLOS  SOBRE  55  G  UNIDAD  VI  REGIÓN;SOPA;472;461;2;12000;5532000;No;ADM  SPA.;ADM  SPA.;77.909.208-9
2239-9-LR24;5802368;Convenio  Marco  para  la  adquisición  de  Alimentos  (Magento);3729-90-CM25;53152452;ADQUISICION  DE  CAJAS  DE  VIVERES  PARA  CASOS  SOCIALES  DE  LA  COMUNA;2025-07-31;2025-06-30;2025-06-30;2025-07-14;Recepción  Conforme;77557;69.090.300-8;Secpla;I  MUNICIPALIDAD  DE  CHIMBARONGO;JAVIERA  CARRERA  511;Chimbarongo;I  MUNICIPALIDAD  DE  CHIMBARONGO;4211648;JUREL  CONSERVA  AL  NATURAL  COLISEO  TARRO  425  G  UNIDAD  VI  REGIÓN;JUREL  CONSERVA  AL  NATURAL;1370;877;36;6000;5262000;No;CV  TRADING  S.A.;CV  TRADING  S.A.;78.254.990-1
2239-9-LR24;5802368;Convenio  Marco  para  la  adquisición  de  Alimentos  (Magento);3729-90-CM25;53152452;ADQUISICION  DE  CAJAS  DE  VIVERES  PARA  CASOS  SOCIALES  DE  LA  COMUNA;2025-07-31;2025-06-30;2025-06-30;2025-07-14;Recepción  Conforme;77557;69.090.300-8;Secpla;I  MUNICIPALIDAD  DE  CHIMBARONGO;JAVIERA  CARRERA  511;Chimbarongo;I  MUNICIPALIDAD  DE  CHIMBARONGO;4321953;CAJA  DE  ALIMENTOS  REGIÓN  VI;CAJA  DE  ALIMENTOS;1200;600;50;3000;1800000;No;DISTRIBUIDORA  ECOMARK  CORONEL  SPA;Ecomark;76.104.415-k
2239-9-LR24;5802368;Convenio  Marco  para  la  adquisición  de  Alimentos  (Magento);3729-90-CM25;53152452;ADQUISICION  DE  CAJAS  DE  VIVERES  PARA  CASOS  SOCIALES  DE  LA  COMUNA;2025-07-31;2025-06-30;2025-06-30;2025-07-14;Recepción  Conforme;77557;69.090.300-8;Secpla;I  MUNICIPALIDAD  DE  CHIMBARONGO;JAVIERA  CARRERA  511;Chimbarongo;I  MUNICIPALIDAD  DE  CHIMBARONGO;4230212;AZUCAR  SAN  ISIDRO  BLANCA  GRANULADA  BOLSA  1  K  UNIDAD  VI  REGIÓN;AZUCAR;1554;785;49;6000;4710000;Si;SOCIEDAD  DE  INVERSIONES  VALENZUELA  SPA;SOCIEDAD  DE  INVERSIONES  VALENZUELA  SPA;77.212.675-1
2239-9-LR24;5802368;Convenio  Marco  para  la  adquisición  de  Alimentos  (Magento);3729-90-CM25;53152452;ADQUISICION  DE  CAJAS  DE  VIVERES  PARA  CASOS  SOCIALES  DE  LA  COMUNA;2025-07-31;2025-06-30;2025-06-30;2025-07-14;Recepción  Conforme;77557;69.090.300-8;Secpla;I  MUNICIPALIDAD  DE  CHIMBARONGO;JAVIERA  CARRERA  511;Chimbarongo;I  MUNICIPALIDAD  DE  CHIMBARONGO;4230212;AZUCAR  SAN  ISIDRO  BLANCA  GRANULADA  BOLSA  1  K  UNIDAD  VI  REGIÓN;AZUCAR;1592;950;40;6000;5700000;No;COMERCIAL  EMERGENZA  SPA;SOLUCIONES  INTEGRALES  EMERGENZA  SPA;77.082.051-0
2239-9-LR24;5802368;Convenio  Marco  para  la  adquisición  de  Alimentos  (Magento);3729-90-CM25;53152452;ADQUISICION  DE  CAJAS  DE  VIVERES  PARA  CASOS  SOCIALES  DE  LA  COMUNA;2025-07-31;2025-06-30;2025-06-30;2025-07-14;Recepción  Conforme;77557;69.090.300-8;Secpla;I  MUNICIPALIDAD  DE  CHIMBARONGO;JAVIERA  CARRERA  511;Chimbarongo;I  MUNICIPALIDAD  DE  CHIMBARONGO;4227101;ACEITE  VEGETAL  COLISEO  BOTELLA  900  ML  UNIDAD  VI  REGIÓN;ACEITE  VEGETAL;1625;1074;34;6000;6444000;No;COMERCIAL  EDA  SPA;MERCADO  EDA  SPA;76.691.662-7
2239-9-LR24;5802368;Convenio  Marco  para  la  adquisición  de  Alimentos  (Magento);3729-90-CM25;53152452;ADQUISICION  DE  CAJAS  DE  VIVERES  PARA  CASOS  SOCIALES  DE  LA  COMUNA;2025-07-31;2025-06-30;2025-06-30;2025-07-14;Recepción  Conforme;77557;69.090.300-8;Secpla;I  MUNICIPALIDAD  DE  CHIMBARONGO;JAVIERA  CARRERA  511;Chimbarongo;I  MUNICIPALIDAD  DE  CHIMBARONGO;4254301;ESPIRALES  DORASOL  BOLSA  400  G  UNIDAD  VI  REGIÓN;ESPIRALES;847;805;5;6000;4830000;No;DISTRIBUIDORA  Y  COMERCIALIZADORA  SANTA  ELIANA  SPA;DISTRIBUIDORA  Y  COMERCIALIZADORA  SANTA  ELIANA  SPA;77.544.929-2
2239-9-LR24;5802368;Convenio  Marco  para  la  adquisición  de  Alimentos  (Magento);3729-90-CM25;53152452;ADQUISICION  DE  CAJAS  DE  VIVERES  PARA  CASOS  SOCIALES  DE  LA  COMUNA;2025-07-31;2025-06-30;2025-06-30;2025-07-14;Recepción  Conforme;77557;69.090.300-8;Secpla;I  MUNICIPALIDAD  DE  CHIMBARONGO;JAVIERA  CARRERA  511;Chimbarongo;I  MUNICIPALIDAD  DE  CHIMBARONGO;4242639;LEVADURA  SAF-INSTANT  SECA  CAJA  500  G  UNIDAD  VI  REGIÓN;LEVADURA;3539;3539;0;3000;10617000;No;MERCADOBOY  SPA;Mercadoboy;77.358.747-7
2239-9-LR24;5802368;Convenio  Marco  para  la  adquisición  de  Alimentos  (Magento);3729-90-CM25;53152452;ADQUISICION  DE  CAJAS  DE  VIVERES  PARA  CASOS  SOCIALES  DE  LA  COMUNA;2025-07-31;2025-06-30;2025-06-30;2025-07-14;Recepción  Conforme;77557;69.090.300-8;Secpla;I  MUNICIPALIDAD  DE  CHIMBARONGO;JAVIERA  CARRERA  511;Chimbarongo;I  MUNICIPALIDAD  DE  CHIMBARONGO;4321408;AZUCAR  IANSA  BLANCA  GRANULADA  BOLSA  1  K  UNIDAD  VIII  REGIÓN;AZUCAR;1660;1498;10;6000;8988000;No;JOSE  VICENTE  SUAZO  BENITEZ;vicente  2009;8.693.714-k
2239-9-LR24;5802368;Convenio  Marco  para  la  adquisición  de  Alimentos  (Magento);3729-90-CM25;53152452;ADQUISICION  DE  CAJAS  DE  VIVERES  PARA  CASOS  SOCIALES  DE  LA  COMUNA;2025-07-31;2025-06-30;2025-06-30;2025-07-14;Recepción  Conforme;77557;69.090.300-8;Secpla;I  MUNICIPALIDAD  DE  CHIMBARONGO;JAVIERA  CARRERA  511;Chimbarongo;I  MUNICIPALIDAD  DE  CHIMBARONGO;4254301;ESPIRALES  DORASOL  BOLSA  400  G  UNIDAD  VI  REGIÓN;ESPIRALES;848;730;14;6000;4380000;No;SOCIEDAD  COMERCIAL  MAULE  LIMITADA;SOCIEDAD  COMERCIAL  MAULE  LIMITADA;76.287.511-k
2239-9-LR24;5802368;Convenio  Marco  para  la  adquisición  de  Alimentos  (Magento);3729-90-CM25;53152452;ADQUISICION  DE  CAJAS  DE  VIVERES  PARA  CASOS  SOCIALES  DE  LA  COMUNA;2025-07-31;2025-06-30;2025-06-30;2025-07-14;Recepción  Conforme;77557;69.090.300-8;Secpla;I  MUNICIPALIDAD  DE  CHIMBARONGO;JAVIERA  CARRERA  511;Chimbarongo;I  MUNICIPALIDAD  DE  CHIMBARONGO;4267204;HARINA  SIN  POLVOS  YANINE  BOLSA  1  K  UNIDAD  VI  REGIÓN;HARINA  SIN  POLVOS;981;930;5;3000;2790000;No;SOCIEDAD  COMERCIAL  MAULE  LIMITADA;SOCIEDAD  COMERCIAL  MAULE  LIMITADA;76.287.511-k
2239-9-LR24;5802368;Convenio  Marco  para  la  adquisición  de  Alimentos  (Magento);3729-90-CM25;53152452;ADQUISICION  DE  CAJAS  DE  VIVERES  PARA  CASOS  SOCIALES  DE  LA  COMUNA;2025-07-31;2025-06-30;2025-06-30;2025-07-14;Recepción  Conforme;77557;69.090.300-8;Secpla;I  MUNICIPALIDAD  DE  CHIMBARONGO;JAVIERA  CARRERA  511;Chimbarongo;I  MUNICIPALIDAD  DE  CHIMBARONGO;4247755;ACEITE  VEGETAL  SMARTPRICE  BOTELLA  900  ML  UNIDAD  RM;ACEITE  VEGETAL;1595;1595;0;6000;9570000;No;MERCADOBOY  SPA;Mercadoboy;77.358.747-7
2239-9-LR24;5802368;Convenio  Marco  para  la  adquisición  de  Alimentos  (Magento);3729-90-CM25;53152452;ADQUISICION  DE  CAJAS  DE  VIVERES  PARA  CASOS  SOCIALES  DE  LA  COMUNA;2025-07-31;2025-06-30;2025-06-30;2025-07-14;Recepción  Conforme;77557;69.090.300-8;Secpla;I  MUNICIPALIDAD  DE  CHIMBARONGO;JAVIERA  CARRERA  511;Chimbarongo;I  MUNICIPALIDAD  DE  CHIMBARONGO;4232626;ESPIRALES  MISOL  BOLSA  400  G  UNIDAD  VI  REGIÓN;ESPIRALES;863;490;43;6000;2940000;No;DISTRIBUIDORA  ECOMARK  CORONEL  SPA;Ecomark;76.104.415-k
2239-9-LR24;5802368;Convenio  Marco  para  la  adquisición  de  Alimentos  (Magento);3729-90-CM25;53152452;ADQUISICION  DE  CAJAS  DE  VIVERES  PARA  CASOS  SOCIALES  DE  LA  COMUNA;2025-07-31;2025-06-30;2025-06-30;2025-07-14;Recepción  Conforme;77557;69.090.300-8;Secpla;I  MUNICIPALIDAD  DE  CHIMBARONGO;JAVIERA  CARRERA  511;Chimbarongo;I  MUNICIPALIDAD  DE  CHIMBARONGO;4321953;CAJA  DE  ALIMENTOS  REGIÓN  VI;CAJA  DE  ALIMENTOS;1200;1071;11;3000;3213000;No;COMERCIAL  EDA  SPA;MERCADO  EDA  SPA;76.691.662-7
2239-9-LR24;5802368;Convenio  Marco  para  la  adquisición  de  Alimentos  (Magento);3729-90-CM25;53152452;ADQUISICION  DE  CAJAS  DE  VIVERES  PARA  CASOS  SOCIALES  DE  LA  COMUNA;2025-07-31;2025-06-30;2025-06-30;2025-07-14;Recepción  Conforme;77557;69.090.300-8;Secpla;I  MUNICIPALIDAD  DE  CHIMBARONGO;JAVIERA  CARRERA  511;Chimbarongo;I  MUNICIPALIDAD  DE  CHIMBARONGO;4267204;HARINA  SIN  POLVOS  YANINE  BOLSA  1  K  UNIDAD  VI  REGIÓN;HARINA  SIN  POLVOS;980;960;2;3000;2880000;No;DISTRIBUIDORA  Y  COMERCIALIZADORA  SANTA  ELIANA  SPA;DISTRIBUIDORA  Y  COMERCIALIZADORA  SANTA  ELIANA  SPA;77.544.929-2
2239-9-LR24;5802368;Convenio  Marco  para  la  adquisición  de  Alimentos  (Magento);3729-90-CM25;53152452;ADQUISICION  DE  CAJAS  DE  VIVERES  PARA  CASOS  SOCIALES  DE  LA  COMUNA;2025-07-31;2025-06-30;2025-06-30;2025-07-14;Recepción  Conforme;77557;69.090.300-8;Secpla;I  MUNICIPALIDAD  DE  CHIMBARONGO;JAVIERA  CARRERA  511;Chimbarongo;I  MUNICIPALIDAD  DE  CHIMBARONGO;4267204;HARINA  SIN  POLVOS  YANINE  BOLSA  1  K  UNIDAD  VI  REGIÓN;HARINA  SIN  POLVOS;985;1074;-9;3000;3222000;No;COMERCIAL  EDA  SPA;MERCADO  EDA  SPA;76.691.662-7
2239-9-LR24;5802368;Convenio  Marco  para  la  adquisición  de  Alimentos  (Magento);3729-90-CM25;53152452;ADQUISICION  DE  CAJAS  DE  VIVERES  PARA  CASOS  SOCIALES  DE  LA  COMUNA;2025-07-31;2025-06-30;2025-06-30;2025-07-14;Recepción  Conforme;77557;69.090.300-8;Secpla;I  MUNICIPALIDAD  DE  CHIMBARONGO;JAVIERA  CARRERA  511;Chimbarongo;I  MUNICIPALIDAD  DE  CHIMBARONGO;4242639;LEVADURA  SAF-INSTANT  SECA  CAJA  500  G  UNIDAD  VI  REGIÓN;LEVADURA;3541;3541;0;3000;10623000;No;SOCIEDAD  COMERCIAL  DLM  SPA;SOCIEDAD  COMERCIAL  DLM  SPA;77.346.435-9
2239-9-LR24;5802368;Convenio  Marco  para  la  adquisición  de  Alimentos  (Magento);3729-90-CM25;53152452;ADQUISICION  DE  CAJAS  DE  VIVERES  PARA  CASOS  SOCIALES  DE  LA  COMUNA;2025-07-31;2025-06-30;2025-06-30;2025-07-14;Recepción  Conforme;77557;69.090.300-8;Secpla;I  MUNICIPALIDAD  DE  CHIMBARONGO;JAVIERA  CARRERA  511;Chimbarongo;I  MUNICIPALIDAD  DE  CHIMBARONGO;4216425;TE  MISOL  NEGRO  ARGENTINA  CAJA  100  BOLSAS  UNIDAD  VI  REGIÓN;TE;2374;2018;15;3000;6054000;No;ADM  SPA.;ADM  SPA.;77.909.208-9
2239-9-LR24;5802368;Convenio  Marco  para  la  adquisición  de  Alimentos  (Magento);3729-90-CM25;53152452;ADQUISICION  DE  CAJAS  DE  VIVERES  PARA  CASOS  SOCIALES  DE  LA  COMUNA;2025-07-31;2025-06-30;2025-06-30;2025-07-14;Recepción  Conforme;77557;69.090.300-8;Secpla;I  MUNICIPALIDAD  DE  CHIMBARONGO;JAVIERA  CARRERA  511;Chimbarongo;I  MUNICIPALIDAD  DE  CHIMBARONGO;4321953;CAJA  DE  ALIMENTOS  REGIÓN  VI;CAJA  DE  ALIMENTOS;1200;677;44;3000;2031000;No;AGROINDUSTRIAS  DEL  SUR  SPA;Agroindustrias;76.359.833-0
2239-9-LR24;5802368;Convenio  Marco  para  la  adquisición  de  Alimentos  (Magento);3729-90-CM25;53152452;ADQUISICION  DE  CAJAS  DE  VIVERES  PARA  CASOS  SOCIALES  DE  LA  COMUNA;2025-07-31;2025-06-30;2025-06-30;2025-07-14;Recepción  Conforme;77557;69.090.300-8;Secpla;I  MUNICIPALIDAD  DE  CHIMBARONGO;JAVIERA  CARRERA  511;Chimbarongo;I  MUNICIPALIDAD  DE  CHIMBARONGO;4231368;SALSA  DE  TOMATE  COLISEO  ITALIANA  DOYPACK  200  G  UNIDAD  VI  REGIÓN;SALSA  DE  TOMATE;297;238;20;12000;2856000;No;DISTRIBUIDORA  DEL  MAULE  LIMITADA;Dimal;77.784.560-8
2239-9-LR24;5802368;Convenio  Marco  para  la  adquisición  de  Alimentos  (Magento);3729-90-CM25;53152452;ADQUISICION  DE  CAJAS  DE  VIVERES  PARA  CASOS  SOCIALES  DE  LA  COMUNA;2025-07-31;2025-06-30;2025-06-30;2025-07-14;Recepción  Conforme;77557;69.090.300-8;Secpla;I  MUNICIPALIDAD  DE  CHIMBARONGO;JAVIERA  CARRERA  511;Chimbarongo;I  MUNICIPALIDAD  DE  CHIMBARONGO;4248283;HARINA  CON  POLVOS  HEREDIA  BOLSA  1  K  UNIDAD  VI  REGIÓN;HARINA  CON  POLVOS;1107;779;30;3000;2337000;Si;SOCIEDAD  DE  INVERSIONES  VALENZUELA  SPA;SOCIEDAD  DE  INVERSIONES  VALENZUELA  SPA;77.212.675-1
2239-9-LR24;5802368;Convenio  Marco  para  la  adquisición  de  Alimentos  (Magento);3729-90-CM25;53152452;ADQUISICION  DE  CAJAS  DE  VIVERES  PARA  CASOS  SOCIALES  DE  LA  COMUNA;2025-07-31;2025-06-30;2025-06-30;2025-07-14;Recepción  Conforme;77557;69.090.300-8;Secpla;I  MUNICIPALIDAD  DE  CHIMBARONGO;JAVIERA  CARRERA  511;Chimbarongo;I  MUNICIPALIDAD  DE  CHIMBARONGO;4231368;SALSA  DE  TOMATE  COLISEO  ITALIANA  DOYPACK  200  G  UNIDAD  VI  REGIÓN;SALSA  DE  TOMATE;310;262;15;12000;3144000;Si;SOCIEDAD  DE  INVERSIONES  VALENZUELA  SPA;SOCIEDAD  DE  INVERSIONES  VALENZUELA  SPA;77.212.675-1
2239-9-LR24;5802368;Convenio  Marco  para  la  adquisición  de  Alimentos  (Magento);3729-90-CM25;53152452;ADQUISICION  DE  CAJAS  DE  VIVERES  PARA  CASOS  SOCIALES  DE  LA  COMUNA;2025-07-31;2025-06-30;2025-06-30;2025-07-14;Recepción  Conforme;77557;69.090.300-8;Secpla;I  MUNICIPALIDAD  DE  CHIMBARONGO;JAVIERA  CARRERA  511;Chimbarongo;I  MUNICIPALIDAD  DE  CHIMBARONGO;4321677;LEVADURA  DEYCO  SECA  CAJA  500  G  UNIDAD  VI  REGIÓN;LEVADURA;3179;2650;17;3000;7950000;No;COMERCIAL  EMERGENZA  SPA;SOLUCIONES  INTEGRALES  EMERGENZA  SPA;77.082.051-0
2239-9-LR24;5802368;Convenio  Marco  para  la  adquisición  de  Alimentos  (Magento);3729-90-CM25;53152452;ADQUISICION  DE  CAJAS  DE  VIVERES  PARA  CASOS  SOCIALES  DE  LA  COMUNA;2025-07-31;2025-06-30;2025-06-30;2025-07-14;Recepción  Conforme;77557;69.090.300-8;Secpla;I  MUNICIPALIDAD  DE  CHIMBARONGO;JAVIERA  CARRERA  511;Chimbarongo;I  MUNICIPALIDAD  DE  CHIMBARONGO;4253077;HARINA  CON  POLVOS  LINDEROS  BOLSA  1  K  UNIDAD  VI  REGIÓN;HARINA  CON  POLVOS;896;940;-5;3000;2820000;No;CV  TRADING  S.A.;CV  TRADING  S.A.;78.254.990-1
2239-9-LR24;5802368;Convenio  Marco  para  la  adquisición  de  Alimentos  (Magento);3729-90-CM25;53152452;ADQUISICION  DE  CAJAS  DE  VIVERES  PARA  CASOS  SOCIALES  DE  LA  COMUNA;2025-07-31;2025-06-30;2025-06-30;2025-07-14;Recepción  Conforme;77557;69.090.300-8;Secpla;I  MUNICIPALIDAD  DE  CHIMBARONGO;JAVIERA  CARRERA  511;Chimbarongo;I  MUNICIPALIDAD  DE  CHIMBARONGO;4254267;SPAGHETTI  DORASOL  N°5  BOLSA  400  G  UNIDAD  VI  REGIÓN;SPAGHETTI;770;655;15;6000;3930000;No;ADM  SPA.;ADM  SPA.;77.909.208-9
2239-9-LR24;5802368;Convenio  Marco  para  la  adquisición  de  Alimentos  (Magento);3729-90-CM25;53152452;ADQUISICION  DE  CAJAS  DE  VIVERES  PARA  CASOS  SOCIALES  DE  LA  COMUNA;2025-07-31;2025-06-30;2025-06-30;2025-07-14;Recepción  Conforme;77557;69.090.300-8;Secpla;I  MUNICIPALIDAD  DE  CHIMBARONGO;JAVIERA  CARRERA  511;Chimbarongo;I  MUNICIPALIDAD  DE  CHIMBARONGO;4258279;LEVADURA  FORTALEZA  SECA  CAJA  500  G  UNIDAD  VI  REGIÓN;LEVADURA;2793;2653;5;3000;7959000;No;DISTRIBUIDORA  Y  COMERCIALIZADORA  SANTA  ELIANA  SPA;DISTRIBUIDORA  Y  COMERCIALIZADORA  SANTA  ELIANA  SPA;77.544.929-2
2239-9-LR24;5802368;Convenio  Marco  para  la  adquisición  de  Alimentos  (Magento);3729-90-CM25;53152452;ADQUISICION  DE  CAJAS  DE  VIVERES  PARA  CASOS  SOCIALES  DE  LA  COMUNA;2025-07-31;2025-06-30;2025-06-30;2025-07-14;Recepción  Conforme;77557;69.090.300-8;Secpla;I  MUNICIPALIDAD  DE  CHIMBARONGO;JAVIERA  CARRERA  511;Chimbarongo;I  MUNICIPALIDAD  DE  CHIMBARONGO;4248283;HARINA  CON  POLVOS  HEREDIA  BOLSA  1  K  UNIDAD  VI  REGIÓN;HARINA  CON  POLVOS;1238;950;23;3000;2850000;No;COMERCIAL  EMERGENZA  SPA;SOLUCIONES  INTEGRALES  EMERGENZA  SPA;77.082.051-0
2239-9-LR24;5802368;Convenio  Marco  para  la  adquisición  de  Alimentos  (Magento);3729-90-CM25;53152452;ADQUISICION  DE  CAJAS  DE  VIVERES  PARA  CASOS  SOCIALES  DE  LA  COMUNA;2025-07-31;2025-06-30;2025-06-30;2025-07-14;Recepción  Conforme;77557;69.090.300-8;Secpla;I  MUNICIPALIDAD  DE  CHIMBARONGO;JAVIERA  CARRERA  511;Chimbarongo;I  MUNICIPALIDAD  DE  CHIMBARONGO;4248300;JUREL  CONSERVA  AL  NATURAL  BARQUITO  TARRO  425  G  UNIDAD  VI  REGIÓN;JUREL  CONSERVA  AL  NATURAL;1356;990;27;6000;5940000;No;SERVICIOS  INTEGRADOS  SIDAPT  LIMITADA;SERVICIOS  INTEGRADOS  SIDAPT  LIMITADA;76.299.358-9
2239-9-LR24;5802368;Convenio  Marco  para  la  adquisición  de  Alimentos  (Magento);3729-90-CM25;53152452;ADQUISICION  DE  CAJAS  DE  VIVERES  PARA  CASOS  SOCIALES  DE  LA  COMUNA;2025-07-31;2025-06-30;2025-06-30;2025-07-14;Recepción  Conforme;77557;69.090.300-8;Secpla;I  MUNICIPALIDAD  DE  CHIMBARONGO;JAVIERA  CARRERA  511;Chimbarongo;I  MUNICIPALIDAD  DE  CHIMBARONGO;4254267;SPAGHETTI  DORASOL  N°5  BOLSA  400  G  UNIDAD  VI  REGIÓN;SPAGHETTI;770;732;5;6000;4392000;No;DISTRIBUIDORA  Y  COMERCIALIZADORA  SANTA  ELIANA  SPA;DISTRIBUIDORA  Y  COMERCIALIZADORA  SANTA  ELIANA  SPA;77.544.929-2
2239-9-LR24;5802368;Convenio  Marco  para  la  adquisición  de  Alimentos  (Magento);3729-90-CM25;53152452;ADQUISICION  DE  CAJAS  DE  VIVERES  PARA  CASOS  SOCIALES  DE  LA  COMUNA;2025-07-31;2025-06-30;2025-06-30;2025-07-14;Recepción  Conforme;77557;69.090.300-8;Secpla;I  MUNICIPALIDAD  DE  CHIMBARONGO;JAVIERA  CARRERA  511;Chimbarongo;I  MUNICIPALIDAD  DE  CHIMBARONGO;4232252;SALSA  DE  TOMATE  ACONCAGUA  BOLSA  200  G  UNIDAD  VI  REGIÓN;SALSA  DE  TOMATE;413;413;0;12000;4956000;No;SOCIEDAD  COMERCIAL  DLM  SPA;SOCIEDAD  COMERCIAL  DLM  SPA;77.346.435-9
2239-9-LR24;5802368;Convenio  Marco  para  la  adquisición  de  Alimentos  (Magento);3729-90-CM25;53152452;ADQUISICION  DE  CAJAS  DE  VIVERES  PARA  CASOS  SOCIALES  DE  LA  COMUNA;2025-07-31;2025-06-30;2025-06-30;2025-07-14;Recepción  Conforme;77557;69.090.300-8;Secpla;I  MUNICIPALIDAD  DE  CHIMBARONGO;JAVIERA  CARRERA  511;Chimbarongo;I  MUNICIPALIDAD  DE  CHIMBARONGO;4254301;ESPIRALES  DORASOL  BOLSA  400  G  UNIDAD  VI  REGIÓN;ESPIRALES;849;1074;-27;6000;6444000;No;COMERCIAL  EDA  SPA;MERCADO  EDA  SPA;76.691.662-7
2239-9-LR24;5802368;Convenio  Marco  para  la  adquisición  de  Alimentos  (Magento);3729-90-CM25;53152452;ADQUISICION  DE  CAJAS  DE  VIVERES  PARA  CASOS  SOCIALES  DE  LA  COMUNA;2025-07-31;2025-06-30;2025-06-30;2025-07-14;Recepción  Conforme;77557;69.090.300-8;Secpla;I  MUNICIPALIDAD  DE  CHIMBARONGO;JAVIERA  CARRERA  511;Chimbarongo;I  MUNICIPALIDAD  DE  CHIMBARONGO;4254267;SPAGHETTI  DORASOL  N°5  BOLSA  400  G  UNIDAD  VI  REGIÓN;SPAGHETTI;785;650;17;6000;3900000;No;MERCADOBOY  SPA;Mercadoboy;77.358.747-7
2239-9-LR24;5802368;Convenio  Marco  para  la  adquisición  de  Alimentos  (Magento);3729-90-CM25;53152452;ADQUISICION  DE  CAJAS  DE  VIVERES  PARA  CASOS  SOCIALES  DE  LA  COMUNA;2025-07-31;2025-06-30;2025-06-30;2025-07-14;Recepción  Conforme;77557;69.090.300-8;Secpla;I  MUNICIPALIDAD  DE  CHIMBARONGO;JAVIERA  CARRERA  511;Chimbarongo;I  MUNICIPALIDAD  DE  CHIMBARONGO;4254301;ESPIRALES  DORASOL  BOLSA  400  G  UNIDAD  VI  REGIÓN;ESPIRALES;847;720;15;6000;4320000;No;ADM  SPA.;ADM  SPA.;77.909.208-9
2239-9-LR24;5802368;Convenio  Marco  para  la  adquisición  de  Alimentos  (Magento);3729-90-CM25;53152452;ADQUISICION  DE  CAJAS  DE  VIVERES  PARA  CASOS  SOCIALES  DE  LA  COMUNA;2025-07-31;2025-06-30;2025-06-30;2025-07-14;Recepción  Conforme;77557;69.090.300-8;Secpla;I  MUNICIPALIDAD  DE  CHIMBARONGO;JAVIERA  CARRERA  511;Chimbarongo;I  MUNICIPALIDAD  DE  CHIMBARONGO;4227101;ACEITE  VEGETAL  COLISEO  BOTELLA  900  ML  UNIDAD  VI  REGIÓN;ACEITE  VEGETAL;1643;1565;5;6000;9390000;No;SOCIEDAD  COMERCIAL  MAULE  LIMITADA;SOCIEDAD  COMERCIAL  MAULE  LIMITADA;76.287.511-k
2239-9-LR24;5802368;Convenio  Marco  para  la  adquisición  de  Alimentos  (Magento);3729-90-CM25;53152452;ADQUISICION  DE  CAJAS  DE  VIVERES  PARA  CASOS  SOCIALES  DE  LA  COMUNA;2025-07-31;2025-06-30;2025-06-30;2025-07-14;Recepción  Conforme;77557;69.090.300-8;Secpla;I  MUNICIPALIDAD  DE  CHIMBARONGO;JAVIERA  CARRERA  511;Chimbarongo;I  MUNICIPALIDAD  DE  CHIMBARONGO;4254301;ESPIRALES  DORASOL  BOLSA  400  G  UNIDAD  VI  REGIÓN;ESPIRALES;859;650;24;6000;3900000;No;MERCADOBOY  SPA;Mercadoboy;77.358.747-7
2239-9-LR24;5802368;Convenio  Marco  para  la  adquisición  de  Alimentos  (Magento);3729-90-CM25;53152452;ADQUISICION  DE  CAJAS  DE  VIVERES  PARA  CASOS  SOCIALES  DE  LA  COMUNA;2025-07-31;2025-06-30;2025-06-30;2025-07-14;Recepción  Conforme;77557;69.090.300-8;Secpla;I  MUNICIPALIDAD  DE  CHIMBARONGO;JAVIERA  CARRERA  511;Chimbarongo;I  MUNICIPALIDAD  DE  CHIMBARONGO;4232626;ESPIRALES  MISOL  BOLSA  400  G  UNIDAD  VI  REGIÓN;ESPIRALES;855;714;16;6000;4284000;No;DISTRIBUIDORA  DEL  MAULE  LIMITADA;Dimal;77.784.560-8
2239-9-LR24;5802368;Convenio  Marco  para  la  adquisición  de  Alimentos  (Magento);3729-90-CM25;53152452;ADQUISICION  DE  CAJAS  DE  VIVERES  PARA  CASOS  SOCIALES  DE  LA  COMUNA;2025-07-31;2025-06-30;2025-06-30;2025-07-14;Recepción  Conforme;77557;69.090.300-8;Secpla;I  MUNICIPALIDAD  DE  CHIMBARONGO;JAVIERA  CARRERA  511;Chimbarongo;I  MUNICIPALIDAD  DE  CHIMBARONGO;4254301;ESPIRALES  DORASOL  BOLSA  400  G  UNIDAD  VI  REGIÓN;ESPIRALES;845;408;52;6000;2448000;No;CV  TRADING  S.A.;CV  TRADING  S.A.;78.254.990-1
2239-9-LR24;5802368;Convenio  Marco  para  la  adquisición  de  Alimentos  (Magento);3729-90-CM25;53152452;ADQUISICION  DE  CAJAS  DE  VIVERES  PARA  CASOS  SOCIALES  DE  LA  COMUNA;2025-07-31;2025-06-30;2025-06-30;2025-07-14;Recepción  Conforme;77557;69.090.300-8;Secpla;I  MUNICIPALIDAD  DE  CHIMBARONGO;JAVIERA  CARRERA  511;Chimbarongo;I  MUNICIPALIDAD  DE  CHIMBARONGO;4239630;SOPA  NATUREZZA  POSTA  CON  CABELLOS  SOBRE  55  G  UNIDAD  VI  REGIÓN;SOPA;806;413;49;12000;4956000;No;AGROINDUSTRIAS  DEL  SUR  SPA;Agroindustrias;76.359.833-0
2239-9-LR24;5802368;Convenio  Marco  para  la  adquisición  de  Alimentos  (Magento);3729-90-CM25;53152452;ADQUISICION  DE  CAJAS  DE  VIVERES  PARA  CASOS  SOCIALES  DE  LA  COMUNA;2025-07-31;2025-06-30;2025-06-30;2025-07-14;Recepción  Conforme;77557;69.090.300-8;Secpla;I  MUNICIPALIDAD  DE  CHIMBARONGO;JAVIERA  CARRERA  511;Chimbarongo;I  MUNICIPALIDAD  DE  CHIMBARONGO;4267204;HARINA  SIN  POLVOS  YANINE  BOLSA  1  K  UNIDAD  VI  REGIÓN;HARINA  SIN  POLVOS;980;900;8;3000;2700000;No;SERVICIOS  INTEGRADOS  SIDAPT  LIMITADA;SERVICIOS  INTEGRADOS  SIDAPT  LIMITADA;76.299.358-9
2239-9-LR24;5802368;Convenio  Marco  para  la  adquisición  de  Alimentos  (Magento);3729-90-CM25;53152452;ADQUISICION  DE  CAJAS  DE  VIVERES  PARA  CASOS  SOCIALES  DE  LA  COMUNA;2025-07-31;2025-06-30;2025-06-30;2025-07-14;Recepción  Conforme;77557;69.090.300-8;Secpla;I  MUNICIPALIDAD  DE  CHIMBARONGO;JAVIERA  CARRERA  511;Chimbarongo;I  MUNICIPALIDAD  DE  CHIMBARONGO;4321953;CAJA  DE  ALIMENTOS  REGIÓN  VI;CAJA  DE  ALIMENTOS;1200;1100;8;3000;3300000;No;MERCADOBOY  SPA;Mercadoboy;77.358.747-7
2239-9-LR24;5802368;Convenio  Marco  para  la  adquisición  de  Alimentos  (Magento);3729-90-CM25;53152452;ADQUISICION  DE  CAJAS  DE  VIVERES  PARA  CASOS  SOCIALES  DE  LA  COMUNA;2025-07-31;2025-06-30;2025-06-30;2025-07-14;Recepción  Conforme;77557;69.090.300-8;Secpla;I  MUNICIPALIDAD  DE  CHIMBARONGO;JAVIERA  CARRERA  511;Chimbarongo;I  MUNICIPALIDAD  DE  CHIMBARONGO;4258279;LEVADURA  FORTALEZA  SECA  CAJA  500  G  UNIDAD  VI  REGIÓN;LEVADURA;2790;1074;62;3000;3222000;No;COMERCIAL  EDA  SPA;MERCADO  EDA  SPA;76.691.662-7
2239-9-LR24;5802368;Convenio  Marco  para  la  adquisición  de  Alimentos  (Magento);3729-90-CM25;53152452;ADQUISICION  DE  CAJAS  DE  VIVERES  PARA  CASOS  SOCIALES  DE  LA  COMUNA;2025-07-31;2025-06-30;2025-06-30;2025-07-14;Recepción  Conforme;77557;69.090.300-8;Secpla;I  MUNICIPALIDAD  DE  CHIMBARONGO;JAVIERA  CARRERA  511;Chimbarongo;I  MUNICIPALIDAD  DE  CHIMBARONGO;4321643;JUREL  CONSERVA  AL  NATURAL  DEYCO  TARRO  425  G  UNIDAD  VI  REGIÓN;JUREL  CONSERVA  AL  NATURAL;1327;1154;13;6000;6924000;No;AGROINDUSTRIAS  DEL  SUR  SPA;Agroindustrias;76.359.833-0
2239-9-LR24;5802368;Convenio  Marco  para  la  adquisición  de  Alimentos  (Magento);3729-90-CM25;53152452;ADQUISICION  DE  CAJAS  DE  VIVERES  PARA  CASOS  SOCIALES  DE  LA  COMUNA;2025-07-31;2025-06-30;2025-06-30;2025-07-14;Recepción  Conforme;77557;69.090.300-8;Secpla;I  MUNICIPALIDAD  DE  CHIMBARONGO;JAVIERA  CARRERA  511;Chimbarongo;I  MUNICIPALIDAD  DE  CHIMBARONGO;4321953;CAJA  DE  ALIMENTOS  REGIÓN  VI;CAJA  DE  ALIMENTOS;1200;864;28;3000;2592000;No;CV  TRADING  S.A.;CV  TRADING  S.A.;78.254.990-1
2239-9-LR24;5802368;Convenio  Marco  para  la  adquisición  de  Alimentos  (Magento);3729-90-CM25;53152452;ADQUISICION  DE  CAJAS  DE  VIVERES  PARA  CASOS  SOCIALES  DE  LA  COMUNA;2025-07-31;2025-06-30;2025-06-30;2025-07-14;Recepción  Conforme;77557;69.090.300-8;Secpla;I  MUNICIPALIDAD  DE  CHIMBARONGO;JAVIERA  CARRERA  511;Chimbarongo;I  MUNICIPALIDAD  DE  CHIMBARONGO;4258279;LEVADURA  FORTALEZA  SECA  CAJA  500  G  UNIDAD  VI  REGIÓN;LEVADURA;2795;2499;11;3000;7497000;No;DISTRIBUIDORA  DEL  MAULE  LIMITADA;Dimal;77.784.560-8
2239-9-LR24;5802368;Convenio  Marco  para  la  adquisición  de  Alimentos  (Magento);3729-90-CM25;53152452;ADQUISICION  DE  CAJAS  DE  VIVERES  PARA  CASOS  SOCIALES  DE  LA  COMUNA;2025-07-31;2025-06-30;2025-06-30;2025-07-14;Recepción  Conforme;77557;69.090.300-8;Secpla;I  MUNICIPALIDAD  DE  CHIMBARONGO;JAVIERA  CARRERA  511;Chimbarongo;I  MUNICIPALIDAD  DE  CHIMBARONGO;4321409;AZUCAR  IANSA  BLANCA  GRANULADA  BOLSA  1  K  UNIDAD  IX  REGIÓN;AZUCAR;1660;1498;10;6000;8988000;No;JOSE  VICENTE  SUAZO  BENITEZ;vicente  2009;8.693.714-k
2239-9-LR24;5802368;Convenio  Marco  para  la  adquisición  de  Alimentos  (Magento);3729-90-CM25;53152452;ADQUISICION  DE  CAJAS  DE  VIVERES  PARA  CASOS  SOCIALES  DE  LA  COMUNA;2025-07-31;2025-06-30;2025-06-30;2025-07-14;Recepción  Conforme;77557;69.090.300-8;Secpla;I  MUNICIPALIDAD  DE  CHIMBARONGO;JAVIERA  CARRERA  511;Chimbarongo;I  MUNICIPALIDAD  DE  CHIMBARONGO;4254267;SPAGHETTI  DORASOL  N°5  BOLSA  400  G  UNIDAD  VI  REGIÓN;SPAGHETTI;772;1074;-39;6000;6444000;No;COMERCIAL  EDA  SPA;MERCADO  EDA  SPA;76.691.662-7
2239-9-LR24;5802368;Convenio  Marco  para  la  adquisición  de  Alimentos  (Magento);3729-90-CM25;53152452;ADQUISICION  DE  CAJAS  DE  VIVERES  PARA  CASOS  SOCIALES  DE  LA  COMUNA;2025-07-31;2025-06-30;2025-06-30;2025-07-14;Recepción  Conforme;77557;69.090.300-8;Secpla;I  MUNICIPALIDAD  DE  CHIMBARONGO;JAVIERA  CARRERA  511;Chimbarongo;I  MUNICIPALIDAD  DE  CHIMBARONGO;4321643;JUREL  CONSERVA  AL  NATURAL  DEYCO  TARRO  425  G  UNIDAD  VI  REGIÓN;JUREL  CONSERVA  AL  NATURAL;1327;932;30;6000;5592000;Si;SOCIEDAD  DE  INVERSIONES  VALENZUELA  SPA;SOCIEDAD  DE  INVERSIONES  VALENZUELA  SPA;77.212.675-1
2239-9-LR24;5802368;Convenio  Marco  para  la  adquisición  de  Alimentos  (Magento);3729-90-CM25;53152452;ADQUISICION  DE  CAJAS  DE  VIVERES  PARA  CASOS  SOCIALES  DE  LA  COMUNA;2025-07-31;2025-06-30;2025-06-30;2025-07-14;Recepción  Conforme;77557;69.090.300-8;Secpla;I  MUNICIPALIDAD  DE  CHIMBARONGO;JAVIERA  CARRERA  511;Chimbarongo;I  MUNICIPALIDAD  DE  CHIMBARONGO;4239630;SOPA  NATUREZZA  POSTA  CON  CABELLOS  SOBRE  55  G  UNIDAD  VI  REGIÓN;SOPA;474;1074;-127;12000;12888000;No;COMERCIAL  EDA  SPA;MERCADO  EDA  SPA;76.691.662-7
2239-9-LR24;5802368;Convenio  Marco  para  la  adquisición  de  Alimentos  (Magento);3729-90-CM25;53152452;ADQUISICION  DE  CAJAS  DE  VIVERES  PARA  CASOS  SOCIALES  DE  LA  COMUNA;2025-07-31;2025-06-30;2025-06-30;2025-07-14;Recepción  Conforme;77557;69.090.300-8;Secpla;I  MUNICIPALIDAD  DE  CHIMBARONGO;JAVIERA  CARRERA  511;Chimbarongo;I  MUNICIPALIDAD  DE  CHIMBARONGO;4321953;CAJA  DE  ALIMENTOS  REGIÓN  VI;CAJA  DE  ALIMENTOS;1200;1140;5;3000;3420000;No;SOCIEDAD  COMERCIAL  MAULE  LIMITADA;SOCIEDAD  COMERCIAL  MAULE  LIMITADA;76.287.511-k
2239-9-LR24;5802368;Convenio  Marco  para  la  adquisición  de  Alimentos  (Magento);3729-90-CM25;53152452;ADQUISICION  DE  CAJAS  DE  VIVERES  PARA  CASOS  SOCIALES  DE  LA  COMUNA;2025-07-31;2025-06-30;2025-06-30;2025-07-14;Recepción  Conforme;77557;69.090.300-8;Secpla;I  MUNICIPALIDAD  DE  CHIMBARONGO;JAVIERA  CARRERA  511;Chimbarongo;I  MUNICIPALIDAD  DE  CHIMBARONGO;4239630;SOPA  NATUREZZA  POSTA  CON  CABELLOS  SOBRE  55  G  UNIDAD  VI  REGIÓN;SOPA;474;465;2;12000;5580000;No;DISTRIBUIDORA  Y  COMERCIALIZADORA  SANTA  ELIANA  SPA;DISTRIBUIDORA  Y  COMERCIALIZADORA  SANTA  ELIANA  SPA;77.544.929-2
2239-9-LR24;5802368;Convenio  Marco  para  la  adquisición  de  Alimentos  (Magento);3729-90-CM25;53152452;ADQUISICION  DE  CAJAS  DE  VIVERES  PARA  CASOS  SOCIALES  DE  LA  COMUNA;2025-07-31;2025-06-30;2025-06-30;2025-07-14;Recepción  Conforme;77557;69.090.300-8;Secpla;I  MUNICIPALIDAD  DE  CHIMBARONGO;JAVIERA  CARRERA  511;Chimbarongo;I  MUNICIPALIDAD  DE  CHIMBARONGO;4321953;CAJA  DE  ALIMENTOS  REGIÓN  VI;CAJA  DE  ALIMENTOS;1200;1190;1;3000;3570000;No;SERVICIOS  INTEGRADOS  SIDAPT  LIMITADA;SERVICIOS  INTEGRADOS  SIDAPT  LIMITADA;76.299.358-9
2239-9-LR24;5802368;Convenio  Marco  para  la  adquisición  de  Alimentos  (Magento);3729-90-CM25;53152452;ADQUISICION  DE  CAJAS  DE  VIVERES  PARA  CASOS  SOCIALES  DE  LA  COMUNA;2025-07-31;2025-06-30;2025-06-30;2025-07-14;Recepción  Conforme;77557;69.090.300-8;Secpla;I  MUNICIPALIDAD  DE  CHIMBARONGO;JAVIERA  CARRERA  511;Chimbarongo;I  MUNICIPALIDAD  DE  CHIMBARONGO;4321953;CAJA  DE  ALIMENTOS  REGIÓN  VI;CAJA  DE  ALIMENTOS;1200;952;21;3000;2856000;No;DISTRIBUIDORA  DEL  MAULE  LIMITADA;Dimal;77.784.560-8
2239-9-LR24;5802368;Convenio  Marco  para  la  adquisición  de  Alimentos  (Magento);3729-90-CM25;53152452;ADQUISICION  DE  CAJAS  DE  VIVERES  PARA  CASOS  SOCIALES  DE  LA  COMUNA;2025-07-31;2025-06-30;2025-06-30;2025-07-14;Recepción  Conforme;77557;69.090.300-8;Secpla;I  MUNICIPALIDAD  DE  CHIMBARONGO;JAVIERA  CARRERA  511;Chimbarongo;I  MUNICIPALIDAD  DE  CHIMBARONGO;4321953;CAJA  DE  ALIMENTOS  REGIÓN  VI;CAJA  DE  ALIMENTOS;1200;1200;0;3000;3600000;No;SOCIEDAD  COMERCIAL  DLM  SPA;SOCIEDAD  COMERCIAL  DLM  SPA;77.346.435-9
2239-9-LR24;5802368;Convenio  Marco  para  la  adquisición  de  Alimentos  (Magento);3729-90-CM25;53152452;ADQUISICION  DE  CAJAS  DE  VIVERES  PARA  CASOS  SOCIALES  DE  LA  COMUNA;2025-07-31;2025-06-30;2025-06-30;2025-07-14;Recepción  Conforme;77557;69.090.300-8;Secpla;I  MUNICIPALIDAD  DE  CHIMBARONGO;JAVIERA  CARRERA  511;Chimbarongo;I  MUNICIPALIDAD  DE  CHIMBARONGO;4254267;SPAGHETTI  DORASOL  N°5  BOLSA  400  G  UNIDAD  VI  REGIÓN;SPAGHETTI;784;408;48;6000;2448000;No;CV  TRADING  S.A.;CV  TRADING  S.A.;78.254.990-1
2239-9-LR24;5802368;Convenio  Marco  para  la  adquisición  de  Alimentos  (Magento);3729-90-CM25;53152452;ADQUISICION  DE  CAJAS  DE  VIVERES  PARA  CASOS  SOCIALES  DE  LA  COMUNA;2025-07-31;2025-06-30;2025-06-30;2025-07-14;Recepción  Conforme;77557;69.090.300-8;Secpla;I  MUNICIPALIDAD  DE  CHIMBARONGO;JAVIERA  CARRERA  511;Chimbarongo;I  MUNICIPALIDAD  DE  CHIMBARONGO;4321953;CAJA  DE  ALIMENTOS  REGIÓN  VI;CAJA  DE  ALIMENTOS;1200;1200;0;3000;3600000;Si;SOCIEDAD  DE  INVERSIONES  VALENZUELA  SPA;SOCIEDAD  DE  INVERSIONES  VALENZUELA  SPA;77.212.675-1
2239-9-LR24;5802368;Convenio  Marco  para  la  adquisición  de  Alimentos  (Magento);3729-90-CM25;53152452;ADQUISICION  DE  CAJAS  DE  VIVERES  PARA  CASOS  SOCIALES  DE  LA  COMUNA;2025-07-31;2025-06-30;2025-06-30;2025-07-14;Recepción  Conforme;77557;69.090.300-8;Secpla;I  MUNICIPALIDAD  DE  CHIMBARONGO;JAVIERA  CARRERA  511;Chimbarongo;I  MUNICIPALIDAD  DE  CHIMBARONGO;4248283;HARINA  CON  POLVOS  HEREDIA  BOLSA  1  K  UNIDAD  VI  REGIÓN;HARINA  CON  POLVOS;1116;863;23;3000;2589000;No;AGROINDUSTRIAS  DEL  SUR  SPA;Agroindustrias;76.359.833-0
2239-9-LR24;5802368;Convenio  Marco  para  la  adquisición  de  Alimentos  (Magento);3729-90-CM25;53152452;ADQUISICION  DE  CAJAS  DE  VIVERES  PARA  CASOS  SOCIALES  DE  LA  COMUNA;2025-07-31;2025-06-30;2025-06-30;2025-07-14;Recepción  Conforme;77557;69.090.300-8;Secpla;I  MUNICIPALIDAD  DE  CHIMBARONGO;JAVIERA  CARRERA  511;Chimbarongo;I  MUNICIPALIDAD  DE  CHIMBARONGO;4239630;SOPA  NATUREZZA  POSTA  CON  CABELLOS  SOBRE  55  G  UNIDAD  VI  REGIÓN;SOPA;483;400;17;12000;4800000;No;SERVICIOS  INTEGRADOS  SIDAPT  LIMITADA;SERVICIOS  INTEGRADOS  SIDAPT  LIMITADA;76.299.358-9
2239-9-LR24;5802368;Convenio  Marco  para  la  adquisición  de  Alimentos  (Magento);3729-90-CM25;53152452;ADQUISICION  DE  CAJAS  DE  VIVERES  PARA  CASOS  SOCIALES  DE  LA  COMUNA;2025-07-31;2025-06-30;2025-06-30;2025-07-14;Recepción  Conforme;77557;69.090.300-8;Secpla;I  MUNICIPALIDAD  DE  CHIMBARONGO;JAVIERA  CARRERA  511;Chimbarongo;I  MUNICIPALIDAD  DE  CHIMBARONGO;4256783;HARINA  SIN  POLVOS  HEREDIA  BOLSA  1  K  UNIDAD  VI  REGIÓN;HARINA  SIN  POLVOS;1116;863;23;3000;2589000;No;AGROINDUSTRIAS  DEL  SUR  SPA;Agroindustrias;76.359.833-0
2239-9-LR24;5802368;Convenio  Marco  para  la  adquisición  de  Alimentos  (Magento);3729-90-CM25;53152452;ADQUISICION  DE  CAJAS  DE  VIVERES  PARA  CASOS  SOCIALES  DE  LA  COMUNA;2025-07-31;2025-06-30;2025-06-30;2025-07-14;Recepción  Conforme;77557;69.090.300-8;Secpla;I  MUNICIPALIDAD  DE  CHIMBARONGO;JAVIERA  CARRERA  511;Chimbarongo;I  MUNICIPALIDAD  DE  CHIMBARONGO;4258279;LEVADURA  FORTALEZA  SECA  CAJA  500  G  UNIDAD  VI  REGIÓN;LEVADURA;2793;2374;15;3000;7122000;No;ADM  SPA.;ADM  SPA.;77.909.208-9
2239-9-LR24;5802368;Convenio  Marco  para  la  adquisición  de  Alimentos  (Magento);3729-90-CM25;53152452;ADQUISICION  DE  CAJAS  DE  VIVERES  PARA  CASOS  SOCIALES  DE  LA  COMUNA;2025-07-31;2025-06-30;2025-06-30;2025-07-14;Recepción  Conforme;77557;69.090.300-8;Secpla;I  MUNICIPALIDAD  DE  CHIMBARONGO;JAVIERA  CARRERA  511;Chimbarongo;I  MUNICIPALIDAD  DE  CHIMBARONGO;4321953;CAJA  DE  ALIMENTOS  REGIÓN  VI;CAJA  DE  ALIMENTOS;1200;900;25;3000;2700000;No;DISTRIBUIDORA  Y  COMERCIALIZADORA  SANTA  ELIANA  SPA;DISTRIBUIDORA  Y  COMERCIALIZADORA  SANTA  ELIANA  SPA;77.544.929-2
2239-9-LR24;5802368;Convenio  Marco  para  la  adquisición  de  Alimentos  (Magento);3729-90-CM25;53152452;ADQUISICION  DE  CAJAS  DE  VIVERES  PARA  CASOS  SOCIALES  DE  LA  COMUNA;2025-07-31;2025-06-30;2025-06-30;2025-07-14;Recepción  Conforme;77557;69.090.300-8;Secpla;I  MUNICIPALIDAD  DE  CHIMBARONGO;JAVIERA  CARRERA  511;Chimbarongo;I  MUNICIPALIDAD  DE  CHIMBARONGO;4247839;AZUCAR  SMARTPRICE  BLANCA  GRANULADA  BOLSA  1  K  UNIDAD  V  REGIÓN;AZUCAR;1302;1302;0;6000;7812000;No;MERCADOBOY  SPA;Mercadoboy;77.358.747-7
2239-9-LR24;5802368;Convenio  Marco  para  la  adquisición  de  Alimentos  (Magento);3729-90-CM25;53152452;ADQUISICION  DE  CAJAS  DE  VIVERES  PARA  CASOS  SOCIALES  DE  LA  COMUNA;2025-07-31;2025-06-30;2025-06-30;2025-07-14;Recepción  Conforme;77557;69.090.300-8;Secpla;I  MUNICIPALIDAD  DE  CHIMBARONGO;JAVIERA  CARRERA  511;Chimbarongo;I  MUNICIPALIDAD  DE  CHIMBARONGO;4321031;ARROZ  COLISEO  GRADO  2  BOLSA  1  K  UNIDAD  VI  REGIÓN;ARROZ;994;994;0;9000;8946000;No;SOCIEDAD  COMERCIAL  DLM  SPA;SOCIEDAD  COMERCIAL  DLM  SPA;77.346.435-9
2239-9-LR24;5802368;Convenio  Marco  para  la  adquisición  de  Alimentos  (Magento);3729-90-CM25;53152452;ADQUISICION  DE  CAJAS  DE  VIVERES  PARA  CASOS  SOCIALES  DE  LA  COMUNA;2025-07-31;2025-06-30;2025-06-30;2025-07-14;Recepción  Conforme;77557;69.090.300-8;Secpla;I  MUNICIPALIDAD  DE  CHIMBARONGO;JAVIERA  CARRERA  511;Chimbarongo;I  MUNICIPALIDAD  DE  CHIMBARONGO;4257548;JUREL  CONSERVA  AL  NATURAL  ECOMARK  TARRO  425  G  UNIDAD  VI  REGIÓN;JUREL  CONSERVA  AL  NATURAL;950;900;5;6000;5400000;No;DISTRIBUIDORA  ECOMARK  CORONEL  SPA;Ecomark;76.104.415-k
2239-9-LR24;5802368;Convenio  Marco  para  la  adquisición  de  Alimentos  (Magento);3729-90-CM25;53152452;ADQUISICION  DE  CAJAS  DE  VIVERES  PARA  CASOS  SOCIALES  DE  LA  COMUNA;2025-07-31;2025-06-30;2025-06-30;2025-07-14;Recepción  Conforme;77557;69.090.300-8;Secpla;I  MUNICIPALIDAD  DE  CHIMBARONGO;JAVIERA  CARRERA  511;Chimbarongo;I  MUNICIPALIDAD  DE  CHIMBARONGO;4321677;LEVADURA  DEYCO  SECA  CAJA  500  G  UNIDAD  VI  REGIÓN;LEVADURA;3080;2606;15;3000;7818000;No;AGROINDUSTRIAS  DEL  SUR  SPA;Agroindustrias;76.359.833-0
2239-9-LR24;5802368;Convenio  Marco  para  la  adquisición  de  Alimentos  (Magento);3729-90-CM25;53152452;ADQUISICION  DE  CAJAS  DE  VIVERES  PARA  CASOS  SOCIALES  DE  LA  COMUNA;2025-07-31;2025-06-30;2025-06-30;2025-07-14;Recepción  Conforme;77557;69.090.300-8;Secpla;I  MUNICIPALIDAD  DE  CHIMBARONGO;JAVIERA  CARRERA  511;Chimbarongo;I  MUNICIPALIDAD  DE  CHIMBARONGO;4321643;JUREL  CONSERVA  AL  NATURAL  DEYCO  TARRO  425  G  UNIDAD  VI  REGIÓN;JUREL  CONSERVA  AL  NATURAL;1342;1341;0;6000;8046000;No;COMERCIAL  EMERGENZA  SPA;SOLUCIONES  INTEGRALES  EMERGENZA  SPA;77.082.051-0
2239-9-LR24;5802368;Convenio  Marco  para  la  adquisición  de  Alimentos  (Magento);3729-90-CM25;53152452;ADQUISICION  DE  CAJAS  DE  VIVERES  PARA  CASOS  SOCIALES  DE  LA  COMUNA;2025-07-31;2025-06-30;2025-06-30;2025-07-14;Recepción  Conforme;77557;69.090.300-8;Secpla;I  MUNICIPALIDAD  DE  CHIMBARONGO;JAVIERA  CARRERA  511;Chimbarongo;I  MUNICIPALIDAD  DE  CHIMBARONGO;4321953;CAJA  DE  ALIMENTOS  REGIÓN  VI;CAJA  DE  ALIMENTOS;1200;300;75;3000;900000;No;COMERCIAL  EMERGENZA  SPA;SOLUCIONES  INTEGRALES  EMERGENZA  SPA;77.082.051-0
2239-9-LR24;5802368;Convenio  Marco  para  la  adquisición  de  Alimentos  (Magento);3729-90-CM25;53152452;ADQUISICION  DE  CAJAS  DE  VIVERES  PARA  CASOS  SOCIALES  DE  LA  COMUNA;2025-07-31;2025-06-30;2025-06-30;2025-07-14;Recepción  Conforme;77557;69.090.300-8;Secpla;I  MUNICIPALIDAD  DE  CHIMBARONGO;JAVIERA  CARRERA  511;Chimbarongo;I  MUNICIPALIDAD  DE  CHIMBARONGO;4321953;CAJA  DE  ALIMENTOS  REGIÓN  VI;CAJA  DE  ALIMENTOS;1200;700;42;3000;2100000;No;ADM  SPA.;ADM  SPA.;77.909.208-9
2239-8-LR23;5802342;Convenio  Marco  de    Adquisición  de  Vehículos;4072-53-CM25;53150457;ADQ.  REPOSICION  4  CAMIONETAS  MUNICIPALIDAD  DE  YUMBEL;2025-07-29;2025-06-30;2025-06-30;2025-07-24;Aceptada;77565;69.150.900-1;Secplan;I  MUNICIPALIDAD  DE  YUMBEL;OHIGGINS  N°  851  YUMBEL;Yumbel;I  MUNICIPALIDAD  DE  YUMBEL;2253335;CAMIONETA  MITSUBISHI  L200  KATANA  XRT  4X4  MT  2025  REGIÓN  VIII;CAMIONETA;28791000;28791000;0;4;115164000;No;DIFOR  CHILE  SOCIEDAD  ANONIMA;DIFOR  CHILE  S.  A.;96.918.300-5
2239-8-LR23;5802342;Convenio  Marco  de    Adquisición  de  Vehículos;4072-53-CM25;53150457;ADQ.  REPOSICION  4  CAMIONETAS  MUNICIPALIDAD  DE  YUMBEL;2025-07-29;2025-06-30;2025-06-30;2025-07-24;Aceptada;77565;69.150.900-1;Secplan;I  MUNICIPALIDAD  DE  YUMBEL;OHIGGINS  N°  851  YUMBEL;Yumbel;I  MUNICIPALIDAD  DE  YUMBEL;2254865;CAMIONETA  TOYOTA  HILUX  DX  DC  2.4  4X4  MT  2025  REGIÓN  VIII;CAMIONETA;27963949;27961100;0;4;111844400;Si;AUTOMOTRIZ  PORTILLO  SUR  LIMITADA;AUTOMOTRIZ  PORTILLO  SUR  LTDA;76.296.863-0
2239-8-LR23;5802342;Convenio  Marco  de    Adquisición  de  Vehículos;4238-160-CM25;53090592;CAMIONETAS  DOBLE  CABINA  4  x  4  por  la  Gran  Compra:  77072;2025-07-18;1900-01-01;2025-05-30;2025-06-13;Recepción  Conforme;77072;69.160.202-8;DEPARTAMENTO  DE  SALUD;Ilustre  Municipalidad  de  Curanilahue  -  Salud;Arturo  Prat  653  -  2  °  PISO;Curanilahue;I  MUNICIPALIDAD  DE  CURANILAHUE;2254729;CAMIONETA  TOYOTA  HILUX  DX  2.4  4X4  MT  2025  REGIÓN  VIII;CAMIONETA;28592353;33453773;-17;4;133815092;No;MARITANO  Y  EBENSPERGER  LTDA;MARITANO  Y  EBENSPERGER  LIMITADA;86.519.000-K
2239-8-LR23;5802342;Convenio  Marco  de    Adquisición  de  Vehículos;4238-160-CM25;53090592;CAMIONETAS  DOBLE  CABINA  4  x  4  por  la  Gran  Compra:  77072;2025-07-18;1900-01-01;2025-05-30;2025-06-13;Recepción  Conforme;77072;69.160.202-8;DEPARTAMENTO  DE  SALUD;Ilustre  Municipalidad  de  Curanilahue  -  Salud;Arturo  Prat  653  -  2  °  PISO;Curanilahue;I  MUNICIPALIDAD  DE  CURANILAHUE;2254865;CAMIONETA  TOYOTA  HILUX  DX  DC  2.4  4X4  MT  2025  REGIÓN  VIII;CAMIONETA;28592353;33453773;-17;4;133815092;No;MARITANO  Y  EBENSPERGER  LTDA;MARITANO  Y  EBENSPERGER  LIMITADA;86.519.000-K
2239-8-LR23;5802342;Convenio  Marco  de    Adquisición  de  Vehículos;4238-160-CM25;53090592;CAMIONETAS  DOBLE  CABINA  4  x  4  por  la  Gran  Compra:  77072;2025-07-18;1900-01-01;2025-05-30;2025-06-13;Recepción  Conforme;77072;69.160.202-8;DEPARTAMENTO  DE  SALUD;Ilustre  Municipalidad  de  Curanilahue  -  Salud;Arturo  Prat  653  -  2  °  PISO;Curanilahue;I  MUNICIPALIDAD  DE  CURANILAHUE;2254865;CAMIONETA  TOYOTA  HILUX  DX  DC  2.4  4X4  MT  2025  REGIÓN  VIII;CAMIONETA;28180000;33535546;-19;4;134142184;Si;SALINAS  Y  FABRES  SOCIEDAD  ANONIMA;SALINAS  Y  FABRES  S.  A.;91.502.000-3
2239-8-LR23;5802342;Convenio  Marco  de    Adquisición  de  Vehículos;4374-63-CM25;53039618;Adquisición  de  5  sedanes  para  sección  de  investigación  policial  y  apoyo  logístico  Carabineros”,  código  BIP  N°  40048998-0  Orden  de  Compra  generada  por  la  Gran  Compra:  77038;2025-07-14;2025-05-29;2025-05-29;2025-06-12;Recepción  Conforme;77038;72.240.400-9;Gobierno  Regional  Libertador  Bdo.  O´Higgins;GOBIERNO  REGIONAL  VI  REGION  DEL  LI  BERTADOR  B  O"HIGGINS;Plaza  Los  Héroes  S/n;Rancagua;GOBIERNO  REGIONAL  VI  REGION  DEL  LI  BERTADOR  B  O"HIGGINS;2243269;SEDÁN  HYUNDAI  ACCENT  BN7I  1.5  PLUS  AT  2025  REGIÓN  VI;SEDÁN;13367059;14111129;-6;5;70555645;No;MEDITERRANEO  AUTOMOTORES  S  A;MEDITERRANEO  AUTOMOTORES  S.  A.;96.889.440-4
2239-8-LR23;5802342;Convenio  Marco  de    Adquisición  de  Vehículos;4374-63-CM25;53039618;Adquisición  de  5  sedanes  para  sección  de  investigación  policial  y  apoyo  logístico  Carabineros”,  código  BIP  N°  40048998-0  Orden  de  Compra  generada  por  la  Gran  Compra:  77038;2025-07-14;2025-05-29;2025-05-29;2025-06-12;Recepción  Conforme;77038;72.240.400-9;Gobierno  Regional  Libertador  Bdo.  O´Higgins;GOBIERNO  REGIONAL  VI  REGION  DEL  LI  BERTADOR  B  O"HIGGINS;Plaza  Los  Héroes  S/n;Rancagua;GOBIERNO  REGIONAL  VI  REGION  DEL  LI  BERTADOR  B  O"HIGGINS;2050713;SEDÁN  CHANGAN  ALSVIN  COMFORT  2024  REGIÓN  VI;SEDÁN;8109916;8109916;0;5;40549580;No;COMERCIAL  ANFRUNS  Y  COMPANIA  SPA;COMERCIAL  ANFRUNS  Y  COMPAÑÍA  SPA;86.385.500-4
2239-8-LR23;5802342;Convenio  Marco  de    Adquisición  de  Vehículos;4374-63-CM25;53039618;Adquisición  de  5  sedanes  para  sección  de  investigación  policial  y  apoyo  logístico  Carabineros”,  código  BIP  N°  40048998-0  Orden  de  Compra  generada  por  la  Gran  Compra:  77038;2025-07-14;2025-05-29;2025-05-29;2025-06-12;Recepción  Conforme;77038;72.240.400-9;Gobierno  Regional  Libertador  Bdo.  O´Higgins;GOBIERNO  REGIONAL  VI  REGION  DEL  LI  BERTADOR  B  O"HIGGINS;Plaza  Los  Héroes  S/n;Rancagua;GOBIERNO  REGIONAL  VI  REGION  DEL  LI  BERTADOR  B  O"HIGGINS;2256036;SEDÁN  TOYOTA  YARIS  1.5  I  MT  2025  REGIÓN  VI;SEDÁN;11588908;12137286;-5;5;60686430;Si;MARITANO  Y  EBENSPERGER  LTDA;MARITANO  Y  EBENSPERGER  LIMITADA;86.519.000-K
2239-8-LR23;5802342;Convenio  Marco  de    Adquisición  de  Vehículos;4999-127-CM25;53056607;ADQUISICION  DE  VEHICULOS  Y  MAQUINARIAS  DEPARTAMENTO  DE  SALUD  SAN  PEDRO  DE  ATACAMA;2025-07-11;1900-01-01;2025-06-03;2025-06-17;Aceptada;77094;69.252.500-0;Depto.  de  Salud;I  MUNICIPALIDAD  DE  SAN  PEDRO  DE  ATACAMA;GUSTAVO  LE  PAGE  328;San  Pedro  de  Atacama;I  MUNICIPALIDAD  DE  SAN  PEDRO  DE  ATACAMA;2243229;MINIBUS  HYUNDAI  STARIA  US4  MB  2.2  CRDI  MT  11P   2025  REGIÓN  II;MINIBUS;27518400;29115206;-6;2;58230412;Si;MEDITERRANEO  AUTOMOTORES  S  A;MEDITERRANEO  AUTOMOTORES  S.  A.;96.889.440-4
2239-1-LR24;5802359;CONVENIO  MARCO  PARA  COMPUTADORES  PORTÁTILES  DESKTOP  Y  AIO;507428-3224-CM25;53045001;Orden  de  Compra  generada  por  la  Gran  Compra:  76741;2025-07-10;2025-05-05;2025-05-13;2025-05-28;Recepción  Conforme;76741;61.979.210-6;Servicio  de  Salud  Chiloé;SERVICIO  DE  SALUD  CHILOE;Avda.  Bernardo  O'Higgins  504,  Castro;Castro;SERVICIO  DE  SALUD  CHILOE;2227933;LAPTOP  ACER  TMP  214-55-13CL  WINDOWS  11  PRO  INTEL  CORE  I7-1270P  16  GB  1  TB  GAMA  3;LAPTOP;709;684;4;13;8892;No;NET  NOW  TECNOLOGIA  Y  COMPUTACION  S  A;NET  NOW  TECNOLOGÍA  Y  COMPUTACIÓN  S.A.;78.112.170-3
2239-1-LR24;5802359;CONVENIO  MARCO  PARA  COMPUTADORES  PORTÁTILES  DESKTOP  Y  AIO;507428-3224-CM25;53045001;Orden  de  Compra  generada  por  la  Gran  Compra:  76741;2025-07-10;2025-05-05;2025-05-13;2025-05-28;Recepción  Conforme;76741;61.979.210-6;Servicio  de  Salud  Chiloé;SERVICIO  DE  SALUD  CHILOE;Avda.  Bernardo  O'Higgins  504,  Castro;Castro;SERVICIO  DE  SALUD  CHILOE;2227931;LAPTOP  LENOVO  THINKBOOK  14  WINDOWS  11  PRO  AMD  RYZEN  7  7730U  16  GB  1  TB  GAMA  3;LAPTOP;604;603;0;13;7839;Si;OPCIONES  SA  SISTEMAS  DE  INFORMACION;OPCIONES  SA  SISTEMAS  DE  INFORMACION;96.523.180-3
2239-1-LR24;5802359;CONVENIO  MARCO  PARA  COMPUTADORES  PORTÁTILES  DESKTOP  Y  AIO;507428-3224-CM25;53045001;Orden  de  Compra  generada  por  la  Gran  Compra:  76741;2025-07-10;2025-05-05;2025-05-13;2025-05-28;Recepción  Conforme;76741;61.979.210-6;Servicio  de  Salud  Chiloé;SERVICIO  DE  SALUD  CHILOE;Avda.  Bernardo  O'Higgins  504,  Castro;Castro;SERVICIO  DE  SALUD  CHILOE;2227958;ALL  IN  ONE  LENOVO  THINKCENTRE  NEO  50A  24  WINDOWS  11  PRO  INTEL  CORE  I7-13700H  16  GB  1TB  GAMA  3;ALL  IN  ONE;742;707;5;466;329462;Si;OPCIONES  SA  SISTEMAS  DE  INFORMACION;OPCIONES  SA  SISTEMAS  DE  INFORMACION;96.523.180-3
2239-1-LR24;5802359;CONVENIO  MARCO  PARA  COMPUTADORES  PORTÁTILES  DESKTOP  Y  AIO;507428-3224-CM25;53045001;Orden  de  Compra  generada  por  la  Gran  Compra:  76741;2025-07-10;2025-05-05;2025-05-13;2025-05-28;Recepción  Conforme;76741;61.979.210-6;Servicio  de  Salud  Chiloé;SERVICIO  DE  SALUD  CHILOE;Avda.  Bernardo  O'Higgins  504,  Castro;Castro;SERVICIO  DE  SALUD  CHILOE;2227959;ALL  IN  ONE  HP  PROONE  440  G9  WINDOWS  11  PRO  INTEL  CORE  I7-12700  16  GB  1TB  GAMA  3;ALL  IN  ONE;765;775;-1;466;361289;No;LECHNER  S.A;LECHNER  S.A.;78.114.650-1
2239-1-LR24;5802359;CONVENIO  MARCO  PARA  COMPUTADORES  PORTÁTILES  DESKTOP  Y  AIO;507428-3224-CM25;53045001;Orden  de  Compra  generada  por  la  Gran  Compra:  76741;2025-07-10;2025-05-05;2025-05-13;2025-05-28;Recepción  Conforme;76741;61.979.210-6;Servicio  de  Salud  Chiloé;SERVICIO  DE  SALUD  CHILOE;Avda.  Bernardo  O'Higgins  504,  Castro;Castro;SERVICIO  DE  SALUD  CHILOE;2227961;ALL  IN  ONE  ACER  VZ2694G-CCL  WINDOWS  11  PRO  INTEL  CORE  I7-13700H  16  GB  1TB  GAMA  3;ALL  IN  ONE;820;789;4;466;367674;No;NET  NOW  TECNOLOGIA  Y  COMPUTACION  S  A;NET  NOW  TECNOLOGÍA  Y  COMPUTACIÓN  S.A.;78.112.170-3
2239-1-LR24;5802359;CONVENIO  MARCO  PARA  COMPUTADORES  PORTÁTILES  DESKTOP  Y  AIO;507428-3224-CM25;53045001;Orden  de  Compra  generada  por  la  Gran  Compra:  76741;2025-07-10;2025-05-05;2025-05-13;2025-05-28;Recepción  Conforme;76741;61.979.210-6;Servicio  de  Salud  Chiloé;SERVICIO  DE  SALUD  CHILOE;Avda.  Bernardo  O'Higgins  504,  Castro;Castro;SERVICIO  DE  SALUD  CHILOE;2227945;LAPTOP  HP  ELITEBOOK  640  G10  WINDOWS  11  PRO  INTEL  CORE  I7-1370P  16  GB  1  TB  GAMA  2E;LAPTOP;893;854;4;13;11108;No;LECHNER  S.A;LECHNER  S.A.;78.114.650-1
2239-8-LR23;5802342;Convenio  Marco  de    Adquisición  de  Vehículos;5240-165-CM25;52935548;ADQ.  DE  VEHÍCULOS  COLOR  FÁBRICA  PARA  CARABINEROS  DE  CHILE;2025-07-07;2025-04-23;2025-04-23;2025-05-08;Recepción  Conforme;76612;61.938.500-4;Direccion  de  Compras  Publicas  de  Carabineros;DIRECCION  DE  LOGISTICA  DE  CARABINEROS;Av.  Lib.  Bernardo  OHiggins  N°  1449,torre  7,PISO  11;Santiago;DIRECCION  DE  LOGISTICA  DE  CARABINEROS;2247466;SUV  SUBARU  CROSSTREK  2.0I  AWD  CVT  AT  2025  REGIÓN  RM;SUV;19320000;19320000;0;4;77280000;No;AUTOMOTRIZ  CORDILLERA  S.A.;AUTOMOTRIZ  CORDILLERA  S.  A.;79.853.470-K
2239-8-LR23;5802342;Convenio  Marco  de    Adquisición  de  Vehículos;5240-165-CM25;52935548;ADQ.  DE  VEHÍCULOS  COLOR  FÁBRICA  PARA  CARABINEROS  DE  CHILE;2025-07-07;2025-04-23;2025-04-23;2025-05-08;Recepción  Conforme;76612;61.938.500-4;Direccion  de  Compras  Publicas  de  Carabineros;DIRECCION  DE  LOGISTICA  DE  CARABINEROS;Av.  Lib.  Bernardo  OHiggins  N°  1449,torre  7,PISO  11;Santiago;DIRECCION  DE  LOGISTICA  DE  CARABINEROS;2250917;SUV  HAVAL  H6  DELUXE  AWD  AT  2025  REGIÓN  RM;SUV;19629244;18592857;5;4;74371428;Si;COMERCIAL  ANFRUNS  Y  COMPANIA  SPA;COMERCIAL  ANFRUNS  Y  COMPAÑÍA  SPA;86.385.500-4
2239-8-LR23;5802342;Convenio  Marco  de    Adquisición  de  Vehículos;5240-165-CM25;52935548;ADQ.  DE  VEHÍCULOS  COLOR  FÁBRICA  PARA  CARABINEROS  DE  CHILE;2025-07-07;2025-04-23;2025-04-23;2025-05-08;Recepción  Conforme;76612;61.938.500-4;Direccion  de  Compras  Publicas  de  Carabineros;DIRECCION  DE  LOGISTICA  DE  CARABINEROS;Av.  Lib.  Bernardo  OHiggins  N°  1449,torre  7,PISO  11;Santiago;DIRECCION  DE  LOGISTICA  DE  CARABINEROS;2246480;SUV  GAC  GS8  2.0T  AT  GT  4WD  2025  REGIÓN  RM;SUV;26463025;26463025;0;4;105852100;No;ASTARA  RETAIL  CHILE  SPA;ASTARA  RETAIL  CHILE  SPA;96.928.530-4
2239-9-LR22;5800319;Convenio  Marco  de  Artículos  de  Aseo  e  Higiene;594965-59-CM25;52743400;Orden  de  Compra  generada  por  la  Gran  Compra:  76435;2025-07-02;2025-04-14;2025-04-14;2025-04-29;Recepción  Conforme;76435;70.574.900-0;Regional  Lib  Bdo  Ohiggins;FUNDACION  EDUCACIONAL  PARA  EL  DESAROLLO  INTEGRAL  DE  LA  NIÑEZ;OCARROL  0145  RANCAGUA;Rancagua;FUNDACION  EDUCACIONAL  PARA  EL  DESAROLLO  INTEGRAL  DE  LA  NIÑEZ;1918441;PAÑO  ABSORBENTE  MULTIUSO  VIRUTEX  PRO  RESISTENTE  AL  CLORO  PAQUETE  DE  6  UNIDADES  REGIÓN  VI;PAÑO  ABSORBENTE  MULTIUSO;1735;1730;0;1000;1730000;No;CASTILLA  Y  ARAGON  SPA;CASTILLA  Y  ARAGON  SPA;96.989.530-7
2239-9-LR22;5800319;Convenio  Marco  de  Artículos  de  Aseo  e  Higiene;594965-59-CM25;52743400;Orden  de  Compra  generada  por  la  Gran  Compra:  76435;2025-07-02;2025-04-14;2025-04-14;2025-04-29;Recepción  Conforme;76435;70.574.900-0;Regional  Lib  Bdo  Ohiggins;FUNDACION  EDUCACIONAL  PARA  EL  DESAROLLO  INTEGRAL  DE  LA  NIÑEZ;OCARROL  0145  RANCAGUA;Rancagua;FUNDACION  EDUCACIONAL  PARA  EL  DESAROLLO  INTEGRAL  DE  LA  NIÑEZ;1890391;BOLSA  DE  BASURA  TREMEX  MEDIANA  70X90  70  L  ROLLO  X  10  UNIDADES  REGIÓN  VI;BOLSA  DE  BASURA;796;724;9;6000;4344000;Si;MG  PUBLICIDAD  Y  EVENTOS  SPA;MG  PUBLICIDAD  Y  EVENTOS  SPA;76.202.065-3
2239-9-LR22;5800319;Convenio  Marco  de  Artículos  de  Aseo  e  Higiene;594965-59-CM25;52743400;Orden  de  Compra  generada  por  la  Gran  Compra:  76435;2025-07-02;2025-04-14;2025-04-14;2025-04-29;Recepción  Conforme;76435;70.574.900-0;Regional  Lib  Bdo  Ohiggins;FUNDACION  EDUCACIONAL  PARA  EL  DESAROLLO  INTEGRAL  DE  LA  NIÑEZ;OCARROL  0145  RANCAGUA;Rancagua;FUNDACION  EDUCACIONAL  PARA  EL  DESAROLLO  INTEGRAL  DE  LA  NIÑEZ;1890340;BOLSA  DE  BASURA  SUPERIOR  MEDIANA  70X90  70  L  ROLLO  X  10  UNIDADES  REGIÓN  VI;BOLSA  DE  BASURA;872;872;0;6000;5232000;No;PROVEEDORES  INTEGRALES  PRISA  S  A;PROVEEDORES  INTEGRALES  PRISA  S  A;96.556.940-5
2239-9-LR22;5800319;Convenio  Marco  de  Artículos  de  Aseo  e  Higiene;594965-59-CM25;52743400;Orden  de  Compra  generada  por  la  Gran  Compra:  76435;2025-07-02;2025-04-14;2025-04-14;2025-04-29;Recepción  Conforme;76435;70.574.900-0;Regional  Lib  Bdo  Ohiggins;FUNDACION  EDUCACIONAL  PARA  EL  DESAROLLO  INTEGRAL  DE  LA  NIÑEZ;OCARROL  0145  RANCAGUA;Rancagua;FUNDACION  EDUCACIONAL  PARA  EL  DESAROLLO  INTEGRAL  DE  LA  NIÑEZ;1890442;BOLSA  DE  BASURA  VIRUTEX  GRANDE  80X110  120  L  ROLLO  X  10  UNIDADES  REGIÓN  VI;BOLSA  DE  BASURA;1094;988;10;2450;2420600;Si;MG  PUBLICIDAD  Y  EVENTOS  SPA;MG  PUBLICIDAD  Y  EVENTOS  SPA;76.202.065-3
2239-9-LR22;5800319;Convenio  Marco  de  Artículos  de  Aseo  e  Higiene;594965-59-CM25;52743400;Orden  de  Compra  generada  por  la  Gran  Compra:  76435;2025-07-02;2025-04-14;2025-04-14;2025-04-29;Recepción  Conforme;76435;70.574.900-0;Regional  Lib  Bdo  Ohiggins;FUNDACION  EDUCACIONAL  PARA  EL  DESAROLLO  INTEGRAL  DE  LA  NIÑEZ;OCARROL  0145  RANCAGUA;Rancagua;FUNDACION  EDUCACIONAL  PARA  EL  DESAROLLO  INTEGRAL  DE  LA  NIÑEZ;1920209;PAPEL  HIGIÉNICO  ELITE  PROFESSIONAL  ALTO  METRAJE  DOBLE  HOJA  6  ROLLOS  250  M  1  PAQUETE  REGIÓN  VI;PAPEL  HIGIÉNICO;11039;11900;-8;350;4165000;Si;MG  PUBLICIDAD  Y  EVENTOS  SPA;MG  PUBLICIDAD  Y  EVENTOS  SPA;76.202.065-3
2239-9-LR22;5800319;Convenio  Marco  de  Artículos  de  Aseo  e  Higiene;594965-59-CM25;52743400;Orden  de  Compra  generada  por  la  Gran  Compra:  76435;2025-07-02;2025-04-14;2025-04-14;2025-04-29;Recepción  Conforme;76435;70.574.900-0;Regional  Lib  Bdo  Ohiggins;FUNDACION  EDUCACIONAL  PARA  EL  DESAROLLO  INTEGRAL  DE  LA  NIÑEZ;OCARROL  0145  RANCAGUA;Rancagua;FUNDACION  EDUCACIONAL  PARA  EL  DESAROLLO  INTEGRAL  DE  LA  NIÑEZ;1902053;ESCOBILLÓN  VIRUTEX  PRO  USO  INTERIOR  FIBRA  MEDIA  MANGO  METÁLICO  31  CM  UNIDAD  REGIÓN  VI;ESCOBILLÓN;1752;1752;0;200;350400;Si;MG  PUBLICIDAD  Y  EVENTOS  SPA;MG  PUBLICIDAD  Y  EVENTOS  SPA;76.202.065-3
2239-9-LR22;5800319;Convenio  Marco  de  Artículos  de  Aseo  e  Higiene;594965-59-CM25;52743400;Orden  de  Compra  generada  por  la  Gran  Compra:  76435;2025-07-02;2025-04-14;2025-04-14;2025-04-29;Recepción  Conforme;76435;70.574.900-0;Regional  Lib  Bdo  Ohiggins;FUNDACION  EDUCACIONAL  PARA  EL  DESAROLLO  INTEGRAL  DE  LA  NIÑEZ;OCARROL  0145  RANCAGUA;Rancagua;FUNDACION  EDUCACIONAL  PARA  EL  DESAROLLO  INTEGRAL  DE  LA  NIÑEZ;1888980;BOLSA  DE  BASURA  IMPEKE  GRANDE  80X110  120  L  ROLLO  X  10  UNIDADES  REGIÓN  VI;BOLSA  DE  BASURA;813;710;13;2450;1739500;No;PROVEEDORES  INTEGRALES  PRISA  S  A;PROVEEDORES  INTEGRALES  PRISA  S  A;96.556.940-5
2239-9-LR22;5800319;Convenio  Marco  de  Artículos  de  Aseo  e  Higiene;594965-59-CM25;52743400;Orden  de  Compra  generada  por  la  Gran  Compra:  76435;2025-07-02;2025-04-14;2025-04-14;2025-04-29;Recepción  Conforme;76435;70.574.900-0;Regional  Lib  Bdo  Ohiggins;FUNDACION  EDUCACIONAL  PARA  EL  DESAROLLO  INTEGRAL  DE  LA  NIÑEZ;OCARROL  0145  RANCAGUA;Rancagua;FUNDACION  EDUCACIONAL  PARA  EL  DESAROLLO  INTEGRAL  DE  LA  NIÑEZ;1887943;BOLSA  DE  BASURA  CLEAN  GRANDE  80X110  120  L  ROLLO  X  10  UNIDADES  REGIÓN  VI;BOLSA  DE  BASURA;1039;1035;0;2450;2535750;No;CASTILLA  Y  ARAGON  SPA;CASTILLA  Y  ARAGON  SPA;96.989.530-7
2239-9-LR22;5800319;Convenio  Marco  de  Artículos  de  Aseo  e  Higiene;594965-59-CM25;52743400;Orden  de  Compra  generada  por  la  Gran  Compra:  76435;2025-07-02;2025-04-14;2025-04-14;2025-04-29;Recepción  Conforme;76435;70.574.900-0;Regional  Lib  Bdo  Ohiggins;FUNDACION  EDUCACIONAL  PARA  EL  DESAROLLO  INTEGRAL  DE  LA  NIÑEZ;OCARROL  0145  RANCAGUA;Rancagua;FUNDACION  EDUCACIONAL  PARA  EL  DESAROLLO  INTEGRAL  DE  LA  NIÑEZ;1889014;BOLSA  DE  BASURA  IMPEKE  PEQUEÑA  50X70  30  L  ROLLO  X  10  UNIDADES  REGIÓN  VI;BOLSA  DE  BASURA;320;277;13;7800;2160600;No;PROVEEDORES  INTEGRALES  PRISA  S  A;PROVEEDORES  INTEGRALES  PRISA  S  A;96.556.940-5
2239-9-LR22;5800319;Convenio  Marco  de  Artículos  de  Aseo  e  Higiene;594965-59-CM25;52743400;Orden  de  Compra  generada  por  la  Gran  Compra:  76435;2025-07-02;2025-04-14;2025-04-14;2025-04-29;Recepción  Conforme;76435;70.574.900-0;Regional  Lib  Bdo  Ohiggins;FUNDACION  EDUCACIONAL  PARA  EL  DESAROLLO  INTEGRAL  DE  LA  NIÑEZ;OCARROL  0145  RANCAGUA;Rancagua;FUNDACION  EDUCACIONAL  PARA  EL  DESAROLLO  INTEGRAL  DE  LA  NIÑEZ;1906524;GUANTES  DE  LIMPIEZA  IMPEKE  MULTIUSO  GAMUZADO  TALLA  M  PAR  REGIÓN  VI;GUANTES  DE  LIMPIEZA;735;580;21;130;75400;No;PROVEEDORES  INTEGRALES  PRISA  S  A;PROVEEDORES  INTEGRALES  PRISA  S  A;96.556.940-5
2239-9-LR22;5800319;Convenio  Marco  de  Artículos  de  Aseo  e  Higiene;594965-59-CM25;52743400;Orden  de  Compra  generada  por  la  Gran  Compra:  76435;2025-07-02;2025-04-14;2025-04-14;2025-04-29;Recepción  Conforme;76435;70.574.900-0;Regional  Lib  Bdo  Ohiggins;FUNDACION  EDUCACIONAL  PARA  EL  DESAROLLO  INTEGRAL  DE  LA  NIÑEZ;OCARROL  0145  RANCAGUA;Rancagua;FUNDACION  EDUCACIONAL  PARA  EL  DESAROLLO  INTEGRAL  DE  LA  NIÑEZ;1913681;PALA  DE  ASEO  VIRUTEX  PRO  PLÁSTICA  MANGO  LARGO  90  CM  UNIDAD  REGIÓN  VI;PALA  DE  ASEO;1759;1756;0;150;263400;No;CASTILLA  Y  ARAGON  SPA;CASTILLA  Y  ARAGON  SPA;96.989.530-7
2239-9-LR22;5800319;Convenio  Marco  de  Artículos  de  Aseo  e  Higiene;594965-59-CM25;52743400;Orden  de  Compra  generada  por  la  Gran  Compra:  76435;2025-07-02;2025-04-14;2025-04-14;2025-04-29;Recepción  Conforme;76435;70.574.900-0;Regional  Lib  Bdo  Ohiggins;FUNDACION  EDUCACIONAL  PARA  EL  DESAROLLO  INTEGRAL  DE  LA  NIÑEZ;OCARROL  0145  RANCAGUA;Rancagua;FUNDACION  EDUCACIONAL  PARA  EL  DESAROLLO  INTEGRAL  DE  LA  NIÑEZ;1896698;CLORO  CONCENTRADO  TREMEX  5%  5000  ML  UNIDAD  REGIÓN  VI;CLORO  CONCENTRADO;4081;3135;23;1020;3197700;No;PROVEEDORES  INTEGRALES  PRISA  S  A;PROVEEDORES  INTEGRALES  PRISA  S  A;96.556.940-5
2239-9-LR22;5800319;Convenio  Marco  de  Artículos  de  Aseo  e  Higiene;594965-59-CM25;52743400;Orden  de  Compra  generada  por  la  Gran  Compra:  76435;2025-07-02;2025-04-14;2025-04-14;2025-04-29;Recepción  Conforme;76435;70.574.900-0;Regional  Lib  Bdo  Ohiggins;FUNDACION  EDUCACIONAL  PARA  EL  DESAROLLO  INTEGRAL  DE  LA  NIÑEZ;OCARROL  0145  RANCAGUA;Rancagua;FUNDACION  EDUCACIONAL  PARA  EL  DESAROLLO  INTEGRAL  DE  LA  NIÑEZ;1887960;BOLSA  DE  BASURA  CLEAN  MEDIANA  70X90  70  L  ROLLO  X  10  UNIDADES  REGIÓN  VI;BOLSA  DE  BASURA;660;655;1;6000;3930000;No;CASTILLA  Y  ARAGON  SPA;CASTILLA  Y  ARAGON  SPA;96.989.530-7
2239-9-LR22;5800319;Convenio  Marco  de  Artículos  de  Aseo  e  Higiene;594965-59-CM25;52743400;Orden  de  Compra  generada  por  la  Gran  Compra:  76435;2025-07-02;2025-04-14;2025-04-14;2025-04-29;Recepción  Conforme;76435;70.574.900-0;Regional  Lib  Bdo  Ohiggins;FUNDACION  EDUCACIONAL  PARA  EL  DESAROLLO  INTEGRAL  DE  LA  NIÑEZ;OCARROL  0145  RANCAGUA;Rancagua;FUNDACION  EDUCACIONAL  PARA  EL  DESAROLLO  INTEGRAL  DE  LA  NIÑEZ;1890408;BOLSA  DE  BASURA  TREMEX  PEQUEÑA  50X70  30  L  ROLLO  X  10  UNIDADES  REGIÓN  VI;BOLSA  DE  BASURA;364;386;-6;7800;3010800;Si;MG  PUBLICIDAD  Y  EVENTOS  SPA;MG  PUBLICIDAD  Y  EVENTOS  SPA;76.202.065-3
2239-9-LR22;5800319;Convenio  Marco  de  Artículos  de  Aseo  e  Higiene;594965-59-CM25;52743400;Orden  de  Compra  generada  por  la  Gran  Compra:  76435;2025-07-02;2025-04-14;2025-04-14;2025-04-29;Recepción  Conforme;76435;70.574.900-0;Regional  Lib  Bdo  Ohiggins;FUNDACION  EDUCACIONAL  PARA  EL  DESAROLLO  INTEGRAL  DE  LA  NIÑEZ;OCARROL  0145  RANCAGUA;Rancagua;FUNDACION  EDUCACIONAL  PARA  EL  DESAROLLO  INTEGRAL  DE  LA  NIÑEZ;1906473;GUANTES  DE  LIMPIEZA  IMPEKE  MULTIUSO  FLOCADO  TALLA  M  PAR  REGIÓN  VI;GUANTES  DE  LIMPIEZA;791;750;5;130;97500;No;CASTILLA  Y  ARAGON  SPA;CASTILLA  Y  ARAGON  SPA;96.989.530-7
2239-9-LR22;5800319;Convenio  Marco  de  Artículos  de  Aseo  e  Higiene;594965-59-CM25;52743400;Orden  de  Compra  generada  por  la  Gran  Compra:  76435;2025-07-02;2025-04-14;2025-04-14;2025-04-29;Recepción  Conforme;76435;70.574.900-0;Regional  Lib  Bdo  Ohiggins;FUNDACION  EDUCACIONAL  PARA  EL  DESAROLLO  INTEGRAL  DE  LA  NIÑEZ;OCARROL  0145  RANCAGUA;Rancagua;FUNDACION  EDUCACIONAL  PARA  EL  DESAROLLO  INTEGRAL  DE  LA  NIÑEZ;1887977;BOLSA  DE  BASURA  CLEAN  PEQUEÑA  50X70  30  L  ROLLO  X  10  UNIDADES  REGIÓN  VI;BOLSA  DE  BASURA;358;355;1;7800;2769000;No;CASTILLA  Y  ARAGON  SPA;CASTILLA  Y  ARAGON  SPA;96.989.530-7
2239-9-LR22;5800319;Convenio  Marco  de  Artículos  de  Aseo  e  Higiene;594965-59-CM25;52743400;Orden  de  Compra  generada  por  la  Gran  Compra:  76435;2025-07-02;2025-04-14;2025-04-14;2025-04-29;Recepción  Conforme;76435;70.574.900-0;Regional  Lib  Bdo  Ohiggins;FUNDACION  EDUCACIONAL  PARA  EL  DESAROLLO  INTEGRAL  DE  LA  NIÑEZ;OCARROL  0145  RANCAGUA;Rancagua;FUNDACION  EDUCACIONAL  PARA  EL  DESAROLLO  INTEGRAL  DE  LA  NIÑEZ;1920804;PAPEL  HIGIÉNICO  OVELLA  ALTO  METRAJE  DOBLE  HOJA  6  ROLLOS  250  M  1  PAQUETE  REGIÓN  VI;PAPEL  HIGIÉNICO;13194;13150;0;350;4602500;No;CASTILLA  Y  ARAGON  SPA;CASTILLA  Y  ARAGON  SPA;96.989.530-7
2239-9-LR22;5800319;Convenio  Marco  de  Artículos  de  Aseo  e  Higiene;594965-59-CM25;52743400;Orden  de  Compra  generada  por  la  Gran  Compra:  76435;2025-07-02;2025-04-14;2025-04-14;2025-04-29;Recepción  Conforme;76435;70.574.900-0;Regional  Lib  Bdo  Ohiggins;FUNDACION  EDUCACIONAL  PARA  EL  DESAROLLO  INTEGRAL  DE  LA  NIÑEZ;OCARROL  0145  RANCAGUA;Rancagua;FUNDACION  EDUCACIONAL  PARA  EL  DESAROLLO  INTEGRAL  DE  LA  NIÑEZ;1923422;SERVILLETAS  DESECHABLES  TECNOPAPEL  CÓCTEL  HOJA  SIMPLE  200  UNIDADES  1  PAQUETE  REGIÓN  VI;SERVILLETAS  DESECHABLES;873;688;21;1630;1121440;No;PROVEEDORES  INTEGRALES  PRISA  S  A;PROVEEDORES  INTEGRALES  PRISA  S  A;96.556.940-5
2239-9-LR22;5800319;Convenio  Marco  de  Artículos  de  Aseo  e  Higiene;594965-59-CM25;52743400;Orden  de  Compra  generada  por  la  Gran  Compra:  76435;2025-07-02;2025-04-14;2025-04-14;2025-04-29;Recepción  Conforme;76435;70.574.900-0;Regional  Lib  Bdo  Ohiggins;FUNDACION  EDUCACIONAL  PARA  EL  DESAROLLO  INTEGRAL  DE  LA  NIÑEZ;OCARROL  0145  RANCAGUA;Rancagua;FUNDACION  EDUCACIONAL  PARA  EL  DESAROLLO  INTEGRAL  DE  LA  NIÑEZ;1900489;ESCOBILLÓN  AVALCO  ESCOBA  DE  RAMA  EXTERIOR  MANGO  MADERA  UNIDAD  REGIÓN  VI;ESCOBILLÓN;5872;5870;0;110;645700;No;CASTILLA  Y  ARAGON  SPA;CASTILLA  Y  ARAGON  SPA;96.989.530-7
2239-9-LR22;5800319;Convenio  Marco  de  Artículos  de  Aseo  e  Higiene;594965-59-CM25;52743400;Orden  de  Compra  generada  por  la  Gran  Compra:  76435;2025-07-02;2025-04-14;2025-04-14;2025-04-29;Recepción  Conforme;76435;70.574.900-0;Regional  Lib  Bdo  Ohiggins;FUNDACION  EDUCACIONAL  PARA  EL  DESAROLLO  INTEGRAL  DE  LA  NIÑEZ;OCARROL  0145  RANCAGUA;Rancagua;FUNDACION  EDUCACIONAL  PARA  EL  DESAROLLO  INTEGRAL  DE  LA  NIÑEZ;1896528;CLORO  CONCENTRADO  DOÑA  FRESIA  5%  5000  ML  UNIDAD  REGIÓN  VI;CLORO  CONCENTRADO;3314;3310;0;1020;3376200;No;CASTILLA  Y  ARAGON  SPA;CASTILLA  Y  ARAGON  SPA;96.989.530-7
2239-9-LR22;5800319;Convenio  Marco  de  Artículos  de  Aseo  e  Higiene;594965-59-CM25;52743400;Orden  de  Compra  generada  por  la  Gran  Compra:  76435;2025-07-02;2025-04-14;2025-04-14;2025-04-29;Recepción  Conforme;76435;70.574.900-0;Regional  Lib  Bdo  Ohiggins;FUNDACION  EDUCACIONAL  PARA  EL  DESAROLLO  INTEGRAL  DE  LA  NIÑEZ;OCARROL  0145  RANCAGUA;Rancagua;FUNDACION  EDUCACIONAL  PARA  EL  DESAROLLO  INTEGRAL  DE  LA  NIÑEZ;1923473;SERVILLETAS  DESECHABLES  TORK  CÓCTEL  HOJA  SIMPLE  200  UNIDADES  1  PAQUETE  REGIÓN  VI;SERVILLETAS  DESECHABLES;869;860;1;1630;1401800;No;CASTILLA  Y  ARAGON  SPA;CASTILLA  Y  ARAGON  SPA;96.989.530-7
2239-9-LR22;5800319;Convenio  Marco  de  Artículos  de  Aseo  e  Higiene;594965-59-CM25;52743400;Orden  de  Compra  generada  por  la  Gran  Compra:  76435;2025-07-02;2025-04-14;2025-04-14;2025-04-29;Recepción  Conforme;76435;70.574.900-0;Regional  Lib  Bdo  Ohiggins;FUNDACION  EDUCACIONAL  PARA  EL  DESAROLLO  INTEGRAL  DE  LA  NIÑEZ;OCARROL  0145  RANCAGUA;Rancagua;FUNDACION  EDUCACIONAL  PARA  EL  DESAROLLO  INTEGRAL  DE  LA  NIÑEZ;1912491;LÍQUIDO  LIMPIAVIDRIOS  VIRUTEX  BOTELLA  C/PULVERIZADOR  500  CC  UNIDAD  REGIÓN  VI;LÍQUIDO  LIMPIAVIDRIOS;1137;966;15;900;869400;No;PROVEEDORES  INTEGRALES  PRISA  S  A;PROVEEDORES  INTEGRALES  PRISA  S  A;96.556.940-5
2239-9-LR22;5800319;Convenio  Marco  de  Artículos  de  Aseo  e  Higiene;594965-59-CM25;52743400;Orden  de  Compra  generada  por  la  Gran  Compra:  76435;2025-07-02;2025-04-14;2025-04-14;2025-04-29;Recepción  Conforme;76435;70.574.900-0;Regional  Lib  Bdo  Ohiggins;FUNDACION  EDUCACIONAL  PARA  EL  DESAROLLO  INTEGRAL  DE  LA  NIÑEZ;OCARROL  0145  RANCAGUA;Rancagua;FUNDACION  EDUCACIONAL  PARA  EL  DESAROLLO  INTEGRAL  DE  LA  NIÑEZ;1902104;ESCOBILLÓN  VIRUTEX  PRO  USO  INTERIOR  FIBRA  SUAVE  MANGO  METÁLICO  32  CM  UNIDAD  REGIÓN  VI;ESCOBILLÓN;2047;2047;0;200;409400;No;CASTILLA  Y  ARAGON  SPA;CASTILLA  Y  ARAGON  SPA;96.989.530-7
2239-9-LR22;5800319;Convenio  Marco  de  Artículos  de  Aseo  e  Higiene;594965-59-CM25;52743400;Orden  de  Compra  generada  por  la  Gran  Compra:  76435;2025-07-02;2025-04-14;2025-04-14;2025-04-29;Recepción  Conforme;76435;70.574.900-0;Regional  Lib  Bdo  Ohiggins;FUNDACION  EDUCACIONAL  PARA  EL  DESAROLLO  INTEGRAL  DE  LA  NIÑEZ;OCARROL  0145  RANCAGUA;Rancagua;FUNDACION  EDUCACIONAL  PARA  EL  DESAROLLO  INTEGRAL  DE  LA  NIÑEZ;1918441;PAÑO  ABSORBENTE  MULTIUSO  VIRUTEX  PRO  RESISTENTE  AL  CLORO  PAQUETE  DE  6  UNIDADES  REGIÓN  VI;PAÑO  ABSORBENTE  MULTIUSO;1941;1600;18;1000;1600000;No;PROVEEDORES  INTEGRALES  PRISA  S  A;PROVEEDORES  INTEGRALES  PRISA  S  A;96.556.940-5
2239-9-LR22;5800319;Convenio  Marco  de  Artículos  de  Aseo  e  Higiene;594965-59-CM25;52743400;Orden  de  Compra  generada  por  la  Gran  Compra:  76435;2025-07-02;2025-04-14;2025-04-14;2025-04-29;Recepción  Conforme;76435;70.574.900-0;Regional  Lib  Bdo  Ohiggins;FUNDACION  EDUCACIONAL  PARA  EL  DESAROLLO  INTEGRAL  DE  LA  NIÑEZ;OCARROL  0145  RANCAGUA;Rancagua;FUNDACION  EDUCACIONAL  PARA  EL  DESAROLLO  INTEGRAL  DE  LA  NIÑEZ;1913596;PALA  DE  ASEO  VIRUTEX  PRO  PLÁSTICA  MANGO  CORTO  80  CM  UNIDAD  REGIÓN  VI;PALA  DE  ASEO;1726;1760;-2;150;264000;Si;MG  PUBLICIDAD  Y  EVENTOS  SPA;MG  PUBLICIDAD  Y  EVENTOS  SPA;76.202.065-3
2239-9-LR22;5800319;Convenio  Marco  de  Artículos  de  Aseo  e  Higiene;594965-59-CM25;52743400;Orden  de  Compra  generada  por  la  Gran  Compra:  76435;2025-07-02;2025-04-14;2025-04-14;2025-04-29;Recepción  Conforme;76435;70.574.900-0;Regional  Lib  Bdo  Ohiggins;FUNDACION  EDUCACIONAL  PARA  EL  DESAROLLO  INTEGRAL  DE  LA  NIÑEZ;OCARROL  0145  RANCAGUA;Rancagua;FUNDACION  EDUCACIONAL  PARA  EL  DESAROLLO  INTEGRAL  DE  LA  NIÑEZ;1923983;TOALLA  DE  PAPEL  ELITE  PROFESSIONAL  DOBLE  HOJA  200  M  2  ROLLOS  REGIÓN  VI;TOALLA  DE  PAPEL;11978;11975;0;2500;29937500;No;CASTILLA  Y  ARAGON  SPA;CASTILLA  Y  ARAGON  SPA;96.989.530-7
2239-9-LR22;5800319;Convenio  Marco  de  Artículos  de  Aseo  e  Higiene;594965-59-CM25;52743400;Orden  de  Compra  generada  por  la  Gran  Compra:  76435;2025-07-02;2025-04-14;2025-04-14;2025-04-29;Recepción  Conforme;76435;70.574.900-0;Regional  Lib  Bdo  Ohiggins;FUNDACION  EDUCACIONAL  PARA  EL  DESAROLLO  INTEGRAL  DE  LA  NIÑEZ;OCARROL  0145  RANCAGUA;Rancagua;FUNDACION  EDUCACIONAL  PARA  EL  DESAROLLO  INTEGRAL  DE  LA  NIÑEZ;1918271;PAÑO  ABSORBENTE  MULTIUSO  VIRUTEX  CELULOSA  PAQUETE  DE  3  UNIDADES  REGIÓN  VI;PAÑO  ABSORBENTE  MULTIUSO;1418;1384;2;900;1245600;Si;MG  PUBLICIDAD  Y  EVENTOS  SPA;MG  PUBLICIDAD  Y  EVENTOS  SPA;76.202.065-3
2239-9-LR22;5800319;Convenio  Marco  de  Artículos  de  Aseo  e  Higiene;594965-59-CM25;52743400;Orden  de  Compra  generada  por  la  Gran  Compra:  76435;2025-07-02;2025-04-14;2025-04-14;2025-04-29;Recepción  Conforme;76435;70.574.900-0;Regional  Lib  Bdo  Ohiggins;FUNDACION  EDUCACIONAL  PARA  EL  DESAROLLO  INTEGRAL  DE  LA  NIÑEZ;OCARROL  0145  RANCAGUA;Rancagua;FUNDACION  EDUCACIONAL  PARA  EL  DESAROLLO  INTEGRAL  DE  LA  NIÑEZ;1926941;TRAPERO  REUTILIZABLE  VIRUTEX  REPUESTO  MOPA  MICROFIBRA  PLANA  45  CM  UNIDAD  REGIÓN  VI;TRAPERO  REUTILIZABLE;6027;5156;14;350;1804600;Si;MG  PUBLICIDAD  Y  EVENTOS  SPA;MG  PUBLICIDAD  Y  EVENTOS  SPA;76.202.065-3
2239-9-LR22;5800319;Convenio  Marco  de  Artículos  de  Aseo  e  Higiene;594965-59-CM25;52743400;Orden  de  Compra  generada  por  la  Gran  Compra:  76435;2025-07-02;2025-04-14;2025-04-14;2025-04-29;Recepción  Conforme;76435;70.574.900-0;Regional  Lib  Bdo  Ohiggins;FUNDACION  EDUCACIONAL  PARA  EL  DESAROLLO  INTEGRAL  DE  LA  NIÑEZ;OCARROL  0145  RANCAGUA;Rancagua;FUNDACION  EDUCACIONAL  PARA  EL  DESAROLLO  INTEGRAL  DE  LA  NIÑEZ;1900489;ESCOBILLÓN  AVALCO  ESCOBA  DE  RAMA  EXTERIOR  MANGO  MADERA  UNIDAD  REGIÓN  VI;ESCOBILLÓN;5872;5326;9;110;585860;No;PROVEEDORES  INTEGRALES  PRISA  S  A;PROVEEDORES  INTEGRALES  PRISA  S  A;96.556.940-5
2239-9-LR22;5800319;Convenio  Marco  de  Artículos  de  Aseo  e  Higiene;594965-59-CM25;52743400;Orden  de  Compra  generada  por  la  Gran  Compra:  76435;2025-07-02;2025-04-14;2025-04-14;2025-04-29;Recepción  Conforme;76435;70.574.900-0;Regional  Lib  Bdo  Ohiggins;FUNDACION  EDUCACIONAL  PARA  EL  DESAROLLO  INTEGRAL  DE  LA  NIÑEZ;OCARROL  0145  RANCAGUA;Rancagua;FUNDACION  EDUCACIONAL  PARA  EL  DESAROLLO  INTEGRAL  DE  LA  NIÑEZ;1906456;GUANTES  DE  LIMPIEZA  IMPEKE  MULTIUSO  FLOCADO  TALLA  L  PAR  REGIÓN  VI;GUANTES  DE  LIMPIEZA;791;750;5;300;225000;No;CASTILLA  Y  ARAGON  SPA;CASTILLA  Y  ARAGON  SPA;96.989.530-7
2239-9-LR22;5800319;Convenio  Marco  de  Artículos  de  Aseo  e  Higiene;594965-59-CM25;52743400;Orden  de  Compra  generada  por  la  Gran  Compra:  76435;2025-07-02;2025-04-14;2025-04-14;2025-04-29;Recepción  Conforme;76435;70.574.900-0;Regional  Lib  Bdo  Ohiggins;FUNDACION  EDUCACIONAL  PARA  EL  DESAROLLO  INTEGRAL  DE  LA  NIÑEZ;OCARROL  0145  RANCAGUA;Rancagua;FUNDACION  EDUCACIONAL  PARA  EL  DESAROLLO  INTEGRAL  DE  LA  NIÑEZ;1912134;LÍQUIDO  LIMPIAVIDRIOS  MR  ROB  BOTELLA  C/PULVERIZADOR  500  CC  UNIDAD  REGIÓN  VI;LÍQUIDO  LIMPIAVIDRIOS;1123;1120;0;900;1008000;No;CASTILLA  Y  ARAGON  SPA;CASTILLA  Y  ARAGON  SPA;96.989.530-7
2239-9-LR22;5800319;Convenio  Marco  de  Artículos  de  Aseo  e  Higiene;594965-59-CM25;52743400;Orden  de  Compra  generada  por  la  Gran  Compra:  76435;2025-07-02;2025-04-14;2025-04-14;2025-04-29;Recepción  Conforme;76435;70.574.900-0;Regional  Lib  Bdo  Ohiggins;FUNDACION  EDUCACIONAL  PARA  EL  DESAROLLO  INTEGRAL  DE  LA  NIÑEZ;OCARROL  0145  RANCAGUA;Rancagua;FUNDACION  EDUCACIONAL  PARA  EL  DESAROLLO  INTEGRAL  DE  LA  NIÑEZ;1896698;CLORO  CONCENTRADO  TREMEX  5%  5000  ML  UNIDAD  REGIÓN  VI;CLORO  CONCENTRADO;3862;3385;12;1020;3452700;Si;MG  PUBLICIDAD  Y  EVENTOS  SPA;MG  PUBLICIDAD  Y  EVENTOS  SPA;76.202.065-3
2239-9-LR22;5800319;Convenio  Marco  de  Artículos  de  Aseo  e  Higiene;594965-59-CM25;52743400;Orden  de  Compra  generada  por  la  Gran  Compra:  76435;2025-07-02;2025-04-14;2025-04-14;2025-04-29;Recepción  Conforme;76435;70.574.900-0;Regional  Lib  Bdo  Ohiggins;FUNDACION  EDUCACIONAL  PARA  EL  DESAROLLO  INTEGRAL  DE  LA  NIÑEZ;OCARROL  0145  RANCAGUA;Rancagua;FUNDACION  EDUCACIONAL  PARA  EL  DESAROLLO  INTEGRAL  DE  LA  NIÑEZ;1920209;PAPEL  HIGIÉNICO  ELITE  PROFESSIONAL  ALTO  METRAJE  DOBLE  HOJA  6  ROLLOS  250  M  1  PAQUETE  REGIÓN  VI;PAPEL  HIGIÉNICO;14070;12499;11;350;4374650;No;PROVEEDORES  INTEGRALES  PRISA  S  A;PROVEEDORES  INTEGRALES  PRISA  S  A;96.556.940-5
2239-9-LR22;5800319;Convenio  Marco  de  Artículos  de  Aseo  e  Higiene;594965-59-CM25;52743400;Orden  de  Compra  generada  por  la  Gran  Compra:  76435;2025-07-02;2025-04-14;2025-04-14;2025-04-29;Recepción  Conforme;76435;70.574.900-0;Regional  Lib  Bdo  Ohiggins;FUNDACION  EDUCACIONAL  PARA  EL  DESAROLLO  INTEGRAL  DE  LA  NIÑEZ;OCARROL  0145  RANCAGUA;Rancagua;FUNDACION  EDUCACIONAL  PARA  EL  DESAROLLO  INTEGRAL  DE  LA  NIÑEZ;1918271;PAÑO  ABSORBENTE  MULTIUSO  VIRUTEX  CELULOSA  PAQUETE  DE  3  UNIDADES  REGIÓN  VI;PAÑO  ABSORBENTE  MULTIUSO;1433;984;31;900;885600;No;PROVEEDORES  INTEGRALES  PRISA  S  A;PROVEEDORES  INTEGRALES  PRISA  S  A;96.556.940-5
2239-9-LR22;5800319;Convenio  Marco  de  Artículos  de  Aseo  e  Higiene;594965-59-CM25;52743400;Orden  de  Compra  generada  por  la  Gran  Compra:  76435;2025-07-02;2025-04-14;2025-04-14;2025-04-29;Recepción  Conforme;76435;70.574.900-0;Regional  Lib  Bdo  Ohiggins;FUNDACION  EDUCACIONAL  PARA  EL  DESAROLLO  INTEGRAL  DE  LA  NIÑEZ;OCARROL  0145  RANCAGUA;Rancagua;FUNDACION  EDUCACIONAL  PARA  EL  DESAROLLO  INTEGRAL  DE  LA  NIÑEZ;1922674;SERVILLETAS  DESECHABLES  AVALCO  CÓCTEL  HOJA  SIMPLE  200  UNIDADES  1  PAQUETE  REGIÓN  VI;SERVILLETAS  DESECHABLES;742;570;23;1630;929100;Si;MG  PUBLICIDAD  Y  EVENTOS  SPA;MG  PUBLICIDAD  Y  EVENTOS  SPA;76.202.065-3
2239-9-LR22;5800319;Convenio  Marco  de  Artículos  de  Aseo  e  Higiene;594965-59-CM25;52743400;Orden  de  Compra  generada  por  la  Gran  Compra:  76435;2025-07-02;2025-04-14;2025-04-14;2025-04-29;Recepción  Conforme;76435;70.574.900-0;Regional  Lib  Bdo  Ohiggins;FUNDACION  EDUCACIONAL  PARA  EL  DESAROLLO  INTEGRAL  DE  LA  NIÑEZ;OCARROL  0145  RANCAGUA;Rancagua;FUNDACION  EDUCACIONAL  PARA  EL  DESAROLLO  INTEGRAL  DE  LA  NIÑEZ;1903787;ESPONJA  VIRUTEX  LISA  C/FIBRA  ABRASIVA  UNIDAD  REGIÓN  VI;ESPONJA;140;99;29;400;39600;Si;MG  PUBLICIDAD  Y  EVENTOS  SPA;MG  PUBLICIDAD  Y  EVENTOS  SPA;76.202.065-3
2239-9-LR22;5800319;Convenio  Marco  de  Artículos  de  Aseo  e  Higiene;594965-59-CM25;52743400;Orden  de  Compra  generada  por  la  Gran  Compra:  76435;2025-07-02;2025-04-14;2025-04-14;2025-04-29;Recepción  Conforme;76435;70.574.900-0;Regional  Lib  Bdo  Ohiggins;FUNDACION  EDUCACIONAL  PARA  EL  DESAROLLO  INTEGRAL  DE  LA  NIÑEZ;OCARROL  0145  RANCAGUA;Rancagua;FUNDACION  EDUCACIONAL  PARA  EL  DESAROLLO  INTEGRAL  DE  LA  NIÑEZ;1900489;ESCOBILLÓN  AVALCO  ESCOBA  DE  RAMA  EXTERIOR  MANGO  MADERA  UNIDAD  REGIÓN  VI;ESCOBILLÓN;6357;4290;33;110;471900;Si;MG  PUBLICIDAD  Y  EVENTOS  SPA;MG  PUBLICIDAD  Y  EVENTOS  SPA;76.202.065-3
2239-9-LR22;5800319;Convenio  Marco  de  Artículos  de  Aseo  e  Higiene;594965-59-CM25;52743400;Orden  de  Compra  generada  por  la  Gran  Compra:  76435;2025-07-02;2025-04-14;2025-04-14;2025-04-29;Recepción  Conforme;76435;70.574.900-0;Regional  Lib  Bdo  Ohiggins;FUNDACION  EDUCACIONAL  PARA  EL  DESAROLLO  INTEGRAL  DE  LA  NIÑEZ;OCARROL  0145  RANCAGUA;Rancagua;FUNDACION  EDUCACIONAL  PARA  EL  DESAROLLO  INTEGRAL  DE  LA  NIÑEZ;1920226;PAPEL  HIGIÉNICO  ELITE  PROFESSIONAL  ALTO  METRAJE  HOJA  SIMPLE  4  ROLLOS  500  M  1  PAQUETE  REGIÓN  VI;PAPEL  HIGIÉNICO;9653;7386;23;760;5613360;No;PROVEEDORES  INTEGRALES  PRISA  S  A;PROVEEDORES  INTEGRALES  PRISA  S  A;96.556.940-5
2239-9-LR22;5800319;Convenio  Marco  de  Artículos  de  Aseo  e  Higiene;594965-59-CM25;52743400;Orden  de  Compra  generada  por  la  Gran  Compra:  76435;2025-07-02;2025-04-14;2025-04-14;2025-04-29;Recepción  Conforme;76435;70.574.900-0;Regional  Lib  Bdo  Ohiggins;FUNDACION  EDUCACIONAL  PARA  EL  DESAROLLO  INTEGRAL  DE  LA  NIÑEZ;OCARROL  0145  RANCAGUA;Rancagua;FUNDACION  EDUCACIONAL  PARA  EL  DESAROLLO  INTEGRAL  DE  LA  NIÑEZ;1912491;LÍQUIDO  LIMPIAVIDRIOS  VIRUTEX  BOTELLA  C/PULVERIZADOR  500  CC  UNIDAD  REGIÓN  VI;LÍQUIDO  LIMPIAVIDRIOS;1090;1028;6;900;925200;Si;MG  PUBLICIDAD  Y  EVENTOS  SPA;MG  PUBLICIDAD  Y  EVENTOS  SPA;76.202.065-3
2239-9-LR22;5800319;Convenio  Marco  de  Artículos  de  Aseo  e  Higiene;594965-59-CM25;52743400;Orden  de  Compra  generada  por  la  Gran  Compra:  76435;2025-07-02;2025-04-14;2025-04-14;2025-04-29;Recepción  Conforme;76435;70.574.900-0;Regional  Lib  Bdo  Ohiggins;FUNDACION  EDUCACIONAL  PARA  EL  DESAROLLO  INTEGRAL  DE  LA  NIÑEZ;OCARROL  0145  RANCAGUA;Rancagua;FUNDACION  EDUCACIONAL  PARA  EL  DESAROLLO  INTEGRAL  DE  LA  NIÑEZ;1923983;TOALLA  DE  PAPEL  ELITE  PROFESSIONAL  DOBLE  HOJA  200  M  2  ROLLOS  REGIÓN  VI;TOALLA  DE  PAPEL;10440;8090;23;2500;20225000;Si;MG  PUBLICIDAD  Y  EVENTOS  SPA;MG  PUBLICIDAD  Y  EVENTOS  SPA;76.202.065-3
2239-9-LR22;5800319;Convenio  Marco  de  Artículos  de  Aseo  e  Higiene;594965-59-CM25;52743400;Orden  de  Compra  generada  por  la  Gran  Compra:  76435;2025-07-02;2025-04-14;2025-04-14;2025-04-29;Recepción  Conforme;76435;70.574.900-0;Regional  Lib  Bdo  Ohiggins;FUNDACION  EDUCACIONAL  PARA  EL  DESAROLLO  INTEGRAL  DE  LA  NIÑEZ;OCARROL  0145  RANCAGUA;Rancagua;FUNDACION  EDUCACIONAL  PARA  EL  DESAROLLO  INTEGRAL  DE  LA  NIÑEZ;1932843;JABÓN  TREMEX  AROMATICO  LÍQUIDO  BIDÓN  5  L  UNIDAD  REGIÓN  VI;JABÓN;5504;5500;0;400;2200000;No;CASTILLA  Y  ARAGON  SPA;CASTILLA  Y  ARAGON  SPA;96.989.530-7
2239-9-LR22;5800319;Convenio  Marco  de  Artículos  de  Aseo  e  Higiene;594965-59-CM25;52743400;Orden  de  Compra  generada  por  la  Gran  Compra:  76435;2025-07-02;2025-04-14;2025-04-14;2025-04-29;Recepción  Conforme;76435;70.574.900-0;Regional  Lib  Bdo  Ohiggins;FUNDACION  EDUCACIONAL  PARA  EL  DESAROLLO  INTEGRAL  DE  LA  NIÑEZ;OCARROL  0145  RANCAGUA;Rancagua;FUNDACION  EDUCACIONAL  PARA  EL  DESAROLLO  INTEGRAL  DE  LA  NIÑEZ;1927043;TRAPERO  REUTILIZABLE  WINKLER  ABSORVENTE  DOBLE  C/OJAL  50X50  CM  UNIDAD  REGIÓN  VI;TRAPERO  REUTILIZABLE;1058;1050;1;1200;1260000;Si;MG  PUBLICIDAD  Y  EVENTOS  SPA;MG  PUBLICIDAD  Y  EVENTOS  SPA;76.202.065-3
2239-9-LR22;5800319;Convenio  Marco  de  Artículos  de  Aseo  e  Higiene;594965-59-CM25;52743400;Orden  de  Compra  generada  por  la  Gran  Compra:  76435;2025-07-02;2025-04-14;2025-04-14;2025-04-29;Recepción  Conforme;76435;70.574.900-0;Regional  Lib  Bdo  Ohiggins;FUNDACION  EDUCACIONAL  PARA  EL  DESAROLLO  INTEGRAL  DE  LA  NIÑEZ;OCARROL  0145  RANCAGUA;Rancagua;FUNDACION  EDUCACIONAL  PARA  EL  DESAROLLO  INTEGRAL  DE  LA  NIÑEZ;1920226;PAPEL  HIGIÉNICO  ELITE  PROFESSIONAL  ALTO  METRAJE  HOJA  SIMPLE  4  ROLLOS  500  M  1  PAQUETE  REGIÓN  VI;PAPEL  HIGIÉNICO;7350;7256;1;760;5514560;Si;MG  PUBLICIDAD  Y  EVENTOS  SPA;MG  PUBLICIDAD  Y  EVENTOS  SPA;76.202.065-3
2239-9-LR22;5800319;Convenio  Marco  de  Artículos  de  Aseo  e  Higiene;594965-59-CM25;52743400;Orden  de  Compra  generada  por  la  Gran  Compra:  76435;2025-07-02;2025-04-14;2025-04-14;2025-04-29;Recepción  Conforme;76435;70.574.900-0;Regional  Lib  Bdo  Ohiggins;FUNDACION  EDUCACIONAL  PARA  EL  DESAROLLO  INTEGRAL  DE  LA  NIÑEZ;OCARROL  0145  RANCAGUA;Rancagua;FUNDACION  EDUCACIONAL  PARA  EL  DESAROLLO  INTEGRAL  DE  LA  NIÑEZ;1918441;PAÑO  ABSORBENTE  MULTIUSO  VIRUTEX  PRO  RESISTENTE  AL  CLORO  PAQUETE  DE  6  UNIDADES  REGIÓN  VI;PAÑO  ABSORBENTE  MULTIUSO;1702;1702;0;1000;1702000;Si;MG  PUBLICIDAD  Y  EVENTOS  SPA;MG  PUBLICIDAD  Y  EVENTOS  SPA;76.202.065-3
2239-9-LR22;5800319;Convenio  Marco  de  Artículos  de  Aseo  e  Higiene;594965-59-CM25;52743400;Orden  de  Compra  generada  por  la  Gran  Compra:  76435;2025-07-02;2025-04-14;2025-04-14;2025-04-29;Recepción  Conforme;76435;70.574.900-0;Regional  Lib  Bdo  Ohiggins;FUNDACION  EDUCACIONAL  PARA  EL  DESAROLLO  INTEGRAL  DE  LA  NIÑEZ;OCARROL  0145  RANCAGUA;Rancagua;FUNDACION  EDUCACIONAL  PARA  EL  DESAROLLO  INTEGRAL  DE  LA  NIÑEZ;1902104;ESCOBILLÓN  VIRUTEX  PRO  USO  INTERIOR  FIBRA  SUAVE  MANGO  METÁLICO  32  CM  UNIDAD  REGIÓN  VI;ESCOBILLÓN;1991;1870;6;200;374000;No;PROVEEDORES  INTEGRALES  PRISA  S  A;PROVEEDORES  INTEGRALES  PRISA  S  A;96.556.940-5
2239-9-LR22;5800319;Convenio  Marco  de  Artículos  de  Aseo  e  Higiene;594965-59-CM25;52743400;Orden  de  Compra  generada  por  la  Gran  Compra:  76435;2025-07-02;2025-04-14;2025-04-14;2025-04-29;Recepción  Conforme;76435;70.574.900-0;Regional  Lib  Bdo  Ohiggins;FUNDACION  EDUCACIONAL  PARA  EL  DESAROLLO  INTEGRAL  DE  LA  NIÑEZ;OCARROL  0145  RANCAGUA;Rancagua;FUNDACION  EDUCACIONAL  PARA  EL  DESAROLLO  INTEGRAL  DE  LA  NIÑEZ;1926873;TRAPERO  REUTILIZABLE  VIRUTEX  PRO  ABSORVENTE  DOBLE  C/OJAL  50X50  CM  UNIDAD  REGIÓN  VI;TRAPERO  REUTILIZABLE;1254;1052;16;1200;1262400;No;PROVEEDORES  INTEGRALES  PRISA  S  A;PROVEEDORES  INTEGRALES  PRISA  S  A;96.556.940-5
2239-9-LR22;5800319;Convenio  Marco  de  Artículos  de  Aseo  e  Higiene;594965-59-CM25;52743400;Orden  de  Compra  generada  por  la  Gran  Compra:  76435;2025-07-02;2025-04-14;2025-04-14;2025-04-29;Recepción  Conforme;76435;70.574.900-0;Regional  Lib  Bdo  Ohiggins;FUNDACION  EDUCACIONAL  PARA  EL  DESAROLLO  INTEGRAL  DE  LA  NIÑEZ;OCARROL  0145  RANCAGUA;Rancagua;FUNDACION  EDUCACIONAL  PARA  EL  DESAROLLO  INTEGRAL  DE  LA  NIÑEZ;1946910;TOALLA  DE  PAPEL  ELITE  EVOLUTION+  250  METROS  2  ROLLOS  1  PAQUETE  REGIÓN  VI;TOALLA  DE  PAPEL;11629;9390;19;2860;26855400;Si;MG  PUBLICIDAD  Y  EVENTOS  SPA;MG  PUBLICIDAD  Y  EVENTOS  SPA;76.202.065-3
2239-9-LR22;5800319;Convenio  Marco  de  Artículos  de  Aseo  e  Higiene;594965-59-CM25;52743400;Orden  de  Compra  generada  por  la  Gran  Compra:  76435;2025-07-02;2025-04-14;2025-04-14;2025-04-29;Recepción  Conforme;76435;70.574.900-0;Regional  Lib  Bdo  Ohiggins;FUNDACION  EDUCACIONAL  PARA  EL  DESAROLLO  INTEGRAL  DE  LA  NIÑEZ;OCARROL  0145  RANCAGUA;Rancagua;FUNDACION  EDUCACIONAL  PARA  EL  DESAROLLO  INTEGRAL  DE  LA  NIÑEZ;1903107;ESPONJA  FIBRO  CHILE  ANTIBACTERIAL  C/FIBRA  ABRASIVA  UNIDAD  REGIÓN  VI;ESPONJA;353;349;1;400;139600;No;PROVEEDORES  INTEGRALES  PRISA  S  A;PROVEEDORES  INTEGRALES  PRISA  S  A;96.556.940-5
2239-9-LR22;5800319;Convenio  Marco  de  Artículos  de  Aseo  e  Higiene;594965-59-CM25;52743400;Orden  de  Compra  generada  por  la  Gran  Compra:  76435;2025-07-02;2025-04-14;2025-04-14;2025-04-29;Recepción  Conforme;76435;70.574.900-0;Regional  Lib  Bdo  Ohiggins;FUNDACION  EDUCACIONAL  PARA  EL  DESAROLLO  INTEGRAL  DE  LA  NIÑEZ;OCARROL  0145  RANCAGUA;Rancagua;FUNDACION  EDUCACIONAL  PARA  EL  DESAROLLO  INTEGRAL  DE  LA  NIÑEZ;1903107;ESPONJA  FIBRO  CHILE  ANTIBACTERIAL  C/FIBRA  ABRASIVA  UNIDAD  REGIÓN  VI;ESPONJA;396;382;4;400;152800;No;CASTILLA  Y  ARAGON  SPA;CASTILLA  Y  ARAGON  SPA;96.989.530-7
2239-9-LR22;5800319;Convenio  Marco  de  Artículos  de  Aseo  e  Higiene;594965-59-CM25;52743400;Orden  de  Compra  generada  por  la  Gran  Compra:  76435;2025-07-02;2025-04-14;2025-04-14;2025-04-29;Recepción  Conforme;76435;70.574.900-0;Regional  Lib  Bdo  Ohiggins;FUNDACION  EDUCACIONAL  PARA  EL  DESAROLLO  INTEGRAL  DE  LA  NIÑEZ;OCARROL  0145  RANCAGUA;Rancagua;FUNDACION  EDUCACIONAL  PARA  EL  DESAROLLO  INTEGRAL  DE  LA  NIÑEZ;1926941;TRAPERO  REUTILIZABLE  VIRUTEX  REPUESTO  MOPA  MICROFIBRA  PLANA  45  CM  UNIDAD  REGIÓN  VI;TRAPERO  REUTILIZABLE;6243;4844;22;350;1695400;No;PROVEEDORES  INTEGRALES  PRISA  S  A;PROVEEDORES  INTEGRALES  PRISA  S  A;96.556.940-5
2239-9-LR22;5800319;Convenio  Marco  de  Artículos  de  Aseo  e  Higiene;594965-59-CM25;52743400;Orden  de  Compra  generada  por  la  Gran  Compra:  76435;2025-07-02;2025-04-14;2025-04-14;2025-04-29;Recepción  Conforme;76435;70.574.900-0;Regional  Lib  Bdo  Ohiggins;FUNDACION  EDUCACIONAL  PARA  EL  DESAROLLO  INTEGRAL  DE  LA  NIÑEZ;OCARROL  0145  RANCAGUA;Rancagua;FUNDACION  EDUCACIONAL  PARA  EL  DESAROLLO  INTEGRAL  DE  LA  NIÑEZ;1946910;TOALLA  DE  PAPEL  ELITE  EVOLUTION+  250  METROS  2  ROLLOS  1  PAQUETE  REGIÓN  VI;TOALLA  DE  PAPEL;11792;11790;0;2860;33719400;No;CASTILLA  Y  ARAGON  SPA;CASTILLA  Y  ARAGON  SPA;96.989.530-7
2239-9-LR22;5800319;Convenio  Marco  de  Artículos  de  Aseo  e  Higiene;594965-59-CM25;52743400;Orden  de  Compra  generada  por  la  Gran  Compra:  76435;2025-07-02;2025-04-14;2025-04-14;2025-04-29;Recepción  Conforme;76435;70.574.900-0;Regional  Lib  Bdo  Ohiggins;FUNDACION  EDUCACIONAL  PARA  EL  DESAROLLO  INTEGRAL  DE  LA  NIÑEZ;OCARROL  0145  RANCAGUA;Rancagua;FUNDACION  EDUCACIONAL  PARA  EL  DESAROLLO  INTEGRAL  DE  LA  NIÑEZ;1920226;PAPEL  HIGIÉNICO  ELITE  PROFESSIONAL  ALTO  METRAJE  HOJA  SIMPLE  4  ROLLOS  500  M  1  PAQUETE  REGIÓN  VI;PAPEL  HIGIÉNICO;9933;9930;0;760;7546800;No;CASTILLA  Y  ARAGON  SPA;CASTILLA  Y  ARAGON  SPA;96.989.530-7
2239-9-LR22;5800319;Convenio  Marco  de  Artículos  de  Aseo  e  Higiene;594965-59-CM25;52743400;Orden  de  Compra  generada  por  la  Gran  Compra:  76435;2025-07-02;2025-04-14;2025-04-14;2025-04-29;Recepción  Conforme;76435;70.574.900-0;Regional  Lib  Bdo  Ohiggins;FUNDACION  EDUCACIONAL  PARA  EL  DESAROLLO  INTEGRAL  DE  LA  NIÑEZ;OCARROL  0145  RANCAGUA;Rancagua;FUNDACION  EDUCACIONAL  PARA  EL  DESAROLLO  INTEGRAL  DE  LA  NIÑEZ;1906507;GUANTES  DE  LIMPIEZA  IMPEKE  MULTIUSO  GAMUZADO  TALLA  L  PAR  REGIÓN  VI;GUANTES  DE  LIMPIEZA;735;734;0;300;220200;No;PROVEEDORES  INTEGRALES  PRISA  S  A;PROVEEDORES  INTEGRALES  PRISA  S  A;96.556.940-5
2239-9-LR22;5800319;Convenio  Marco  de  Artículos  de  Aseo  e  Higiene;594965-59-CM25;52743400;Orden  de  Compra  generada  por  la  Gran  Compra:  76435;2025-07-02;2025-04-14;2025-04-14;2025-04-29;Recepción  Conforme;76435;70.574.900-0;Regional  Lib  Bdo  Ohiggins;FUNDACION  EDUCACIONAL  PARA  EL  DESAROLLO  INTEGRAL  DE  LA  NIÑEZ;OCARROL  0145  RANCAGUA;Rancagua;FUNDACION  EDUCACIONAL  PARA  EL  DESAROLLO  INTEGRAL  DE  LA  NIÑEZ;1945461;LAVALOZAS  CONCENTRADO  LAVADO  MANUAL  TREMEX  ANTIGRASA  CITRICO  750  ML  UNIDAD  REGIÓN  VI;LAVALOZAS  CONCENTRADO  LAVADO  MANUAL;1580;1196;24;650;777400;Si;MG  PUBLICIDAD  Y  EVENTOS  SPA;MG  PUBLICIDAD  Y  EVENTOS  SPA;76.202.065-3
2239-9-LR22;5800319;Convenio  Marco  de  Artículos  de  Aseo  e  Higiene;594965-59-CM25;52743400;Orden  de  Compra  generada  por  la  Gran  Compra:  76435;2025-07-02;2025-04-14;2025-04-14;2025-04-29;Recepción  Conforme;76435;70.574.900-0;Regional  Lib  Bdo  Ohiggins;FUNDACION  EDUCACIONAL  PARA  EL  DESAROLLO  INTEGRAL  DE  LA  NIÑEZ;OCARROL  0145  RANCAGUA;Rancagua;FUNDACION  EDUCACIONAL  PARA  EL  DESAROLLO  INTEGRAL  DE  LA  NIÑEZ;1907119;GUANTES  DE  LIMPIEZA  WINKLER  MULTIUSO  LATEX  TALLA  L  PAR  REGIÓN  VI;GUANTES  DE  LIMPIEZA;691;390;44;300;117000;Si;MG  PUBLICIDAD  Y  EVENTOS  SPA;MG  PUBLICIDAD  Y  EVENTOS  SPA;76.202.065-3
2239-9-LR22;5800319;Convenio  Marco  de  Artículos  de  Aseo  e  Higiene;594965-59-CM25;52743400;Orden  de  Compra  generada  por  la  Gran  Compra:  76435;2025-07-02;2025-04-14;2025-04-14;2025-04-29;Recepción  Conforme;76435;70.574.900-0;Regional  Lib  Bdo  Ohiggins;FUNDACION  EDUCACIONAL  PARA  EL  DESAROLLO  INTEGRAL  DE  LA  NIÑEZ;OCARROL  0145  RANCAGUA;Rancagua;FUNDACION  EDUCACIONAL  PARA  EL  DESAROLLO  INTEGRAL  DE  LA  NIÑEZ;1925292;TRAPERO  REUTILIZABLE  AVALCO  ABSORVENTE  DOBLE  C/OJAL  50X50  CM  UNIDAD  REGIÓN  VI;TRAPERO  REUTILIZABLE;1134;1130;0;1200;1356000;No;CASTILLA  Y  ARAGON  SPA;CASTILLA  Y  ARAGON  SPA;96.989.530-7
2239-9-LR22;5800319;Convenio  Marco  de  Artículos  de  Aseo  e  Higiene;594965-59-CM25;52743400;Orden  de  Compra  generada  por  la  Gran  Compra:  76435;2025-07-02;2025-04-14;2025-04-14;2025-04-29;Recepción  Conforme;76435;70.574.900-0;Regional  Lib  Bdo  Ohiggins;FUNDACION  EDUCACIONAL  PARA  EL  DESAROLLO  INTEGRAL  DE  LA  NIÑEZ;OCARROL  0145  RANCAGUA;Rancagua;FUNDACION  EDUCACIONAL  PARA  EL  DESAROLLO  INTEGRAL  DE  LA  NIÑEZ;1907136;GUANTES  DE  LIMPIEZA  WINKLER  MULTIUSO  LATEX  TALLA  M  PAR  REGIÓN  VI;GUANTES  DE  LIMPIEZA;534;390;27;130;50700;Si;MG  PUBLICIDAD  Y  EVENTOS  SPA;MG  PUBLICIDAD  Y  EVENTOS  SPA;76.202.065-3
2239-9-LR22;5800319;Convenio  Marco  de  Artículos  de  Aseo  e  Higiene;594965-59-CM25;52743400;Orden  de  Compra  generada  por  la  Gran  Compra:  76435;2025-07-02;2025-04-14;2025-04-14;2025-04-29;Recepción  Conforme;76435;70.574.900-0;Regional  Lib  Bdo  Ohiggins;FUNDACION  EDUCACIONAL  PARA  EL  DESAROLLO  INTEGRAL  DE  LA  NIÑEZ;OCARROL  0145  RANCAGUA;Rancagua;FUNDACION  EDUCACIONAL  PARA  EL  DESAROLLO  INTEGRAL  DE  LA  NIÑEZ;1946910;TOALLA  DE  PAPEL  ELITE  EVOLUTION+  250  METROS  2  ROLLOS  1  PAQUETE  REGIÓN  VI;TOALLA  DE  PAPEL;11608;8864;24;2860;25351040;No;PROVEEDORES  INTEGRALES  PRISA  S  A;PROVEEDORES  INTEGRALES  PRISA  S  A;96.556.940-5
2239-9-LR22;5800319;Convenio  Marco  de  Artículos  de  Aseo  e  Higiene;594965-59-CM25;52743400;Orden  de  Compra  generada  por  la  Gran  Compra:  76435;2025-07-02;2025-04-14;2025-04-14;2025-04-29;Recepción  Conforme;76435;70.574.900-0;Regional  Lib  Bdo  Ohiggins;FUNDACION  EDUCACIONAL  PARA  EL  DESAROLLO  INTEGRAL  DE  LA  NIÑEZ;OCARROL  0145  RANCAGUA;Rancagua;FUNDACION  EDUCACIONAL  PARA  EL  DESAROLLO  INTEGRAL  DE  LA  NIÑEZ;1923983;TOALLA  DE  PAPEL  ELITE  PROFESSIONAL  DOBLE  HOJA  200  M  2  ROLLOS  REGIÓN  VI;TOALLA  DE  PAPEL;11975;9090;24;2500;22725000;No;PROVEEDORES  INTEGRALES  PRISA  S  A;PROVEEDORES  INTEGRALES  PRISA  S  A;96.556.940-5
2239-9-LR22;5800319;Convenio  Marco  de  Artículos  de  Aseo  e  Higiene;594965-59-CM25;52743400;Orden  de  Compra  generada  por  la  Gran  Compra:  76435;2025-07-02;2025-04-14;2025-04-14;2025-04-29;Recepción  Conforme;76435;70.574.900-0;Regional  Lib  Bdo  Ohiggins;FUNDACION  EDUCACIONAL  PARA  EL  DESAROLLO  INTEGRAL  DE  LA  NIÑEZ;OCARROL  0145  RANCAGUA;Rancagua;FUNDACION  EDUCACIONAL  PARA  EL  DESAROLLO  INTEGRAL  DE  LA  NIÑEZ;1926941;TRAPERO  REUTILIZABLE  VIRUTEX  REPUESTO  MOPA  MICROFIBRA  PLANA  45  CM  UNIDAD  REGIÓN  VI;TRAPERO  REUTILIZABLE;6032;6030;0;350;2110500;No;CASTILLA  Y  ARAGON  SPA;CASTILLA  Y  ARAGON  SPA;96.989.530-7
2239-9-LR22;5800319;Convenio  Marco  de  Artículos  de  Aseo  e  Higiene;594965-59-CM25;52743400;Orden  de  Compra  generada  por  la  Gran  Compra:  76435;2025-07-02;2025-04-14;2025-04-14;2025-04-29;Recepción  Conforme;76435;70.574.900-0;Regional  Lib  Bdo  Ohiggins;FUNDACION  EDUCACIONAL  PARA  EL  DESAROLLO  INTEGRAL  DE  LA  NIÑEZ;OCARROL  0145  RANCAGUA;Rancagua;FUNDACION  EDUCACIONAL  PARA  EL  DESAROLLO  INTEGRAL  DE  LA  NIÑEZ;1913647;PALA  DE  ASEO  VIRUTEX  PRO  PLÁSTICA  MANGO  LARGO  80  CM  UNIDAD  REGIÓN  VI;PALA  DE  ASEO;1778;1653;7;150;247950;No;PROVEEDORES  INTEGRALES  PRISA  S  A;PROVEEDORES  INTEGRALES  PRISA  S  A;96.556.940-5
2239-9-LR22;5800319;Convenio  Marco  de  Artículos  de  Aseo  e  Higiene;594965-59-CM25;52743400;Orden  de  Compra  generada  por  la  Gran  Compra:  76435;2025-07-02;2025-04-14;2025-04-14;2025-04-29;Recepción  Conforme;76435;70.574.900-0;Regional  Lib  Bdo  Ohiggins;FUNDACION  EDUCACIONAL  PARA  EL  DESAROLLO  INTEGRAL  DE  LA  NIÑEZ;OCARROL  0145  RANCAGUA;Rancagua;FUNDACION  EDUCACIONAL  PARA  EL  DESAROLLO  INTEGRAL  DE  LA  NIÑEZ;1932843;JABÓN  TREMEX  AROMATICO  LÍQUIDO  BIDÓN  5  L  UNIDAD  REGIÓN  VI;JABÓN;5509;4874;12;400;1949600;No;PROVEEDORES  INTEGRALES  PRISA  S  A;PROVEEDORES  INTEGRALES  PRISA  S  A;96.556.940-5
2239-9-LR22;5800319;Convenio  Marco  de  Artículos  de  Aseo  e  Higiene;594965-59-CM25;52743400;Orden  de  Compra  generada  por  la  Gran  Compra:  76435;2025-07-02;2025-04-14;2025-04-14;2025-04-29;Recepción  Conforme;76435;70.574.900-0;Regional  Lib  Bdo  Ohiggins;FUNDACION  EDUCACIONAL  PARA  EL  DESAROLLO  INTEGRAL  DE  LA  NIÑEZ;OCARROL  0145  RANCAGUA;Rancagua;FUNDACION  EDUCACIONAL  PARA  EL  DESAROLLO  INTEGRAL  DE  LA  NIÑEZ;1932843;JABÓN  TREMEX  AROMATICO  LÍQUIDO  BIDÓN  5  L  UNIDAD  REGIÓN  VI;JABÓN;5612;5272;6;400;2108800;Si;MG  PUBLICIDAD  Y  EVENTOS  SPA;MG  PUBLICIDAD  Y  EVENTOS  SPA;76.202.065-3
2239-9-LR22;5800319;Convenio  Marco  de  Artículos  de  Aseo  e  Higiene;594965-59-CM25;52743400;Orden  de  Compra  generada  por  la  Gran  Compra:  76435;2025-07-02;2025-04-14;2025-04-14;2025-04-29;Recepción  Conforme;76435;70.574.900-0;Regional  Lib  Bdo  Ohiggins;FUNDACION  EDUCACIONAL  PARA  EL  DESAROLLO  INTEGRAL  DE  LA  NIÑEZ;OCARROL  0145  RANCAGUA;Rancagua;FUNDACION  EDUCACIONAL  PARA  EL  DESAROLLO  INTEGRAL  DE  LA  NIÑEZ;1945461;LAVALOZAS  CONCENTRADO  LAVADO  MANUAL  TREMEX  ANTIGRASA  CITRICO  750  ML  UNIDAD  REGIÓN  VI;LAVALOZAS  CONCENTRADO  LAVADO  MANUAL;1579;1575;0;650;1023750;No;CASTILLA  Y  ARAGON  SPA;CASTILLA  Y  ARAGON  SPA;96.989.530-7
2239-9-LR22;5800319;Convenio  Marco  de  Artículos  de  Aseo  e  Higiene;594965-59-CM25;52743400;Orden  de  Compra  generada  por  la  Gran  Compra:  76435;2025-07-02;2025-04-14;2025-04-14;2025-04-29;Recepción  Conforme;76435;70.574.900-0;Regional  Lib  Bdo  Ohiggins;FUNDACION  EDUCACIONAL  PARA  EL  DESAROLLO  INTEGRAL  DE  LA  NIÑEZ;OCARROL  0145  RANCAGUA;Rancagua;FUNDACION  EDUCACIONAL  PARA  EL  DESAROLLO  INTEGRAL  DE  LA  NIÑEZ;1918271;PAÑO  ABSORBENTE  MULTIUSO  VIRUTEX  CELULOSA  PAQUETE  DE  3  UNIDADES  REGIÓN  VI;PAÑO  ABSORBENTE  MULTIUSO;1706;1703;0;900;1532700;No;CASTILLA  Y  ARAGON  SPA;CASTILLA  Y  ARAGON  SPA;96.989.530-7
2239-9-LR22;5800319;Convenio  Marco  de  Artículos  de  Aseo  e  Higiene;594965-59-CM25;52743400;Orden  de  Compra  generada  por  la  Gran  Compra:  76435;2025-07-02;2025-04-14;2025-04-14;2025-04-29;Recepción  Conforme;76435;70.574.900-0;Regional  Lib  Bdo  Ohiggins;FUNDACION  EDUCACIONAL  PARA  EL  DESAROLLO  INTEGRAL  DE  LA  NIÑEZ;OCARROL  0145  RANCAGUA;Rancagua;FUNDACION  EDUCACIONAL  PARA  EL  DESAROLLO  INTEGRAL  DE  LA  NIÑEZ;2035608;PAPEL  HIGIÉNICO  ELITE  PROFESSIONAL  PLUS  HOJA  SIMPLE  400  METROS  4  ROLLOS  REGIÓN  VI;PAPEL  HIGIÉNICO;8399;8399;0;500;4199500;No;CASTILLA  Y  ARAGON  SPA;CASTILLA  Y  ARAGON  SPA;96.989.530-7
2239-9-LR22;5800319;Convenio  Marco  de  Artículos  de  Aseo  e  Higiene;594965-59-CM25;52743400;Orden  de  Compra  generada  por  la  Gran  Compra:  76435;2025-07-02;2025-04-14;2025-04-14;2025-04-29;Recepción  Conforme;76435;70.574.900-0;Regional  Lib  Bdo  Ohiggins;FUNDACION  EDUCACIONAL  PARA  EL  DESAROLLO  INTEGRAL  DE  LA  NIÑEZ;OCARROL  0145  RANCAGUA;Rancagua;FUNDACION  EDUCACIONAL  PARA  EL  DESAROLLO  INTEGRAL  DE  LA  NIÑEZ;2035608;PAPEL  HIGIÉNICO  ELITE  PROFESSIONAL  PLUS  HOJA  SIMPLE  400  METROS  4  ROLLOS  REGIÓN  VI;PAPEL  HIGIÉNICO;9367;7849;16;500;3924500;Si;MG  PUBLICIDAD  Y  EVENTOS  SPA;MG  PUBLICIDAD  Y  EVENTOS  SPA;76.202.065-3
2239-9-LR22;5800319;Convenio  Marco  de  Artículos  de  Aseo  e  Higiene;594965-59-CM25;52743400;Orden  de  Compra  generada  por  la  Gran  Compra:  76435;2025-07-02;2025-04-14;2025-04-14;2025-04-29;Recepción  Conforme;76435;70.574.900-0;Regional  Lib  Bdo  Ohiggins;FUNDACION  EDUCACIONAL  PARA  EL  DESAROLLO  INTEGRAL  DE  LA  NIÑEZ;OCARROL  0145  RANCAGUA;Rancagua;FUNDACION  EDUCACIONAL  PARA  EL  DESAROLLO  INTEGRAL  DE  LA  NIÑEZ;1945461;LAVALOZAS  CONCENTRADO  LAVADO  MANUAL  TREMEX  ANTIGRASA  CITRICO  750  ML  UNIDAD  REGIÓN  VI;LAVALOZAS  CONCENTRADO  LAVADO  MANUAL;1589;1144;28;650;743600;No;PROVEEDORES  INTEGRALES  PRISA  S  A;PROVEEDORES  INTEGRALES  PRISA  S  A;96.556.940-5
2239-9-LR22;5800319;Convenio  Marco  de  Artículos  de  Aseo  e  Higiene;594965-59-CM25;52743400;Orden  de  Compra  generada  por  la  Gran  Compra:  76435;2025-07-02;2025-04-14;2025-04-14;2025-04-29;Recepción  Conforme;76435;70.574.900-0;Regional  Lib  Bdo  Ohiggins;FUNDACION  EDUCACIONAL  PARA  EL  DESAROLLO  INTEGRAL  DE  LA  NIÑEZ;OCARROL  0145  RANCAGUA;Rancagua;FUNDACION  EDUCACIONAL  PARA  EL  DESAROLLO  INTEGRAL  DE  LA  NIÑEZ;2035608;PAPEL  HIGIÉNICO  ELITE  PROFESSIONAL  PLUS  HOJA  SIMPLE  400  METROS  4  ROLLOS  REGIÓN  VI;PAPEL  HIGIÉNICO;9380;7830;17;500;3915000;No;PROVEEDORES  INTEGRALES  PRISA  S  A;PROVEEDORES  INTEGRALES  PRISA  S  A;96.556.940-5
2239-11-LR24;5802370;Convenio  Marco  para  la  adquisición  de  licencias  de  software  de  ofimática  (Magento);867990-776-CM25;53144257;Orden  de  Compra  generada  por  la  Gran  Compra:  77616;2025-07-31;2025-07-01;2025-07-01;2025-07-15;Recepción  Conforme;77616;60.911.000-7;DEPARTAMENTO  DE  COORDINACIÓN  INSTITUCIONAL  -  DCI;UNIVERSIDAD  DE  SANTIAGO  DE  CHILE;Av.  L.  Bernardo  O  Higgins  3363  -  Estación  Central;Estación  Central;UNIVERSIDAD  DE  SANTIAGO  DE  CHILE;4193060;LICENCIA  GOOGLE  WORKSPACE  EDUCATION  PLUS  GAMA  1ED  VALOR  ANUAL;LICENCIA;4;3;21;60000;210000;No;NOVENTIQ  INTERNATIONAL  CHILE  SPA;NOVENTIQ  INTERNATIONAL  CHILE  SPA;76.232.892-5
2239-11-LR24;5802370;Convenio  Marco  para  la  adquisición  de  licencias  de  software  de  ofimática  (Magento);867990-776-CM25;53144257;Orden  de  Compra  generada  por  la  Gran  Compra:  77616;2025-07-31;2025-07-01;2025-07-01;2025-07-15;Recepción  Conforme;77616;60.911.000-7;DEPARTAMENTO  DE  COORDINACIÓN  INSTITUCIONAL  -  DCI;UNIVERSIDAD  DE  SANTIAGO  DE  CHILE;Av.  L.  Bernardo  O  Higgins  3363  -  Estación  Central;Estación  Central;UNIVERSIDAD  DE  SANTIAGO  DE  CHILE;4193060;LICENCIA  GOOGLE  WORKSPACE  EDUCATION  PLUS  GAMA  1ED  VALOR  ANUAL;LICENCIA;4;3;25;60000;207000;Si;MYRE  EDUCACION  LIMITADA;Mariana  Borquez;77.553.790-6
