NroLicitacionPublica;IdConvenioMarco;ConvenioMarco;CodigoOC;PorId;NombreOC;FechaEnvioOC;FechaCreacionGC;FechaInvitacion;FechaFinInvitacion;EstadoOC;IdGranCompra;RutUnidadCompra;UnidadCompra;RazonSocialComprador;DireccionUnidadCompra;ComunaUnidadCompra;Institucion;IdProductoCM;NombreProducto;TipoProducto;PrecioTienda;PrecioOfertaEspecial;DescuentoAplicado;CantidadFinal;PrecioOfertaFinal;Adjudicado;RazonSocialSucursal;NombreProveedor;RutProveedor
2239-11-LR24;5802370;Convenio  Marco  para  la  adquisición  de  licencias  de  software  de  ofimática  (Magento);1020-311-CM25;53319692;Adq  3.700  Licencias  Microsoft  Office  365  E1  (GC  77083);2025-08-26;2025-06-02;2025-06-03;2025-06-17;Aceptada;77083;61.202.000-0;MOP  Subsecretaría;MINISTERIO  DE  OBRAS  PUBLICAS  DIREC  CION  GRAL  DE  OO  PP  DCYF;;Santiago;MINISTERIO  DE  OBRAS  PUBLICAS  DIREC  CION  GRAL  DE  OO  PP  DCYF;4193083;LICENCIA  GOOGLE  WORKSPACE  ENTERPRISE  STANDARD  GAMA  3E  VALOR  ANUAL;LICENCIA;150;127;15;3700;473156;No;EMPRESA  NACIONAL  DE  TELECOMUNICACIONES  S  A;EMPRESA  NACIONAL  DE  TELECOMUNICACIONES  S.A.;92.580.000-7
2239-11-LR24;5802370;Convenio  Marco  para  la  adquisición  de  licencias  de  software  de  ofimática  (Magento);1020-311-CM25;53319692;Adq  3.700  Licencias  Microsoft  Office  365  E1  (GC  77083);2025-08-26;2025-06-02;2025-06-03;2025-06-17;Aceptada;77083;61.202.000-0;MOP  Subsecretaría;MINISTERIO  DE  OBRAS  PUBLICAS  DIREC  CION  GRAL  DE  OO  PP  DCYF;;Santiago;MINISTERIO  DE  OBRAS  PUBLICAS  DIREC  CION  GRAL  DE  OO  PP  DCYF;4193073;LICENCIA  MICROSOFT  OFFICE  365  E1  +  DEFENDER  P1  +  TEAMS  GAMA  1E  VALOR  ANUAL;LICENCIA;94;94;0;3700;348096;Si;MSLI  Latam  Inc.;MSLI  Latam  INC;880443249
2239-9-LR24;5802368;Convenio  Marco  para  la  adquisición  de  Alimentos  (Magento);1057544-12380-CM25;52793095;Orden  de  Compra  generada  por  la  Gran  Compra:  76628;2025-08-18;2025-04-24;2025-04-24;2025-05-09;Aceptada;76628;61.607.202-1;Bienes  y  Servicios;SERVICIO  DE  SALUD  DE  TALCAHUANO  HOSPITAL;Avenida  Alto  Horno,  777  Las  Higueras;Talcahuano;SERVICIO  DE  SALUD  DE  TALCAHUANO  HOSPITAL;4278172;VACUNO  MOLIDO  CONGELADO  10%  MG  BOLSA  1  K  UNIDAD  VIII  REGIÓN;VACUNO  MOLIDO  CONGELADO;5779;5798;0;6000;34788000;No;JOSE  VICENTE  SUAZO  BENITEZ;vicente  2009;8.693.714-k
2239-9-LR24;5802368;Convenio  Marco  para  la  adquisición  de  Alimentos  (Magento);1057544-12380-CM25;52793095;Orden  de  Compra  generada  por  la  Gran  Compra:  76628;2025-08-18;2025-04-24;2025-04-24;2025-05-09;Aceptada;76628;61.607.202-1;Bienes  y  Servicios;SERVICIO  DE  SALUD  DE  TALCAHUANO  HOSPITAL;Avenida  Alto  Horno,  777  Las  Higueras;Talcahuano;SERVICIO  DE  SALUD  DE  TALCAHUANO  HOSPITAL;4280756;LOMO  CENTRO  CERDO  SIN  MARINAR  BOLSA  1  K  UNIDAD  VIII  REGIÓN;LOMO  CENTRO  CERDO;6500;6200;5;240;1488000;No;VICTOR  ROSALES  COMERCIALIZADORA  E.I.R.L.;VICTOR  ROSALES  COMERCIALIZADORA  E.I.R.L.;76.100.933-8
2239-9-LR24;5802368;Convenio  Marco  para  la  adquisición  de  Alimentos  (Magento);1057544-12380-CM25;52793095;Orden  de  Compra  generada  por  la  Gran  Compra:  76628;2025-08-18;2025-04-24;2025-04-24;2025-05-09;Aceptada;76628;61.607.202-1;Bienes  y  Servicios;SERVICIO  DE  SALUD  DE  TALCAHUANO  HOSPITAL;Avenida  Alto  Horno,  777  Las  Higueras;Talcahuano;SERVICIO  DE  SALUD  DE  TALCAHUANO  HOSPITAL;4280144;PULPA  CERDO  CONGELADA  MARINADA  BOLSA  1  K  UNIDAD  VIII  REGIÓN;PULPA  CERDO  CONGELADA;4274;4270;0;240;1024800;Si;JOSE  VICENTE  SUAZO  BENITEZ;vicente  2009;8.693.714-k
2239-9-LR24;5802368;Convenio  Marco  para  la  adquisición  de  Alimentos  (Magento);1057544-12380-CM25;52793095;Orden  de  Compra  generada  por  la  Gran  Compra:  76628;2025-08-18;2025-04-24;2025-04-24;2025-05-09;Aceptada;76628;61.607.202-1;Bienes  y  Servicios;SERVICIO  DE  SALUD  DE  TALCAHUANO  HOSPITAL;Avenida  Alto  Horno,  777  Las  Higueras;Talcahuano;SERVICIO  DE  SALUD  DE  TALCAHUANO  HOSPITAL;4281606;CHULETA  CERDO  SIN  MARINAR  BOLSA  1  K  UNIDAD  VIII  REGIÓN;CHULETA  CERDO;4568;3647;20;240;875280;No;COMERCIAL  SEA  GARDEN  SPA;SEA  GARDEN  SPA;76.095.906-5
2239-9-LR24;5802368;Convenio  Marco  para  la  adquisición  de  Alimentos  (Magento);1057544-12380-CM25;52793095;Orden  de  Compra  generada  por  la  Gran  Compra:  76628;2025-08-18;2025-04-24;2025-04-24;2025-05-09;Aceptada;76628;61.607.202-1;Bienes  y  Servicios;SERVICIO  DE  SALUD  DE  TALCAHUANO  HOSPITAL;Avenida  Alto  Horno,  777  Las  Higueras;Talcahuano;SERVICIO  DE  SALUD  DE  TALCAHUANO  HOSPITAL;4298368;MERLUZA  CONGELADA  EL  GOLFO  FILETE  CON  PIEL  BOLSA  500  G  UNIDAD  VIII  REGIÓN;MERLUZA  CONGELADA;4197;4035;4;1680;6778800;No;SERVICIOS  INTEGRADOS  SIDAPT  LIMITADA;SERVICIOS  INTEGRADOS  SIDAPT  LIMITADA;76.299.358-9
2239-9-LR24;5802368;Convenio  Marco  para  la  adquisición  de  Alimentos  (Magento);1057544-12380-CM25;52793095;Orden  de  Compra  generada  por  la  Gran  Compra:  76628;2025-08-18;2025-04-24;2025-04-24;2025-05-09;Aceptada;76628;61.607.202-1;Bienes  y  Servicios;SERVICIO  DE  SALUD  DE  TALCAHUANO  HOSPITAL;Avenida  Alto  Horno,  777  Las  Higueras;Talcahuano;SERVICIO  DE  SALUD  DE  TALCAHUANO  HOSPITAL;4316693;SALMON  CONGELADO  LA  CRIANZA  TROZO  BOLSA  500  G  UNIDAD  XVI  REGIÓN;SALMON  CONGELADO;9498;9400;1;3840;36096000;No;JOSE  VICENTE  SUAZO  BENITEZ;vicente  2009;8.693.714-k
2239-9-LR24;5802368;Convenio  Marco  para  la  adquisición  de  Alimentos  (Magento);1057544-12380-CM25;52793095;Orden  de  Compra  generada  por  la  Gran  Compra:  76628;2025-08-18;2025-04-24;2025-04-24;2025-05-09;Aceptada;76628;61.607.202-1;Bienes  y  Servicios;SERVICIO  DE  SALUD  DE  TALCAHUANO  HOSPITAL;Avenida  Alto  Horno,  777  Las  Higueras;Talcahuano;SERVICIO  DE  SALUD  DE  TALCAHUANO  HOSPITAL;4280144;PULPA  CERDO  CONGELADA  MARINADA  BOLSA  1  K  UNIDAD  VIII  REGIÓN;PULPA  CERDO  CONGELADA;4273;3450;19;240;828000;No;COMERCIAL  SEA  GARDEN  SPA;SEA  GARDEN  SPA;76.095.906-5
2239-9-LR24;5802368;Convenio  Marco  para  la  adquisición  de  Alimentos  (Magento);1057544-12380-CM25;52793095;Orden  de  Compra  generada  por  la  Gran  Compra:  76628;2025-08-18;2025-04-24;2025-04-24;2025-05-09;Aceptada;76628;61.607.202-1;Bienes  y  Servicios;SERVICIO  DE  SALUD  DE  TALCAHUANO  HOSPITAL;Avenida  Alto  Horno,  777  Las  Higueras;Talcahuano;SERVICIO  DE  SALUD  DE  TALCAHUANO  HOSPITAL;4279804;TRUTRO  ENTERO  POLLO  MARINADO  BOLSA  1  K  UNIDAD  VIII  REGIÓN;TRUTRO  ENTERO  POLLO;3912;3546;9;12000;42552000;No;MANOR  SPA;MANOR  SPA;77.909.179-1
2239-9-LR24;5802368;Convenio  Marco  para  la  adquisición  de  Alimentos  (Magento);1057544-12380-CM25;52793095;Orden  de  Compra  generada  por  la  Gran  Compra:  76628;2025-08-18;2025-04-24;2025-04-24;2025-05-09;Aceptada;76628;61.607.202-1;Bienes  y  Servicios;SERVICIO  DE  SALUD  DE  TALCAHUANO  HOSPITAL;Avenida  Alto  Horno,  777  Las  Higueras;Talcahuano;SERVICIO  DE  SALUD  DE  TALCAHUANO  HOSPITAL;4279617;VACUNO  MOLIDO  CONGELADO  2%  MG  BOLSA  1  K  UNIDAD  VIII  REGIÓN;VACUNO  MOLIDO  CONGELADO;8611;8610;0;6000;51660000;No;ADM  SPA.;ADM  SPA.;77.909.208-9
2239-9-LR24;5802368;Convenio  Marco  para  la  adquisición  de  Alimentos  (Magento);1057544-12380-CM25;52793095;Orden  de  Compra  generada  por  la  Gran  Compra:  76628;2025-08-18;2025-04-24;2025-04-24;2025-05-09;Aceptada;76628;61.607.202-1;Bienes  y  Servicios;SERVICIO  DE  SALUD  DE  TALCAHUANO  HOSPITAL;Avenida  Alto  Horno,  777  Las  Higueras;Talcahuano;SERVICIO  DE  SALUD  DE  TALCAHUANO  HOSPITAL;4291075;SALMON  CONGELADO  AQUA  FILETE  BOLSA  500  G  UNIDAD  VIII  REGIÓN;SALMON  CONGELADO;8900;8500;4;3840;32640000;No;VICTOR  ROSALES  COMERCIALIZADORA  E.I.R.L.;VICTOR  ROSALES  COMERCIALIZADORA  E.I.R.L.;76.100.933-8
2239-9-LR24;5802368;Convenio  Marco  para  la  adquisición  de  Alimentos  (Magento);1057544-12380-CM25;52793095;Orden  de  Compra  generada  por  la  Gran  Compra:  76628;2025-08-18;2025-04-24;2025-04-24;2025-05-09;Aceptada;76628;61.607.202-1;Bienes  y  Servicios;SERVICIO  DE  SALUD  DE  TALCAHUANO  HOSPITAL;Avenida  Alto  Horno,  777  Las  Higueras;Talcahuano;SERVICIO  DE  SALUD  DE  TALCAHUANO  HOSPITAL;4278172;VACUNO  MOLIDO  CONGELADO  10%  MG  BOLSA  1  K  UNIDAD  VIII  REGIÓN;VACUNO  MOLIDO  CONGELADO;5780;5780;0;6000;34680000;No;ENZO  FABIAN  MARQUEZ  CABELLO;Enzo  Marquez  C;14.500.264-8
2239-9-LR24;5802368;Convenio  Marco  para  la  adquisición  de  Alimentos  (Magento);1057544-12380-CM25;52793095;Orden  de  Compra  generada  por  la  Gran  Compra:  76628;2025-08-18;2025-04-24;2025-04-24;2025-05-09;Aceptada;76628;61.607.202-1;Bienes  y  Servicios;SERVICIO  DE  SALUD  DE  TALCAHUANO  HOSPITAL;Avenida  Alto  Horno,  777  Las  Higueras;Talcahuano;SERVICIO  DE  SALUD  DE  TALCAHUANO  HOSPITAL;4280756;LOMO  CENTRO  CERDO  SIN  MARINAR  BOLSA  1  K  UNIDAD  VIII  REGIÓN;LOMO  CENTRO  CERDO;4973;4970;0;240;1192800;No;SOCIEDAD  COMERCIALIZADORA  Y  DISTRIBUIDORA  DE  ALIMENTOS  BIO  BIO  Y  CIA  L;Sergio  Valenzuela;76.193.002-8
2239-9-LR24;5802368;Convenio  Marco  para  la  adquisición  de  Alimentos  (Magento);1057544-12380-CM25;52793095;Orden  de  Compra  generada  por  la  Gran  Compra:  76628;2025-08-18;2025-04-24;2025-04-24;2025-05-09;Aceptada;76628;61.607.202-1;Bienes  y  Servicios;SERVICIO  DE  SALUD  DE  TALCAHUANO  HOSPITAL;Avenida  Alto  Horno,  777  Las  Higueras;Talcahuano;SERVICIO  DE  SALUD  DE  TALCAHUANO  HOSPITAL;4280756;LOMO  CENTRO  CERDO  SIN  MARINAR  BOLSA  1  K  UNIDAD  VIII  REGIÓN;LOMO  CENTRO  CERDO;4971;4970;0;240;1192800;No;JOSE  VICENTE  SUAZO  BENITEZ;vicente  2009;8.693.714-k
2239-9-LR24;5802368;Convenio  Marco  para  la  adquisición  de  Alimentos  (Magento);1057544-12380-CM25;52793095;Orden  de  Compra  generada  por  la  Gran  Compra:  76628;2025-08-18;2025-04-24;2025-04-24;2025-05-09;Aceptada;76628;61.607.202-1;Bienes  y  Servicios;SERVICIO  DE  SALUD  DE  TALCAHUANO  HOSPITAL;Avenida  Alto  Horno,  777  Las  Higueras;Talcahuano;SERVICIO  DE  SALUD  DE  TALCAHUANO  HOSPITAL;4278172;VACUNO  MOLIDO  CONGELADO  10%  MG  BOLSA  1  K  UNIDAD  VIII  REGIÓN;VACUNO  MOLIDO  CONGELADO;5778;6680;-16;6000;40080000;No;COMERCIAL  SEA  GARDEN  SPA;SEA  GARDEN  SPA;76.095.906-5
2239-9-LR24;5802368;Convenio  Marco  para  la  adquisición  de  Alimentos  (Magento);1057544-12380-CM25;52793095;Orden  de  Compra  generada  por  la  Gran  Compra:  76628;2025-08-18;2025-04-24;2025-04-24;2025-05-09;Aceptada;76628;61.607.202-1;Bienes  y  Servicios;SERVICIO  DE  SALUD  DE  TALCAHUANO  HOSPITAL;Avenida  Alto  Horno,  777  Las  Higueras;Talcahuano;SERVICIO  DE  SALUD  DE  TALCAHUANO  HOSPITAL;4307004;SALMON  CONGELADO  EL  GOLFO  TROZO  BOLSA  500  G  UNIDAD  VIII  REGIÓN;SALMON  CONGELADO;6743;5795;14;3840;22252800;No;SERVICIOS  INTEGRADOS  SIDAPT  LIMITADA;SERVICIOS  INTEGRADOS  SIDAPT  LIMITADA;76.299.358-9
2239-9-LR24;5802368;Convenio  Marco  para  la  adquisición  de  Alimentos  (Magento);1057544-12380-CM25;52793095;Orden  de  Compra  generada  por  la  Gran  Compra:  76628;2025-08-18;2025-04-24;2025-04-24;2025-05-09;Aceptada;76628;61.607.202-1;Bienes  y  Servicios;SERVICIO  DE  SALUD  DE  TALCAHUANO  HOSPITAL;Avenida  Alto  Horno,  777  Las  Higueras;Talcahuano;SERVICIO  DE  SALUD  DE  TALCAHUANO  HOSPITAL;4286451;MERLUZA  CONGELADA  FRIOSUR  AUSTRAL  LOMO  BOLSA  1  K  UNIDAD  VIII  REGIÓN;MERLUZA  CONGELADA;13376;7500;44;1680;12600000;No;UNIVERSAL  FOOD  SPA;UNIVERSAL  FOOD  SPA;77.909.186-4
2239-9-LR24;5802368;Convenio  Marco  para  la  adquisición  de  Alimentos  (Magento);1057544-12380-CM25;52793095;Orden  de  Compra  generada  por  la  Gran  Compra:  76628;2025-08-18;2025-04-24;2025-04-24;2025-05-09;Aceptada;76628;61.607.202-1;Bienes  y  Servicios;SERVICIO  DE  SALUD  DE  TALCAHUANO  HOSPITAL;Avenida  Alto  Horno,  777  Las  Higueras;Talcahuano;SERVICIO  DE  SALUD  DE  TALCAHUANO  HOSPITAL;4279804;TRUTRO  ENTERO  POLLO  MARINADO  BOLSA  1  K  UNIDAD  VIII  REGIÓN;TRUTRO  ENTERO  POLLO;3200;3100;3;12000;37200000;No;VICTOR  ROSALES  COMERCIALIZADORA  E.I.R.L.;VICTOR  ROSALES  COMERCIALIZADORA  E.I.R.L.;76.100.933-8
2239-9-LR24;5802368;Convenio  Marco  para  la  adquisición  de  Alimentos  (Magento);1057544-12380-CM25;52793095;Orden  de  Compra  generada  por  la  Gran  Compra:  76628;2025-08-18;2025-04-24;2025-04-24;2025-05-09;Aceptada;76628;61.607.202-1;Bienes  y  Servicios;SERVICIO  DE  SALUD  DE  TALCAHUANO  HOSPITAL;Avenida  Alto  Horno,  777  Las  Higueras;Talcahuano;SERVICIO  DE  SALUD  DE  TALCAHUANO  HOSPITAL;4286451;MERLUZA  CONGELADA  FRIOSUR  AUSTRAL  LOMO  BOLSA  1  K  UNIDAD  VIII  REGIÓN;MERLUZA  CONGELADA;8724;8400;4;1680;14112000;No;JOSE  VICENTE  SUAZO  BENITEZ;vicente  2009;8.693.714-k
2239-9-LR24;5802368;Convenio  Marco  para  la  adquisición  de  Alimentos  (Magento);1057544-12380-CM25;52793095;Orden  de  Compra  generada  por  la  Gran  Compra:  76628;2025-08-18;2025-04-24;2025-04-24;2025-05-09;Aceptada;76628;61.607.202-1;Bienes  y  Servicios;SERVICIO  DE  SALUD  DE  TALCAHUANO  HOSPITAL;Avenida  Alto  Horno,  777  Las  Higueras;Talcahuano;SERVICIO  DE  SALUD  DE  TALCAHUANO  HOSPITAL;4285125;SALMON  CONGELADO  SEA  GARDEN  FILETE  BOLSA  500  G  UNIDAD  VIII  REGIÓN;SALMON  CONGELADO;7050;5628;20;3840;21611520;No;COMERCIAL  SEA  GARDEN  SPA;SEA  GARDEN  SPA;76.095.906-5
2239-9-LR24;5802368;Convenio  Marco  para  la  adquisición  de  Alimentos  (Magento);1057544-12380-CM25;52793095;Orden  de  Compra  generada  por  la  Gran  Compra:  76628;2025-08-18;2025-04-24;2025-04-24;2025-05-09;Aceptada;76628;61.607.202-1;Bienes  y  Servicios;SERVICIO  DE  SALUD  DE  TALCAHUANO  HOSPITAL;Avenida  Alto  Horno,  777  Las  Higueras;Talcahuano;SERVICIO  DE  SALUD  DE  TALCAHUANO  HOSPITAL;4316694;SALMON  CONGELADO  LA  CRIANZA  TROZO  BOLSA  500  G  UNIDAD  VIII  REGIÓN;SALMON  CONGELADO;8978;8978;0;3840;34475520;No;JOSE  VICENTE  SUAZO  BENITEZ;vicente  2009;8.693.714-k
2239-9-LR24;5802368;Convenio  Marco  para  la  adquisición  de  Alimentos  (Magento);1057544-12380-CM25;52793095;Orden  de  Compra  generada  por  la  Gran  Compra:  76628;2025-08-18;2025-04-24;2025-04-24;2025-05-09;Aceptada;76628;61.607.202-1;Bienes  y  Servicios;SERVICIO  DE  SALUD  DE  TALCAHUANO  HOSPITAL;Avenida  Alto  Horno,  777  Las  Higueras;Talcahuano;SERVICIO  DE  SALUD  DE  TALCAHUANO  HOSPITAL;4280144;PULPA  CERDO  CONGELADA  MARINADA  BOLSA  1  K  UNIDAD  VIII  REGIÓN;PULPA  CERDO  CONGELADA;5200;5200;0;240;1248000;No;VICTOR  ROSALES  COMERCIALIZADORA  E.I.R.L.;VICTOR  ROSALES  COMERCIALIZADORA  E.I.R.L.;76.100.933-8
2239-9-LR24;5802368;Convenio  Marco  para  la  adquisición  de  Alimentos  (Magento);1057544-12380-CM25;52793095;Orden  de  Compra  generada  por  la  Gran  Compra:  76628;2025-08-18;2025-04-24;2025-04-24;2025-05-09;Aceptada;76628;61.607.202-1;Bienes  y  Servicios;SERVICIO  DE  SALUD  DE  TALCAHUANO  HOSPITAL;Avenida  Alto  Horno,  777  Las  Higueras;Talcahuano;SERVICIO  DE  SALUD  DE  TALCAHUANO  HOSPITAL;4293149;SALMON  CONGELADO  AQUACHILE  FILETEADO  BOLSA  1  K  UNIDAD  VIII  REGIÓN;SALMON  CONGELADO;19796;19795;0;3840;76012800;No;ADM  SPA.;ADM  SPA.;77.909.208-9
2239-9-LR24;5802368;Convenio  Marco  para  la  adquisición  de  Alimentos  (Magento);1057544-12380-CM25;52793095;Orden  de  Compra  generada  por  la  Gran  Compra:  76628;2025-08-18;2025-04-24;2025-04-24;2025-05-09;Aceptada;76628;61.607.202-1;Bienes  y  Servicios;SERVICIO  DE  SALUD  DE  TALCAHUANO  HOSPITAL;Avenida  Alto  Horno,  777  Las  Higueras;Talcahuano;SERVICIO  DE  SALUD  DE  TALCAHUANO  HOSPITAL;4280773;CHULETA  CERDO  MARINADO  BOLSA  1  K  UNIDAD  VIII  REGIÓN;CHULETA  CERDO;5490;5400;2;240;1296000;No;VICTOR  ROSALES  COMERCIALIZADORA  E.I.R.L.;VICTOR  ROSALES  COMERCIALIZADORA  E.I.R.L.;76.100.933-8
2239-9-LR24;5802368;Convenio  Marco  para  la  adquisición  de  Alimentos  (Magento);1057544-12380-CM25;52793095;Orden  de  Compra  generada  por  la  Gran  Compra:  76628;2025-08-18;2025-04-24;2025-04-24;2025-05-09;Aceptada;76628;61.607.202-1;Bienes  y  Servicios;SERVICIO  DE  SALUD  DE  TALCAHUANO  HOSPITAL;Avenida  Alto  Horno,  777  Las  Higueras;Talcahuano;SERVICIO  DE  SALUD  DE  TALCAHUANO  HOSPITAL;4281606;CHULETA  CERDO  SIN  MARINAR  BOLSA  1  K  UNIDAD  VIII  REGIÓN;CHULETA  CERDO;5990;5490;8;240;1317600;No;JOSE  VICENTE  SUAZO  BENITEZ;vicente  2009;8.693.714-k
2239-9-LR24;5802368;Convenio  Marco  para  la  adquisición  de  Alimentos  (Magento);1057544-12380-CM25;52793095;Orden  de  Compra  generada  por  la  Gran  Compra:  76628;2025-08-18;2025-04-24;2025-04-24;2025-05-09;Aceptada;76628;61.607.202-1;Bienes  y  Servicios;SERVICIO  DE  SALUD  DE  TALCAHUANO  HOSPITAL;Avenida  Alto  Horno,  777  Las  Higueras;Talcahuano;SERVICIO  DE  SALUD  DE  TALCAHUANO  HOSPITAL;4281572;TRUTRO  ENTERO  POLLO  SIN  MARINAR  BOLSA  1  K  UNIDAD  VIII  REGIÓN;TRUTRO  ENTERO  POLLO;2810;2810;0;12000;33720000;Si;JOSE  VICENTE  SUAZO  BENITEZ;vicente  2009;8.693.714-k
2239-9-LR24;5802368;Convenio  Marco  para  la  adquisición  de  Alimentos  (Magento);1057544-12380-CM25;52793095;Orden  de  Compra  generada  por  la  Gran  Compra:  76628;2025-08-18;2025-04-24;2025-04-24;2025-05-09;Aceptada;76628;61.607.202-1;Bienes  y  Servicios;SERVICIO  DE  SALUD  DE  TALCAHUANO  HOSPITAL;Avenida  Alto  Horno,  777  Las  Higueras;Talcahuano;SERVICIO  DE  SALUD  DE  TALCAHUANO  HOSPITAL;4281561;TRUTRO  ENTERO  POLLO  SIN  MARINAR  BOLSA  1  K  UNIDAD;TRUTRO  ENTERO  POLLO;0;2810;0;12000;33720000;No;JOSE  VICENTE  SUAZO  BENITEZ;vicente  2009;8.693.714-k
2239-9-LR24;5802368;Convenio  Marco  para  la  adquisición  de  Alimentos  (Magento);1057544-12380-CM25;52793095;Orden  de  Compra  generada  por  la  Gran  Compra:  76628;2025-08-18;2025-04-24;2025-04-24;2025-05-09;Aceptada;76628;61.607.202-1;Bienes  y  Servicios;SERVICIO  DE  SALUD  DE  TALCAHUANO  HOSPITAL;Avenida  Alto  Horno,  777  Las  Higueras;Talcahuano;SERVICIO  DE  SALUD  DE  TALCAHUANO  HOSPITAL;4281980;PECHUGA  DESHUESADA  POLLO  CONGELADO  SIN  MARINAR  CAJA  15K  UNIDAD  VIII  REGIÓN;PECHUGA  DESHUESADA  POLLO  CONGELADO;84000;82500;2;800;66000000;No;VICTOR  ROSALES  COMERCIALIZADORA  E.I.R.L.;VICTOR  ROSALES  COMERCIALIZADORA  E.I.R.L.;76.100.933-8
2239-9-LR24;5802368;Convenio  Marco  para  la  adquisición  de  Alimentos  (Magento);1057544-12380-CM25;52793095;Orden  de  Compra  generada  por  la  Gran  Compra:  76628;2025-08-18;2025-04-24;2025-04-24;2025-05-09;Aceptada;76628;61.607.202-1;Bienes  y  Servicios;SERVICIO  DE  SALUD  DE  TALCAHUANO  HOSPITAL;Avenida  Alto  Horno,  777  Las  Higueras;Talcahuano;SERVICIO  DE  SALUD  DE  TALCAHUANO  HOSPITAL;4281997;PECHUGA  DESHUESADA  POLLO  CONGELADO  GRANEL  CAJA  DE  18  K  UNIDAD  VIII  REGIÓN;PECHUGA  DESHUESADA  POLLO  CONGELADO;77514;77500;0;800;62000000;No;SOCIEDAD  COMERCIALIZADORA  Y  DISTRIBUIDORA  DE  ALIMENTOS  BIO  BIO  Y  CIA  L;Sergio  Valenzuela;76.193.002-8
2239-9-LR24;5802368;Convenio  Marco  para  la  adquisición  de  Alimentos  (Magento);1057544-12380-CM25;52793095;Orden  de  Compra  generada  por  la  Gran  Compra:  76628;2025-08-18;2025-04-24;2025-04-24;2025-05-09;Aceptada;76628;61.607.202-1;Bienes  y  Servicios;SERVICIO  DE  SALUD  DE  TALCAHUANO  HOSPITAL;Avenida  Alto  Horno,  777  Las  Higueras;Talcahuano;SERVICIO  DE  SALUD  DE  TALCAHUANO  HOSPITAL;4281997;PECHUGA  DESHUESADA  POLLO  CONGELADO  GRANEL  CAJA  DE  18  K  UNIDAD  VIII  REGIÓN;PECHUGA  DESHUESADA  POLLO  CONGELADO;110116;98990;10;800;79192000;No;DISTRIBUIDORA  Y  COMERCIALIZADORA  SANTA  ELIANA  SPA;DISTRIBUIDORA  Y  COMERCIALIZADORA  SANTA  ELIANA  SPA;77.544.929-2
2239-9-LR24;5802368;Convenio  Marco  para  la  adquisición  de  Alimentos  (Magento);1057544-12380-CM25;52793095;Orden  de  Compra  generada  por  la  Gran  Compra:  76628;2025-08-18;2025-04-24;2025-04-24;2025-05-09;Aceptada;76628;61.607.202-1;Bienes  y  Servicios;SERVICIO  DE  SALUD  DE  TALCAHUANO  HOSPITAL;Avenida  Alto  Horno,  777  Las  Higueras;Talcahuano;SERVICIO  DE  SALUD  DE  TALCAHUANO  HOSPITAL;4282320;PECHUGA  DESHUESADA  POLLO  CONGELADO  MARINADO  CAJA  10  K  UNIDAD  VIII  REGIÓN;PECHUGA  DESHUESADA  POLLO  CONGELADO;1066;60200;1000;800;48160000;No;JOSE  VICENTE  SUAZO  BENITEZ;vicente  2009;8.693.714-k
2239-9-LR22;5800319;Convenio  Marco  de  Artículos  de  Aseo  e  Higiene;1057544-14375-CM25;53171126;Orden  de  Compra  generada  por  la  Gran  Compra:  77116;2025-08-27;2025-06-03;2025-06-03;2025-06-17;Recepción  Conforme;77116;61.607.202-1;Bienes  y  Servicios;SERVICIO  DE  SALUD  DE  TALCAHUANO  HOSPITAL;Avenida  Alto  Horno,  777  Las  Higueras;Talcahuano;SERVICIO  DE  SALUD  DE  TALCAHUANO  HOSPITAL;1887299;BOLSA  DE  BASURA  ASTUR  BAGPLAST  GRANDE  80X110  120  L  PLANA  PAQUETE  X  10  UNIDADES  REGIÓN  VIII;BOLSA  DE  BASURA;899;740;18;47265;34976100;No;COMERCIAL  DASA  SPA;COMERCIAL  DASA  SPA;76.525.922-3
2239-9-LR22;5800319;Convenio  Marco  de  Artículos  de  Aseo  e  Higiene;1057544-14375-CM25;53171126;Orden  de  Compra  generada  por  la  Gran  Compra:  77116;2025-08-27;2025-06-03;2025-06-03;2025-06-17;Recepción  Conforme;77116;61.607.202-1;Bienes  y  Servicios;SERVICIO  DE  SALUD  DE  TALCAHUANO  HOSPITAL;Avenida  Alto  Horno,  777  Las  Higueras;Talcahuano;SERVICIO  DE  SALUD  DE  TALCAHUANO  HOSPITAL;1887486;BOLSA  DE  BASURA  AVALCO  GRANDE  80X110  120  L  PLANA  PAQUETE  X  10  UNIDADES  REGIÓN  VIII;BOLSA  DE  BASURA;1249;794;36;47265;37528410;No;COMERCIAL  BAUSTORE  SPA;COMERCIAL  BAUSTORE  SPA;77.621.112-5
2239-9-LR22;5800319;Convenio  Marco  de  Artículos  de  Aseo  e  Higiene;1057544-14375-CM25;53171126;Orden  de  Compra  generada  por  la  Gran  Compra:  77116;2025-08-27;2025-06-03;2025-06-03;2025-06-17;Recepción  Conforme;77116;61.607.202-1;Bienes  y  Servicios;SERVICIO  DE  SALUD  DE  TALCAHUANO  HOSPITAL;Avenida  Alto  Horno,  777  Las  Higueras;Talcahuano;SERVICIO  DE  SALUD  DE  TALCAHUANO  HOSPITAL;1889016;BOLSA  DE  BASURA  IMPEKE  PEQUEÑA  50X70  30  L  ROLLO  X  10  UNIDADES  REGIÓN  VIII;BOLSA  DE  BASURA;324;274;15;23328;6391872;No;SOLUCIONES  INTEGRALES  DE  LIMPIEZA  SPA;SOLUCIONES  INTEGRALES  DE  LIMPIEZA  LIMITADA;89.842.300-K
2239-9-LR22;5800319;Convenio  Marco  de  Artículos  de  Aseo  e  Higiene;1057544-14375-CM25;53171126;Orden  de  Compra  generada  por  la  Gran  Compra:  77116;2025-08-27;2025-06-03;2025-06-03;2025-06-17;Recepción  Conforme;77116;61.607.202-1;Bienes  y  Servicios;SERVICIO  DE  SALUD  DE  TALCAHUANO  HOSPITAL;Avenida  Alto  Horno,  777  Las  Higueras;Talcahuano;SERVICIO  DE  SALUD  DE  TALCAHUANO  HOSPITAL;1887537;BOLSA  DE  BASURA  AVALCO  PEQUEÑA  50X70  30  L  PLANA  PAQUETE  X  10  UNIDADES  REGIÓN  VIII;BOLSA  DE  BASURA;484;288;40;23328;6718464;No;COMERCIAL  BAUSTORE  SPA;COMERCIAL  BAUSTORE  SPA;77.621.112-5
2239-9-LR22;5800319;Convenio  Marco  de  Artículos  de  Aseo  e  Higiene;1057544-14375-CM25;53171126;Orden  de  Compra  generada  por  la  Gran  Compra:  77116;2025-08-27;2025-06-03;2025-06-03;2025-06-17;Recepción  Conforme;77116;61.607.202-1;Bienes  y  Servicios;SERVICIO  DE  SALUD  DE  TALCAHUANO  HOSPITAL;Avenida  Alto  Horno,  777  Las  Higueras;Talcahuano;SERVICIO  DE  SALUD  DE  TALCAHUANO  HOSPITAL;1887384;BOLSA  DE  BASURA  ASTUR  BAGPLAST  PEQUEÑA  50X70  30  L  PLANA  PAQUETE  X  10  UNIDADES  REGIÓN  VIII;BOLSA  DE  BASURA;310;270;13;23328;6298560;No;COMERCIAL  DASA  SPA;COMERCIAL  DASA  SPA;76.525.922-3
2239-9-LR22;5800319;Convenio  Marco  de  Artículos  de  Aseo  e  Higiene;1057544-14375-CM25;53171126;Orden  de  Compra  generada  por  la  Gran  Compra:  77116;2025-08-27;2025-06-03;2025-06-03;2025-06-17;Recepción  Conforme;77116;61.607.202-1;Bienes  y  Servicios;SERVICIO  DE  SALUD  DE  TALCAHUANO  HOSPITAL;Avenida  Alto  Horno,  777  Las  Higueras;Talcahuano;SERVICIO  DE  SALUD  DE  TALCAHUANO  HOSPITAL;1890427;BOLSA  DE  BASURA  VIRUTEX  EXTRA  GRANDE  80X120  140  L  ROLLO  X  10  UNIDADES  REGIÓN  VIII;BOLSA  DE  BASURA;1702;1700;0;4007;6811900;No;COMERCIAL  BAUSTORE  SPA;COMERCIAL  BAUSTORE  SPA;77.621.112-5
2239-9-LR22;5800319;Convenio  Marco  de  Artículos  de  Aseo  e  Higiene;1057544-14375-CM25;53171126;Orden  de  Compra  generada  por  la  Gran  Compra:  77116;2025-08-27;2025-06-03;2025-06-03;2025-06-17;Recepción  Conforme;77116;61.607.202-1;Bienes  y  Servicios;SERVICIO  DE  SALUD  DE  TALCAHUANO  HOSPITAL;Avenida  Alto  Horno,  777  Las  Higueras;Talcahuano;SERVICIO  DE  SALUD  DE  TALCAHUANO  HOSPITAL;1887333;BOLSA  DE  BASURA  ASTUR  BAGPLAST  MEDIANA  70X90  70  L  PLANA  PAQUETE  X  10  UNIDADES  REGIÓN  VIII;BOLSA  DE  BASURA;560;405;28;45966;18616230;No;COMERCIAL  DASA  SPA;COMERCIAL  DASA  SPA;76.525.922-3
2239-9-LR22;5800319;Convenio  Marco  de  Artículos  de  Aseo  e  Higiene;1057544-14375-CM25;53171126;Orden  de  Compra  generada  por  la  Gran  Compra:  77116;2025-08-27;2025-06-03;2025-06-03;2025-06-17;Recepción  Conforme;77116;61.607.202-1;Bienes  y  Servicios;SERVICIO  DE  SALUD  DE  TALCAHUANO  HOSPITAL;Avenida  Alto  Horno,  777  Las  Higueras;Talcahuano;SERVICIO  DE  SALUD  DE  TALCAHUANO  HOSPITAL;1890427;BOLSA  DE  BASURA  VIRUTEX  EXTRA  GRANDE  80X120  140  L  ROLLO  X  10  UNIDADES  REGIÓN  VIII;BOLSA  DE  BASURA;1710;1216;29;4007;4872512;Si;PROVEEDORES  INTEGRALES  PRISA  S  A;PROVEEDORES  INTEGRALES  PRISA  S  A;96.556.940-5
2239-9-LR22;5800319;Convenio  Marco  de  Artículos  de  Aseo  e  Higiene;1057544-14375-CM25;53171126;Orden  de  Compra  generada  por  la  Gran  Compra:  77116;2025-08-27;2025-06-03;2025-06-03;2025-06-17;Recepción  Conforme;77116;61.607.202-1;Bienes  y  Servicios;SERVICIO  DE  SALUD  DE  TALCAHUANO  HOSPITAL;Avenida  Alto  Horno,  777  Las  Higueras;Talcahuano;SERVICIO  DE  SALUD  DE  TALCAHUANO  HOSPITAL;1888982;BOLSA  DE  BASURA  IMPEKE  GRANDE  80X110  120  L  ROLLO  X  10  UNIDADES  REGIÓN  VIII;BOLSA  DE  BASURA;900;833;7;47265;39371745;No;COMERCIAL  MUNOZ  Y  COMPANIA  LIMITADA;COMERCIAL  MUNOZ  Y  COMPANIA  LIMITADA;78.906.980-8
2239-9-LR22;5800319;Convenio  Marco  de  Artículos  de  Aseo  e  Higiene;1057544-14375-CM25;53171126;Orden  de  Compra  generada  por  la  Gran  Compra:  77116;2025-08-27;2025-06-03;2025-06-03;2025-06-17;Recepción  Conforme;77116;61.607.202-1;Bienes  y  Servicios;SERVICIO  DE  SALUD  DE  TALCAHUANO  HOSPITAL;Avenida  Alto  Horno,  777  Las  Higueras;Talcahuano;SERVICIO  DE  SALUD  DE  TALCAHUANO  HOSPITAL;1887758;BOLSA  DE  BASURA  BELSÖ  GRANDE  80X110  120  L  PLANA  PAQUETE  X  10  UNIDADES  REGIÓN  VIII;BOLSA  DE  BASURA;1614;727;55;47265;34361655;No;GRUPO  DK  SERVICIOS  LIMITADA;GRUPO  DK  SERVICIOS  LIMITADA;76.556.184-1
2239-9-LR22;5800319;Convenio  Marco  de  Artículos  de  Aseo  e  Higiene;1057544-14375-CM25;53171126;Orden  de  Compra  generada  por  la  Gran  Compra:  77116;2025-08-27;2025-06-03;2025-06-03;2025-06-17;Recepción  Conforme;77116;61.607.202-1;Bienes  y  Servicios;SERVICIO  DE  SALUD  DE  TALCAHUANO  HOSPITAL;Avenida  Alto  Horno,  777  Las  Higueras;Talcahuano;SERVICIO  DE  SALUD  DE  TALCAHUANO  HOSPITAL;1887571;BOLSA  DE  BASURA  BASURING  EXTRA  GRANDE  80X120  140  L  ROLLO  X  10  UNIDADES  REGIÓN  VIII;BOLSA  DE  BASURA;1423;1209;15;4007;4844463;No;GRUPO  DK  SERVICIOS  LIMITADA;GRUPO  DK  SERVICIOS  LIMITADA;76.556.184-1
2239-9-LR22;5800319;Convenio  Marco  de  Artículos  de  Aseo  e  Higiene;1057544-14375-CM25;53171126;Orden  de  Compra  generada  por  la  Gran  Compra:  77116;2025-08-27;2025-06-03;2025-06-03;2025-06-17;Recepción  Conforme;77116;61.607.202-1;Bienes  y  Servicios;SERVICIO  DE  SALUD  DE  TALCAHUANO  HOSPITAL;Avenida  Alto  Horno,  777  Las  Higueras;Talcahuano;SERVICIO  DE  SALUD  DE  TALCAHUANO  HOSPITAL;1887945;BOLSA  DE  BASURA  CLEAN  GRANDE  80X110  120  L  ROLLO  X  10  UNIDADES  REGIÓN  VIII;BOLSA  DE  BASURA;1132;1002;11;47265;47359530;No;CASTILLA  Y  ARAGON  SPA;CASTILLA  Y  ARAGON  SPA;96.989.530-7
2239-9-LR22;5800319;Convenio  Marco  de  Artículos  de  Aseo  e  Higiene;1057544-14375-CM25;53171126;Orden  de  Compra  generada  por  la  Gran  Compra:  77116;2025-08-27;2025-06-03;2025-06-03;2025-06-17;Recepción  Conforme;77116;61.607.202-1;Bienes  y  Servicios;SERVICIO  DE  SALUD  DE  TALCAHUANO  HOSPITAL;Avenida  Alto  Horno,  777  Las  Higueras;Talcahuano;SERVICIO  DE  SALUD  DE  TALCAHUANO  HOSPITAL;1888999;BOLSA  DE  BASURA  IMPEKE  MEDIANA  70X90  70  L  ROLLO  X  10  UNIDADES  REGIÓN  VIII;BOLSA  DE  BASURA;509;428;16;45966;19673448;No;SOLUCIONES  INTEGRALES  DE  LIMPIEZA  SPA;SOLUCIONES  INTEGRALES  DE  LIMPIEZA  LIMITADA;89.842.300-K
2239-9-LR22;5800319;Convenio  Marco  de  Artículos  de  Aseo  e  Higiene;1057544-14375-CM25;53171126;Orden  de  Compra  generada  por  la  Gran  Compra:  77116;2025-08-27;2025-06-03;2025-06-03;2025-06-17;Recepción  Conforme;77116;61.607.202-1;Bienes  y  Servicios;SERVICIO  DE  SALUD  DE  TALCAHUANO  HOSPITAL;Avenida  Alto  Horno,  777  Las  Higueras;Talcahuano;SERVICIO  DE  SALUD  DE  TALCAHUANO  HOSPITAL;1887503;BOLSA  DE  BASURA  AVALCO  MEDIANA  70X90  70  L  PLANA  PAQUETE  X  10  UNIDADES  REGIÓN  VIII;BOLSA  DE  BASURA;1005;525;48;45966;24132150;No;COMERCIAL  BAUSTORE  SPA;COMERCIAL  BAUSTORE  SPA;77.621.112-5
2239-9-LR22;5800319;Convenio  Marco  de  Artículos  de  Aseo  e  Higiene;1057544-14375-CM25;53171126;Orden  de  Compra  generada  por  la  Gran  Compra:  77116;2025-08-27;2025-06-03;2025-06-03;2025-06-17;Recepción  Conforme;77116;61.607.202-1;Bienes  y  Servicios;SERVICIO  DE  SALUD  DE  TALCAHUANO  HOSPITAL;Avenida  Alto  Horno,  777  Las  Higueras;Talcahuano;SERVICIO  DE  SALUD  DE  TALCAHUANO  HOSPITAL;1888948;BOLSA  DE  BASURA  GUTTINIX  MEDIANA  70X90  70  L  PLANA  PAQUETE  X  10  UNIDADES  REGIÓN  VIII;BOLSA  DE  BASURA;1003;605;40;45966;27809430;No;CASTILLA  Y  ARAGON  SPA;CASTILLA  Y  ARAGON  SPA;96.989.530-7
2239-9-LR22;5800319;Convenio  Marco  de  Artículos  de  Aseo  e  Higiene;1057544-14375-CM25;53171126;Orden  de  Compra  generada  por  la  Gran  Compra:  77116;2025-08-27;2025-06-03;2025-06-03;2025-06-17;Recepción  Conforme;77116;61.607.202-1;Bienes  y  Servicios;SERVICIO  DE  SALUD  DE  TALCAHUANO  HOSPITAL;Avenida  Alto  Horno,  777  Las  Higueras;Talcahuano;SERVICIO  DE  SALUD  DE  TALCAHUANO  HOSPITAL;1887282;BOLSA  DE  BASURA  ASTUR  BAGPLAST  EXTRA  GRANDE  80X120  140  L  ROLLO  X  10  UNIDADES  REGIÓN  VIII;BOLSA  DE  BASURA;1427;1150;19;4007;4608050;No;COMERCIAL  DASA  SPA;COMERCIAL  DASA  SPA;76.525.922-3
2239-9-LR22;5800319;Convenio  Marco  de  Artículos  de  Aseo  e  Higiene;1057544-14375-CM25;53171126;Orden  de  Compra  generada  por  la  Gran  Compra:  77116;2025-08-27;2025-06-03;2025-06-03;2025-06-17;Recepción  Conforme;77116;61.607.202-1;Bienes  y  Servicios;SERVICIO  DE  SALUD  DE  TALCAHUANO  HOSPITAL;Avenida  Alto  Horno,  777  Las  Higueras;Talcahuano;SERVICIO  DE  SALUD  DE  TALCAHUANO  HOSPITAL;1889016;BOLSA  DE  BASURA  IMPEKE  PEQUEÑA  50X70  30  L  ROLLO  X  10  UNIDADES  REGIÓN  VIII;BOLSA  DE  BASURA;349;325;7;23328;7581600;No;COMERCIAL  MUNOZ  Y  COMPANIA  LIMITADA;COMERCIAL  MUNOZ  Y  COMPANIA  LIMITADA;78.906.980-8
2239-9-LR22;5800319;Convenio  Marco  de  Artículos  de  Aseo  e  Higiene;1057544-14375-CM25;53171126;Orden  de  Compra  generada  por  la  Gran  Compra:  77116;2025-08-27;2025-06-03;2025-06-03;2025-06-17;Recepción  Conforme;77116;61.607.202-1;Bienes  y  Servicios;SERVICIO  DE  SALUD  DE  TALCAHUANO  HOSPITAL;Avenida  Alto  Horno,  777  Las  Higueras;Talcahuano;SERVICIO  DE  SALUD  DE  TALCAHUANO  HOSPITAL;1889016;BOLSA  DE  BASURA  IMPEKE  PEQUEÑA  50X70  30  L  ROLLO  X  10  UNIDADES  REGIÓN  VIII;BOLSA  DE  BASURA;324;270;17;23328;6298560;Si;PROVEEDORES  INTEGRALES  PRISA  S  A;PROVEEDORES  INTEGRALES  PRISA  S  A;96.556.940-5
2239-9-LR22;5800319;Convenio  Marco  de  Artículos  de  Aseo  e  Higiene;1057544-14375-CM25;53171126;Orden  de  Compra  generada  por  la  Gran  Compra:  77116;2025-08-27;2025-06-03;2025-06-03;2025-06-17;Recepción  Conforme;77116;61.607.202-1;Bienes  y  Servicios;SERVICIO  DE  SALUD  DE  TALCAHUANO  HOSPITAL;Avenida  Alto  Horno,  777  Las  Higueras;Talcahuano;SERVICIO  DE  SALUD  DE  TALCAHUANO  HOSPITAL;1897125;CLORO  TRADICIONAL  IMPEKE  2,62%  1000  ML  UNIDAD  REGIÓN  VIII;CLORO  TRADICIONAL;618;605;2;2401;1452605;No;SERVICIOS  INTEGRADOS  SIDAPT  LIMITADA;SERVICIOS  INTEGRADOS  SIDAPT  LIMITADA;76.299.358-9
2239-9-LR22;5800319;Convenio  Marco  de  Artículos  de  Aseo  e  Higiene;1057544-14375-CM25;53171126;Orden  de  Compra  generada  por  la  Gran  Compra:  77116;2025-08-27;2025-06-03;2025-06-03;2025-06-17;Recepción  Conforme;77116;61.607.202-1;Bienes  y  Servicios;SERVICIO  DE  SALUD  DE  TALCAHUANO  HOSPITAL;Avenida  Alto  Horno,  777  Las  Higueras;Talcahuano;SERVICIO  DE  SALUD  DE  TALCAHUANO  HOSPITAL;1889016;BOLSA  DE  BASURA  IMPEKE  PEQUEÑA  50X70  30  L  ROLLO  X  10  UNIDADES  REGIÓN  VIII;BOLSA  DE  BASURA;328;315;4;23328;7348320;No;SOCIEDAD  COMERCIAL  OCTAVA  LIMITADA;SOCIEDAD  COMERCIAL  OCTAVA  LIMITADA;76.046.716-2
2239-9-LR22;5800319;Convenio  Marco  de  Artículos  de  Aseo  e  Higiene;1057544-14375-CM25;53171126;Orden  de  Compra  generada  por  la  Gran  Compra:  77116;2025-08-27;2025-06-03;2025-06-03;2025-06-17;Recepción  Conforme;77116;61.607.202-1;Bienes  y  Servicios;SERVICIO  DE  SALUD  DE  TALCAHUANO  HOSPITAL;Avenida  Alto  Horno,  777  Las  Higueras;Talcahuano;SERVICIO  DE  SALUD  DE  TALCAHUANO  HOSPITAL;1888982;BOLSA  DE  BASURA  IMPEKE  GRANDE  80X110  120  L  ROLLO  X  10  UNIDADES  REGIÓN  VIII;BOLSA  DE  BASURA;845;790;7;47265;37339350;No;SOCIEDAD  COMERCIAL  OCTAVA  LIMITADA;SOCIEDAD  COMERCIAL  OCTAVA  LIMITADA;76.046.716-2
2239-9-LR22;5800319;Convenio  Marco  de  Artículos  de  Aseo  e  Higiene;1057544-14375-CM25;53171126;Orden  de  Compra  generada  por  la  Gran  Compra:  77116;2025-08-27;2025-06-03;2025-06-03;2025-06-17;Recepción  Conforme;77116;61.607.202-1;Bienes  y  Servicios;SERVICIO  DE  SALUD  DE  TALCAHUANO  HOSPITAL;Avenida  Alto  Horno,  777  Las  Higueras;Talcahuano;SERVICIO  DE  SALUD  DE  TALCAHUANO  HOSPITAL;1906594;GUANTES  DE  LIMPIEZA  LIVE  MULTIUSO  FLOCADO  TALLA  M  PAR  REGIÓN  VIII;GUANTES  DE  LIMPIEZA;786;390;50;265;103350;No;COMERCIAL  MUNOZ  Y  COMPANIA  LIMITADA;COMERCIAL  MUNOZ  Y  COMPANIA  LIMITADA;78.906.980-8
2239-9-LR22;5800319;Convenio  Marco  de  Artículos  de  Aseo  e  Higiene;1057544-14375-CM25;53171126;Orden  de  Compra  generada  por  la  Gran  Compra:  77116;2025-08-27;2025-06-03;2025-06-03;2025-06-17;Recepción  Conforme;77116;61.607.202-1;Bienes  y  Servicios;SERVICIO  DE  SALUD  DE  TALCAHUANO  HOSPITAL;Avenida  Alto  Horno,  777  Las  Higueras;Talcahuano;SERVICIO  DE  SALUD  DE  TALCAHUANO  HOSPITAL;1888982;BOLSA  DE  BASURA  IMPEKE  GRANDE  80X110  120  L  ROLLO  X  10  UNIDADES  REGIÓN  VIII;BOLSA  DE  BASURA;748;720;4;47265;34030800;No;SERVICIOS  INTEGRADOS  SIDAPT  LIMITADA;SERVICIOS  INTEGRADOS  SIDAPT  LIMITADA;76.299.358-9
2239-9-LR22;5800319;Convenio  Marco  de  Artículos  de  Aseo  e  Higiene;1057544-14375-CM25;53171126;Orden  de  Compra  generada  por  la  Gran  Compra:  77116;2025-08-27;2025-06-03;2025-06-03;2025-06-17;Recepción  Conforme;77116;61.607.202-1;Bienes  y  Servicios;SERVICIO  DE  SALUD  DE  TALCAHUANO  HOSPITAL;Avenida  Alto  Horno,  777  Las  Higueras;Talcahuano;SERVICIO  DE  SALUD  DE  TALCAHUANO  HOSPITAL;1903874;ESPONJA  VIRUTEX  PRO  LISA  C/FIBRA  ABRASIVA  UNIDAD  REGIÓN  VIII;ESPONJA;145;140;3;2374;332360;Si;SERVICIOS  INTEGRADOS  SIDAPT  LIMITADA;SERVICIOS  INTEGRADOS  SIDAPT  LIMITADA;76.299.358-9
2239-9-LR22;5800319;Convenio  Marco  de  Artículos  de  Aseo  e  Higiene;1057544-14375-CM25;53171126;Orden  de  Compra  generada  por  la  Gran  Compra:  77116;2025-08-27;2025-06-03;2025-06-03;2025-06-17;Recepción  Conforme;77116;61.607.202-1;Bienes  y  Servicios;SERVICIO  DE  SALUD  DE  TALCAHUANO  HOSPITAL;Avenida  Alto  Horno,  777  Las  Higueras;Talcahuano;SERVICIO  DE  SALUD  DE  TALCAHUANO  HOSPITAL;1888999;BOLSA  DE  BASURA  IMPEKE  MEDIANA  70X90  70  L  ROLLO  X  10  UNIDADES  REGIÓN  VIII;BOLSA  DE  BASURA;515;485;6;45966;22293510;No;SOCIEDAD  COMERCIAL  OCTAVA  LIMITADA;SOCIEDAD  COMERCIAL  OCTAVA  LIMITADA;76.046.716-2
2239-9-LR22;5800319;Convenio  Marco  de  Artículos  de  Aseo  e  Higiene;1057544-14375-CM25;53171126;Orden  de  Compra  generada  por  la  Gran  Compra:  77116;2025-08-27;2025-06-03;2025-06-03;2025-06-17;Recepción  Conforme;77116;61.607.202-1;Bienes  y  Servicios;SERVICIO  DE  SALUD  DE  TALCAHUANO  HOSPITAL;Avenida  Alto  Horno,  777  Las  Higueras;Talcahuano;SERVICIO  DE  SALUD  DE  TALCAHUANO  HOSPITAL;1888999;BOLSA  DE  BASURA  IMPEKE  MEDIANA  70X90  70  L  ROLLO  X  10  UNIDADES  REGIÓN  VIII;BOLSA  DE  BASURA;549;508;7;45966;23350728;No;COMERCIAL  MUNOZ  Y  COMPANIA  LIMITADA;COMERCIAL  MUNOZ  Y  COMPANIA  LIMITADA;78.906.980-8
2239-9-LR22;5800319;Convenio  Marco  de  Artículos  de  Aseo  e  Higiene;1057544-14375-CM25;53171126;Orden  de  Compra  generada  por  la  Gran  Compra:  77116;2025-08-27;2025-06-03;2025-06-03;2025-06-17;Recepción  Conforme;77116;61.607.202-1;Bienes  y  Servicios;SERVICIO  DE  SALUD  DE  TALCAHUANO  HOSPITAL;Avenida  Alto  Horno,  777  Las  Higueras;Talcahuano;SERVICIO  DE  SALUD  DE  TALCAHUANO  HOSPITAL;1888880;BOLSA  DE  BASURA  GDK  GRUPO  DK  MEDIANA  70X90  70  L  PLANA  PAQUETE  X  10  UNIDADES  REGIÓN  VIII;BOLSA  DE  BASURA;1436;467;67;45966;21466122;No;GRUPO  DK  SERVICIOS  LIMITADA;GRUPO  DK  SERVICIOS  LIMITADA;76.556.184-1
2239-9-LR22;5800319;Convenio  Marco  de  Artículos  de  Aseo  e  Higiene;1057544-14375-CM25;53171126;Orden  de  Compra  generada  por  la  Gran  Compra:  77116;2025-08-27;2025-06-03;2025-06-03;2025-06-17;Recepción  Conforme;77116;61.607.202-1;Bienes  y  Servicios;SERVICIO  DE  SALUD  DE  TALCAHUANO  HOSPITAL;Avenida  Alto  Horno,  777  Las  Higueras;Talcahuano;SERVICIO  DE  SALUD  DE  TALCAHUANO  HOSPITAL;1890427;BOLSA  DE  BASURA  VIRUTEX  EXTRA  GRANDE  80X120  140  L  ROLLO  X  10  UNIDADES  REGIÓN  VIII;BOLSA  DE  BASURA;1713;1400;18;4007;5609800;No;SOCIEDAD  COMERCIAL  OCTAVA  LIMITADA;SOCIEDAD  COMERCIAL  OCTAVA  LIMITADA;76.046.716-2
2239-9-LR22;5800319;Convenio  Marco  de  Artículos  de  Aseo  e  Higiene;1057544-14375-CM25;53171126;Orden  de  Compra  generada  por  la  Gran  Compra:  77116;2025-08-27;2025-06-03;2025-06-03;2025-06-17;Recepción  Conforme;77116;61.607.202-1;Bienes  y  Servicios;SERVICIO  DE  SALUD  DE  TALCAHUANO  HOSPITAL;Avenida  Alto  Horno,  777  Las  Higueras;Talcahuano;SERVICIO  DE  SALUD  DE  TALCAHUANO  HOSPITAL;1890784;BOLSA  DE  BASURA  WINKLER  PEQUEÑA  50X70  30  L  ROLLO  X  10  UNIDADES  REGIÓN  VIII;BOLSA  DE  BASURA;623;253;59;23328;5901984;No;GRUPO  DK  SERVICIOS  LIMITADA;GRUPO  DK  SERVICIOS  LIMITADA;76.556.184-1
2239-9-LR22;5800319;Convenio  Marco  de  Artículos  de  Aseo  e  Higiene;1057544-14375-CM25;53171126;Orden  de  Compra  generada  por  la  Gran  Compra:  77116;2025-08-27;2025-06-03;2025-06-03;2025-06-17;Recepción  Conforme;77116;61.607.202-1;Bienes  y  Servicios;SERVICIO  DE  SALUD  DE  TALCAHUANO  HOSPITAL;Avenida  Alto  Horno,  777  Las  Higueras;Talcahuano;SERVICIO  DE  SALUD  DE  TALCAHUANO  HOSPITAL;1888965;BOLSA  DE  BASURA  GUTTINIX  PEQUEÑA  50X70  30  L  PLANA  PAQUETE  X  10  UNIDADES  REGIÓN  VIII;BOLSA  DE  BASURA;499;355;29;23328;8281440;No;CASTILLA  Y  ARAGON  SPA;CASTILLA  Y  ARAGON  SPA;96.989.530-7
2239-9-LR22;5800319;Convenio  Marco  de  Artículos  de  Aseo  e  Higiene;1057544-14375-CM25;53171126;Orden  de  Compra  generada  por  la  Gran  Compra:  77116;2025-08-27;2025-06-03;2025-06-03;2025-06-17;Recepción  Conforme;77116;61.607.202-1;Bienes  y  Servicios;SERVICIO  DE  SALUD  DE  TALCAHUANO  HOSPITAL;Avenida  Alto  Horno,  777  Las  Higueras;Talcahuano;SERVICIO  DE  SALUD  DE  TALCAHUANO  HOSPITAL;1888982;BOLSA  DE  BASURA  IMPEKE  GRANDE  80X110  120  L  ROLLO  X  10  UNIDADES  REGIÓN  VIII;BOLSA  DE  BASURA;834;701;16;47265;33132765;No;SOLUCIONES  INTEGRALES  DE  LIMPIEZA  SPA;SOLUCIONES  INTEGRALES  DE  LIMPIEZA  LIMITADA;89.842.300-K
2239-9-LR22;5800319;Convenio  Marco  de  Artículos  de  Aseo  e  Higiene;1057544-14375-CM25;53171126;Orden  de  Compra  generada  por  la  Gran  Compra:  77116;2025-08-27;2025-06-03;2025-06-03;2025-06-17;Recepción  Conforme;77116;61.607.202-1;Bienes  y  Servicios;SERVICIO  DE  SALUD  DE  TALCAHUANO  HOSPITAL;Avenida  Alto  Horno,  777  Las  Higueras;Talcahuano;SERVICIO  DE  SALUD  DE  TALCAHUANO  HOSPITAL;1888999;BOLSA  DE  BASURA  IMPEKE  MEDIANA  70X90  70  L  ROLLO  X  10  UNIDADES  REGIÓN  VIII;BOLSA  DE  BASURA;520;419;19;45966;19259754;Si;PROVEEDORES  INTEGRALES  PRISA  S  A;PROVEEDORES  INTEGRALES  PRISA  S  A;96.556.940-5
2239-9-LR22;5800319;Convenio  Marco  de  Artículos  de  Aseo  e  Higiene;1057544-14375-CM25;53171126;Orden  de  Compra  generada  por  la  Gran  Compra:  77116;2025-08-27;2025-06-03;2025-06-03;2025-06-17;Recepción  Conforme;77116;61.607.202-1;Bienes  y  Servicios;SERVICIO  DE  SALUD  DE  TALCAHUANO  HOSPITAL;Avenida  Alto  Horno,  777  Las  Higueras;Talcahuano;SERVICIO  DE  SALUD  DE  TALCAHUANO  HOSPITAL;1890427;BOLSA  DE  BASURA  VIRUTEX  EXTRA  GRANDE  80X120  140  L  ROLLO  X  10  UNIDADES  REGIÓN  VIII;BOLSA  DE  BASURA;1722;1226;29;4007;4912582;No;SOLUCIONES  INTEGRALES  DE  LIMPIEZA  SPA;SOLUCIONES  INTEGRALES  DE  LIMPIEZA  LIMITADA;89.842.300-K
2239-9-LR22;5800319;Convenio  Marco  de  Artículos  de  Aseo  e  Higiene;1057544-14375-CM25;53171126;Orden  de  Compra  generada  por  la  Gran  Compra:  77116;2025-08-27;2025-06-03;2025-06-03;2025-06-17;Recepción  Conforme;77116;61.607.202-1;Bienes  y  Servicios;SERVICIO  DE  SALUD  DE  TALCAHUANO  HOSPITAL;Avenida  Alto  Horno,  777  Las  Higueras;Talcahuano;SERVICIO  DE  SALUD  DE  TALCAHUANO  HOSPITAL;1903109;ESPONJA  FIBRO  CHILE  ANTIBACTERIAL  C/FIBRA  ABRASIVA  UNIDAD  REGIÓN  VIII;ESPONJA;536;348;35;2374;826152;Si;PROVEEDORES  INTEGRALES  PRISA  S  A;PROVEEDORES  INTEGRALES  PRISA  S  A;96.556.940-5
2239-9-LR22;5800319;Convenio  Marco  de  Artículos  de  Aseo  e  Higiene;1057544-14375-CM25;53171126;Orden  de  Compra  generada  por  la  Gran  Compra:  77116;2025-08-27;2025-06-03;2025-06-03;2025-06-17;Recepción  Conforme;77116;61.607.202-1;Bienes  y  Servicios;SERVICIO  DE  SALUD  DE  TALCAHUANO  HOSPITAL;Avenida  Alto  Horno,  777  Las  Higueras;Talcahuano;SERVICIO  DE  SALUD  DE  TALCAHUANO  HOSPITAL;1897261;CLORO  TRADICIONAL  WINKLER  3%  1000  ML  UNIDAD  REGIÓN  VIII;CLORO  TRADICIONAL;671;747;-11;2401;1793547;No;GRUPO  DK  SERVICIOS  LIMITADA;GRUPO  DK  SERVICIOS  LIMITADA;76.556.184-1
2239-9-LR22;5800319;Convenio  Marco  de  Artículos  de  Aseo  e  Higiene;1057544-14375-CM25;53171126;Orden  de  Compra  generada  por  la  Gran  Compra:  77116;2025-08-27;2025-06-03;2025-06-03;2025-06-17;Recepción  Conforme;77116;61.607.202-1;Bienes  y  Servicios;SERVICIO  DE  SALUD  DE  TALCAHUANO  HOSPITAL;Avenida  Alto  Horno,  777  Las  Higueras;Talcahuano;SERVICIO  DE  SALUD  DE  TALCAHUANO  HOSPITAL;1890427;BOLSA  DE  BASURA  VIRUTEX  EXTRA  GRANDE  80X120  140  L  ROLLO  X  10  UNIDADES  REGIÓN  VIII;BOLSA  DE  BASURA;1727;1458;16;4007;5842206;No;COMERCIAL  MUNOZ  Y  COMPANIA  LIMITADA;COMERCIAL  MUNOZ  Y  COMPANIA  LIMITADA;78.906.980-8
2239-9-LR22;5800319;Convenio  Marco  de  Artículos  de  Aseo  e  Higiene;1057544-14375-CM25;53171126;Orden  de  Compra  generada  por  la  Gran  Compra:  77116;2025-08-27;2025-06-03;2025-06-03;2025-06-17;Recepción  Conforme;77116;61.607.202-1;Bienes  y  Servicios;SERVICIO  DE  SALUD  DE  TALCAHUANO  HOSPITAL;Avenida  Alto  Horno,  777  Las  Higueras;Talcahuano;SERVICIO  DE  SALUD  DE  TALCAHUANO  HOSPITAL;1890597;BOLSA  DE  BASURA  VIRUTEX  PRO  MEDIANA  70X90  70  L  PLANA  PAQUETE  X  10  UNIDADES  REGIÓN  VIII;BOLSA  DE  BASURA;839;838;0;45966;38519508;No;SERVICIOS  INTEGRADOS  SIDAPT  LIMITADA;SERVICIOS  INTEGRADOS  SIDAPT  LIMITADA;76.299.358-9
2239-9-LR22;5800319;Convenio  Marco  de  Artículos  de  Aseo  e  Higiene;1057544-14375-CM25;53171126;Orden  de  Compra  generada  por  la  Gran  Compra:  77116;2025-08-27;2025-06-03;2025-06-03;2025-06-17;Recepción  Conforme;77116;61.607.202-1;Bienes  y  Servicios;SERVICIO  DE  SALUD  DE  TALCAHUANO  HOSPITAL;Avenida  Alto  Horno,  777  Las  Higueras;Talcahuano;SERVICIO  DE  SALUD  DE  TALCAHUANO  HOSPITAL;1909008;LAVALOZAS  CONCENTRADO  LAVADO  MANUAL  MR  ROB  ANTIGRASA  CÍTRICO  5000  ML  UNIDAD  REGIÓN  VIII;LAVALOZAS  CONCENTRADO  LAVADO  MANUAL;3345;2990;11;1817;5432830;Si;SERVICIOS  INTEGRADOS  SIDAPT  LIMITADA;SERVICIOS  INTEGRADOS  SIDAPT  LIMITADA;76.299.358-9
2239-9-LR22;5800319;Convenio  Marco  de  Artículos  de  Aseo  e  Higiene;1057544-14375-CM25;53171126;Orden  de  Compra  generada  por  la  Gran  Compra:  77116;2025-08-27;2025-06-03;2025-06-03;2025-06-17;Recepción  Conforme;77116;61.607.202-1;Bienes  y  Servicios;SERVICIO  DE  SALUD  DE  TALCAHUANO  HOSPITAL;Avenida  Alto  Horno,  777  Las  Higueras;Talcahuano;SERVICIO  DE  SALUD  DE  TALCAHUANO  HOSPITAL;1902123;ESCOBILLÓN  VIRUTEX  PRO  USO  INTERIOR  FIBRA  SUAVE  MANGO  METÁLICO  33  CM  UNIDAD  REGIÓN  VIII;ESCOBILLÓN;1945;1940;0;832;1614080;No;COMERCIAL  BAUSTORE  SPA;COMERCIAL  BAUSTORE  SPA;77.621.112-5
2239-9-LR22;5800319;Convenio  Marco  de  Artículos  de  Aseo  e  Higiene;1057544-14375-CM25;53171126;Orden  de  Compra  generada  por  la  Gran  Compra:  77116;2025-08-27;2025-06-03;2025-06-03;2025-06-17;Recepción  Conforme;77116;61.607.202-1;Bienes  y  Servicios;SERVICIO  DE  SALUD  DE  TALCAHUANO  HOSPITAL;Avenida  Alto  Horno,  777  Las  Higueras;Talcahuano;SERVICIO  DE  SALUD  DE  TALCAHUANO  HOSPITAL;1907070;GUANTES  DE  LIMPIEZA  WINKLER  MULTIUSO  GAMUZADO  TALLA  L  PAR  REGIÓN  VIII;GUANTES  DE  LIMPIEZA;713;450;37;115;51750;No;SOCIEDAD  COMERCIAL  OCTAVA  LIMITADA;SOCIEDAD  COMERCIAL  OCTAVA  LIMITADA;76.046.716-2
2239-9-LR22;5800319;Convenio  Marco  de  Artículos  de  Aseo  e  Higiene;1057544-14375-CM25;53171126;Orden  de  Compra  generada  por  la  Gran  Compra:  77116;2025-08-27;2025-06-03;2025-06-03;2025-06-17;Recepción  Conforme;77116;61.607.202-1;Bienes  y  Servicios;SERVICIO  DE  SALUD  DE  TALCAHUANO  HOSPITAL;Avenida  Alto  Horno,  777  Las  Higueras;Talcahuano;SERVICIO  DE  SALUD  DE  TALCAHUANO  HOSPITAL;1890427;BOLSA  DE  BASURA  VIRUTEX  EXTRA  GRANDE  80X120  140  L  ROLLO  X  10  UNIDADES  REGIÓN  VIII;BOLSA  DE  BASURA;1724;1325;23;4007;5309275;No;SOC  COMERCIAL  CINTEC  LIMITADA;SOC  COMERCIAL  CINTEC  LIMITADA;77.338.250-6
2239-9-LR22;5800319;Convenio  Marco  de  Artículos  de  Aseo  e  Higiene;1057544-14375-CM25;53171126;Orden  de  Compra  generada  por  la  Gran  Compra:  77116;2025-08-27;2025-06-03;2025-06-03;2025-06-17;Recepción  Conforme;77116;61.607.202-1;Bienes  y  Servicios;SERVICIO  DE  SALUD  DE  TALCAHUANO  HOSPITAL;Avenida  Alto  Horno,  777  Las  Higueras;Talcahuano;SERVICIO  DE  SALUD  DE  TALCAHUANO  HOSPITAL;1890869;BOLSA  DE  BASURA  ZAFA  GRANDE  80X110  120  L  ROLLO  X  10  UNIDADES  REGIÓN  VIII;BOLSA  DE  BASURA;1141;915;20;47265;43247475;No;COMERCIALIZADORA  PRANDELLI  LIMITADA;COMERCIALIZADORA  PRANDELLI  LIMITADA;76.295.342-0
2239-9-LR22;5800319;Convenio  Marco  de  Artículos  de  Aseo  e  Higiene;1057544-14375-CM25;53171126;Orden  de  Compra  generada  por  la  Gran  Compra:  77116;2025-08-27;2025-06-03;2025-06-03;2025-06-17;Recepción  Conforme;77116;61.607.202-1;Bienes  y  Servicios;SERVICIO  DE  SALUD  DE  TALCAHUANO  HOSPITAL;Avenida  Alto  Horno,  777  Las  Higueras;Talcahuano;SERVICIO  DE  SALUD  DE  TALCAHUANO  HOSPITAL;1888982;BOLSA  DE  BASURA  IMPEKE  GRANDE  80X110  120  L  ROLLO  X  10  UNIDADES  REGIÓN  VIII;BOLSA  DE  BASURA;822;687;16;47265;32471055;Si;PROVEEDORES  INTEGRALES  PRISA  S  A;PROVEEDORES  INTEGRALES  PRISA  S  A;96.556.940-5
2239-9-LR22;5800319;Convenio  Marco  de  Artículos  de  Aseo  e  Higiene;1057544-14375-CM25;53171126;Orden  de  Compra  generada  por  la  Gran  Compra:  77116;2025-08-27;2025-06-03;2025-06-03;2025-06-17;Recepción  Conforme;77116;61.607.202-1;Bienes  y  Servicios;SERVICIO  DE  SALUD  DE  TALCAHUANO  HOSPITAL;Avenida  Alto  Horno,  777  Las  Higueras;Talcahuano;SERVICIO  DE  SALUD  DE  TALCAHUANO  HOSPITAL;1922931;SERVILLETAS  DESECHABLES  ELITE  MESA  HOJA  SIMPLE  200  UNIDADES  1  PAQUETE  REGIÓN  VIII;SERVILLETAS  DESECHABLES;2086;2000;4;1355;2710000;No;SOCIEDAD  COMERCIAL  OCTAVA  LIMITADA;SOCIEDAD  COMERCIAL  OCTAVA  LIMITADA;76.046.716-2
2239-9-LR22;5800319;Convenio  Marco  de  Artículos  de  Aseo  e  Higiene;1057544-14375-CM25;53171126;Orden  de  Compra  generada  por  la  Gran  Compra:  77116;2025-08-27;2025-06-03;2025-06-03;2025-06-17;Recepción  Conforme;77116;61.607.202-1;Bienes  y  Servicios;SERVICIO  DE  SALUD  DE  TALCAHUANO  HOSPITAL;Avenida  Alto  Horno,  777  Las  Higueras;Talcahuano;SERVICIO  DE  SALUD  DE  TALCAHUANO  HOSPITAL;1903857;ESPONJA  VIRUTEX  PRO  ANTIBACTERIAL  C/FIBRA  ABRASIVA  UNIDAD  REGIÓN  VIII;ESPONJA;424;423;0;2374;1004202;No;COMERCIAL  BAUSTORE  SPA;COMERCIAL  BAUSTORE  SPA;77.621.112-5
2239-9-LR22;5800319;Convenio  Marco  de  Artículos  de  Aseo  e  Higiene;1057544-14375-CM25;53171126;Orden  de  Compra  generada  por  la  Gran  Compra:  77116;2025-08-27;2025-06-03;2025-06-03;2025-06-17;Recepción  Conforme;77116;61.607.202-1;Bienes  y  Servicios;SERVICIO  DE  SALUD  DE  TALCAHUANO  HOSPITAL;Avenida  Alto  Horno,  777  Las  Higueras;Talcahuano;SERVICIO  DE  SALUD  DE  TALCAHUANO  HOSPITAL;1889628;BOLSA  DE  BASURA  VIRUTEX  EXTRA  GRANDE  80X120  140  L  ROLLO  X  10  UNIDADES  REGIÓN  VIII;BOLSA  DE  BASURA;1310;1260;4;4007;5048820;No;SERVICIOS  INTEGRADOS  SIDAPT  LIMITADA;SERVICIOS  INTEGRADOS  SIDAPT  LIMITADA;76.299.358-9
2239-9-LR22;5800319;Convenio  Marco  de  Artículos  de  Aseo  e  Higiene;1057544-14375-CM25;53171126;Orden  de  Compra  generada  por  la  Gran  Compra:  77116;2025-08-27;2025-06-03;2025-06-03;2025-06-17;Recepción  Conforme;77116;61.607.202-1;Bienes  y  Servicios;SERVICIO  DE  SALUD  DE  TALCAHUANO  HOSPITAL;Avenida  Alto  Horno,  777  Las  Higueras;Talcahuano;SERVICIO  DE  SALUD  DE  TALCAHUANO  HOSPITAL;1890427;BOLSA  DE  BASURA  VIRUTEX  EXTRA  GRANDE  80X120  140  L  ROLLO  X  10  UNIDADES  REGIÓN  VIII;BOLSA  DE  BASURA;1909;1599;16;4007;6407193;No;CASTILLA  Y  ARAGON  SPA;CASTILLA  Y  ARAGON  SPA;96.989.530-7
2239-9-LR22;5800319;Convenio  Marco  de  Artículos  de  Aseo  e  Higiene;1057544-14375-CM25;53171126;Orden  de  Compra  generada  por  la  Gran  Compra:  77116;2025-08-27;2025-06-03;2025-06-03;2025-06-17;Recepción  Conforme;77116;61.607.202-1;Bienes  y  Servicios;SERVICIO  DE  SALUD  DE  TALCAHUANO  HOSPITAL;Avenida  Alto  Horno,  777  Las  Higueras;Talcahuano;SERVICIO  DE  SALUD  DE  TALCAHUANO  HOSPITAL;1902123;ESCOBILLÓN  VIRUTEX  PRO  USO  INTERIOR  FIBRA  SUAVE  MANGO  METÁLICO  33  CM  UNIDAD  REGIÓN  VIII;ESCOBILLÓN;1813;1600;12;832;1331200;No;SERVICIOS  INTEGRADOS  SIDAPT  LIMITADA;SERVICIOS  INTEGRADOS  SIDAPT  LIMITADA;76.299.358-9
2239-9-LR22;5800319;Convenio  Marco  de  Artículos  de  Aseo  e  Higiene;1057544-14375-CM25;53171126;Orden  de  Compra  generada  por  la  Gran  Compra:  77116;2025-08-27;2025-06-03;2025-06-03;2025-06-17;Recepción  Conforme;77116;61.607.202-1;Bienes  y  Servicios;SERVICIO  DE  SALUD  DE  TALCAHUANO  HOSPITAL;Avenida  Alto  Horno,  777  Las  Higueras;Talcahuano;SERVICIO  DE  SALUD  DE  TALCAHUANO  HOSPITAL;1890903;BOLSA  DE  BASURA  ZAFA  PEQUEÑA  50X70  30  L  ROLLO  X  10  UNIDADES  REGIÓN  VIII;BOLSA  DE  BASURA;430;385;10;23328;8981280;No;COMERCIALIZADORA  PRANDELLI  LIMITADA;COMERCIALIZADORA  PRANDELLI  LIMITADA;76.295.342-0
2239-9-LR22;5800319;Convenio  Marco  de  Artículos  de  Aseo  e  Higiene;1057544-14375-CM25;53171126;Orden  de  Compra  generada  por  la  Gran  Compra:  77116;2025-08-27;2025-06-03;2025-06-03;2025-06-17;Recepción  Conforme;77116;61.607.202-1;Bienes  y  Servicios;SERVICIO  DE  SALUD  DE  TALCAHUANO  HOSPITAL;Avenida  Alto  Horno,  777  Las  Higueras;Talcahuano;SERVICIO  DE  SALUD  DE  TALCAHUANO  HOSPITAL;1903772;ESPONJA  VIRUTEX  ANTIBACTERIAL  C/FIBRA  ABRASIVA  UNIDAD  REGIÓN  VIII;ESPONJA;435;185;57;2374;439190;No;SOCIEDAD  COMERCIAL  OCTAVA  LIMITADA;SOCIEDAD  COMERCIAL  OCTAVA  LIMITADA;76.046.716-2
2239-9-LR22;5800319;Convenio  Marco  de  Artículos  de  Aseo  e  Higiene;1057544-14375-CM25;53171126;Orden  de  Compra  generada  por  la  Gran  Compra:  77116;2025-08-27;2025-06-03;2025-06-03;2025-06-17;Recepción  Conforme;77116;61.607.202-1;Bienes  y  Servicios;SERVICIO  DE  SALUD  DE  TALCAHUANO  HOSPITAL;Avenida  Alto  Horno,  777  Las  Higueras;Talcahuano;SERVICIO  DE  SALUD  DE  TALCAHUANO  HOSPITAL;1906475;GUANTES  DE  LIMPIEZA  IMPEKE  MULTIUSO  FLOCADO  TALLA  M  PAR  REGIÓN  VIII;GUANTES  DE  LIMPIEZA;804;619;23;265;164035;No;SOC  COMERCIAL  CINTEC  LIMITADA;SOC  COMERCIAL  CINTEC  LIMITADA;77.338.250-6
2239-9-LR22;5800319;Convenio  Marco  de  Artículos  de  Aseo  e  Higiene;1057544-14375-CM25;53171126;Orden  de  Compra  generada  por  la  Gran  Compra:  77116;2025-08-27;2025-06-03;2025-06-03;2025-06-17;Recepción  Conforme;77116;61.607.202-1;Bienes  y  Servicios;SERVICIO  DE  SALUD  DE  TALCAHUANO  HOSPITAL;Avenida  Alto  Horno,  777  Las  Higueras;Talcahuano;SERVICIO  DE  SALUD  DE  TALCAHUANO  HOSPITAL;1890631;BOLSA  DE  BASURA  VIRUTEX  PRO  PEQUEÑA  50X70  30  L  PLANA  PAQUETE  X  10  UNIDADES  REGIÓN  VIII;BOLSA  DE  BASURA;553;552;0;23328;12877056;No;SERVICIOS  INTEGRADOS  SIDAPT  LIMITADA;SERVICIOS  INTEGRADOS  SIDAPT  LIMITADA;76.299.358-9
2239-9-LR22;5800319;Convenio  Marco  de  Artículos  de  Aseo  e  Higiene;1057544-14375-CM25;53171126;Orden  de  Compra  generada  por  la  Gran  Compra:  77116;2025-08-27;2025-06-03;2025-06-03;2025-06-17;Recepción  Conforme;77116;61.607.202-1;Bienes  y  Servicios;SERVICIO  DE  SALUD  DE  TALCAHUANO  HOSPITAL;Avenida  Alto  Horno,  777  Las  Higueras;Talcahuano;SERVICIO  DE  SALUD  DE  TALCAHUANO  HOSPITAL;1906492;GUANTES  DE  LIMPIEZA  IMPEKE  MULTIUSO  FLOCADO  TALLA  S  PAR  REGIÓN  VIII;GUANTES  DE  LIMPIEZA;714;558;22;208;116064;Si;PROVEEDORES  INTEGRALES  PRISA  S  A;PROVEEDORES  INTEGRALES  PRISA  S  A;96.556.940-5
2239-9-LR22;5800319;Convenio  Marco  de  Artículos  de  Aseo  e  Higiene;1057544-14375-CM25;53171126;Orden  de  Compra  generada  por  la  Gran  Compra:  77116;2025-08-27;2025-06-03;2025-06-03;2025-06-17;Recepción  Conforme;77116;61.607.202-1;Bienes  y  Servicios;SERVICIO  DE  SALUD  DE  TALCAHUANO  HOSPITAL;Avenida  Alto  Horno,  777  Las  Higueras;Talcahuano;SERVICIO  DE  SALUD  DE  TALCAHUANO  HOSPITAL;1909008;LAVALOZAS  CONCENTRADO  LAVADO  MANUAL  MR  ROB  ANTIGRASA  CÍTRICO  5000  ML  UNIDAD  REGIÓN  VIII;LAVALOZAS  CONCENTRADO  LAVADO  MANUAL;4578;3183;30;1817;5783511;No;COMERCIAL  BAUSTORE  SPA;COMERCIAL  BAUSTORE  SPA;77.621.112-5
2239-9-LR22;5800319;Convenio  Marco  de  Artículos  de  Aseo  e  Higiene;1057544-14375-CM25;53171126;Orden  de  Compra  generada  por  la  Gran  Compra:  77116;2025-08-27;2025-06-03;2025-06-03;2025-06-17;Recepción  Conforme;77116;61.607.202-1;Bienes  y  Servicios;SERVICIO  DE  SALUD  DE  TALCAHUANO  HOSPITAL;Avenida  Alto  Horno,  777  Las  Higueras;Talcahuano;SERVICIO  DE  SALUD  DE  TALCAHUANO  HOSPITAL;1909008;LAVALOZAS  CONCENTRADO  LAVADO  MANUAL  MR  ROB  ANTIGRASA  CÍTRICO  5000  ML  UNIDAD  REGIÓN  VIII;LAVALOZAS  CONCENTRADO  LAVADO  MANUAL;3356;3280;2;1817;5959760;No;CASTILLA  Y  ARAGON  SPA;CASTILLA  Y  ARAGON  SPA;96.989.530-7
2239-9-LR22;5800319;Convenio  Marco  de  Artículos  de  Aseo  e  Higiene;1057544-14375-CM25;53171126;Orden  de  Compra  generada  por  la  Gran  Compra:  77116;2025-08-27;2025-06-03;2025-06-03;2025-06-17;Recepción  Conforme;77116;61.607.202-1;Bienes  y  Servicios;SERVICIO  DE  SALUD  DE  TALCAHUANO  HOSPITAL;Avenida  Alto  Horno,  777  Las  Higueras;Talcahuano;SERVICIO  DE  SALUD  DE  TALCAHUANO  HOSPITAL;1922931;SERVILLETAS  DESECHABLES  ELITE  MESA  HOJA  SIMPLE  200  UNIDADES  1  PAQUETE  REGIÓN  VIII;SERVILLETAS  DESECHABLES;2136;2089;2;1355;2830595;No;COMERCIAL  BAUSTORE  SPA;COMERCIAL  BAUSTORE  SPA;77.621.112-5
2239-9-LR22;5800319;Convenio  Marco  de  Artículos  de  Aseo  e  Higiene;1057544-14375-CM25;53171126;Orden  de  Compra  generada  por  la  Gran  Compra:  77116;2025-08-27;2025-06-03;2025-06-03;2025-06-17;Recepción  Conforme;77116;61.607.202-1;Bienes  y  Servicios;SERVICIO  DE  SALUD  DE  TALCAHUANO  HOSPITAL;Avenida  Alto  Horno,  777  Las  Higueras;Talcahuano;SERVICIO  DE  SALUD  DE  TALCAHUANO  HOSPITAL;1897108;CLORO  TRADICIONAL  IGENIX  2,6%  1000  ML  UNIDAD  REGIÓN  VIII;CLORO  TRADICIONAL;935;852;9;2401;2045652;No;COMERCIAL  BAUSTORE  SPA;COMERCIAL  BAUSTORE  SPA;77.621.112-5
2239-9-LR22;5800319;Convenio  Marco  de  Artículos  de  Aseo  e  Higiene;1057544-14375-CM25;53171126;Orden  de  Compra  generada  por  la  Gran  Compra:  77116;2025-08-27;2025-06-03;2025-06-03;2025-06-17;Recepción  Conforme;77116;61.607.202-1;Bienes  y  Servicios;SERVICIO  DE  SALUD  DE  TALCAHUANO  HOSPITAL;Avenida  Alto  Horno,  777  Las  Higueras;Talcahuano;SERVICIO  DE  SALUD  DE  TALCAHUANO  HOSPITAL;1905914;GEL  SANITIZANTE  PARA  MANOS  WORKTEEN  70%  BOTELLA  60  ML  UNIDAD  REGIÓN  VIII;GEL  SANITIZANTE  PARA  MANOS;855;800;6;670;536000;No;SOCIEDAD  COMERCIAL  OCTAVA  LIMITADA;SOCIEDAD  COMERCIAL  OCTAVA  LIMITADA;76.046.716-2
2239-9-LR22;5800319;Convenio  Marco  de  Artículos  de  Aseo  e  Higiene;1057544-14375-CM25;53171126;Orden  de  Compra  generada  por  la  Gran  Compra:  77116;2025-08-27;2025-06-03;2025-06-03;2025-06-17;Recepción  Conforme;77116;61.607.202-1;Bienes  y  Servicios;SERVICIO  DE  SALUD  DE  TALCAHUANO  HOSPITAL;Avenida  Alto  Horno,  777  Las  Higueras;Talcahuano;SERVICIO  DE  SALUD  DE  TALCAHUANO  HOSPITAL;1890597;BOLSA  DE  BASURA  VIRUTEX  PRO  MEDIANA  70X90  70  L  PLANA  PAQUETE  X  10  UNIDADES  REGIÓN  VIII;BOLSA  DE  BASURA;919;916;0;45966;42104856;No;SOC  COMERCIAL  CINTEC  LIMITADA;SOC  COMERCIAL  CINTEC  LIMITADA;77.338.250-6
2239-9-LR22;5800319;Convenio  Marco  de  Artículos  de  Aseo  e  Higiene;1057544-14375-CM25;53171126;Orden  de  Compra  generada  por  la  Gran  Compra:  77116;2025-08-27;2025-06-03;2025-06-03;2025-06-17;Recepción  Conforme;77116;61.607.202-1;Bienes  y  Servicios;SERVICIO  DE  SALUD  DE  TALCAHUANO  HOSPITAL;Avenida  Alto  Horno,  777  Las  Higueras;Talcahuano;SERVICIO  DE  SALUD  DE  TALCAHUANO  HOSPITAL;1931845;CLORO  TRADICIONAL  IMPEKE  3%  1000  ML  UNIDAD  REGIÓN  VIII;CLORO  TRADICIONAL;773;580;25;2401;1392580;No;SOLUCIONES  INTEGRALES  DE  LIMPIEZA  SPA;SOLUCIONES  INTEGRALES  DE  LIMPIEZA  LIMITADA;89.842.300-K
2239-9-LR22;5800319;Convenio  Marco  de  Artículos  de  Aseo  e  Higiene;1057544-14375-CM25;53171126;Orden  de  Compra  generada  por  la  Gran  Compra:  77116;2025-08-27;2025-06-03;2025-06-03;2025-06-17;Recepción  Conforme;77116;61.607.202-1;Bienes  y  Servicios;SERVICIO  DE  SALUD  DE  TALCAHUANO  HOSPITAL;Avenida  Alto  Horno,  777  Las  Higueras;Talcahuano;SERVICIO  DE  SALUD  DE  TALCAHUANO  HOSPITAL;1906509;GUANTES  DE  LIMPIEZA  IMPEKE  MULTIUSO  GAMUZADO  TALLA  L  PAR  REGIÓN  VIII;GUANTES  DE  LIMPIEZA;743;576;22;115;66240;No;PROVEEDORES  INTEGRALES  PRISA  S  A;PROVEEDORES  INTEGRALES  PRISA  S  A;96.556.940-5
2239-9-LR22;5800319;Convenio  Marco  de  Artículos  de  Aseo  e  Higiene;1057544-14375-CM25;53171126;Orden  de  Compra  generada  por  la  Gran  Compra:  77116;2025-08-27;2025-06-03;2025-06-03;2025-06-17;Recepción  Conforme;77116;61.607.202-1;Bienes  y  Servicios;SERVICIO  DE  SALUD  DE  TALCAHUANO  HOSPITAL;Avenida  Alto  Horno,  777  Las  Higueras;Talcahuano;SERVICIO  DE  SALUD  DE  TALCAHUANO  HOSPITAL;1890444;BOLSA  DE  BASURA  VIRUTEX  GRANDE  80X110  120  L  ROLLO  X  10  UNIDADES  REGIÓN  VIII;BOLSA  DE  BASURA;1076;1075;0;47265;50809875;No;SOC  COMERCIAL  CINTEC  LIMITADA;SOC  COMERCIAL  CINTEC  LIMITADA;77.338.250-6
2239-9-LR22;5800319;Convenio  Marco  de  Artículos  de  Aseo  e  Higiene;1057544-14375-CM25;53171126;Orden  de  Compra  generada  por  la  Gran  Compra:  77116;2025-08-27;2025-06-03;2025-06-03;2025-06-17;Recepción  Conforme;77116;61.607.202-1;Bienes  y  Servicios;SERVICIO  DE  SALUD  DE  TALCAHUANO  HOSPITAL;Avenida  Alto  Horno,  777  Las  Higueras;Talcahuano;SERVICIO  DE  SALUD  DE  TALCAHUANO  HOSPITAL;1897125;CLORO  TRADICIONAL  IMPEKE  2,62%  1000  ML  UNIDAD  REGIÓN  VIII;CLORO  TRADICIONAL;762;574;25;2401;1378174;No;PROVEEDORES  INTEGRALES  PRISA  S  A;PROVEEDORES  INTEGRALES  PRISA  S  A;96.556.940-5
2239-9-LR22;5800319;Convenio  Marco  de  Artículos  de  Aseo  e  Higiene;1057544-14375-CM25;53171126;Orden  de  Compra  generada  por  la  Gran  Compra:  77116;2025-08-27;2025-06-03;2025-06-03;2025-06-17;Recepción  Conforme;77116;61.607.202-1;Bienes  y  Servicios;SERVICIO  DE  SALUD  DE  TALCAHUANO  HOSPITAL;Avenida  Alto  Horno,  777  Las  Higueras;Talcahuano;SERVICIO  DE  SALUD  DE  TALCAHUANO  HOSPITAL;1902123;ESCOBILLÓN  VIRUTEX  PRO  USO  INTERIOR  FIBRA  SUAVE  MANGO  METÁLICO  33  CM  UNIDAD  REGIÓN  VIII;ESCOBILLÓN;2110;1846;13;832;1535872;No;SOLUCIONES  INTEGRALES  DE  LIMPIEZA  SPA;SOLUCIONES  INTEGRALES  DE  LIMPIEZA  LIMITADA;89.842.300-K
2239-9-LR22;5800319;Convenio  Marco  de  Artículos  de  Aseo  e  Higiene;1057544-14375-CM25;53171126;Orden  de  Compra  generada  por  la  Gran  Compra:  77116;2025-08-27;2025-06-03;2025-06-03;2025-06-17;Recepción  Conforme;77116;61.607.202-1;Bienes  y  Servicios;SERVICIO  DE  SALUD  DE  TALCAHUANO  HOSPITAL;Avenida  Alto  Horno,  777  Las  Higueras;Talcahuano;SERVICIO  DE  SALUD  DE  TALCAHUANO  HOSPITAL;1902123;ESCOBILLÓN  VIRUTEX  PRO  USO  INTERIOR  FIBRA  SUAVE  MANGO  METÁLICO  33  CM  UNIDAD  REGIÓN  VIII;ESCOBILLÓN;1953;1899;3;832;1579968;No;CASTILLA  Y  ARAGON  SPA;CASTILLA  Y  ARAGON  SPA;96.989.530-7
2239-9-LR22;5800319;Convenio  Marco  de  Artículos  de  Aseo  e  Higiene;1057544-14375-CM25;53171126;Orden  de  Compra  generada  por  la  Gran  Compra:  77116;2025-08-27;2025-06-03;2025-06-03;2025-06-17;Recepción  Conforme;77116;61.607.202-1;Bienes  y  Servicios;SERVICIO  DE  SALUD  DE  TALCAHUANO  HOSPITAL;Avenida  Alto  Horno,  777  Las  Higueras;Talcahuano;SERVICIO  DE  SALUD  DE  TALCAHUANO  HOSPITAL;1907019;GUANTES  DE  LIMPIEZA  WINKLER  MULTIUSO  FLOCADO  TALLA  L  PAR  REGIÓN  VIII;GUANTES  DE  LIMPIEZA;777;500;36;115;57500;No;COMERCIAL  BAUSTORE  SPA;COMERCIAL  BAUSTORE  SPA;77.621.112-5
2239-9-LR22;5800319;Convenio  Marco  de  Artículos  de  Aseo  e  Higiene;1057544-14375-CM25;53171126;Orden  de  Compra  generada  por  la  Gran  Compra:  77116;2025-08-27;2025-06-03;2025-06-03;2025-06-17;Recepción  Conforme;77116;61.607.202-1;Bienes  y  Servicios;SERVICIO  DE  SALUD  DE  TALCAHUANO  HOSPITAL;Avenida  Alto  Horno,  777  Las  Higueras;Talcahuano;SERVICIO  DE  SALUD  DE  TALCAHUANO  HOSPITAL;1906492;GUANTES  DE  LIMPIEZA  IMPEKE  MULTIUSO  FLOCADO  TALLA  S  PAR  REGIÓN  VIII;GUANTES  DE  LIMPIEZA;767;573;25;208;119184;No;SOLUCIONES  INTEGRALES  DE  LIMPIEZA  SPA;SOLUCIONES  INTEGRALES  DE  LIMPIEZA  LIMITADA;89.842.300-K
2239-9-LR22;5800319;Convenio  Marco  de  Artículos  de  Aseo  e  Higiene;1057544-14375-CM25;53171126;Orden  de  Compra  generada  por  la  Gran  Compra:  77116;2025-08-27;2025-06-03;2025-06-03;2025-06-17;Recepción  Conforme;77116;61.607.202-1;Bienes  y  Servicios;SERVICIO  DE  SALUD  DE  TALCAHUANO  HOSPITAL;Avenida  Alto  Horno,  777  Las  Higueras;Talcahuano;SERVICIO  DE  SALUD  DE  TALCAHUANO  HOSPITAL;1890886;BOLSA  DE  BASURA  ZAFA  MEDIANA  70X90  70  L  ROLLO  X  10  UNIDADES  REGIÓN  VIII;BOLSA  DE  BASURA;977;620;37;45966;28498920;No;COMERCIALIZADORA  PRANDELLI  LIMITADA;COMERCIALIZADORA  PRANDELLI  LIMITADA;76.295.342-0
2239-9-LR22;5800319;Convenio  Marco  de  Artículos  de  Aseo  e  Higiene;1057544-14375-CM25;53171126;Orden  de  Compra  generada  por  la  Gran  Compra:  77116;2025-08-27;2025-06-03;2025-06-03;2025-06-17;Recepción  Conforme;77116;61.607.202-1;Bienes  y  Servicios;SERVICIO  DE  SALUD  DE  TALCAHUANO  HOSPITAL;Avenida  Alto  Horno,  777  Las  Higueras;Talcahuano;SERVICIO  DE  SALUD  DE  TALCAHUANO  HOSPITAL;1908617;LAVALOZAS  CONCENTRADO  LAVADO  MANUAL  EXCELL  ANTIGRASA  CÍTRICO  5000  ML  UNIDAD  REGIÓN  VIII;LAVALOZAS  CONCENTRADO  LAVADO  MANUAL;7464;7350;2;1817;13354950;No;SOCIEDAD  COMERCIAL  OCTAVA  LIMITADA;SOCIEDAD  COMERCIAL  OCTAVA  LIMITADA;76.046.716-2
2239-9-LR22;5800319;Convenio  Marco  de  Artículos  de  Aseo  e  Higiene;1057544-14375-CM25;53171126;Orden  de  Compra  generada  por  la  Gran  Compra:  77116;2025-08-27;2025-06-03;2025-06-03;2025-06-17;Recepción  Conforme;77116;61.607.202-1;Bienes  y  Servicios;SERVICIO  DE  SALUD  DE  TALCAHUANO  HOSPITAL;Avenida  Alto  Horno,  777  Las  Higueras;Talcahuano;SERVICIO  DE  SALUD  DE  TALCAHUANO  HOSPITAL;1914380;PAÑAL  DE  ADULTO  COTIDIAN  TALLA  G  PAQUETE  DE  20  UNIDADES  REGIÓN  VIII;PAÑAL  DE  ADULTO;10408;10380;0;16617;172484460;No;HUGO  ALBERTO  HERNANDEZ  VALDERRAMA;HUGO  ALBERTO  HERNANDEZ  VALDERRAMA;10.226.700-1
2239-9-LR22;5800319;Convenio  Marco  de  Artículos  de  Aseo  e  Higiene;1057544-14375-CM25;53171126;Orden  de  Compra  generada  por  la  Gran  Compra:  77116;2025-08-27;2025-06-03;2025-06-03;2025-06-17;Recepción  Conforme;77116;61.607.202-1;Bienes  y  Servicios;SERVICIO  DE  SALUD  DE  TALCAHUANO  HOSPITAL;Avenida  Alto  Horno,  777  Las  Higueras;Talcahuano;SERVICIO  DE  SALUD  DE  TALCAHUANO  HOSPITAL;1909280;LAVALOZAS  CONCENTRADO  LAVADO  MANUAL  TREMEX  ANTIGRASA  CÍTRICO  5000  ML  UNIDAD  REGIÓN  VIII;LAVALOZAS  CONCENTRADO  LAVADO  MANUAL;6830;5277;23;1817;9588309;Si;PROVEEDORES  INTEGRALES  PRISA  S  A;PROVEEDORES  INTEGRALES  PRISA  S  A;96.556.940-5
2239-9-LR22;5800319;Convenio  Marco  de  Artículos  de  Aseo  e  Higiene;1057544-14375-CM25;53171126;Orden  de  Compra  generada  por  la  Gran  Compra:  77116;2025-08-27;2025-06-03;2025-06-03;2025-06-17;Recepción  Conforme;77116;61.607.202-1;Bienes  y  Servicios;SERVICIO  DE  SALUD  DE  TALCAHUANO  HOSPITAL;Avenida  Alto  Horno,  777  Las  Higueras;Talcahuano;SERVICIO  DE  SALUD  DE  TALCAHUANO  HOSPITAL;1902123;ESCOBILLÓN  VIRUTEX  PRO  USO  INTERIOR  FIBRA  SUAVE  MANGO  METÁLICO  33  CM  UNIDAD  REGIÓN  VIII;ESCOBILLÓN;2124;1734;18;832;1442688;Si;PROVEEDORES  INTEGRALES  PRISA  S  A;PROVEEDORES  INTEGRALES  PRISA  S  A;96.556.940-5
2239-9-LR22;5800319;Convenio  Marco  de  Artículos  de  Aseo  e  Higiene;1057544-14375-CM25;53171126;Orden  de  Compra  generada  por  la  Gran  Compra:  77116;2025-08-27;2025-06-03;2025-06-03;2025-06-17;Recepción  Conforme;77116;61.607.202-1;Bienes  y  Servicios;SERVICIO  DE  SALUD  DE  TALCAHUANO  HOSPITAL;Avenida  Alto  Horno,  777  Las  Higueras;Talcahuano;SERVICIO  DE  SALUD  DE  TALCAHUANO  HOSPITAL;1904571;GEL  SANITIZANTE  PARA  MANOS  ECOSAFE  70%  BOTELLA  60  ML  UNIDAD  REGIÓN  VIII;GEL  SANITIZANTE  PARA  MANOS;1400;890;36;670;596300;No;SERVICIOS  INTEGRADOS  SIDAPT  LIMITADA;SERVICIOS  INTEGRADOS  SIDAPT  LIMITADA;76.299.358-9
2239-9-LR22;5800319;Convenio  Marco  de  Artículos  de  Aseo  e  Higiene;1057544-14375-CM25;53171126;Orden  de  Compra  generada  por  la  Gran  Compra:  77116;2025-08-27;2025-06-03;2025-06-03;2025-06-17;Recepción  Conforme;77116;61.607.202-1;Bienes  y  Servicios;SERVICIO  DE  SALUD  DE  TALCAHUANO  HOSPITAL;Avenida  Alto  Horno,  777  Las  Higueras;Talcahuano;SERVICIO  DE  SALUD  DE  TALCAHUANO  HOSPITAL;1906577;GUANTES  DE  LIMPIEZA  LIVE  MULTIUSO  FLOCADO  TALLA  L  PAR  REGIÓN  VIII;GUANTES  DE  LIMPIEZA;786;390;50;115;44850;No;COMERCIAL  MUNOZ  Y  COMPANIA  LIMITADA;COMERCIAL  MUNOZ  Y  COMPANIA  LIMITADA;78.906.980-8
2239-9-LR22;5800319;Convenio  Marco  de  Artículos  de  Aseo  e  Higiene;1057544-14375-CM25;53171126;Orden  de  Compra  generada  por  la  Gran  Compra:  77116;2025-08-27;2025-06-03;2025-06-03;2025-06-17;Recepción  Conforme;77116;61.607.202-1;Bienes  y  Servicios;SERVICIO  DE  SALUD  DE  TALCAHUANO  HOSPITAL;Avenida  Alto  Horno,  777  Las  Higueras;Talcahuano;SERVICIO  DE  SALUD  DE  TALCAHUANO  HOSPITAL;1903109;ESPONJA  FIBRO  CHILE  ANTIBACTERIAL  C/FIBRA  ABRASIVA  UNIDAD  REGIÓN  VIII;ESPONJA;554;418;25;2374;992332;No;CASTILLA  Y  ARAGON  SPA;CASTILLA  Y  ARAGON  SPA;96.989.530-7
2239-9-LR22;5800319;Convenio  Marco  de  Artículos  de  Aseo  e  Higiene;1057544-14375-CM25;53171126;Orden  de  Compra  generada  por  la  Gran  Compra:  77116;2025-08-27;2025-06-03;2025-06-03;2025-06-17;Recepción  Conforme;77116;61.607.202-1;Bienes  y  Servicios;SERVICIO  DE  SALUD  DE  TALCAHUANO  HOSPITAL;Avenida  Alto  Horno,  777  Las  Higueras;Talcahuano;SERVICIO  DE  SALUD  DE  TALCAHUANO  HOSPITAL;1903784;ESPONJA  VIRUTEX  LISA  C/FIBRA  ABRASIVA  UNIDAD  REGIÓN  IX;ESPONJA;141;135;4;2374;320490;No;SOLUCIONES  INTEGRALES  DE  LIMPIEZA  SPA;SOLUCIONES  INTEGRALES  DE  LIMPIEZA  LIMITADA;89.842.300-K
2239-9-LR22;5800319;Convenio  Marco  de  Artículos  de  Aseo  e  Higiene;1057544-14375-CM25;53171126;Orden  de  Compra  generada  por  la  Gran  Compra:  77116;2025-08-27;2025-06-03;2025-06-03;2025-06-17;Recepción  Conforme;77116;61.607.202-1;Bienes  y  Servicios;SERVICIO  DE  SALUD  DE  TALCAHUANO  HOSPITAL;Avenida  Alto  Horno,  777  Las  Higueras;Talcahuano;SERVICIO  DE  SALUD  DE  TALCAHUANO  HOSPITAL;1919786;PAPEL  HIGIÉNICO  CONFORT  BAJO  METRAJE  HOJA  SIMPLE  8  ROLLOS  50  M  1  PAQUETE  REGIÓN  VIII;PAPEL  HIGIÉNICO;2919;2557;12;492;1258044;Si;PROVEEDORES  INTEGRALES  PRISA  S  A;PROVEEDORES  INTEGRALES  PRISA  S  A;96.556.940-5
2239-9-LR22;5800319;Convenio  Marco  de  Artículos  de  Aseo  e  Higiene;1057544-14375-CM25;53171126;Orden  de  Compra  generada  por  la  Gran  Compra:  77116;2025-08-27;2025-06-03;2025-06-03;2025-06-17;Recepción  Conforme;77116;61.607.202-1;Bienes  y  Servicios;SERVICIO  DE  SALUD  DE  TALCAHUANO  HOSPITAL;Avenida  Alto  Horno,  777  Las  Higueras;Talcahuano;SERVICIO  DE  SALUD  DE  TALCAHUANO  HOSPITAL;1907087;GUANTES  DE  LIMPIEZA  WINKLER  MULTIUSO  GAMUZADO  TALLA  M  PAR  REGIÓN  VIII;GUANTES  DE  LIMPIEZA;713;450;37;265;119250;No;SOCIEDAD  COMERCIAL  OCTAVA  LIMITADA;SOCIEDAD  COMERCIAL  OCTAVA  LIMITADA;76.046.716-2
2239-9-LR22;5800319;Convenio  Marco  de  Artículos  de  Aseo  e  Higiene;1057544-14375-CM25;53171126;Orden  de  Compra  generada  por  la  Gran  Compra:  77116;2025-08-27;2025-06-03;2025-06-03;2025-06-17;Recepción  Conforme;77116;61.607.202-1;Bienes  y  Servicios;SERVICIO  DE  SALUD  DE  TALCAHUANO  HOSPITAL;Avenida  Alto  Horno,  777  Las  Higueras;Talcahuano;SERVICIO  DE  SALUD  DE  TALCAHUANO  HOSPITAL;1902106;ESCOBILLÓN  VIRUTEX  PRO  USO  INTERIOR  FIBRA  SUAVE  MANGO  METÁLICO  32  CM  UNIDAD  REGIÓN  VIII;ESCOBILLÓN;2038;1485;27;832;1235520;No;SOCIEDAD  COMERCIAL  OCTAVA  LIMITADA;SOCIEDAD  COMERCIAL  OCTAVA  LIMITADA;76.046.716-2
2239-9-LR22;5800319;Convenio  Marco  de  Artículos  de  Aseo  e  Higiene;1057544-14375-CM25;53171126;Orden  de  Compra  generada  por  la  Gran  Compra:  77116;2025-08-27;2025-06-03;2025-06-03;2025-06-17;Recepción  Conforme;77116;61.607.202-1;Bienes  y  Servicios;SERVICIO  DE  SALUD  DE  TALCAHUANO  HOSPITAL;Avenida  Alto  Horno,  777  Las  Higueras;Talcahuano;SERVICIO  DE  SALUD  DE  TALCAHUANO  HOSPITAL;1906526;GUANTES  DE  LIMPIEZA  IMPEKE  MULTIUSO  GAMUZADO  TALLA  M  PAR  REGIÓN  VIII;GUANTES  DE  LIMPIEZA;728;558;23;265;147870;No;PROVEEDORES  INTEGRALES  PRISA  S  A;PROVEEDORES  INTEGRALES  PRISA  S  A;96.556.940-5
2239-9-LR22;5800319;Convenio  Marco  de  Artículos  de  Aseo  e  Higiene;1057544-14375-CM25;53171126;Orden  de  Compra  generada  por  la  Gran  Compra:  77116;2025-08-27;2025-06-03;2025-06-03;2025-06-17;Recepción  Conforme;77116;61.607.202-1;Bienes  y  Servicios;SERVICIO  DE  SALUD  DE  TALCAHUANO  HOSPITAL;Avenida  Alto  Horno,  777  Las  Higueras;Talcahuano;SERVICIO  DE  SALUD  DE  TALCAHUANO  HOSPITAL;1907036;GUANTES  DE  LIMPIEZA  WINKLER  MULTIUSO  FLOCADO  TALLA  M  PAR  REGIÓN  VIII;GUANTES  DE  LIMPIEZA;777;500;36;265;132500;No;COMERCIAL  BAUSTORE  SPA;COMERCIAL  BAUSTORE  SPA;77.621.112-5
2239-9-LR22;5800319;Convenio  Marco  de  Artículos  de  Aseo  e  Higiene;1057544-14375-CM25;53171126;Orden  de  Compra  generada  por  la  Gran  Compra:  77116;2025-08-27;2025-06-03;2025-06-03;2025-06-17;Recepción  Conforme;77116;61.607.202-1;Bienes  y  Servicios;SERVICIO  DE  SALUD  DE  TALCAHUANO  HOSPITAL;Avenida  Alto  Horno,  777  Las  Higueras;Talcahuano;SERVICIO  DE  SALUD  DE  TALCAHUANO  HOSPITAL;1909314;LAVALOZAS  CONCENTRADO  LAVADO  MANUAL  VIRGINIA  ANTIGRASA  CÍTRICO  5000  ML  UNIDAD  REGIÓN  VIII;LAVALOZAS  CONCENTRADO  LAVADO  MANUAL;6378;7794;-22;1817;14161698;No;COMERCIAL  MUNOZ  Y  COMPANIA  LIMITADA;COMERCIAL  MUNOZ  Y  COMPANIA  LIMITADA;78.906.980-8
2239-9-LR22;5800319;Convenio  Marco  de  Artículos  de  Aseo  e  Higiene;1057544-14375-CM25;53171126;Orden  de  Compra  generada  por  la  Gran  Compra:  77116;2025-08-27;2025-06-03;2025-06-03;2025-06-17;Recepción  Conforme;77116;61.607.202-1;Bienes  y  Servicios;SERVICIO  DE  SALUD  DE  TALCAHUANO  HOSPITAL;Avenida  Alto  Horno,  777  Las  Higueras;Talcahuano;SERVICIO  DE  SALUD  DE  TALCAHUANO  HOSPITAL;1914380;PAÑAL  DE  ADULTO  COTIDIAN  TALLA  G  PAQUETE  DE  20  UNIDADES  REGIÓN  VIII;PAÑAL  DE  ADULTO;12568;8890;29;16617;147725130;No;SOLUCIONES  INTEGRALES  DE  LIMPIEZA  SPA;SOLUCIONES  INTEGRALES  DE  LIMPIEZA  LIMITADA;89.842.300-K
2239-9-LR22;5800319;Convenio  Marco  de  Artículos  de  Aseo  e  Higiene;1057544-14375-CM25;53171126;Orden  de  Compra  generada  por  la  Gran  Compra:  77116;2025-08-27;2025-06-03;2025-06-03;2025-06-17;Recepción  Conforme;77116;61.607.202-1;Bienes  y  Servicios;SERVICIO  DE  SALUD  DE  TALCAHUANO  HOSPITAL;Avenida  Alto  Horno,  777  Las  Higueras;Talcahuano;SERVICIO  DE  SALUD  DE  TALCAHUANO  HOSPITAL;1906492;GUANTES  DE  LIMPIEZA  IMPEKE  MULTIUSO  FLOCADO  TALLA  S  PAR  REGIÓN  VIII;GUANTES  DE  LIMPIEZA;804;619;23;208;128752;No;SOC  COMERCIAL  CINTEC  LIMITADA;SOC  COMERCIAL  CINTEC  LIMITADA;77.338.250-6
2239-9-LR22;5800319;Convenio  Marco  de  Artículos  de  Aseo  e  Higiene;1057544-14375-CM25;53171126;Orden  de  Compra  generada  por  la  Gran  Compra:  77116;2025-08-27;2025-06-03;2025-06-03;2025-06-17;Recepción  Conforme;77116;61.607.202-1;Bienes  y  Servicios;SERVICIO  DE  SALUD  DE  TALCAHUANO  HOSPITAL;Avenida  Alto  Horno,  777  Las  Higueras;Talcahuano;SERVICIO  DE  SALUD  DE  TALCAHUANO  HOSPITAL;1909399;LAVALOZAS  CONCENTRADO  LAVADO  MANUAL  WINKLER  ANTIGRASA  CÍTRICO  5000  ML  UNIDAD  REGIÓN  VIII;LAVALOZAS  CONCENTRADO  LAVADO  MANUAL;4584;4500;2;1817;8176500;No;GRUPO  DK  SERVICIOS  LIMITADA;GRUPO  DK  SERVICIOS  LIMITADA;76.556.184-1
2239-9-LR22;5800319;Convenio  Marco  de  Artículos  de  Aseo  e  Higiene;1057544-14375-CM25;53171126;Orden  de  Compra  generada  por  la  Gran  Compra:  77116;2025-08-27;2025-06-03;2025-06-03;2025-06-17;Recepción  Conforme;77116;61.607.202-1;Bienes  y  Servicios;SERVICIO  DE  SALUD  DE  TALCAHUANO  HOSPITAL;Avenida  Alto  Horno,  777  Las  Higueras;Talcahuano;SERVICIO  DE  SALUD  DE  TALCAHUANO  HOSPITAL;1914533;PAÑAL  DE  ADULTO  ELITE  TALLA  G  PAQUETE  DE  20  UNIDADES  REGIÓN  VIII;PAÑAL  DE  ADULTO;16892;15000;11;16617;249255000;No;SOCIEDAD  COMERCIAL  OCTAVA  LIMITADA;SOCIEDAD  COMERCIAL  OCTAVA  LIMITADA;76.046.716-2
2239-9-LR22;5800319;Convenio  Marco  de  Artículos  de  Aseo  e  Higiene;1057544-14375-CM25;53171126;Orden  de  Compra  generada  por  la  Gran  Compra:  77116;2025-08-27;2025-06-03;2025-06-03;2025-06-17;Recepción  Conforme;77116;61.607.202-1;Bienes  y  Servicios;SERVICIO  DE  SALUD  DE  TALCAHUANO  HOSPITAL;Avenida  Alto  Horno,  777  Las  Higueras;Talcahuano;SERVICIO  DE  SALUD  DE  TALCAHUANO  HOSPITAL;1909314;LAVALOZAS  CONCENTRADO  LAVADO  MANUAL  VIRGINIA  ANTIGRASA  CÍTRICO  5000  ML  UNIDAD  REGIÓN  VIII;LAVALOZAS  CONCENTRADO  LAVADO  MANUAL;6814;6814;0;1817;12381038;No;SOC  COMERCIAL  CINTEC  LIMITADA;SOC  COMERCIAL  CINTEC  LIMITADA;77.338.250-6
2239-9-LR22;5800319;Convenio  Marco  de  Artículos  de  Aseo  e  Higiene;1057544-14375-CM25;53171126;Orden  de  Compra  generada  por  la  Gran  Compra:  77116;2025-08-27;2025-06-03;2025-06-03;2025-06-17;Recepción  Conforme;77116;61.607.202-1;Bienes  y  Servicios;SERVICIO  DE  SALUD  DE  TALCAHUANO  HOSPITAL;Avenida  Alto  Horno,  777  Las  Higueras;Talcahuano;SERVICIO  DE  SALUD  DE  TALCAHUANO  HOSPITAL;1914380;PAÑAL  DE  ADULTO  COTIDIAN  TALLA  G  PAQUETE  DE  20  UNIDADES  REGIÓN  VIII;PAÑAL  DE  ADULTO;10407;10000;4;16617;166170000;No;COMERCIAL  MUNOZ  Y  COMPANIA  LIMITADA;COMERCIAL  MUNOZ  Y  COMPANIA  LIMITADA;78.906.980-8
2239-9-LR22;5800319;Convenio  Marco  de  Artículos  de  Aseo  e  Higiene;1057544-14375-CM25;53171126;Orden  de  Compra  generada  por  la  Gran  Compra:  77116;2025-08-27;2025-06-03;2025-06-03;2025-06-17;Recepción  Conforme;77116;61.607.202-1;Bienes  y  Servicios;SERVICIO  DE  SALUD  DE  TALCAHUANO  HOSPITAL;Avenida  Alto  Horno,  777  Las  Higueras;Talcahuano;SERVICIO  DE  SALUD  DE  TALCAHUANO  HOSPITAL;1906458;GUANTES  DE  LIMPIEZA  IMPEKE  MULTIUSO  FLOCADO  TALLA  L  PAR  REGIÓN  VIII;GUANTES  DE  LIMPIEZA;804;640;20;115;73600;No;SOC  COMERCIAL  CINTEC  LIMITADA;SOC  COMERCIAL  CINTEC  LIMITADA;77.338.250-6
2239-9-LR22;5800319;Convenio  Marco  de  Artículos  de  Aseo  e  Higiene;1057544-14375-CM25;53171126;Orden  de  Compra  generada  por  la  Gran  Compra:  77116;2025-08-27;2025-06-03;2025-06-03;2025-06-17;Recepción  Conforme;77116;61.607.202-1;Bienes  y  Servicios;SERVICIO  DE  SALUD  DE  TALCAHUANO  HOSPITAL;Avenida  Alto  Horno,  777  Las  Higueras;Talcahuano;SERVICIO  DE  SALUD  DE  TALCAHUANO  HOSPITAL;1909280;LAVALOZAS  CONCENTRADO  LAVADO  MANUAL  TREMEX  ANTIGRASA  CÍTRICO  5000  ML  UNIDAD  REGIÓN  VIII;LAVALOZAS  CONCENTRADO  LAVADO  MANUAL;6830;5805;15;1817;10547685;No;SOLUCIONES  INTEGRALES  DE  LIMPIEZA  SPA;SOLUCIONES  INTEGRALES  DE  LIMPIEZA  LIMITADA;89.842.300-K
2239-9-LR22;5800319;Convenio  Marco  de  Artículos  de  Aseo  e  Higiene;1057544-14375-CM25;53171126;Orden  de  Compra  generada  por  la  Gran  Compra:  77116;2025-08-27;2025-06-03;2025-06-03;2025-06-17;Recepción  Conforme;77116;61.607.202-1;Bienes  y  Servicios;SERVICIO  DE  SALUD  DE  TALCAHUANO  HOSPITAL;Avenida  Alto  Horno,  777  Las  Higueras;Talcahuano;SERVICIO  DE  SALUD  DE  TALCAHUANO  HOSPITAL;1904690;GEL  SANITIZANTE  PARA  MANOS  ELITE  PROFESSIONAL  70%  BOTELLA  60  ML  UNIDAD  REGIÓN  VIII;GEL  SANITIZANTE  PARA  MANOS;917;744;19;670;498480;No;SOC  COMERCIAL  CINTEC  LIMITADA;SOC  COMERCIAL  CINTEC  LIMITADA;77.338.250-6
2239-9-LR22;5800319;Convenio  Marco  de  Artículos  de  Aseo  e  Higiene;1057544-14375-CM25;53171126;Orden  de  Compra  generada  por  la  Gran  Compra:  77116;2025-08-27;2025-06-03;2025-06-03;2025-06-17;Recepción  Conforme;77116;61.607.202-1;Bienes  y  Servicios;SERVICIO  DE  SALUD  DE  TALCAHUANO  HOSPITAL;Avenida  Alto  Horno,  777  Las  Higueras;Talcahuano;SERVICIO  DE  SALUD  DE  TALCAHUANO  HOSPITAL;1906509;GUANTES  DE  LIMPIEZA  IMPEKE  MULTIUSO  GAMUZADO  TALLA  L  PAR  REGIÓN  VIII;GUANTES  DE  LIMPIEZA;631;600;5;115;69000;No;SERVICIOS  INTEGRADOS  SIDAPT  LIMITADA;SERVICIOS  INTEGRADOS  SIDAPT  LIMITADA;76.299.358-9
2239-9-LR22;5800319;Convenio  Marco  de  Artículos  de  Aseo  e  Higiene;1057544-14375-CM25;53171126;Orden  de  Compra  generada  por  la  Gran  Compra:  77116;2025-08-27;2025-06-03;2025-06-03;2025-06-17;Recepción  Conforme;77116;61.607.202-1;Bienes  y  Servicios;SERVICIO  DE  SALUD  DE  TALCAHUANO  HOSPITAL;Avenida  Alto  Horno,  777  Las  Higueras;Talcahuano;SERVICIO  DE  SALUD  DE  TALCAHUANO  HOSPITAL;1914380;PAÑAL  DE  ADULTO  COTIDIAN  TALLA  G  PAQUETE  DE  20  UNIDADES  REGIÓN  VIII;PAÑAL  DE  ADULTO;9971;9206;8;16617;152976102;No;DISTRIBUIDORA  Y  COMERCIAL  DIMAK  LIMITADA;DISTRIBUIDORA  Y  COMERCIAL  DIMAK  LIMITADA;78.809.560-0
2239-9-LR22;5800319;Convenio  Marco  de  Artículos  de  Aseo  e  Higiene;1057544-14375-CM25;53171126;Orden  de  Compra  generada  por  la  Gran  Compra:  77116;2025-08-27;2025-06-03;2025-06-03;2025-06-17;Recepción  Conforme;77116;61.607.202-1;Bienes  y  Servicios;SERVICIO  DE  SALUD  DE  TALCAHUANO  HOSPITAL;Avenida  Alto  Horno,  777  Las  Higueras;Talcahuano;SERVICIO  DE  SALUD  DE  TALCAHUANO  HOSPITAL;1907104;GUANTES  DE  LIMPIEZA  WINKLER  MULTIUSO  GAMUZADO  TALLA  S  PAR  REGIÓN  VIII;GUANTES  DE  LIMPIEZA;714;450;37;208;93600;No;SOCIEDAD  COMERCIAL  OCTAVA  LIMITADA;SOCIEDAD  COMERCIAL  OCTAVA  LIMITADA;76.046.716-2
2239-9-LR22;5800319;Convenio  Marco  de  Artículos  de  Aseo  e  Higiene;1057544-14375-CM25;53171126;Orden  de  Compra  generada  por  la  Gran  Compra:  77116;2025-08-27;2025-06-03;2025-06-03;2025-06-17;Recepción  Conforme;77116;61.607.202-1;Bienes  y  Servicios;SERVICIO  DE  SALUD  DE  TALCAHUANO  HOSPITAL;Avenida  Alto  Horno,  777  Las  Higueras;Talcahuano;SERVICIO  DE  SALUD  DE  TALCAHUANO  HOSPITAL;1902123;ESCOBILLÓN  VIRUTEX  PRO  USO  INTERIOR  FIBRA  SUAVE  MANGO  METÁLICO  33  CM  UNIDAD  REGIÓN  VIII;ESCOBILLÓN;2125;1994;6;832;1659008;No;SOC  COMERCIAL  CINTEC  LIMITADA;SOC  COMERCIAL  CINTEC  LIMITADA;77.338.250-6
2239-9-LR22;5800319;Convenio  Marco  de  Artículos  de  Aseo  e  Higiene;1057544-14375-CM25;53171126;Orden  de  Compra  generada  por  la  Gran  Compra:  77116;2025-08-27;2025-06-03;2025-06-03;2025-06-17;Recepción  Conforme;77116;61.607.202-1;Bienes  y  Servicios;SERVICIO  DE  SALUD  DE  TALCAHUANO  HOSPITAL;Avenida  Alto  Horno,  777  Las  Higueras;Talcahuano;SERVICIO  DE  SALUD  DE  TALCAHUANO  HOSPITAL;1922931;SERVILLETAS  DESECHABLES  ELITE  MESA  HOJA  SIMPLE  200  UNIDADES  1  PAQUETE  REGIÓN  VIII;SERVILLETAS  DESECHABLES;2148;1944;9;1355;2634120;No;SOLUCIONES  INTEGRALES  DE  LIMPIEZA  SPA;SOLUCIONES  INTEGRALES  DE  LIMPIEZA  LIMITADA;89.842.300-K
2239-9-LR22;5800319;Convenio  Marco  de  Artículos  de  Aseo  e  Higiene;1057544-14375-CM25;53171126;Orden  de  Compra  generada  por  la  Gran  Compra:  77116;2025-08-27;2025-06-03;2025-06-03;2025-06-17;Recepción  Conforme;77116;61.607.202-1;Bienes  y  Servicios;SERVICIO  DE  SALUD  DE  TALCAHUANO  HOSPITAL;Avenida  Alto  Horno,  777  Las  Higueras;Talcahuano;SERVICIO  DE  SALUD  DE  TALCAHUANO  HOSPITAL;1907053;GUANTES  DE  LIMPIEZA  WINKLER  MULTIUSO  FLOCADO  TALLA  S  PAR  REGIÓN  VIII;GUANTES  DE  LIMPIEZA;777;500;36;208;104000;No;COMERCIAL  BAUSTORE  SPA;COMERCIAL  BAUSTORE  SPA;77.621.112-5
2239-9-LR22;5800319;Convenio  Marco  de  Artículos  de  Aseo  e  Higiene;1057544-14375-CM25;53171126;Orden  de  Compra  generada  por  la  Gran  Compra:  77116;2025-08-27;2025-06-03;2025-06-03;2025-06-17;Recepción  Conforme;77116;61.607.202-1;Bienes  y  Servicios;SERVICIO  DE  SALUD  DE  TALCAHUANO  HOSPITAL;Avenida  Alto  Horno,  777  Las  Higueras;Talcahuano;SERVICIO  DE  SALUD  DE  TALCAHUANO  HOSPITAL;1914380;PAÑAL  DE  ADULTO  COTIDIAN  TALLA  G  PAQUETE  DE  20  UNIDADES  REGIÓN  VIII;PAÑAL  DE  ADULTO;12573;9700;23;16617;161184900;No;DIMERC  S  A;DIMERC  S.  A.;96.670.840-9
2239-9-LR22;5800319;Convenio  Marco  de  Artículos  de  Aseo  e  Higiene;1057544-14375-CM25;53171126;Orden  de  Compra  generada  por  la  Gran  Compra:  77116;2025-08-27;2025-06-03;2025-06-03;2025-06-17;Recepción  Conforme;77116;61.607.202-1;Bienes  y  Servicios;SERVICIO  DE  SALUD  DE  TALCAHUANO  HOSPITAL;Avenida  Alto  Horno,  777  Las  Higueras;Talcahuano;SERVICIO  DE  SALUD  DE  TALCAHUANO  HOSPITAL;1918307;PAÑO  ABSORBENTE  MULTIUSO  VIRUTEX  CELULOSA  PAQUETE  DE  UNIDAD  REGIÓN  VIII;PAÑO  ABSORBENTE  MULTIUSO;1040;678;35;429;290862;No;SOLUCIONES  INTEGRALES  DE  LIMPIEZA  SPA;SOLUCIONES  INTEGRALES  DE  LIMPIEZA  LIMITADA;89.842.300-K
2239-9-LR22;5800319;Convenio  Marco  de  Artículos  de  Aseo  e  Higiene;1057544-14375-CM25;53171126;Orden  de  Compra  generada  por  la  Gran  Compra:  77116;2025-08-27;2025-06-03;2025-06-03;2025-06-17;Recepción  Conforme;77116;61.607.202-1;Bienes  y  Servicios;SERVICIO  DE  SALUD  DE  TALCAHUANO  HOSPITAL;Avenida  Alto  Horno,  777  Las  Higueras;Talcahuano;SERVICIO  DE  SALUD  DE  TALCAHUANO  HOSPITAL;1906543;GUANTES  DE  LIMPIEZA  IMPEKE  MULTIUSO  GAMUZADO  TALLA  S  PAR  REGIÓN  VIII;GUANTES  DE  LIMPIEZA;611;600;2;208;124800;No;SERVICIOS  INTEGRADOS  SIDAPT  LIMITADA;SERVICIOS  INTEGRADOS  SIDAPT  LIMITADA;76.299.358-9
2239-9-LR22;5800319;Convenio  Marco  de  Artículos  de  Aseo  e  Higiene;1057544-14375-CM25;53171126;Orden  de  Compra  generada  por  la  Gran  Compra:  77116;2025-08-27;2025-06-03;2025-06-03;2025-06-17;Recepción  Conforme;77116;61.607.202-1;Bienes  y  Servicios;SERVICIO  DE  SALUD  DE  TALCAHUANO  HOSPITAL;Avenida  Alto  Horno,  777  Las  Higueras;Talcahuano;SERVICIO  DE  SALUD  DE  TALCAHUANO  HOSPITAL;1918307;PAÑO  ABSORBENTE  MULTIUSO  VIRUTEX  CELULOSA  PAQUETE  DE  UNIDAD  REGIÓN  VIII;PAÑO  ABSORBENTE  MULTIUSO;884;765;13;429;328185;No;SOCIEDAD  COMERCIAL  OCTAVA  LIMITADA;SOCIEDAD  COMERCIAL  OCTAVA  LIMITADA;76.046.716-2
2239-9-LR22;5800319;Convenio  Marco  de  Artículos  de  Aseo  e  Higiene;1057544-14375-CM25;53171126;Orden  de  Compra  generada  por  la  Gran  Compra:  77116;2025-08-27;2025-06-03;2025-06-03;2025-06-17;Recepción  Conforme;77116;61.607.202-1;Bienes  y  Servicios;SERVICIO  DE  SALUD  DE  TALCAHUANO  HOSPITAL;Avenida  Alto  Horno,  777  Las  Higueras;Talcahuano;SERVICIO  DE  SALUD  DE  TALCAHUANO  HOSPITAL;1919786;PAPEL  HIGIÉNICO  CONFORT  BAJO  METRAJE  HOJA  SIMPLE  8  ROLLOS  50  M  1  PAQUETE  REGIÓN  VIII;PAPEL  HIGIÉNICO;2570;2650;-3;492;1303800;No;SOCIEDAD  COMERCIAL  OCTAVA  LIMITADA;SOCIEDAD  COMERCIAL  OCTAVA  LIMITADA;76.046.716-2
2239-9-LR22;5800319;Convenio  Marco  de  Artículos  de  Aseo  e  Higiene;1057544-14375-CM25;53171126;Orden  de  Compra  generada  por  la  Gran  Compra:  77116;2025-08-27;2025-06-03;2025-06-03;2025-06-17;Recepción  Conforme;77116;61.607.202-1;Bienes  y  Servicios;SERVICIO  DE  SALUD  DE  TALCAHUANO  HOSPITAL;Avenida  Alto  Horno,  777  Las  Higueras;Talcahuano;SERVICIO  DE  SALUD  DE  TALCAHUANO  HOSPITAL;1914533;PAÑAL  DE  ADULTO  ELITE  TALLA  G  PAQUETE  DE  20  UNIDADES  REGIÓN  VIII;PAÑAL  DE  ADULTO;21047;9600;54;16617;159523200;No;SOC  COMERCIAL  CINTEC  LIMITADA;SOC  COMERCIAL  CINTEC  LIMITADA;77.338.250-6
2239-9-LR22;5800319;Convenio  Marco  de  Artículos  de  Aseo  e  Higiene;1057544-14375-CM25;53171126;Orden  de  Compra  generada  por  la  Gran  Compra:  77116;2025-08-27;2025-06-03;2025-06-03;2025-06-17;Recepción  Conforme;77116;61.607.202-1;Bienes  y  Servicios;SERVICIO  DE  SALUD  DE  TALCAHUANO  HOSPITAL;Avenida  Alto  Horno,  777  Las  Higueras;Talcahuano;SERVICIO  DE  SALUD  DE  TALCAHUANO  HOSPITAL;1913853;PALA  DE  ASEO  VIRUTEX  PRO  VAIVÉN/BASCULANTE  MANGO  LARGO  92  CM  UNIDAD  REGIÓN  VIII;PALA  DE  ASEO;5746;5186;10;158;819388;No;PROVEEDORES  INTEGRALES  PRISA  S  A;PROVEEDORES  INTEGRALES  PRISA  S  A;96.556.940-5
2239-9-LR22;5800319;Convenio  Marco  de  Artículos  de  Aseo  e  Higiene;1057544-14375-CM25;53171126;Orden  de  Compra  generada  por  la  Gran  Compra:  77116;2025-08-27;2025-06-03;2025-06-03;2025-06-17;Recepción  Conforme;77116;61.607.202-1;Bienes  y  Servicios;SERVICIO  DE  SALUD  DE  TALCAHUANO  HOSPITAL;Avenida  Alto  Horno,  777  Las  Higueras;Talcahuano;SERVICIO  DE  SALUD  DE  TALCAHUANO  HOSPITAL;1906475;GUANTES  DE  LIMPIEZA  IMPEKE  MULTIUSO  FLOCADO  TALLA  M  PAR  REGIÓN  VIII;GUANTES  DE  LIMPIEZA;611;610;0;265;161650;No;SERVICIOS  INTEGRADOS  SIDAPT  LIMITADA;SERVICIOS  INTEGRADOS  SIDAPT  LIMITADA;76.299.358-9
2239-9-LR22;5800319;Convenio  Marco  de  Artículos  de  Aseo  e  Higiene;1057544-14375-CM25;53171126;Orden  de  Compra  generada  por  la  Gran  Compra:  77116;2025-08-27;2025-06-03;2025-06-03;2025-06-17;Recepción  Conforme;77116;61.607.202-1;Bienes  y  Servicios;SERVICIO  DE  SALUD  DE  TALCAHUANO  HOSPITAL;Avenida  Alto  Horno,  777  Las  Higueras;Talcahuano;SERVICIO  DE  SALUD  DE  TALCAHUANO  HOSPITAL;1919786;PAPEL  HIGIÉNICO  CONFORT  BAJO  METRAJE  HOJA  SIMPLE  8  ROLLOS  50  M  1  PAQUETE  REGIÓN  VIII;PAPEL  HIGIÉNICO;2735;2630;4;492;1293960;No;SERVICIOS  INTEGRADOS  SIDAPT  LIMITADA;SERVICIOS  INTEGRADOS  SIDAPT  LIMITADA;76.299.358-9
2239-9-LR22;5800319;Convenio  Marco  de  Artículos  de  Aseo  e  Higiene;1057544-14375-CM25;53171126;Orden  de  Compra  generada  por  la  Gran  Compra:  77116;2025-08-27;2025-06-03;2025-06-03;2025-06-17;Recepción  Conforme;77116;61.607.202-1;Bienes  y  Servicios;SERVICIO  DE  SALUD  DE  TALCAHUANO  HOSPITAL;Avenida  Alto  Horno,  777  Las  Higueras;Talcahuano;SERVICIO  DE  SALUD  DE  TALCAHUANO  HOSPITAL;1905523;GEL  SANITIZANTE  PARA  MANOS  SIMONDS  70%  BOTELLA  60  ML  UNIDAD  REGIÓN  VIII;GEL  SANITIZANTE  PARA  MANOS;855;831;3;670;556770;No;PROVEEDORES  INTEGRALES  PRISA  S  A;PROVEEDORES  INTEGRALES  PRISA  S  A;96.556.940-5
2239-9-LR22;5800319;Convenio  Marco  de  Artículos  de  Aseo  e  Higiene;1057544-14375-CM25;53171126;Orden  de  Compra  generada  por  la  Gran  Compra:  77116;2025-08-27;2025-06-03;2025-06-03;2025-06-17;Recepción  Conforme;77116;61.607.202-1;Bienes  y  Servicios;SERVICIO  DE  SALUD  DE  TALCAHUANO  HOSPITAL;Avenida  Alto  Horno,  777  Las  Higueras;Talcahuano;SERVICIO  DE  SALUD  DE  TALCAHUANO  HOSPITAL;1918307;PAÑO  ABSORBENTE  MULTIUSO  VIRUTEX  CELULOSA  PAQUETE  DE  UNIDAD  REGIÓN  VIII;PAÑO  ABSORBENTE  MULTIUSO;1244;733;41;429;314457;No;SOC  COMERCIAL  CINTEC  LIMITADA;SOC  COMERCIAL  CINTEC  LIMITADA;77.338.250-6
2239-9-LR22;5800319;Convenio  Marco  de  Artículos  de  Aseo  e  Higiene;1057544-14375-CM25;53171126;Orden  de  Compra  generada  por  la  Gran  Compra:  77116;2025-08-27;2025-06-03;2025-06-03;2025-06-17;Recepción  Conforme;77116;61.607.202-1;Bienes  y  Servicios;SERVICIO  DE  SALUD  DE  TALCAHUANO  HOSPITAL;Avenida  Alto  Horno,  777  Las  Higueras;Talcahuano;SERVICIO  DE  SALUD  DE  TALCAHUANO  HOSPITAL;1919786;PAPEL  HIGIÉNICO  CONFORT  BAJO  METRAJE  HOJA  SIMPLE  8  ROLLOS  50  M  1  PAQUETE  REGIÓN  VIII;PAPEL  HIGIÉNICO;2706;2684;1;492;1320528;No;COMERCIAL  BAUSTORE  SPA;COMERCIAL  BAUSTORE  SPA;77.621.112-5
2239-9-LR22;5800319;Convenio  Marco  de  Artículos  de  Aseo  e  Higiene;1057544-14375-CM25;53171126;Orden  de  Compra  generada  por  la  Gran  Compra:  77116;2025-08-27;2025-06-03;2025-06-03;2025-06-17;Recepción  Conforme;77116;61.607.202-1;Bienes  y  Servicios;SERVICIO  DE  SALUD  DE  TALCAHUANO  HOSPITAL;Avenida  Alto  Horno,  777  Las  Higueras;Talcahuano;SERVICIO  DE  SALUD  DE  TALCAHUANO  HOSPITAL;1917644;PAÑO  ABSORBENTE  MULTIUSO  MANLAC  CELULOSA  PAQUETE  DE  UNIDAD  REGIÓN  VIII;PAÑO  ABSORBENTE  MULTIUSO;700;691;1;429;296439;No;COMERCIAL  BAUSTORE  SPA;COMERCIAL  BAUSTORE  SPA;77.621.112-5
2239-9-LR22;5800319;Convenio  Marco  de  Artículos  de  Aseo  e  Higiene;1057544-14375-CM25;53171126;Orden  de  Compra  generada  por  la  Gran  Compra:  77116;2025-08-27;2025-06-03;2025-06-03;2025-06-17;Recepción  Conforme;77116;61.607.202-1;Bienes  y  Servicios;SERVICIO  DE  SALUD  DE  TALCAHUANO  HOSPITAL;Avenida  Alto  Horno,  777  Las  Higueras;Talcahuano;SERVICIO  DE  SALUD  DE  TALCAHUANO  HOSPITAL;1906458;GUANTES  DE  LIMPIEZA  IMPEKE  MULTIUSO  FLOCADO  TALLA  L  PAR  REGIÓN  VIII;GUANTES  DE  LIMPIEZA;767;592;23;115;68080;No;SOLUCIONES  INTEGRALES  DE  LIMPIEZA  SPA;SOLUCIONES  INTEGRALES  DE  LIMPIEZA  LIMITADA;89.842.300-K
2239-9-LR22;5800319;Convenio  Marco  de  Artículos  de  Aseo  e  Higiene;1057544-14375-CM25;53171126;Orden  de  Compra  generada  por  la  Gran  Compra:  77116;2025-08-27;2025-06-03;2025-06-03;2025-06-17;Recepción  Conforme;77116;61.607.202-1;Bienes  y  Servicios;SERVICIO  DE  SALUD  DE  TALCAHUANO  HOSPITAL;Avenida  Alto  Horno,  777  Las  Higueras;Talcahuano;SERVICIO  DE  SALUD  DE  TALCAHUANO  HOSPITAL;1915089;PAÑAL  DE  ADULTO  HIGIECLIN  TALLA  G  PAQUETE  DE  20  UNIDADES  REGIÓN  IX;PAÑAL  DE  ADULTO;9492;8140;14;16617;135262380;No;INVERSIONES  IMPULSA  SPA;INVERSIONES  IMPULSA  SPA;77.163.379-K
2239-9-LR22;5800319;Convenio  Marco  de  Artículos  de  Aseo  e  Higiene;1057544-14375-CM25;53171126;Orden  de  Compra  generada  por  la  Gran  Compra:  77116;2025-08-27;2025-06-03;2025-06-03;2025-06-17;Recepción  Conforme;77116;61.607.202-1;Bienes  y  Servicios;SERVICIO  DE  SALUD  DE  TALCAHUANO  HOSPITAL;Avenida  Alto  Horno,  777  Las  Higueras;Talcahuano;SERVICIO  DE  SALUD  DE  TALCAHUANO  HOSPITAL;1913071;PALA  DE  ASEO  LIVE  PLÁSTICA  MANGO  CORTO  74  CM  UNIDAD  REGIÓN  VIII;PALA  DE  ASEO;2053;990;52;158;156420;No;COMERCIAL  MUNOZ  Y  COMPANIA  LIMITADA;COMERCIAL  MUNOZ  Y  COMPANIA  LIMITADA;78.906.980-8
2239-9-LR22;5800319;Convenio  Marco  de  Artículos  de  Aseo  e  Higiene;1057544-14375-CM25;53171126;Orden  de  Compra  generada  por  la  Gran  Compra:  77116;2025-08-27;2025-06-03;2025-06-03;2025-06-17;Recepción  Conforme;77116;61.607.202-1;Bienes  y  Servicios;SERVICIO  DE  SALUD  DE  TALCAHUANO  HOSPITAL;Avenida  Alto  Horno,  777  Las  Higueras;Talcahuano;SERVICIO  DE  SALUD  DE  TALCAHUANO  HOSPITAL;1924036;TOALLA  DE  PAPEL  ELITE  PROFESSIONAL  INTERFOLIADA  DOBLE  HOJA  200  UN  1  PAQUETE  REGIÓN  VIII;TOALLA  DE  PAPEL;1165;1164;0;394;458616;No;DISTRIBUIDORA  Y  COMERCIAL  DIMAK  LIMITADA;DISTRIBUIDORA  Y  COMERCIAL  DIMAK  LIMITADA;78.809.560-0
2239-9-LR22;5800319;Convenio  Marco  de  Artículos  de  Aseo  e  Higiene;1057544-14375-CM25;53171126;Orden  de  Compra  generada  por  la  Gran  Compra:  77116;2025-08-27;2025-06-03;2025-06-03;2025-06-17;Recepción  Conforme;77116;61.607.202-1;Bienes  y  Servicios;SERVICIO  DE  SALUD  DE  TALCAHUANO  HOSPITAL;Avenida  Alto  Horno,  777  Las  Higueras;Talcahuano;SERVICIO  DE  SALUD  DE  TALCAHUANO  HOSPITAL;1925073;TOALLA  DE  PAPEL  TORK  INTERFOLIADA  HOJA  SIMPLE  250  UN  1  PAQUETE  REGIÓN  VIII;TOALLA  DE  PAPEL;1481;1185;20;394;466890;Si;PROVEEDORES  INTEGRALES  PRISA  S  A;PROVEEDORES  INTEGRALES  PRISA  S  A;96.556.940-5
2239-9-LR22;5800319;Convenio  Marco  de  Artículos  de  Aseo  e  Higiene;1057544-14375-CM25;53171126;Orden  de  Compra  generada  por  la  Gran  Compra:  77116;2025-08-27;2025-06-03;2025-06-03;2025-06-17;Recepción  Conforme;77116;61.607.202-1;Bienes  y  Servicios;SERVICIO  DE  SALUD  DE  TALCAHUANO  HOSPITAL;Avenida  Alto  Horno,  777  Las  Higueras;Talcahuano;SERVICIO  DE  SALUD  DE  TALCAHUANO  HOSPITAL;1919786;PAPEL  HIGIÉNICO  CONFORT  BAJO  METRAJE  HOJA  SIMPLE  8  ROLLOS  50  M  1  PAQUETE  REGIÓN  VIII;PAPEL  HIGIÉNICO;2955;2813;5;492;1383996;No;COMERCIAL  MUNOZ  Y  COMPANIA  LIMITADA;COMERCIAL  MUNOZ  Y  COMPANIA  LIMITADA;78.906.980-8
2239-9-LR22;5800319;Convenio  Marco  de  Artículos  de  Aseo  e  Higiene;1057544-14375-CM25;53171126;Orden  de  Compra  generada  por  la  Gran  Compra:  77116;2025-08-27;2025-06-03;2025-06-03;2025-06-17;Recepción  Conforme;77116;61.607.202-1;Bienes  y  Servicios;SERVICIO  DE  SALUD  DE  TALCAHUANO  HOSPITAL;Avenida  Alto  Horno,  777  Las  Higueras;Talcahuano;SERVICIO  DE  SALUD  DE  TALCAHUANO  HOSPITAL;1922931;SERVILLETAS  DESECHABLES  ELITE  MESA  HOJA  SIMPLE  200  UNIDADES  1  PAQUETE  REGIÓN  VIII;SERVILLETAS  DESECHABLES;2048;2048;0;1355;2775040;No;HUGO  ALBERTO  HERNANDEZ  VALDERRAMA;HUGO  ALBERTO  HERNANDEZ  VALDERRAMA;10.226.700-1
2239-9-LR22;5800319;Convenio  Marco  de  Artículos  de  Aseo  e  Higiene;1057544-14375-CM25;53171126;Orden  de  Compra  generada  por  la  Gran  Compra:  77116;2025-08-27;2025-06-03;2025-06-03;2025-06-17;Recepción  Conforme;77116;61.607.202-1;Bienes  y  Servicios;SERVICIO  DE  SALUD  DE  TALCAHUANO  HOSPITAL;Avenida  Alto  Horno,  777  Las  Higueras;Talcahuano;SERVICIO  DE  SALUD  DE  TALCAHUANO  HOSPITAL;1918307;PAÑO  ABSORBENTE  MULTIUSO  VIRUTEX  CELULOSA  PAQUETE  DE  UNIDAD  REGIÓN  VIII;PAÑO  ABSORBENTE  MULTIUSO;833;833;0;429;357357;No;HUGO  ALBERTO  HERNANDEZ  VALDERRAMA;HUGO  ALBERTO  HERNANDEZ  VALDERRAMA;10.226.700-1
2239-9-LR22;5800319;Convenio  Marco  de  Artículos  de  Aseo  e  Higiene;1057544-14375-CM25;53171126;Orden  de  Compra  generada  por  la  Gran  Compra:  77116;2025-08-27;2025-06-03;2025-06-03;2025-06-17;Recepción  Conforme;77116;61.607.202-1;Bienes  y  Servicios;SERVICIO  DE  SALUD  DE  TALCAHUANO  HOSPITAL;Avenida  Alto  Horno,  777  Las  Higueras;Talcahuano;SERVICIO  DE  SALUD  DE  TALCAHUANO  HOSPITAL;1922931;SERVILLETAS  DESECHABLES  ELITE  MESA  HOJA  SIMPLE  200  UNIDADES  1  PAQUETE  REGIÓN  VIII;SERVILLETAS  DESECHABLES;2196;2014;8;1355;2728970;No;DISTRIBUIDORA  Y  COMERCIAL  DIMAK  LIMITADA;DISTRIBUIDORA  Y  COMERCIAL  DIMAK  LIMITADA;78.809.560-0
2239-9-LR22;5800319;Convenio  Marco  de  Artículos  de  Aseo  e  Higiene;1057544-14375-CM25;53171126;Orden  de  Compra  generada  por  la  Gran  Compra:  77116;2025-08-27;2025-06-03;2025-06-03;2025-06-17;Recepción  Conforme;77116;61.607.202-1;Bienes  y  Servicios;SERVICIO  DE  SALUD  DE  TALCAHUANO  HOSPITAL;Avenida  Alto  Horno,  777  Las  Higueras;Talcahuano;SERVICIO  DE  SALUD  DE  TALCAHUANO  HOSPITAL;1931845;CLORO  TRADICIONAL  IMPEKE  3%  1000  ML  UNIDAD  REGIÓN  VIII;CLORO  TRADICIONAL;775;750;3;2401;1800750;No;CASTILLA  Y  ARAGON  SPA;CASTILLA  Y  ARAGON  SPA;96.989.530-7
2239-9-LR22;5800319;Convenio  Marco  de  Artículos  de  Aseo  e  Higiene;1057544-14375-CM25;53171126;Orden  de  Compra  generada  por  la  Gran  Compra:  77116;2025-08-27;2025-06-03;2025-06-03;2025-06-17;Recepción  Conforme;77116;61.607.202-1;Bienes  y  Servicios;SERVICIO  DE  SALUD  DE  TALCAHUANO  HOSPITAL;Avenida  Alto  Horno,  777  Las  Higueras;Talcahuano;SERVICIO  DE  SALUD  DE  TALCAHUANO  HOSPITAL;1914584;PAÑAL  DE  ADULTO  EMUMED  TALLA  G  PAQUETE  DE  20  UNIDADES  REGIÓN  VIII;PAÑAL  DE  ADULTO;10919;9050;17;16617;150383850;Si;SERVICIOS  INTEGRADOS  SIDAPT  LIMITADA;SERVICIOS  INTEGRADOS  SIDAPT  LIMITADA;76.299.358-9
2239-9-LR22;5800319;Convenio  Marco  de  Artículos  de  Aseo  e  Higiene;1057544-14375-CM25;53171126;Orden  de  Compra  generada  por  la  Gran  Compra:  77116;2025-08-27;2025-06-03;2025-06-03;2025-06-17;Recepción  Conforme;77116;61.607.202-1;Bienes  y  Servicios;SERVICIO  DE  SALUD  DE  TALCAHUANO  HOSPITAL;Avenida  Alto  Horno,  777  Las  Higueras;Talcahuano;SERVICIO  DE  SALUD  DE  TALCAHUANO  HOSPITAL;1924903;TOALLA  DE  PAPEL  TECNOPAPEL  INTERFOLIADA  HOJA  SIMPLE  250  UN  1  PAQUETE  REGIÓN  VIII;TOALLA  DE  PAPEL;1024;1020;0;394;401880;No;COMERCIAL  BAUSTORE  SPA;COMERCIAL  BAUSTORE  SPA;77.621.112-5
2239-9-LR22;5800319;Convenio  Marco  de  Artículos  de  Aseo  e  Higiene;1057544-14375-CM25;53171126;Orden  de  Compra  generada  por  la  Gran  Compra:  77116;2025-08-27;2025-06-03;2025-06-03;2025-06-17;Recepción  Conforme;77116;61.607.202-1;Bienes  y  Servicios;SERVICIO  DE  SALUD  DE  TALCAHUANO  HOSPITAL;Avenida  Alto  Horno,  777  Las  Higueras;Talcahuano;SERVICIO  DE  SALUD  DE  TALCAHUANO  HOSPITAL;1914380;PAÑAL  DE  ADULTO  COTIDIAN  TALLA  G  PAQUETE  DE  20  UNIDADES  REGIÓN  VIII;PAÑAL  DE  ADULTO;12761;9040;29;16617;150217680;No;PROVEEDORES  INTEGRALES  PRISA  S  A;PROVEEDORES  INTEGRALES  PRISA  S  A;96.556.940-5
2239-9-LR22;5800319;Convenio  Marco  de  Artículos  de  Aseo  e  Higiene;1057544-14375-CM25;53171126;Orden  de  Compra  generada  por  la  Gran  Compra:  77116;2025-08-27;2025-06-03;2025-06-03;2025-06-17;Recepción  Conforme;77116;61.607.202-1;Bienes  y  Servicios;SERVICIO  DE  SALUD  DE  TALCAHUANO  HOSPITAL;Avenida  Alto  Horno,  777  Las  Higueras;Talcahuano;SERVICIO  DE  SALUD  DE  TALCAHUANO  HOSPITAL;1922931;SERVILLETAS  DESECHABLES  ELITE  MESA  HOJA  SIMPLE  200  UNIDADES  1  PAQUETE  REGIÓN  VIII;SERVILLETAS  DESECHABLES;2174;2100;3;1355;2845500;No;SOC  COMERCIAL  CINTEC  LIMITADA;SOC  COMERCIAL  CINTEC  LIMITADA;77.338.250-6
2239-9-LR22;5800319;Convenio  Marco  de  Artículos  de  Aseo  e  Higiene;1057544-14375-CM25;53171126;Orden  de  Compra  generada  por  la  Gran  Compra:  77116;2025-08-27;2025-06-03;2025-06-03;2025-06-17;Recepción  Conforme;77116;61.607.202-1;Bienes  y  Servicios;SERVICIO  DE  SALUD  DE  TALCAHUANO  HOSPITAL;Avenida  Alto  Horno,  777  Las  Higueras;Talcahuano;SERVICIO  DE  SALUD  DE  TALCAHUANO  HOSPITAL;1922931;SERVILLETAS  DESECHABLES  ELITE  MESA  HOJA  SIMPLE  200  UNIDADES  1  PAQUETE  REGIÓN  VIII;SERVILLETAS  DESECHABLES;2140;1989;7;1355;2695095;Si;PROVEEDORES  INTEGRALES  PRISA  S  A;PROVEEDORES  INTEGRALES  PRISA  S  A;96.556.940-5
2239-9-LR22;5800319;Convenio  Marco  de  Artículos  de  Aseo  e  Higiene;1057544-14375-CM25;53171126;Orden  de  Compra  generada  por  la  Gran  Compra:  77116;2025-08-27;2025-06-03;2025-06-03;2025-06-17;Recepción  Conforme;77116;61.607.202-1;Bienes  y  Servicios;SERVICIO  DE  SALUD  DE  TALCAHUANO  HOSPITAL;Avenida  Alto  Horno,  777  Las  Higueras;Talcahuano;SERVICIO  DE  SALUD  DE  TALCAHUANO  HOSPITAL;1931845;CLORO  TRADICIONAL  IMPEKE  3%  1000  ML  UNIDAD  REGIÓN  VIII;CLORO  TRADICIONAL;768;740;4;2401;1776740;No;SOCIEDAD  COMERCIAL  OCTAVA  LIMITADA;SOCIEDAD  COMERCIAL  OCTAVA  LIMITADA;76.046.716-2
2239-9-LR22;5800319;Convenio  Marco  de  Artículos  de  Aseo  e  Higiene;1057544-14375-CM25;53171126;Orden  de  Compra  generada  por  la  Gran  Compra:  77116;2025-08-27;2025-06-03;2025-06-03;2025-06-17;Recepción  Conforme;77116;61.607.202-1;Bienes  y  Servicios;SERVICIO  DE  SALUD  DE  TALCAHUANO  HOSPITAL;Avenida  Alto  Horno,  777  Las  Higueras;Talcahuano;SERVICIO  DE  SALUD  DE  TALCAHUANO  HOSPITAL;1906475;GUANTES  DE  LIMPIEZA  IMPEKE  MULTIUSO  FLOCADO  TALLA  M  PAR  REGIÓN  VIII;GUANTES  DE  LIMPIEZA;768;573;25;265;151845;No;SOLUCIONES  INTEGRALES  DE  LIMPIEZA  SPA;SOLUCIONES  INTEGRALES  DE  LIMPIEZA  LIMITADA;89.842.300-K
2239-9-LR22;5800319;Convenio  Marco  de  Artículos  de  Aseo  e  Higiene;1057544-14375-CM25;53171126;Orden  de  Compra  generada  por  la  Gran  Compra:  77116;2025-08-27;2025-06-03;2025-06-03;2025-06-17;Recepción  Conforme;77116;61.607.202-1;Bienes  y  Servicios;SERVICIO  DE  SALUD  DE  TALCAHUANO  HOSPITAL;Avenida  Alto  Horno,  777  Las  Higueras;Talcahuano;SERVICIO  DE  SALUD  DE  TALCAHUANO  HOSPITAL;1931845;CLORO  TRADICIONAL  IMPEKE  3%  1000  ML  UNIDAD  REGIÓN  VIII;CLORO  TRADICIONAL;774;626;19;2401;1503026;No;SOC  COMERCIAL  CINTEC  LIMITADA;SOC  COMERCIAL  CINTEC  LIMITADA;77.338.250-6
2239-9-LR22;5800319;Convenio  Marco  de  Artículos  de  Aseo  e  Higiene;1057544-14375-CM25;53171126;Orden  de  Compra  generada  por  la  Gran  Compra:  77116;2025-08-27;2025-06-03;2025-06-03;2025-06-17;Recepción  Conforme;77116;61.607.202-1;Bienes  y  Servicios;SERVICIO  DE  SALUD  DE  TALCAHUANO  HOSPITAL;Avenida  Alto  Horno,  777  Las  Higueras;Talcahuano;SERVICIO  DE  SALUD  DE  TALCAHUANO  HOSPITAL;1913938;PALA  DE  ASEO  WINKLER  PLÁSTICA  MANGO  CORTO  70  CM  UNIDAD  REGIÓN  VIII;PALA  DE  ASEO;934;850;9;158;134300;No;SOCIEDAD  COMERCIAL  OCTAVA  LIMITADA;SOCIEDAD  COMERCIAL  OCTAVA  LIMITADA;76.046.716-2
2239-9-LR22;5800319;Convenio  Marco  de  Artículos  de  Aseo  e  Higiene;1057544-14375-CM25;53171126;Orden  de  Compra  generada  por  la  Gran  Compra:  77116;2025-08-27;2025-06-03;2025-06-03;2025-06-17;Recepción  Conforme;77116;61.607.202-1;Bienes  y  Servicios;SERVICIO  DE  SALUD  DE  TALCAHUANO  HOSPITAL;Avenida  Alto  Horno,  777  Las  Higueras;Talcahuano;SERVICIO  DE  SALUD  DE  TALCAHUANO  HOSPITAL;1942110;PALA  DE  ASEO  MR  ROB  PLÁSTICA  MANGO  LARGO  70  CM  UNIDAD  REGIÓN  VIII;PALA  DE  ASEO;1819;1100;40;158;173800;No;COMERCIAL  BAUSTORE  SPA;COMERCIAL  BAUSTORE  SPA;77.621.112-5
2239-9-LR22;5800319;Convenio  Marco  de  Artículos  de  Aseo  e  Higiene;1057544-14375-CM25;53171126;Orden  de  Compra  generada  por  la  Gran  Compra:  77116;2025-08-27;2025-06-03;2025-06-03;2025-06-17;Recepción  Conforme;77116;61.607.202-1;Bienes  y  Servicios;SERVICIO  DE  SALUD  DE  TALCAHUANO  HOSPITAL;Avenida  Alto  Horno,  777  Las  Higueras;Talcahuano;SERVICIO  DE  SALUD  DE  TALCAHUANO  HOSPITAL;1931437;GEL  SANITIZANTE  PARA  MANOS  RAYTAN  70%  BOTELLA  60  ML  UNIDAD  REGIÓN  VIII;GEL  SANITIZANTE  PARA  MANOS;977;564;42;670;377880;No;COMERCIAL  BAUSTORE  SPA;COMERCIAL  BAUSTORE  SPA;77.621.112-5
2239-9-LR22;5800319;Convenio  Marco  de  Artículos  de  Aseo  e  Higiene;1057544-14375-CM25;53171126;Orden  de  Compra  generada  por  la  Gran  Compra:  77116;2025-08-27;2025-06-03;2025-06-03;2025-06-17;Recepción  Conforme;77116;61.607.202-1;Bienes  y  Servicios;SERVICIO  DE  SALUD  DE  TALCAHUANO  HOSPITAL;Avenida  Alto  Horno,  777  Las  Higueras;Talcahuano;SERVICIO  DE  SALUD  DE  TALCAHUANO  HOSPITAL;1925073;TOALLA  DE  PAPEL  TORK  INTERFOLIADA  HOJA  SIMPLE  250  UN  1  PAQUETE  REGIÓN  VIII;TOALLA  DE  PAPEL;1221;1124;8;394;442856;No;SOLUCIONES  INTEGRALES  DE  LIMPIEZA  SPA;SOLUCIONES  INTEGRALES  DE  LIMPIEZA  LIMITADA;89.842.300-K
2239-9-LR22;5800319;Convenio  Marco  de  Artículos  de  Aseo  e  Higiene;1057544-14375-CM25;53171126;Orden  de  Compra  generada  por  la  Gran  Compra:  77116;2025-08-27;2025-06-03;2025-06-03;2025-06-17;Recepción  Conforme;77116;61.607.202-1;Bienes  y  Servicios;SERVICIO  DE  SALUD  DE  TALCAHUANO  HOSPITAL;Avenida  Alto  Horno,  777  Las  Higueras;Talcahuano;SERVICIO  DE  SALUD  DE  TALCAHUANO  HOSPITAL;1913564;PALA  DE  ASEO  VIRUTEX  PLÁSTICA  MANGO  CORTO  75  CM  UNIDAD  REGIÓN  VIII;PALA  DE  ASEO;2415;1632;32;158;257856;No;SOLUCIONES  INTEGRALES  DE  LIMPIEZA  SPA;SOLUCIONES  INTEGRALES  DE  LIMPIEZA  LIMITADA;89.842.300-K
2239-9-LR22;5800319;Convenio  Marco  de  Artículos  de  Aseo  e  Higiene;1057544-14375-CM25;53171126;Orden  de  Compra  generada  por  la  Gran  Compra:  77116;2025-08-27;2025-06-03;2025-06-03;2025-06-17;Recepción  Conforme;77116;61.607.202-1;Bienes  y  Servicios;SERVICIO  DE  SALUD  DE  TALCAHUANO  HOSPITAL;Avenida  Alto  Horno,  777  Las  Higueras;Talcahuano;SERVICIO  DE  SALUD  DE  TALCAHUANO  HOSPITAL;1916182;PAÑAL  DE  ADULTO  WIN  TALLA  G  PAQUETE  DE  20  UNIDADES  REGIÓN  VIII;PAÑAL  DE  ADULTO;13299;9147;31;16617;151995699;No;COMERCIAL  BAUSTORE  SPA;COMERCIAL  BAUSTORE  SPA;77.621.112-5
2239-9-LR22;5800319;Convenio  Marco  de  Artículos  de  Aseo  e  Higiene;1057544-14375-CM25;53171126;Orden  de  Compra  generada  por  la  Gran  Compra:  77116;2025-08-27;2025-06-03;2025-06-03;2025-06-17;Recepción  Conforme;77116;61.607.202-1;Bienes  y  Servicios;SERVICIO  DE  SALUD  DE  TALCAHUANO  HOSPITAL;Avenida  Alto  Horno,  777  Las  Higueras;Talcahuano;SERVICIO  DE  SALUD  DE  TALCAHUANO  HOSPITAL;1914380;PAÑAL  DE  ADULTO  COTIDIAN  TALLA  G  PAQUETE  DE  20  UNIDADES  REGIÓN  VIII;PAÑAL  DE  ADULTO;10390;9990;4;16617;166003830;No;GRUPO  DK  SERVICIOS  LIMITADA;GRUPO  DK  SERVICIOS  LIMITADA;76.556.184-1
2239-9-LR22;5800319;Convenio  Marco  de  Artículos  de  Aseo  e  Higiene;1057544-14375-CM25;53171126;Orden  de  Compra  generada  por  la  Gran  Compra:  77116;2025-08-27;2025-06-03;2025-06-03;2025-06-17;Recepción  Conforme;77116;61.607.202-1;Bienes  y  Servicios;SERVICIO  DE  SALUD  DE  TALCAHUANO  HOSPITAL;Avenida  Alto  Horno,  777  Las  Higueras;Talcahuano;SERVICIO  DE  SALUD  DE  TALCAHUANO  HOSPITAL;1925073;TOALLA  DE  PAPEL  TORK  INTERFOLIADA  HOJA  SIMPLE  250  UN  1  PAQUETE  REGIÓN  VIII;TOALLA  DE  PAPEL;1225;1224;0;394;482256;No;SOCIEDAD  COMERCIAL  OCTAVA  LIMITADA;SOCIEDAD  COMERCIAL  OCTAVA  LIMITADA;76.046.716-2
2239-9-LR22;5800319;Convenio  Marco  de  Artículos  de  Aseo  e  Higiene;1057544-14375-CM25;53171126;Orden  de  Compra  generada  por  la  Gran  Compra:  77116;2025-08-27;2025-06-03;2025-06-03;2025-06-17;Recepción  Conforme;77116;61.607.202-1;Bienes  y  Servicios;SERVICIO  DE  SALUD  DE  TALCAHUANO  HOSPITAL;Avenida  Alto  Horno,  777  Las  Higueras;Talcahuano;SERVICIO  DE  SALUD  DE  TALCAHUANO  HOSPITAL;1919786;PAPEL  HIGIÉNICO  CONFORT  BAJO  METRAJE  HOJA  SIMPLE  8  ROLLOS  50  M  1  PAQUETE  REGIÓN  VIII;PAPEL  HIGIÉNICO;2792;2700;3;492;1328400;No;SOC  COMERCIAL  CINTEC  LIMITADA;SOC  COMERCIAL  CINTEC  LIMITADA;77.338.250-6
2239-9-LR22;5800319;Convenio  Marco  de  Artículos  de  Aseo  e  Higiene;1057544-14375-CM25;53171126;Orden  de  Compra  generada  por  la  Gran  Compra:  77116;2025-08-27;2025-06-03;2025-06-03;2025-06-17;Recepción  Conforme;77116;61.607.202-1;Bienes  y  Servicios;SERVICIO  DE  SALUD  DE  TALCAHUANO  HOSPITAL;Avenida  Alto  Horno,  777  Las  Higueras;Talcahuano;SERVICIO  DE  SALUD  DE  TALCAHUANO  HOSPITAL;1918307;PAÑO  ABSORBENTE  MULTIUSO  VIRUTEX  CELULOSA  PAQUETE  DE  UNIDAD  REGIÓN  VIII;PAÑO  ABSORBENTE  MULTIUSO;800;690;14;429;296010;Si;SERVICIOS  INTEGRADOS  SIDAPT  LIMITADA;SERVICIOS  INTEGRADOS  SIDAPT  LIMITADA;76.299.358-9
2239-9-LR22;5800319;Convenio  Marco  de  Artículos  de  Aseo  e  Higiene;1057544-14375-CM25;53171126;Orden  de  Compra  generada  por  la  Gran  Compra:  77116;2025-08-27;2025-06-03;2025-06-03;2025-06-17;Recepción  Conforme;77116;61.607.202-1;Bienes  y  Servicios;SERVICIO  DE  SALUD  DE  TALCAHUANO  HOSPITAL;Avenida  Alto  Horno,  777  Las  Higueras;Talcahuano;SERVICIO  DE  SALUD  DE  TALCAHUANO  HOSPITAL;1923067;SERVILLETAS  DESECHABLES  ELITE  PROFESSIONAL  MESA  HOJA  SIMPLE  200  UNIDADES  1  PAQUETE  REGIÓN  VIII;SERVILLETAS  DESECHABLES;2131;1400;34;1355;1897000;Si;SERVICIOS  INTEGRADOS  SIDAPT  LIMITADA;SERVICIOS  INTEGRADOS  SIDAPT  LIMITADA;76.299.358-9
2239-9-LR22;5800319;Convenio  Marco  de  Artículos  de  Aseo  e  Higiene;1057544-14375-CM25;53171126;Orden  de  Compra  generada  por  la  Gran  Compra:  77116;2025-08-27;2025-06-03;2025-06-03;2025-06-17;Recepción  Conforme;77116;61.607.202-1;Bienes  y  Servicios;SERVICIO  DE  SALUD  DE  TALCAHUANO  HOSPITAL;Avenida  Alto  Horno,  777  Las  Higueras;Talcahuano;SERVICIO  DE  SALUD  DE  TALCAHUANO  HOSPITAL;1942110;PALA  DE  ASEO  MR  ROB  PLÁSTICA  MANGO  LARGO  70  CM  UNIDAD  REGIÓN  VIII;PALA  DE  ASEO;1815;790;56;158;124820;Si;SERVICIOS  INTEGRADOS  SIDAPT  LIMITADA;SERVICIOS  INTEGRADOS  SIDAPT  LIMITADA;76.299.358-9
2239-9-LR22;5800319;Convenio  Marco  de  Artículos  de  Aseo  e  Higiene;1057544-14375-CM25;53171126;Orden  de  Compra  generada  por  la  Gran  Compra:  77116;2025-08-27;2025-06-03;2025-06-03;2025-06-17;Recepción  Conforme;77116;61.607.202-1;Bienes  y  Servicios;SERVICIO  DE  SALUD  DE  TALCAHUANO  HOSPITAL;Avenida  Alto  Horno,  777  Las  Higueras;Talcahuano;SERVICIO  DE  SALUD  DE  TALCAHUANO  HOSPITAL;1925073;TOALLA  DE  PAPEL  TORK  INTERFOLIADA  HOJA  SIMPLE  250  UN  1  PAQUETE  REGIÓN  VIII;TOALLA  DE  PAPEL;1488;1213;18;394;477922;No;SOC  COMERCIAL  CINTEC  LIMITADA;SOC  COMERCIAL  CINTEC  LIMITADA;77.338.250-6
2239-9-LR22;5800319;Convenio  Marco  de  Artículos  de  Aseo  e  Higiene;1057544-14375-CM25;53171126;Orden  de  Compra  generada  por  la  Gran  Compra:  77116;2025-08-27;2025-06-03;2025-06-03;2025-06-17;Recepción  Conforme;77116;61.607.202-1;Bienes  y  Servicios;SERVICIO  DE  SALUD  DE  TALCAHUANO  HOSPITAL;Avenida  Alto  Horno,  777  Las  Higueras;Talcahuano;SERVICIO  DE  SALUD  DE  TALCAHUANO  HOSPITAL;1919786;PAPEL  HIGIÉNICO  CONFORT  BAJO  METRAJE  HOJA  SIMPLE  8  ROLLOS  50  M  1  PAQUETE  REGIÓN  VIII;PAPEL  HIGIÉNICO;2781;2500;10;492;1230000;No;SOLUCIONES  INTEGRALES  DE  LIMPIEZA  SPA;SOLUCIONES  INTEGRALES  DE  LIMPIEZA  LIMITADA;89.842.300-K
2239-9-LR22;5800319;Convenio  Marco  de  Artículos  de  Aseo  e  Higiene;1057544-14375-CM25;53171126;Orden  de  Compra  generada  por  la  Gran  Compra:  77116;2025-08-27;2025-06-03;2025-06-03;2025-06-17;Recepción  Conforme;77116;61.607.202-1;Bienes  y  Servicios;SERVICIO  DE  SALUD  DE  TALCAHUANO  HOSPITAL;Avenida  Alto  Horno,  777  Las  Higueras;Talcahuano;SERVICIO  DE  SALUD  DE  TALCAHUANO  HOSPITAL;1925073;TOALLA  DE  PAPEL  TORK  INTERFOLIADA  HOJA  SIMPLE  250  UN  1  PAQUETE  REGIÓN  VIII;TOALLA  DE  PAPEL;1234;1233;0;394;485802;No;SERVICIOS  INTEGRADOS  SIDAPT  LIMITADA;SERVICIOS  INTEGRADOS  SIDAPT  LIMITADA;76.299.358-9
2239-13-LR23;5802346;CM  Administración,Entrega  de  Beneficios  y  Tarjetas  de  Beneficios  Institucionales  y  Sociales(Magento);1157285-13-CM25;53259904;Adquisición  de  recargas  de  tarjetas  de  alimentación  SS.FF.AA.Orden  de  Compra  generada  por  la  Gran  Compra:  77825;2025-08-14;2025-07-15;2025-07-15;2025-07-30;Aceptada;77825;62.000.860-5;Servicio  Bienestar  SSFFAA;Bienestar  SSFFAA;;Santiago;SUBSECRETARIA  PARA  LAS  FUERZAS  ARMADAS;1964920;ALIMENTACIÓN  -;ALIMENTACIÓN;0;270100967;0;1;270100967;Si;EDENRED  CHILE  SOCIEDAD  ANONIMA;Edenred  Chile  S.A.;96.781.350-8
2239-11-LR24;5802370;Convenio  Marco  para  la  adquisición  de  licencias  de  software  de  ofimática  (Magento);1175-2167-CM25;53252428;Orden  de  Compra  generada  por  la  Gran  Compra:  77923;2025-08-22;2025-07-25;2025-07-25;2025-08-08;Recepción  Conforme;77923;61.607.400-8;Dirección  Servicio  Salud  Araucanía  Sur;SERVICIO  DE  SALUD  ARAUCANIA  SUR;;Temuco;SERVICIO  DE  SALUD  ARAUCANIA  SUR;4193072;LICENCIA  GOOGLE  WORKSPACE  ENTERPRISE  STARTER  GAMA  1E  VALOR  ANUAL;LICENCIA;74;74;0;1300;96980;Si;TECNOLOGIA  BS  SPA;TECNOLOGIA  BS  SPA;76.852.815-2
2239-11-LR24;5802370;Convenio  Marco  para  la  adquisición  de  licencias  de  software  de  ofimática  (Magento);1175-2167-CM25;53252428;Orden  de  Compra  generada  por  la  Gran  Compra:  77923;2025-08-22;2025-07-25;2025-07-25;2025-08-08;Recepción  Conforme;77923;61.607.400-8;Dirección  Servicio  Salud  Araucanía  Sur;SERVICIO  DE  SALUD  ARAUCANIA  SUR;;Temuco;SERVICIO  DE  SALUD  ARAUCANIA  SUR;4193072;LICENCIA  GOOGLE  WORKSPACE  ENTERPRISE  STARTER  GAMA  1E  VALOR  ANUAL;LICENCIA;79;79;0;1300;102817;No;ORION  2000  SPA;ORION  2000  SPA;96.899.890-0
2239-1-LR24;5802359;CONVENIO  MARCO  PARA  COMPUTADORES  PORTÁTILES  DESKTOP  Y  AIO;1214102-1501-CM25;53259807;IJA/la  Gran  Compra:  77853/COMPUTADORES;2025-08-21;2025-07-18;2025-07-18;2025-08-01;Aceptada;77853;70.835.200-4;Adquisiciones;CORP  MUNICIPAL  DE  DESARROLLO  SOCIAL  DE  PUDAHUEL;San  Francisco  8630;Pudahuel;CORP  MUNICIPAL  DE  DESARROLLO  SOCIAL  DE  PUDAHUEL;2227936;LAPTOP  LENOVO  THINKPAD  L14  WINDOWS  11  PRO  AMD  RYZEN  5  PRO  7530U  16  GB  1  TB  GAMA  1E;LAPTOP;694;725;-5;30;21765;No;BOOKCOMPUTER  COMERCIALIZADORA  SPA;BOOKCOMPUTER  COMERCIALIZADORA  SPA;77.108.316-1
2239-1-LR24;5802359;CONVENIO  MARCO  PARA  COMPUTADORES  PORTÁTILES  DESKTOP  Y  AIO;1214102-1501-CM25;53259807;IJA/la  Gran  Compra:  77853/COMPUTADORES;2025-08-21;2025-07-18;2025-07-18;2025-08-01;Aceptada;77853;70.835.200-4;Adquisiciones;CORP  MUNICIPAL  DE  DESARROLLO  SOCIAL  DE  PUDAHUEL;San  Francisco  8630;Pudahuel;CORP  MUNICIPAL  DE  DESARROLLO  SOCIAL  DE  PUDAHUEL;2227936;LAPTOP  LENOVO  THINKPAD  L14  WINDOWS  11  PRO  AMD  RYZEN  5  PRO  7530U  16  GB  1  TB  GAMA  1E;LAPTOP;715;700;2;30;21006;No;OPCIONES  SA  SISTEMAS  DE  INFORMACION;OPCIONES  SA  SISTEMAS  DE  INFORMACION;96.523.180-3
2239-1-LR24;5802359;CONVENIO  MARCO  PARA  COMPUTADORES  PORTÁTILES  DESKTOP  Y  AIO;1214102-1501-CM25;53259807;IJA/la  Gran  Compra:  77853/COMPUTADORES;2025-08-21;2025-07-18;2025-07-18;2025-08-01;Aceptada;77853;70.835.200-4;Adquisiciones;CORP  MUNICIPAL  DE  DESARROLLO  SOCIAL  DE  PUDAHUEL;San  Francisco  8630;Pudahuel;CORP  MUNICIPAL  DE  DESARROLLO  SOCIAL  DE  PUDAHUEL;2227953;ALL  IN  ONE  LENOVO  THINKCENTRE  NEO  50A  24  WINDOWS  11  PRO  INTEL  CORE  I5-13500H  16  GB  1  TB  GAMA  2;ALL  IN  ONE;632;627;1;253;158631;No;TIC  SERVICES  SPA;TIC  SERVICES  SPA;76.423.634-3
2239-1-LR24;5802359;CONVENIO  MARCO  PARA  COMPUTADORES  PORTÁTILES  DESKTOP  Y  AIO;1214102-1501-CM25;53259807;IJA/la  Gran  Compra:  77853/COMPUTADORES;2025-08-21;2025-07-18;2025-07-18;2025-08-01;Aceptada;77853;70.835.200-4;Adquisiciones;CORP  MUNICIPAL  DE  DESARROLLO  SOCIAL  DE  PUDAHUEL;San  Francisco  8630;Pudahuel;CORP  MUNICIPAL  DE  DESARROLLO  SOCIAL  DE  PUDAHUEL;2227936;LAPTOP  LENOVO  THINKPAD  L14  WINDOWS  11  PRO  AMD  RYZEN  5  PRO  7530U  16  GB  1  TB  GAMA  1E;LAPTOP;703;727;-3;30;21810;No;TIC  SERVICES  SPA;TIC  SERVICES  SPA;76.423.634-3
2239-1-LR24;5802359;CONVENIO  MARCO  PARA  COMPUTADORES  PORTÁTILES  DESKTOP  Y  AIO;1214102-1501-CM25;53259807;IJA/la  Gran  Compra:  77853/COMPUTADORES;2025-08-21;2025-07-18;2025-07-18;2025-08-01;Aceptada;77853;70.835.200-4;Adquisiciones;CORP  MUNICIPAL  DE  DESARROLLO  SOCIAL  DE  PUDAHUEL;San  Francisco  8630;Pudahuel;CORP  MUNICIPAL  DE  DESARROLLO  SOCIAL  DE  PUDAHUEL;2227953;ALL  IN  ONE  LENOVO  THINKCENTRE  NEO  50A  24  WINDOWS  11  PRO  INTEL  CORE  I5-13500H  16  GB  1  TB  GAMA  2;ALL  IN  ONE;649;628;3;253;159093;No;OPCIONES  SA  SISTEMAS  DE  INFORMACION;OPCIONES  SA  SISTEMAS  DE  INFORMACION;96.523.180-3
2239-1-LR24;5802359;CONVENIO  MARCO  PARA  COMPUTADORES  PORTÁTILES  DESKTOP  Y  AIO;1214102-1501-CM25;53259807;IJA/la  Gran  Compra:  77853/COMPUTADORES;2025-08-21;2025-07-18;2025-07-18;2025-08-01;Aceptada;77853;70.835.200-4;Adquisiciones;CORP  MUNICIPAL  DE  DESARROLLO  SOCIAL  DE  PUDAHUEL;San  Francisco  8630;Pudahuel;CORP  MUNICIPAL  DE  DESARROLLO  SOCIAL  DE  PUDAHUEL;2227953;ALL  IN  ONE  LENOVO  THINKCENTRE  NEO  50A  24  WINDOWS  11  PRO  INTEL  CORE  I5-13500H  16  GB  1  TB  GAMA  2;ALL  IN  ONE;634;617;3;253;156219;Si;BOOKCOMPUTER  COMERCIALIZADORA  SPA;BOOKCOMPUTER  COMERCIALIZADORA  SPA;77.108.316-1
2239-1-LR24;5802359;CONVENIO  MARCO  PARA  COMPUTADORES  PORTÁTILES  DESKTOP  Y  AIO;1214102-1501-CM25;53259807;IJA/la  Gran  Compra:  77853/COMPUTADORES;2025-08-21;2025-07-18;2025-07-18;2025-08-01;Aceptada;77853;70.835.200-4;Adquisiciones;CORP  MUNICIPAL  DE  DESARROLLO  SOCIAL  DE  PUDAHUEL;San  Francisco  8630;Pudahuel;CORP  MUNICIPAL  DE  DESARROLLO  SOCIAL  DE  PUDAHUEL;2227936;LAPTOP  LENOVO  THINKPAD  L14  WINDOWS  11  PRO  AMD  RYZEN  5  PRO  7530U  16  GB  1  TB  GAMA  1E;LAPTOP;690;689;0;30;20685;No;TECHNOSYSTEMS  CHILE  SPA;TECHNOSYSTEMS  CHILE  SPA;96.678.350-8
2239-1-LR24;5802359;CONVENIO  MARCO  PARA  COMPUTADORES  PORTÁTILES  DESKTOP  Y  AIO;1214102-1501-CM25;53259807;IJA/la  Gran  Compra:  77853/COMPUTADORES;2025-08-21;2025-07-18;2025-07-18;2025-08-01;Aceptada;77853;70.835.200-4;Adquisiciones;CORP  MUNICIPAL  DE  DESARROLLO  SOCIAL  DE  PUDAHUEL;San  Francisco  8630;Pudahuel;CORP  MUNICIPAL  DE  DESARROLLO  SOCIAL  DE  PUDAHUEL;2227953;ALL  IN  ONE  LENOVO  THINKCENTRE  NEO  50A  24  WINDOWS  11  PRO  INTEL  CORE  I5-13500H  16  GB  1  TB  GAMA  2;ALL  IN  ONE;632;620;2;253;157016;No;TECHNOSYSTEMS  CHILE  SPA;TECHNOSYSTEMS  CHILE  SPA;96.678.350-8
2239-1-LR24;5802359;CONVENIO  MARCO  PARA  COMPUTADORES  PORTÁTILES  DESKTOP  Y  AIO;1214102-1501-CM25;53259807;IJA/la  Gran  Compra:  77853/COMPUTADORES;2025-08-21;2025-07-18;2025-07-18;2025-08-01;Aceptada;77853;70.835.200-4;Adquisiciones;CORP  MUNICIPAL  DE  DESARROLLO  SOCIAL  DE  PUDAHUEL;San  Francisco  8630;Pudahuel;CORP  MUNICIPAL  DE  DESARROLLO  SOCIAL  DE  PUDAHUEL;2227953;ALL  IN  ONE  LENOVO  THINKCENTRE  NEO  50A  24  WINDOWS  11  PRO  INTEL  CORE  I5-13500H  16  GB  1  TB  GAMA  2;ALL  IN  ONE;632;630;0;253;159440;No;INGENIERIA  E  INFORMATICA  ASOCIADA  LIMITADA;INGENIERIA  E  INFORMATICA  ASOCIADA  LIMITADA;79.882.360-4
2239-11-LR24;5802370;Convenio  Marco  para  la  adquisición  de  licencias  de  software  de  ofimática  (Magento);1260-185-CM25;53217342;LICENCIASMICROSOFTOFFICE365E3+  TEAMS,PARAELGOBIERNOREGIONAL  METROPOLITANO  desde  Gran  Compra:  77597;2025-08-12;2025-06-30;2025-06-30;2025-07-14;Recepción  Conforme;77597;61.923.200-3;ADQUISICIONES  -  PROGRAMA  01;GOBIERNO  REGIONAL  REGION  METROPOLITANA;Bandera  N°46;Santiago;GOBIERNO  REGIONAL  REGION  METROPOLITANA;4193085;LICENCIA  MICROSOFT  OFFICE  365  E3  +  TEAMS  ENTERPRISE  GAMA  3E  VALOR  ANUAL;LICENCIA;255;255;0;350;89484;No;XMS  TECHNOLOGIES  SPA;XMS  TECHNOLOGIES  S.A.;76.083.145-k
2239-11-LR24;5802370;Convenio  Marco  para  la  adquisición  de  licencias  de  software  de  ofimática  (Magento);1260-185-CM25;53217342;LICENCIASMICROSOFTOFFICE365E3+  TEAMS,PARAELGOBIERNOREGIONAL  METROPOLITANO  desde  Gran  Compra:  77597;2025-08-12;2025-06-30;2025-06-30;2025-07-14;Recepción  Conforme;77597;61.923.200-3;ADQUISICIONES  -  PROGRAMA  01;GOBIERNO  REGIONAL  REGION  METROPOLITANA;Bandera  N°46;Santiago;GOBIERNO  REGIONAL  REGION  METROPOLITANA;4193085;LICENCIA  MICROSOFT  OFFICE  365  E3  +  TEAMS  ENTERPRISE  GAMA  3E  VALOR  ANUAL;LICENCIA;273;255;7;350;89372;Si;COMERCIALIZADORA  TELENET  LTDA;COMERCIAL  TELENET;77.700.780-7
2239-1-LR24;5802359;CONVENIO  MARCO  PARA  COMPUTADORES  PORTÁTILES  DESKTOP  Y  AIO;1293138-190-CM25;53044919;COMPUTADORES  GAMA  3  Gran  Compra:  77174  (MDN);2025-08-06;2025-06-06;2025-06-06;2025-06-23;Recepción  Conforme;77174;61.608.200-0;EQUIPAMIENTO  NUEVO  HOSPITAL  DE  MELIPILLA;SERVICIO  DE  SALUD  METROPOLITANO  OCCIDENTE;Avenida  Vicuña  Mackenna  #1406;Santiago;SERVICIO  SALUD  METROPOLITANO  OCCIDENTE;2227932;LAPTOP  HP  PROBOOK  445  WINDOWS  11  PRO  AMD  RYZEN  7  7730U  16  GB  1  TB  GAMA  3;LAPTOP;676;702;-4;29;20369;No;INTEGRACION  DE  SOLUCIONES  LIMITADA;INTEGRACION  DE  SOLUCIONES  LIMITADA;76.128.275-1
2239-1-LR24;5802359;CONVENIO  MARCO  PARA  COMPUTADORES  PORTÁTILES  DESKTOP  Y  AIO;1293138-190-CM25;53044919;COMPUTADORES  GAMA  3  Gran  Compra:  77174  (MDN);2025-08-06;2025-06-06;2025-06-06;2025-06-23;Recepción  Conforme;77174;61.608.200-0;EQUIPAMIENTO  NUEVO  HOSPITAL  DE  MELIPILLA;SERVICIO  DE  SALUD  METROPOLITANO  OCCIDENTE;Avenida  Vicuña  Mackenna  #1406;Santiago;SERVICIO  SALUD  METROPOLITANO  OCCIDENTE;2227959;ALL  IN  ONE  HP  PROONE  440  G9  WINDOWS  11  PRO  INTEL  CORE  I7-12700  16  GB  1TB  GAMA  3;ALL  IN  ONE;786;767;3;860;659723;No;INTEGRACION  DE  SOLUCIONES  LIMITADA;INTEGRACION  DE  SOLUCIONES  LIMITADA;76.128.275-1
2239-1-LR24;5802359;CONVENIO  MARCO  PARA  COMPUTADORES  PORTÁTILES  DESKTOP  Y  AIO;1293138-190-CM25;53044919;COMPUTADORES  GAMA  3  Gran  Compra:  77174  (MDN);2025-08-06;2025-06-06;2025-06-06;2025-06-23;Recepción  Conforme;77174;61.608.200-0;EQUIPAMIENTO  NUEVO  HOSPITAL  DE  MELIPILLA;SERVICIO  DE  SALUD  METROPOLITANO  OCCIDENTE;Avenida  Vicuña  Mackenna  #1406;Santiago;SERVICIO  SALUD  METROPOLITANO  OCCIDENTE;2227931;LAPTOP  LENOVO  THINKBOOK  14  WINDOWS  11  PRO  AMD  RYZEN  7  7730U  16  GB  1  TB  GAMA  3;LAPTOP;571;588;-3;29;17077;No;BOOKCOMPUTER  COMERCIALIZADORA  SPA;BOOKCOMPUTER  COMERCIALIZADORA  SPA;77.108.316-1
2239-1-LR24;5802359;CONVENIO  MARCO  PARA  COMPUTADORES  PORTÁTILES  DESKTOP  Y  AIO;1293138-190-CM25;53044919;COMPUTADORES  GAMA  3  Gran  Compra:  77174  (MDN);2025-08-06;2025-06-06;2025-06-06;2025-06-23;Recepción  Conforme;77174;61.608.200-0;EQUIPAMIENTO  NUEVO  HOSPITAL  DE  MELIPILLA;SERVICIO  DE  SALUD  METROPOLITANO  OCCIDENTE;Avenida  Vicuña  Mackenna  #1406;Santiago;SERVICIO  SALUD  METROPOLITANO  OCCIDENTE;2227931;LAPTOP  LENOVO  THINKBOOK  14  WINDOWS  11  PRO  AMD  RYZEN  7  7730U  16  GB  1  TB  GAMA  3;LAPTOP;604;578;4;29;16764;Si;OPCIONES  SA  SISTEMAS  DE  INFORMACION;OPCIONES  SA  SISTEMAS  DE  INFORMACION;96.523.180-3
2239-1-LR24;5802359;CONVENIO  MARCO  PARA  COMPUTADORES  PORTÁTILES  DESKTOP  Y  AIO;1293138-190-CM25;53044919;COMPUTADORES  GAMA  3  Gran  Compra:  77174  (MDN);2025-08-06;2025-06-06;2025-06-06;2025-06-23;Recepción  Conforme;77174;61.608.200-0;EQUIPAMIENTO  NUEVO  HOSPITAL  DE  MELIPILLA;SERVICIO  DE  SALUD  METROPOLITANO  OCCIDENTE;Avenida  Vicuña  Mackenna  #1406;Santiago;SERVICIO  SALUD  METROPOLITANO  OCCIDENTE;2227961;ALL  IN  ONE  ACER  VZ2694G-CCL  WINDOWS  11  PRO  INTEL  CORE  I7-13700H  16  GB  1TB  GAMA  3;ALL  IN  ONE;820;778;5;860;669080;No;NET  NOW  TECNOLOGIA  Y  COMPUTACION  S  A;NET  NOW  TECNOLOGÍA  Y  COMPUTACIÓN  S.A.;78.112.170-3
2239-1-LR24;5802359;CONVENIO  MARCO  PARA  COMPUTADORES  PORTÁTILES  DESKTOP  Y  AIO;1293138-190-CM25;53044919;COMPUTADORES  GAMA  3  Gran  Compra:  77174  (MDN);2025-08-06;2025-06-06;2025-06-06;2025-06-23;Recepción  Conforme;77174;61.608.200-0;EQUIPAMIENTO  NUEVO  HOSPITAL  DE  MELIPILLA;SERVICIO  DE  SALUD  METROPOLITANO  OCCIDENTE;Avenida  Vicuña  Mackenna  #1406;Santiago;SERVICIO  SALUD  METROPOLITANO  OCCIDENTE;2227958;ALL  IN  ONE  LENOVO  THINKCENTRE  NEO  50A  24  WINDOWS  11  PRO  INTEL  CORE  I7-13700H  16  GB  1TB  GAMA  3;ALL  IN  ONE;725;719;1;860;618494;No;COMERCIALIZADORA  SP  DIGITAL  SPA;COMERCIALIZADORA  SP  DIGITAL  SPA;76.799.430-3
2239-1-LR24;5802359;CONVENIO  MARCO  PARA  COMPUTADORES  PORTÁTILES  DESKTOP  Y  AIO;1293138-190-CM25;53044919;COMPUTADORES  GAMA  3  Gran  Compra:  77174  (MDN);2025-08-06;2025-06-06;2025-06-06;2025-06-23;Recepción  Conforme;77174;61.608.200-0;EQUIPAMIENTO  NUEVO  HOSPITAL  DE  MELIPILLA;SERVICIO  DE  SALUD  METROPOLITANO  OCCIDENTE;Avenida  Vicuña  Mackenna  #1406;Santiago;SERVICIO  SALUD  METROPOLITANO  OCCIDENTE;2227933;LAPTOP  ACER  TMP  214-55-13CL  WINDOWS  11  PRO  INTEL  CORE  I7-1270P  16  GB  1  TB  GAMA  3;LAPTOP;709;669;6;29;19401;No;NET  NOW  TECNOLOGIA  Y  COMPUTACION  S  A;NET  NOW  TECNOLOGÍA  Y  COMPUTACIÓN  S.A.;78.112.170-3
2239-1-LR24;5802359;CONVENIO  MARCO  PARA  COMPUTADORES  PORTÁTILES  DESKTOP  Y  AIO;1293138-190-CM25;53044919;COMPUTADORES  GAMA  3  Gran  Compra:  77174  (MDN);2025-08-06;2025-06-06;2025-06-06;2025-06-23;Recepción  Conforme;77174;61.608.200-0;EQUIPAMIENTO  NUEVO  HOSPITAL  DE  MELIPILLA;SERVICIO  DE  SALUD  METROPOLITANO  OCCIDENTE;Avenida  Vicuña  Mackenna  #1406;Santiago;SERVICIO  SALUD  METROPOLITANO  OCCIDENTE;2227931;LAPTOP  LENOVO  THINKBOOK  14  WINDOWS  11  PRO  AMD  RYZEN  7  7730U  16  GB  1  TB  GAMA  3;LAPTOP;584;580;1;29;16842;No;COMERCIALIZADORA  SP  DIGITAL  SPA;COMERCIALIZADORA  SP  DIGITAL  SPA;76.799.430-3
2239-1-LR24;5802359;CONVENIO  MARCO  PARA  COMPUTADORES  PORTÁTILES  DESKTOP  Y  AIO;1293138-190-CM25;53044919;COMPUTADORES  GAMA  3  Gran  Compra:  77174  (MDN);2025-08-06;2025-06-06;2025-06-06;2025-06-23;Recepción  Conforme;77174;61.608.200-0;EQUIPAMIENTO  NUEVO  HOSPITAL  DE  MELIPILLA;SERVICIO  DE  SALUD  METROPOLITANO  OCCIDENTE;Avenida  Vicuña  Mackenna  #1406;Santiago;SERVICIO  SALUD  METROPOLITANO  OCCIDENTE;2227958;ALL  IN  ONE  LENOVO  THINKCENTRE  NEO  50A  24  WINDOWS  11  PRO  INTEL  CORE  I7-13700H  16  GB  1TB  GAMA  3;ALL  IN  ONE;709;686;3;860;590338;Si;BOOKCOMPUTER  COMERCIALIZADORA  SPA;BOOKCOMPUTER  COMERCIALIZADORA  SPA;77.108.316-1
2239-1-LR24;5802359;CONVENIO  MARCO  PARA  COMPUTADORES  PORTÁTILES  DESKTOP  Y  AIO;1293138-190-CM25;53044919;COMPUTADORES  GAMA  3  Gran  Compra:  77174  (MDN);2025-08-06;2025-06-06;2025-06-06;2025-06-23;Recepción  Conforme;77174;61.608.200-0;EQUIPAMIENTO  NUEVO  HOSPITAL  DE  MELIPILLA;SERVICIO  DE  SALUD  METROPOLITANO  OCCIDENTE;Avenida  Vicuña  Mackenna  #1406;Santiago;SERVICIO  SALUD  METROPOLITANO  OCCIDENTE;2227958;ALL  IN  ONE  LENOVO  THINKCENTRE  NEO  50A  24  WINDOWS  11  PRO  INTEL  CORE  I7-13700H  16  GB  1TB  GAMA  3;ALL  IN  ONE;742;690;7;860;594208;No;OPCIONES  SA  SISTEMAS  DE  INFORMACION;OPCIONES  SA  SISTEMAS  DE  INFORMACION;96.523.180-3
2239-1-LR24;5802359;CONVENIO  MARCO  PARA  COMPUTADORES  PORTÁTILES  DESKTOP  Y  AIO;1293138-190-CM25;53044919;COMPUTADORES  GAMA  3  Gran  Compra:  77174  (MDN);2025-08-06;2025-06-06;2025-06-06;2025-06-23;Recepción  Conforme;77174;61.608.200-0;EQUIPAMIENTO  NUEVO  HOSPITAL  DE  MELIPILLA;SERVICIO  DE  SALUD  METROPOLITANO  OCCIDENTE;Avenida  Vicuña  Mackenna  #1406;Santiago;SERVICIO  SALUD  METROPOLITANO  OCCIDENTE;2227934;LAPTOP  ASUS  B3404CMA  CORE  ULTRA  7  WINDOWS  11  PRO  INTEL  CORE  ULTRA  7  155U  16  GB  1  TB  GAMA  3;LAPTOP;788;859;-9;29;24911;No;COMERCIAL  FELP  SPA;COMERCIAL  FELP  SPA;76.427.199-8
2239-8-LR23;5802342;Convenio  Marco  de    Adquisición  de  Vehículos;1596-206-CM25;53137811;ADQUISICION  CAMIONETAS,  COMUNA  YERBAS  BUENAS;2025-08-26;2025-06-03;2025-06-03;2025-06-17;Recepción  Conforme;77121;72.227.000-2;Gobierno  Regional  del  Maule;GOBIERNO  REGIONAL  VII  REGION;1  NORTE  #711,  TALCA.;Talca;GOBIERNO  REGIONAL  VII  REGION;2041398;CAMIONETA  TOYOTA  HILUX  DX  2.4  4X4  MT  2024  REGIÓN  VII;CAMIONETA;28133445;28190000;0;4;112760000;No;SALINAS  Y  FABRES  SOCIEDAD  ANONIMA;SALINAS  Y  FABRES  S.  A.;91.502.000-3
2239-8-LR23;5802342;Convenio  Marco  de    Adquisición  de  Vehículos;1596-206-CM25;53137811;ADQUISICION  CAMIONETAS,  COMUNA  YERBAS  BUENAS;2025-08-26;2025-06-03;2025-06-03;2025-06-17;Recepción  Conforme;77121;72.227.000-2;Gobierno  Regional  del  Maule;GOBIERNO  REGIONAL  VII  REGION;1  NORTE  #711,  TALCA.;Talca;GOBIERNO  REGIONAL  VII  REGION;2254864;CAMIONETA  TOYOTA  HILUX  DX  DC  2.4  4X4  MT  2025  REGIÓN  VII;CAMIONETA;29220756;28278151;3;4;113112604;No;MARITANO  Y  EBENSPERGER  LTDA;MARITANO  Y  EBENSPERGER  LIMITADA;86.519.000-K
2239-8-LR23;5802342;Convenio  Marco  de    Adquisición  de  Vehículos;1596-206-CM25;53137811;ADQUISICION  CAMIONETAS,  COMUNA  YERBAS  BUENAS;2025-08-26;2025-06-03;2025-06-03;2025-06-17;Recepción  Conforme;77121;72.227.000-2;Gobierno  Regional  del  Maule;GOBIERNO  REGIONAL  VII  REGION;1  NORTE  #711,  TALCA.;Talca;GOBIERNO  REGIONAL  VII  REGION;2254728;CAMIONETA  TOYOTA  HILUX  DX  2.4  4X4  MT  2025  REGIÓN  VII;CAMIONETA;29220756;28278151;3;4;113112604;No;MARITANO  Y  EBENSPERGER  LTDA;MARITANO  Y  EBENSPERGER  LIMITADA;86.519.000-K
2239-8-LR23;5802342;Convenio  Marco  de    Adquisición  de  Vehículos;1596-206-CM25;53137811;ADQUISICION  CAMIONETAS,  COMUNA  YERBAS  BUENAS;2025-08-26;2025-06-03;2025-06-03;2025-06-17;Recepción  Conforme;77121;72.227.000-2;Gobierno  Regional  del  Maule;GOBIERNO  REGIONAL  VII  REGION;1  NORTE  #711,  TALCA.;Talca;GOBIERNO  REGIONAL  VII  REGION;2238412;CAMIONETA  NISSAN  NAVARA  XE  4X4  MT  2025  REGIÓN  VII;CAMIONETA;30919505;30155462;2;4;120621848;Si;AUTOMOTRIZ  CORDILLERA  S.A.;AUTOMOTRIZ  CORDILLERA  S.  A.;79.853.470-K
2239-8-LR23;5802342;Convenio  Marco  de    Adquisición  de  Vehículos;1596-206-CM25;53137811;ADQUISICION  CAMIONETAS,  COMUNA  YERBAS  BUENAS;2025-08-26;2025-06-03;2025-06-03;2025-06-17;Recepción  Conforme;77121;72.227.000-2;Gobierno  Regional  del  Maule;GOBIERNO  REGIONAL  VII  REGION;1  NORTE  #711,  TALCA.;Talca;GOBIERNO  REGIONAL  VII  REGION;2238412;CAMIONETA  NISSAN  NAVARA  XE  4X4  MT  2025  REGIÓN  VII;CAMIONETA;30390000;30390000;0;4;121560000;No;KOVACS  SPA;KOVACS  SPA;80.522.900-4
2239-8-LR23;5802342;Convenio  Marco  de    Adquisición  de  Vehículos;1596-208-CM25;53152810;REPOSICION  DE  4  CAMIONETAS  MUNICIPALES,  COMUNA  DE  VILLA  ALEGRE;2025-08-20;2025-05-13;2025-05-13;2025-05-28;Recepción  Conforme;76853;72.227.000-2;Gobierno  Regional  del  Maule;GOBIERNO  REGIONAL  VII  REGION;1  NORTE  #711,  TALCA.;Talca;GOBIERNO  REGIONAL  VII  REGION;2042911;CAMIONETA  CHEVROLET  COLORADO  LT  4X4  MT  2024  REGIÓN  VII;CAMIONETA;29283909;26990000;8;4;107960000;Si;KOVACS  SPA;KOVACS  SPA;80.522.900-4
2239-8-LR23;5802342;Convenio  Marco  de    Adquisición  de  Vehículos;1596-208-CM25;53152810;REPOSICION  DE  4  CAMIONETAS  MUNICIPALES,  COMUNA  DE  VILLA  ALEGRE;2025-08-20;2025-05-13;2025-05-13;2025-05-28;Recepción  Conforme;76853;72.227.000-2;Gobierno  Regional  del  Maule;GOBIERNO  REGIONAL  VII  REGION;1  NORTE  #711,  TALCA.;Talca;GOBIERNO  REGIONAL  VII  REGION;2254762;CAMIONETA  TOYOTA  HILUX  SR  2.8  4X4  MT  2025  REGIÓN  VII;CAMIONETA;34847647;33647269;3;4;134589076;No;MARITANO  Y  EBENSPERGER  LTDA;MARITANO  Y  EBENSPERGER  LIMITADA;86.519.000-K
2239-8-LR23;5802342;Convenio  Marco  de    Adquisición  de  Vehículos;1596-208-CM25;53152810;REPOSICION  DE  4  CAMIONETAS  MUNICIPALES,  COMUNA  DE  VILLA  ALEGRE;2025-08-20;2025-05-13;2025-05-13;2025-05-28;Recepción  Conforme;76853;72.227.000-2;Gobierno  Regional  del  Maule;GOBIERNO  REGIONAL  VII  REGION;1  NORTE  #711,  TALCA.;Talca;GOBIERNO  REGIONAL  VII  REGION;2244392;CAMIONETA  FORD  RANGER  DSL  XLT  2.0  4X4  MT  2025  REGIÓN  VII;CAMIONETA;32391000;32391000;0;4;129564000;No;DIFOR  CHILE  SOCIEDAD  ANONIMA;DIFOR  CHILE  S.  A.;96.918.300-5
2239-8-LR23;5802342;Convenio  Marco  de    Adquisición  de  Vehículos;1596-208-CM25;53152810;REPOSICION  DE  4  CAMIONETAS  MUNICIPALES,  COMUNA  DE  VILLA  ALEGRE;2025-08-20;2025-05-13;2025-05-13;2025-05-28;Recepción  Conforme;76853;72.227.000-2;Gobierno  Regional  del  Maule;GOBIERNO  REGIONAL  VII  REGION;1  NORTE  #711,  TALCA.;Talca;GOBIERNO  REGIONAL  VII  REGION;2244392;CAMIONETA  FORD  RANGER  DSL  XLT  2.0  4X4  MT  2025  REGIÓN  VII;CAMIONETA;32750900;32750900;0;4;131003600;No;AUTOMOTRIZ  CORDILLERA  S.A.;AUTOMOTRIZ  CORDILLERA  S.  A.;79.853.470-K
2239-8-LR23;5802342;Convenio  Marco  de    Adquisición  de  Vehículos;1596-208-CM25;53152810;REPOSICION  DE  4  CAMIONETAS  MUNICIPALES,  COMUNA  DE  VILLA  ALEGRE;2025-08-20;2025-05-13;2025-05-13;2025-05-28;Recepción  Conforme;76853;72.227.000-2;Gobierno  Regional  del  Maule;GOBIERNO  REGIONAL  VII  REGION;1  NORTE  #711,  TALCA.;Talca;GOBIERNO  REGIONAL  VII  REGION;2254762;CAMIONETA  TOYOTA  HILUX  SR  2.8  4X4  MT  2025  REGIÓN  VII;CAMIONETA;34490000;33990000;1;4;135960000;No;KOVACS  SPA;KOVACS  SPA;80.522.900-4
2239-11-LR24;5802370;Convenio  Marco  para  la  adquisición  de  licencias  de  software  de  ofimática  (Magento);2026-1439-CM25;53253883;Adquisicion  Licencias  del  Software  Office  Home  and  Business  2024  Gran  Compra:  76939;2025-08-14;2025-05-19;2025-05-19;2025-06-03;Recepción  Conforme;76939;61.606.600-5;Servicio  de  Salud  Viña  del  Mar  -  Quillota;SERVICIO  SALUD  VINA  DEL  MAR  QUILLOTA;Limache  1307  esq.  Peñablanca;Viña  del  Mar;SERVICIO  SALUD  VINA  DEL  MAR  QUILLOTA;4193075;LICENCIA  MICROSOFT  OFFICE  HOME  AND  BUSINESS  2024  GAMA  1OP  PERPETUA;LICENCIA;179;177;2;1160;205505;No;TECHNOSYSTEMS  CHILE  SPA;TECHNOSYSTEMS  CHILE  SPA;96.678.350-8
2239-11-LR24;5802370;Convenio  Marco  para  la  adquisición  de  licencias  de  software  de  ofimática  (Magento);2026-1439-CM25;53253883;Adquisicion  Licencias  del  Software  Office  Home  and  Business  2024  Gran  Compra:  76939;2025-08-14;2025-05-19;2025-05-19;2025-06-03;Recepción  Conforme;76939;61.606.600-5;Servicio  de  Salud  Viña  del  Mar  -  Quillota;SERVICIO  SALUD  VINA  DEL  MAR  QUILLOTA;Limache  1307  esq.  Peñablanca;Viña  del  Mar;SERVICIO  SALUD  VINA  DEL  MAR  QUILLOTA;4193075;LICENCIA  MICROSOFT  OFFICE  HOME  AND  BUSINESS  2024  GAMA  1OP  PERPETUA;LICENCIA;188;177;6;1160;205412;No;OPCIONES  SA  SISTEMAS  DE  INFORMACION;OPCIONES  SA  SISTEMAS  DE  INFORMACION;96.523.180-3
2239-11-LR24;5802370;Convenio  Marco  para  la  adquisición  de  licencias  de  software  de  ofimática  (Magento);2026-1439-CM25;53253883;Adquisicion  Licencias  del  Software  Office  Home  and  Business  2024  Gran  Compra:  76939;2025-08-14;2025-05-19;2025-05-19;2025-06-03;Recepción  Conforme;76939;61.606.600-5;Servicio  de  Salud  Viña  del  Mar  -  Quillota;SERVICIO  SALUD  VINA  DEL  MAR  QUILLOTA;Limache  1307  esq.  Peñablanca;Viña  del  Mar;SERVICIO  SALUD  VINA  DEL  MAR  QUILLOTA;4193075;LICENCIA  MICROSOFT  OFFICE  HOME  AND  BUSINESS  2024  GAMA  1OP  PERPETUA;LICENCIA;179;179;0;1160;208730;No;REPARACIONES  BBCC  LIMITADA;REPARACIONES  BBCC  LIMITADA;76.376.530-k
2239-11-LR24;5802370;Convenio  Marco  para  la  adquisición  de  licencias  de  software  de  ofimática  (Magento);2026-1439-CM25;53253883;Adquisicion  Licencias  del  Software  Office  Home  and  Business  2024  Gran  Compra:  76939;2025-08-14;2025-05-19;2025-05-19;2025-06-03;Recepción  Conforme;76939;61.606.600-5;Servicio  de  Salud  Viña  del  Mar  -  Quillota;SERVICIO  SALUD  VINA  DEL  MAR  QUILLOTA;Limache  1307  esq.  Peñablanca;Viña  del  Mar;SERVICIO  SALUD  VINA  DEL  MAR  QUILLOTA;4193075;LICENCIA  MICROSOFT  OFFICE  HOME  AND  BUSINESS  2024  GAMA  1OP  PERPETUA;LICENCIA;179;179;0;1160;208092;No;COMPUTACION  INTEGRAL  S  A;COMPUTACIÓN  INTEGRAL  S.  A.;96.689.970-0
2239-11-LR24;5802370;Convenio  Marco  para  la  adquisición  de  licencias  de  software  de  ofimática  (Magento);2026-1439-CM25;53253883;Adquisicion  Licencias  del  Software  Office  Home  and  Business  2024  Gran  Compra:  76939;2025-08-14;2025-05-19;2025-05-19;2025-06-03;Recepción  Conforme;76939;61.606.600-5;Servicio  de  Salud  Viña  del  Mar  -  Quillota;SERVICIO  SALUD  VINA  DEL  MAR  QUILLOTA;Limache  1307  esq.  Peñablanca;Viña  del  Mar;SERVICIO  SALUD  VINA  DEL  MAR  QUILLOTA;4193075;LICENCIA  MICROSOFT  OFFICE  HOME  AND  BUSINESS  2024  GAMA  1OP  PERPETUA;LICENCIA;187;175;6;1160;203580;Si;COMERCIALIZADORA  TELENET  LTDA;COMERCIAL  TELENET;77.700.780-7
2239-11-LR24;5802370;Convenio  Marco  para  la  adquisición  de  licencias  de  software  de  ofimática  (Magento);2378-90-CM25;53298002;ADQUISICIÓN  DE  LICENCIAS  OFFICE  ,  MUNICIPALIDAD  DE  LA  FLORIDA;2025-08-22;2025-04-29;2025-04-29;2025-05-15;Aceptada;76712;69.070.700-4;SECRETARIA  DE  PLANIFICACION;I  MUNICIPALIDAD  DE  LA  FLORIDA;AMERICO  VESPUCIO  6886;La  Florida;I  MUNICIPALIDAD  DE  LA  FLORIDA;4193075;LICENCIA  MICROSOFT  OFFICE  HOME  AND  BUSINESS  2024  GAMA  1OP  PERPETUA;LICENCIA;179;179;0;320;57404;Si;COMPUTACION  INTEGRAL  S  A;COMPUTACIÓN  INTEGRAL  S.  A.;96.689.970-0
2239-11-LR24;5802370;Convenio  Marco  para  la  adquisición  de  licencias  de  software  de  ofimática  (Magento);2408-4213-CM25;53087489;Orden  de  Compra  generada  por  la  Gran  Compra:  77097;2025-08-27;2025-06-03;2025-06-03;2025-06-17;Recepción  Conforme;77097;69.170.100-K;IMUNI_LOSANGELES  ADQUISICIONES;I  MUNICIPALIDAD  DE  LOS  ANGELES;EDIFICIO  CONSISTORIAL,CAUPOLICAN  N°399,SEXTO  PISO,SECPLAN;Los  Angeles;I  MUNICIPALIDAD  DE  LOS  ANGELES;4193075;LICENCIA  MICROSOFT  OFFICE  HOME  AND  BUSINESS  2024  GAMA  1OP  PERPETUA;LICENCIA;179;176;2;650;114666;Si;TECHNOSYSTEMS  CHILE  SPA;TECHNOSYSTEMS  CHILE  SPA;96.678.350-8
2239-11-LR24;5802370;Convenio  Marco  para  la  adquisición  de  licencias  de  software  de  ofimática  (Magento);2408-4213-CM25;53087489;Orden  de  Compra  generada  por  la  Gran  Compra:  77097;2025-08-27;2025-06-03;2025-06-03;2025-06-17;Recepción  Conforme;77097;69.170.100-K;IMUNI_LOSANGELES  ADQUISICIONES;I  MUNICIPALIDAD  DE  LOS  ANGELES;EDIFICIO  CONSISTORIAL,CAUPOLICAN  N°399,SEXTO  PISO,SECPLAN;Los  Angeles;I  MUNICIPALIDAD  DE  LOS  ANGELES;4193075;LICENCIA  MICROSOFT  OFFICE  HOME  AND  BUSINESS  2024  GAMA  1OP  PERPETUA;LICENCIA;188;179;4;650;116967;No;OPCIONES  SA  SISTEMAS  DE  INFORMACION;OPCIONES  SA  SISTEMAS  DE  INFORMACION;96.523.180-3
2239-8-LR23;5802342;Convenio  Marco  de    Adquisición  de  Vehículos;3595-341-CM25;53176985;Adquisición  Motoniveladora  generada  por  la  Gran  Compra:  77584;2025-08-01;1900-01-01;2025-06-30;2025-07-14;Recepción  Conforme;77584;69.251.400-9;Ilustre  Municipalidad  de  Rio  Verde;ILUSTRE  MUNICIPALIDAD  DE  RIO  VERDE;KM.  40.7  NORTE  RUTA  Y-50    SN;Río  Verde;ILUSTRE  MUNICIPALIDAD  DE  RIO  VERDE;4191131;MOTONIVELADORA  KOMATSU  GD675-6E0  MT  2025  REGIÓN  XII;MOTONIVELADORA;292806675;292806675;0;1;292806675;Si;KOMATSU  CHILE  S.A.;KOMATSU  CHILE  S.  A.;96.843.130-7
2239-9-LR24;5802368;Convenio  Marco  para  la  adquisición  de  Alimentos  (Magento);3729-94-CM25;53183823;ADQUISICION  DE  CAJAS  DE  VIVERES  PARA  ADULTOS  MAYORES  DE  LA  COMUNA;2025-08-05;2025-07-08;2025-07-08;2025-07-23;Recepción  Conforme;77756;69.090.300-8;Secpla;I  MUNICIPALIDAD  DE  CHIMBARONGO;JAVIERA  CARRERA  511;Chimbarongo;I  MUNICIPALIDAD  DE  CHIMBARONGO;4197096;AZUCAR  BONANZA  BLANCA  GRANULADA  BOLSA  1  K  UNIDAD  VI  REGIÓN;AZUCAR;1256;1109;12;12500;13862500;No;GRUPO  GMSE    NEGOCIOS  SPA;GMSE;77.512.806-2
2239-9-LR24;5802368;Convenio  Marco  para  la  adquisición  de  Alimentos  (Magento);3729-94-CM25;53183823;ADQUISICION  DE  CAJAS  DE  VIVERES  PARA  ADULTOS  MAYORES  DE  LA  COMUNA;2025-08-05;2025-07-08;2025-07-08;2025-07-23;Recepción  Conforme;77756;69.090.300-8;Secpla;I  MUNICIPALIDAD  DE  CHIMBARONGO;JAVIERA  CARRERA  511;Chimbarongo;I  MUNICIPALIDAD  DE  CHIMBARONGO;4203998;SPAGHETTI  SAN  REMO  N°5  SPECIALE  BOLSA  400  G  UNIDAD  VI  REGIÓN;SPAGHETTI;684;550;20;12500;6875000;No;DISTRIBUIDORA  ECOMARK  CORONEL  SPA;Ecomark;76.104.415-k
2239-9-LR24;5802368;Convenio  Marco  para  la  adquisición  de  Alimentos  (Magento);3729-94-CM25;53183823;ADQUISICION  DE  CAJAS  DE  VIVERES  PARA  ADULTOS  MAYORES  DE  LA  COMUNA;2025-08-05;2025-07-08;2025-07-08;2025-07-23;Recepción  Conforme;77756;69.090.300-8;Secpla;I  MUNICIPALIDAD  DE  CHIMBARONGO;JAVIERA  CARRERA  511;Chimbarongo;I  MUNICIPALIDAD  DE  CHIMBARONGO;4198574;HARINA  CON  POLVOS  SMARTPRICE  BOLSA  1  K  UNIDAD  RM;HARINA  CON  POLVOS;1029;1029;0;6250;6431250;No;SOCIEDAD  COMERCIAL  DLM  SPA;SOCIEDAD  COMERCIAL  DLM  SPA;77.346.435-9
2239-9-LR24;5802368;Convenio  Marco  para  la  adquisición  de  Alimentos  (Magento);3729-94-CM25;53183823;ADQUISICION  DE  CAJAS  DE  VIVERES  PARA  ADULTOS  MAYORES  DE  LA  COMUNA;2025-08-05;2025-07-08;2025-07-08;2025-07-23;Recepción  Conforme;77756;69.090.300-8;Secpla;I  MUNICIPALIDAD  DE  CHIMBARONGO;JAVIERA  CARRERA  511;Chimbarongo;I  MUNICIPALIDAD  DE  CHIMBARONGO;4200309;TE  LA  RENDIDORA  NEGRO  CEYLAN  CAJA  100  BOLSAS  UNIDAD  VI  REGIÓN;TE;1955;1629;17;6250;10181250;No;DISTRIBUIDORA  Y  COMERCIALIZADORA  SANTA  ELIANA  SPA;DISTRIBUIDORA  Y  COMERCIALIZADORA  SANTA  ELIANA  SPA;77.544.929-2
2239-9-LR24;5802368;Convenio  Marco  para  la  adquisición  de  Alimentos  (Magento);3729-94-CM25;53183823;ADQUISICION  DE  CAJAS  DE  VIVERES  PARA  ADULTOS  MAYORES  DE  LA  COMUNA;2025-08-05;2025-07-08;2025-07-08;2025-07-23;Recepción  Conforme;77756;69.090.300-8;Secpla;I  MUNICIPALIDAD  DE  CHIMBARONGO;JAVIERA  CARRERA  511;Chimbarongo;I  MUNICIPALIDAD  DE  CHIMBARONGO;4223837;AZUCAR  COLISEO  BLANCA  GRANULADA  BOLSA  1  K  UNIDAD  VI  REGIÓN;AZUCAR;1253;1190;5;12500;14875000;No;SOCIEDAD  COMERCIAL  MAULE  LIMITADA;SOCIEDAD  COMERCIAL  MAULE  LIMITADA;76.287.511-k
2239-9-LR24;5802368;Convenio  Marco  para  la  adquisición  de  Alimentos  (Magento);3729-94-CM25;53183823;ADQUISICION  DE  CAJAS  DE  VIVERES  PARA  ADULTOS  MAYORES  DE  LA  COMUNA;2025-08-05;2025-07-08;2025-07-08;2025-07-23;Recepción  Conforme;77756;69.090.300-8;Secpla;I  MUNICIPALIDAD  DE  CHIMBARONGO;JAVIERA  CARRERA  511;Chimbarongo;I  MUNICIPALIDAD  DE  CHIMBARONGO;4198133;ACEITE  VEGETAL  LOS  SILOS  BOTELLA  900  ML  UNIDAD  VI  REGIÓN;ACEITE  VEGETAL;2023;1555;23;12500;19437500;No;AGROINDUSTRIAS  DEL  SUR  SPA;Agroindustrias;76.359.833-0
2239-9-LR24;5802368;Convenio  Marco  para  la  adquisición  de  Alimentos  (Magento);3729-94-CM25;53183823;ADQUISICION  DE  CAJAS  DE  VIVERES  PARA  ADULTOS  MAYORES  DE  LA  COMUNA;2025-08-05;2025-07-08;2025-07-08;2025-07-23;Recepción  Conforme;77756;69.090.300-8;Secpla;I  MUNICIPALIDAD  DE  CHIMBARONGO;JAVIERA  CARRERA  511;Chimbarongo;I  MUNICIPALIDAD  DE  CHIMBARONGO;4206633;POROTO  BLANCO  BOLSA  1  K  UNIDAD  VI  REGIÓN;POROTO;2770;2300;17;6250;14375000;No;COMERCIAL  EMERGENZA  SPA;SOLUCIONES  INTEGRALES  EMERGENZA  SPA;77.082.051-0
2239-9-LR24;5802368;Convenio  Marco  para  la  adquisición  de  Alimentos  (Magento);3729-94-CM25;53183823;ADQUISICION  DE  CAJAS  DE  VIVERES  PARA  ADULTOS  MAYORES  DE  LA  COMUNA;2025-08-05;2025-07-08;2025-07-08;2025-07-23;Recepción  Conforme;77756;69.090.300-8;Secpla;I  MUNICIPALIDAD  DE  CHIMBARONGO;JAVIERA  CARRERA  511;Chimbarongo;I  MUNICIPALIDAD  DE  CHIMBARONGO;4197096;AZUCAR  BONANZA  BLANCA  GRANULADA  BOLSA  1  K  UNIDAD  VI  REGIÓN;AZUCAR;1258;1066;15;12500;13325000;No;DISTRIBUIDORA  Y  COMERCIALIZADORA  SANTA  ELIANA  SPA;DISTRIBUIDORA  Y  COMERCIALIZADORA  SANTA  ELIANA  SPA;77.544.929-2
2239-9-LR24;5802368;Convenio  Marco  para  la  adquisición  de  Alimentos  (Magento);3729-94-CM25;53183823;ADQUISICION  DE  CAJAS  DE  VIVERES  PARA  ADULTOS  MAYORES  DE  LA  COMUNA;2025-08-05;2025-07-08;2025-07-08;2025-07-23;Recepción  Conforme;77756;69.090.300-8;Secpla;I  MUNICIPALIDAD  DE  CHIMBARONGO;JAVIERA  CARRERA  511;Chimbarongo;I  MUNICIPALIDAD  DE  CHIMBARONGO;4200309;TE  LA  RENDIDORA  NEGRO  CEYLAN  CAJA  100  BOLSAS  UNIDAD  VI  REGIÓN;TE;1954;1954;0;6250;12212500;No;RAFAEL  CUMSILLE  Z  Y  CIA  LIMITADA;SUPERMERCADO  SAN  RAFAEL;86.559.100-4
2239-9-LR24;5802368;Convenio  Marco  para  la  adquisición  de  Alimentos  (Magento);3729-94-CM25;53183823;ADQUISICION  DE  CAJAS  DE  VIVERES  PARA  ADULTOS  MAYORES  DE  LA  COMUNA;2025-08-05;2025-07-08;2025-07-08;2025-07-23;Recepción  Conforme;77756;69.090.300-8;Secpla;I  MUNICIPALIDAD  DE  CHIMBARONGO;JAVIERA  CARRERA  511;Chimbarongo;I  MUNICIPALIDAD  DE  CHIMBARONGO;4197096;AZUCAR  BONANZA  BLANCA  GRANULADA  BOLSA  1  K  UNIDAD  VI  REGIÓN;AZUCAR;1258;1073;15;12500;13412500;No;COMERCIAL  EDA  SPA;MERCADO  EDA  SPA;76.691.662-7
2239-9-LR24;5802368;Convenio  Marco  para  la  adquisición  de  Alimentos  (Magento);3729-94-CM25;53183823;ADQUISICION  DE  CAJAS  DE  VIVERES  PARA  ADULTOS  MAYORES  DE  LA  COMUNA;2025-08-05;2025-07-08;2025-07-08;2025-07-23;Recepción  Conforme;77756;69.090.300-8;Secpla;I  MUNICIPALIDAD  DE  CHIMBARONGO;JAVIERA  CARRERA  511;Chimbarongo;I  MUNICIPALIDAD  DE  CHIMBARONGO;4204389;ARROZ  CAMSA  GRADO  2  BOLSA  1  K  UNIDAD  VI  REGIÓN;ARROZ;1663;890;46;18750;16687500;No;SERVICIOS  INTEGRADOS  SIDAPT  LIMITADA;SERVICIOS  INTEGRADOS  SIDAPT  LIMITADA;76.299.358-9
2239-9-LR24;5802368;Convenio  Marco  para  la  adquisición  de  Alimentos  (Magento);3729-94-CM25;53183823;ADQUISICION  DE  CAJAS  DE  VIVERES  PARA  ADULTOS  MAYORES  DE  LA  COMUNA;2025-08-05;2025-07-08;2025-07-08;2025-07-23;Recepción  Conforme;77756;69.090.300-8;Secpla;I  MUNICIPALIDAD  DE  CHIMBARONGO;JAVIERA  CARRERA  511;Chimbarongo;I  MUNICIPALIDAD  DE  CHIMBARONGO;4198217;HARINA  SIN  POLVOS  SMARTPRICE  BOLSA  1  K  UNIDAD  RM;HARINA  SIN  POLVOS;1029;1029;0;6250;6431250;No;SOCIEDAD  COMERCIAL  DLM  SPA;SOCIEDAD  COMERCIAL  DLM  SPA;77.346.435-9
2239-9-LR24;5802368;Convenio  Marco  para  la  adquisición  de  Alimentos  (Magento);3729-94-CM25;53183823;ADQUISICION  DE  CAJAS  DE  VIVERES  PARA  ADULTOS  MAYORES  DE  LA  COMUNA;2025-08-05;2025-07-08;2025-07-08;2025-07-23;Recepción  Conforme;77756;69.090.300-8;Secpla;I  MUNICIPALIDAD  DE  CHIMBARONGO;JAVIERA  CARRERA  511;Chimbarongo;I  MUNICIPALIDAD  DE  CHIMBARONGO;4204389;ARROZ  CAMSA  GRADO  2  BOLSA  1  K  UNIDAD  VI  REGIÓN;ARROZ;1677;1050;37;18750;19687500;No;COMERCIAL  EMERGENZA  SPA;SOLUCIONES  INTEGRALES  EMERGENZA  SPA;77.082.051-0
2239-9-LR24;5802368;Convenio  Marco  para  la  adquisición  de  Alimentos  (Magento);3729-94-CM25;53183823;ADQUISICION  DE  CAJAS  DE  VIVERES  PARA  ADULTOS  MAYORES  DE  LA  COMUNA;2025-08-05;2025-07-08;2025-07-08;2025-07-23;Recepción  Conforme;77756;69.090.300-8;Secpla;I  MUNICIPALIDAD  DE  CHIMBARONGO;JAVIERA  CARRERA  511;Chimbarongo;I  MUNICIPALIDAD  DE  CHIMBARONGO;4203964;SPAGHETTI  DON  GIUSEPPE  N°5  BOLSA  400  G  UNIDAD  VI  REGIÓN;SPAGHETTI;591;488;17;12500;6100000;No;AGROINDUSTRIAS  DEL  SUR  SPA;Agroindustrias;76.359.833-0
2239-9-LR24;5802368;Convenio  Marco  para  la  adquisición  de  Alimentos  (Magento);3729-94-CM25;53183823;ADQUISICION  DE  CAJAS  DE  VIVERES  PARA  ADULTOS  MAYORES  DE  LA  COMUNA;2025-08-05;2025-07-08;2025-07-08;2025-07-23;Recepción  Conforme;77756;69.090.300-8;Secpla;I  MUNICIPALIDAD  DE  CHIMBARONGO;JAVIERA  CARRERA  511;Chimbarongo;I  MUNICIPALIDAD  DE  CHIMBARONGO;4204389;ARROZ  CAMSA  GRADO  2  BOLSA  1  K  UNIDAD  VI  REGIÓN;ARROZ;1668;900;46;18750;16875000;No;DISTRIBUIDORA  ECOMARK  CORONEL  SPA;Ecomark;76.104.415-k
2239-9-LR24;5802368;Convenio  Marco  para  la  adquisición  de  Alimentos  (Magento);3729-94-CM25;53183823;ADQUISICION  DE  CAJAS  DE  VIVERES  PARA  ADULTOS  MAYORES  DE  LA  COMUNA;2025-08-05;2025-07-08;2025-07-08;2025-07-23;Recepción  Conforme;77756;69.090.300-8;Secpla;I  MUNICIPALIDAD  DE  CHIMBARONGO;JAVIERA  CARRERA  511;Chimbarongo;I  MUNICIPALIDAD  DE  CHIMBARONGO;4197096;AZUCAR  BONANZA  BLANCA  GRANULADA  BOLSA  1  K  UNIDAD  VI  REGIÓN;AZUCAR;1257;1000;20;12500;12500000;No;RAFAEL  CUMSILLE  Z  Y  CIA  LIMITADA;SUPERMERCADO  SAN  RAFAEL;86.559.100-4
2239-9-LR24;5802368;Convenio  Marco  para  la  adquisición  de  Alimentos  (Magento);3729-94-CM25;53183823;ADQUISICION  DE  CAJAS  DE  VIVERES  PARA  ADULTOS  MAYORES  DE  LA  COMUNA;2025-08-05;2025-07-08;2025-07-08;2025-07-23;Recepción  Conforme;77756;69.090.300-8;Secpla;I  MUNICIPALIDAD  DE  CHIMBARONGO;JAVIERA  CARRERA  511;Chimbarongo;I  MUNICIPALIDAD  DE  CHIMBARONGO;4200309;TE  LA  RENDIDORA  NEGRO  CEYLAN  CAJA  100  BOLSAS  UNIDAD  VI  REGIÓN;TE;1953;1381;29;6250;8631250;No;GRUPO  GMSE    NEGOCIOS  SPA;GMSE;77.512.806-2
2239-9-LR24;5802368;Convenio  Marco  para  la  adquisición  de  Alimentos  (Magento);3729-94-CM25;53183823;ADQUISICION  DE  CAJAS  DE  VIVERES  PARA  ADULTOS  MAYORES  DE  LA  COMUNA;2025-08-05;2025-07-08;2025-07-08;2025-07-23;Recepción  Conforme;77756;69.090.300-8;Secpla;I  MUNICIPALIDAD  DE  CHIMBARONGO;JAVIERA  CARRERA  511;Chimbarongo;I  MUNICIPALIDAD  DE  CHIMBARONGO;4206344;SALSA  DE  TOMATE  SAN  REMO  ITALIANA  DOYPACK  200  G  UNIDAD  VI  REGIÓN;SALSA  DE  TOMATE;366;340;7;25000;8500000;No;COMERCIAL  EMERGENZA  SPA;SOLUCIONES  INTEGRALES  EMERGENZA  SPA;77.082.051-0
2239-9-LR24;5802368;Convenio  Marco  para  la  adquisición  de  Alimentos  (Magento);3729-94-CM25;53183823;ADQUISICION  DE  CAJAS  DE  VIVERES  PARA  ADULTOS  MAYORES  DE  LA  COMUNA;2025-08-05;2025-07-08;2025-07-08;2025-07-23;Recepción  Conforme;77756;69.090.300-8;Secpla;I  MUNICIPALIDAD  DE  CHIMBARONGO;JAVIERA  CARRERA  511;Chimbarongo;I  MUNICIPALIDAD  DE  CHIMBARONGO;4198575;HARINA  CON  POLVOS  SMARTPRICE  BOLSA  1  K  UNIDAD  VI  REGIÓN;HARINA  CON  POLVOS;1002;1002;0;6250;6262500;No;MERCADOBOY  SPA;Mercadoboy;77.358.747-7
2239-9-LR24;5802368;Convenio  Marco  para  la  adquisición  de  Alimentos  (Magento);3729-94-CM25;53183823;ADQUISICION  DE  CAJAS  DE  VIVERES  PARA  ADULTOS  MAYORES  DE  LA  COMUNA;2025-08-05;2025-07-08;2025-07-08;2025-07-23;Recepción  Conforme;77756;69.090.300-8;Secpla;I  MUNICIPALIDAD  DE  CHIMBARONGO;JAVIERA  CARRERA  511;Chimbarongo;I  MUNICIPALIDAD  DE  CHIMBARONGO;4206327;SALSA  DE  TOMATE  SAN  REMO  BOLSA  200  G  UNIDAD  VI  REGIÓN;SALSA  DE  TOMATE;370;350;5;25000;8750000;No;RAFAEL  CUMSILLE  Z  Y  CIA  LIMITADA;SUPERMERCADO  SAN  RAFAEL;86.559.100-4
2239-9-LR24;5802368;Convenio  Marco  para  la  adquisición  de  Alimentos  (Magento);3729-94-CM25;53183823;ADQUISICION  DE  CAJAS  DE  VIVERES  PARA  ADULTOS  MAYORES  DE  LA  COMUNA;2025-08-05;2025-07-08;2025-07-08;2025-07-23;Recepción  Conforme;77756;69.090.300-8;Secpla;I  MUNICIPALIDAD  DE  CHIMBARONGO;JAVIERA  CARRERA  511;Chimbarongo;I  MUNICIPALIDAD  DE  CHIMBARONGO;4223837;AZUCAR  COLISEO  BLANCA  GRANULADA  BOLSA  1  K  UNIDAD  VI  REGIÓN;AZUCAR;1480;995;33;12500;12437500;No;CV  TRADING  S.A.;CV  TRADING  S.A.;78.254.990-1
2239-9-LR24;5802368;Convenio  Marco  para  la  adquisición  de  Alimentos  (Magento);3729-94-CM25;53183823;ADQUISICION  DE  CAJAS  DE  VIVERES  PARA  ADULTOS  MAYORES  DE  LA  COMUNA;2025-08-05;2025-07-08;2025-07-08;2025-07-23;Recepción  Conforme;77756;69.090.300-8;Secpla;I  MUNICIPALIDAD  DE  CHIMBARONGO;JAVIERA  CARRERA  511;Chimbarongo;I  MUNICIPALIDAD  DE  CHIMBARONGO;4198575;HARINA  CON  POLVOS  SMARTPRICE  BOLSA  1  K  UNIDAD  VI  REGIÓN;HARINA  CON  POLVOS;1008;900;11;6250;5625000;No;DISTRIBUIDORA  ECOMARK  CORONEL  SPA;Ecomark;76.104.415-k
2239-9-LR24;5802368;Convenio  Marco  para  la  adquisición  de  Alimentos  (Magento);3729-94-CM25;53183823;ADQUISICION  DE  CAJAS  DE  VIVERES  PARA  ADULTOS  MAYORES  DE  LA  COMUNA;2025-08-05;2025-07-08;2025-07-08;2025-07-23;Recepción  Conforme;77756;69.090.300-8;Secpla;I  MUNICIPALIDAD  DE  CHIMBARONGO;JAVIERA  CARRERA  511;Chimbarongo;I  MUNICIPALIDAD  DE  CHIMBARONGO;4206633;POROTO  BLANCO  BOLSA  1  K  UNIDAD  VI  REGIÓN;POROTO;2826;2165;23;6250;13531250;No;AGROINDUSTRIAS  DEL  SUR  SPA;Agroindustrias;76.359.833-0
2239-9-LR24;5802368;Convenio  Marco  para  la  adquisición  de  Alimentos  (Magento);3729-94-CM25;53183823;ADQUISICION  DE  CAJAS  DE  VIVERES  PARA  ADULTOS  MAYORES  DE  LA  COMUNA;2025-08-05;2025-07-08;2025-07-08;2025-07-23;Recepción  Conforme;77756;69.090.300-8;Secpla;I  MUNICIPALIDAD  DE  CHIMBARONGO;JAVIERA  CARRERA  511;Chimbarongo;I  MUNICIPALIDAD  DE  CHIMBARONGO;4200309;TE  LA  RENDIDORA  NEGRO  CEYLAN  CAJA  100  BOLSAS  UNIDAD  VI  REGIÓN;TE;1955;1955;0;6250;12218750;No;INVERSIONES  CHILE  LIMITADA;INVERSIONES  CHILE;77.795.374-5
2239-9-LR24;5802368;Convenio  Marco  para  la  adquisición  de  Alimentos  (Magento);3729-94-CM25;53183823;ADQUISICION  DE  CAJAS  DE  VIVERES  PARA  ADULTOS  MAYORES  DE  LA  COMUNA;2025-08-05;2025-07-08;2025-07-08;2025-07-23;Recepción  Conforme;77756;69.090.300-8;Secpla;I  MUNICIPALIDAD  DE  CHIMBARONGO;JAVIERA  CARRERA  511;Chimbarongo;I  MUNICIPALIDAD  DE  CHIMBARONGO;4204389;ARROZ  CAMSA  GRADO  2  BOLSA  1  K  UNIDAD  VI  REGIÓN;ARROZ;1658;1326;20;18750;24862500;No;ADM  SPA.;ADM  SPA.;77.909.208-9
2239-9-LR24;5802368;Convenio  Marco  para  la  adquisición  de  Alimentos  (Magento);3729-94-CM25;53183823;ADQUISICION  DE  CAJAS  DE  VIVERES  PARA  ADULTOS  MAYORES  DE  LA  COMUNA;2025-08-05;2025-07-08;2025-07-08;2025-07-23;Recepción  Conforme;77756;69.090.300-8;Secpla;I  MUNICIPALIDAD  DE  CHIMBARONGO;JAVIERA  CARRERA  511;Chimbarongo;I  MUNICIPALIDAD  DE  CHIMBARONGO;4200309;TE  LA  RENDIDORA  NEGRO  CEYLAN  CAJA  100  BOLSAS  UNIDAD  VI  REGIÓN;TE;1956;1073;45;6250;6706250;No;COMERCIAL  EDA  SPA;MERCADO  EDA  SPA;76.691.662-7
2239-9-LR24;5802368;Convenio  Marco  para  la  adquisición  de  Alimentos  (Magento);3729-94-CM25;53183823;ADQUISICION  DE  CAJAS  DE  VIVERES  PARA  ADULTOS  MAYORES  DE  LA  COMUNA;2025-08-05;2025-07-08;2025-07-08;2025-07-23;Recepción  Conforme;77756;69.090.300-8;Secpla;I  MUNICIPALIDAD  DE  CHIMBARONGO;JAVIERA  CARRERA  511;Chimbarongo;I  MUNICIPALIDAD  DE  CHIMBARONGO;4206633;POROTO  BLANCO  BOLSA  1  K  UNIDAD  VI  REGIÓN;POROTO;2101;1904;9;6250;11900000;No;DISTRIBUIDORA  DEL  MAULE  LIMITADA;Dimal;77.784.560-8
2239-9-LR24;5802368;Convenio  Marco  para  la  adquisición  de  Alimentos  (Magento);3729-94-CM25;53183823;ADQUISICION  DE  CAJAS  DE  VIVERES  PARA  ADULTOS  MAYORES  DE  LA  COMUNA;2025-08-05;2025-07-08;2025-07-08;2025-07-23;Recepción  Conforme;77756;69.090.300-8;Secpla;I  MUNICIPALIDAD  DE  CHIMBARONGO;JAVIERA  CARRERA  511;Chimbarongo;I  MUNICIPALIDAD  DE  CHIMBARONGO;4198218;HARINA  SIN  POLVOS  SMARTPRICE  BOLSA  1  K  UNIDAD  VI  REGIÓN;HARINA  SIN  POLVOS;1010;900;11;6250;5625000;No;DISTRIBUIDORA  ECOMARK  CORONEL  SPA;Ecomark;76.104.415-k
2239-9-LR24;5802368;Convenio  Marco  para  la  adquisición  de  Alimentos  (Magento);3729-94-CM25;53183823;ADQUISICION  DE  CAJAS  DE  VIVERES  PARA  ADULTOS  MAYORES  DE  LA  COMUNA;2025-08-05;2025-07-08;2025-07-08;2025-07-23;Recepción  Conforme;77756;69.090.300-8;Secpla;I  MUNICIPALIDAD  DE  CHIMBARONGO;JAVIERA  CARRERA  511;Chimbarongo;I  MUNICIPALIDAD  DE  CHIMBARONGO;4204389;ARROZ  CAMSA  GRADO  2  BOLSA  1  K  UNIDAD  VI  REGIÓN;ARROZ;1960;1633;17;18750;30618750;No;DISTRIBUIDORA  Y  COMERCIALIZADORA  SANTA  ELIANA  SPA;DISTRIBUIDORA  Y  COMERCIALIZADORA  SANTA  ELIANA  SPA;77.544.929-2
2239-9-LR24;5802368;Convenio  Marco  para  la  adquisición  de  Alimentos  (Magento);3729-94-CM25;53183823;ADQUISICION  DE  CAJAS  DE  VIVERES  PARA  ADULTOS  MAYORES  DE  LA  COMUNA;2025-08-05;2025-07-08;2025-07-08;2025-07-23;Recepción  Conforme;77756;69.090.300-8;Secpla;I  MUNICIPALIDAD  DE  CHIMBARONGO;JAVIERA  CARRERA  511;Chimbarongo;I  MUNICIPALIDAD  DE  CHIMBARONGO;4204389;ARROZ  CAMSA  GRADO  2  BOLSA  1  K  UNIDAD  VI  REGIÓN;ARROZ;1660;925;44;18750;17343750;No;INVERSIONES  CHILE  LIMITADA;INVERSIONES  CHILE;77.795.374-5
2239-9-LR24;5802368;Convenio  Marco  para  la  adquisición  de  Alimentos  (Magento);3729-94-CM25;53183823;ADQUISICION  DE  CAJAS  DE  VIVERES  PARA  ADULTOS  MAYORES  DE  LA  COMUNA;2025-08-05;2025-07-08;2025-07-08;2025-07-23;Recepción  Conforme;77756;69.090.300-8;Secpla;I  MUNICIPALIDAD  DE  CHIMBARONGO;JAVIERA  CARRERA  511;Chimbarongo;I  MUNICIPALIDAD  DE  CHIMBARONGO;4204406;ACEITE  VEGETAL  PARRAL  BOTELLA  900  ML  UNIDAD  VI  REGIÓN;ACEITE  VEGETAL;2030;2030;0;12500;25375000;No;SOCIEDAD  COMERCIAL  DLM  SPA;SOCIEDAD  COMERCIAL  DLM  SPA;77.346.435-9
2239-9-LR24;5802368;Convenio  Marco  para  la  adquisición  de  Alimentos  (Magento);3729-94-CM25;53183823;ADQUISICION  DE  CAJAS  DE  VIVERES  PARA  ADULTOS  MAYORES  DE  LA  COMUNA;2025-08-05;2025-07-08;2025-07-08;2025-07-23;Recepción  Conforme;77756;69.090.300-8;Secpla;I  MUNICIPALIDAD  DE  CHIMBARONGO;JAVIERA  CARRERA  511;Chimbarongo;I  MUNICIPALIDAD  DE  CHIMBARONGO;4206004;POROTO  HALLADO  BOLSA  1  K  UNIDAD  VI  REGIÓN;POROTO;3000;1835;39;6250;11468750;No;CV  TRADING  S.A.;CV  TRADING  S.A.;78.254.990-1
2239-9-LR24;5802368;Convenio  Marco  para  la  adquisición  de  Alimentos  (Magento);3729-94-CM25;53183823;ADQUISICION  DE  CAJAS  DE  VIVERES  PARA  ADULTOS  MAYORES  DE  LA  COMUNA;2025-08-05;2025-07-08;2025-07-08;2025-07-23;Recepción  Conforme;77756;69.090.300-8;Secpla;I  MUNICIPALIDAD  DE  CHIMBARONGO;JAVIERA  CARRERA  511;Chimbarongo;I  MUNICIPALIDAD  DE  CHIMBARONGO;4204066;ESPIRALES  SAN  REMO  BOLSA  400  G  UNIDAD  VI  REGIÓN;ESPIRALES;695;500;28;12500;6250000;No;SERVICIOS  INTEGRADOS  SIDAPT  LIMITADA;SERVICIOS  INTEGRADOS  SIDAPT  LIMITADA;76.299.358-9
2239-9-LR24;5802368;Convenio  Marco  para  la  adquisición  de  Alimentos  (Magento);3729-94-CM25;53183823;ADQUISICION  DE  CAJAS  DE  VIVERES  PARA  ADULTOS  MAYORES  DE  LA  COMUNA;2025-08-05;2025-07-08;2025-07-08;2025-07-23;Recepción  Conforme;77756;69.090.300-8;Secpla;I  MUNICIPALIDAD  DE  CHIMBARONGO;JAVIERA  CARRERA  511;Chimbarongo;I  MUNICIPALIDAD  DE  CHIMBARONGO;4214402;ARROZ  BONANZA  GRADO  2  BOLSA  1  K  UNIDAD  VI  REGIÓN;ARROZ;1518;1054;31;18750;19762500;No;AGROINDUSTRIAS  DEL  SUR  SPA;Agroindustrias;76.359.833-0
2239-9-LR24;5802368;Convenio  Marco  para  la  adquisición  de  Alimentos  (Magento);3729-94-CM25;53183823;ADQUISICION  DE  CAJAS  DE  VIVERES  PARA  ADULTOS  MAYORES  DE  LA  COMUNA;2025-08-05;2025-07-08;2025-07-08;2025-07-23;Recepción  Conforme;77756;69.090.300-8;Secpla;I  MUNICIPALIDAD  DE  CHIMBARONGO;JAVIERA  CARRERA  511;Chimbarongo;I  MUNICIPALIDAD  DE  CHIMBARONGO;4203998;SPAGHETTI  SAN  REMO  N°5  SPECIALE  BOLSA  400  G  UNIDAD  VI  REGIÓN;SPAGHETTI;695;500;28;12500;6250000;No;SERVICIOS  INTEGRADOS  SIDAPT  LIMITADA;SERVICIOS  INTEGRADOS  SIDAPT  LIMITADA;76.299.358-9
2239-9-LR24;5802368;Convenio  Marco  para  la  adquisición  de  Alimentos  (Magento);3729-94-CM25;53183823;ADQUISICION  DE  CAJAS  DE  VIVERES  PARA  ADULTOS  MAYORES  DE  LA  COMUNA;2025-08-05;2025-07-08;2025-07-08;2025-07-23;Recepción  Conforme;77756;69.090.300-8;Secpla;I  MUNICIPALIDAD  DE  CHIMBARONGO;JAVIERA  CARRERA  511;Chimbarongo;I  MUNICIPALIDAD  DE  CHIMBARONGO;4206633;POROTO  BLANCO  BOLSA  1  K  UNIDAD  VI  REGIÓN;POROTO;2098;1950;7;6250;12187500;No;INVERSIONES  CHILE  LIMITADA;INVERSIONES  CHILE;77.795.374-5
2239-9-LR24;5802368;Convenio  Marco  para  la  adquisición  de  Alimentos  (Magento);3729-94-CM25;53183823;ADQUISICION  DE  CAJAS  DE  VIVERES  PARA  ADULTOS  MAYORES  DE  LA  COMUNA;2025-08-05;2025-07-08;2025-07-08;2025-07-23;Recepción  Conforme;77756;69.090.300-8;Secpla;I  MUNICIPALIDAD  DE  CHIMBARONGO;JAVIERA  CARRERA  511;Chimbarongo;I  MUNICIPALIDAD  DE  CHIMBARONGO;4232252;SALSA  DE  TOMATE  ACONCAGUA  BOLSA  200  G  UNIDAD  VI  REGIÓN;SALSA  DE  TOMATE;413;413;0;25000;10325000;No;SOCIEDAD  COMERCIAL  DLM  SPA;SOCIEDAD  COMERCIAL  DLM  SPA;77.346.435-9
2239-9-LR24;5802368;Convenio  Marco  para  la  adquisición  de  Alimentos  (Magento);3729-94-CM25;53183823;ADQUISICION  DE  CAJAS  DE  VIVERES  PARA  ADULTOS  MAYORES  DE  LA  COMUNA;2025-08-05;2025-07-08;2025-07-08;2025-07-23;Recepción  Conforme;77756;69.090.300-8;Secpla;I  MUNICIPALIDAD  DE  CHIMBARONGO;JAVIERA  CARRERA  511;Chimbarongo;I  MUNICIPALIDAD  DE  CHIMBARONGO;4203964;SPAGHETTI  DON  GIUSEPPE  N°5  BOLSA  400  G  UNIDAD  VI  REGIÓN;SPAGHETTI;632;632;0;12500;7900000;No;SOCIEDAD  COMERCIAL  DLM  SPA;SOCIEDAD  COMERCIAL  DLM  SPA;77.346.435-9
2239-9-LR24;5802368;Convenio  Marco  para  la  adquisición  de  Alimentos  (Magento);3729-94-CM25;53183823;ADQUISICION  DE  CAJAS  DE  VIVERES  PARA  ADULTOS  MAYORES  DE  LA  COMUNA;2025-08-05;2025-07-08;2025-07-08;2025-07-23;Recepción  Conforme;77756;69.090.300-8;Secpla;I  MUNICIPALIDAD  DE  CHIMBARONGO;JAVIERA  CARRERA  511;Chimbarongo;I  MUNICIPALIDAD  DE  CHIMBARONGO;4211648;JUREL  CONSERVA  AL  NATURAL  COLISEO  TARRO  425  G  UNIDAD  VI  REGIÓN;JUREL  CONSERVA  AL  NATURAL;1126;950;16;12500;11875000;No;GRUPO  GMSE    NEGOCIOS  SPA;GMSE;77.512.806-2
2239-9-LR24;5802368;Convenio  Marco  para  la  adquisición  de  Alimentos  (Magento);3729-94-CM25;53183823;ADQUISICION  DE  CAJAS  DE  VIVERES  PARA  ADULTOS  MAYORES  DE  LA  COMUNA;2025-08-05;2025-07-08;2025-07-08;2025-07-23;Recepción  Conforme;77756;69.090.300-8;Secpla;I  MUNICIPALIDAD  DE  CHIMBARONGO;JAVIERA  CARRERA  511;Chimbarongo;I  MUNICIPALIDAD  DE  CHIMBARONGO;4203964;SPAGHETTI  DON  GIUSEPPE  N°5  BOLSA  400  G  UNIDAD  VI  REGIÓN;SPAGHETTI;600;515;14;12500;6437500;No;COMERCIAL  EMERGENZA  SPA;SOLUCIONES  INTEGRALES  EMERGENZA  SPA;77.082.051-0
2239-9-LR24;5802368;Convenio  Marco  para  la  adquisición  de  Alimentos  (Magento);3729-94-CM25;53183823;ADQUISICION  DE  CAJAS  DE  VIVERES  PARA  ADULTOS  MAYORES  DE  LA  COMUNA;2025-08-05;2025-07-08;2025-07-08;2025-07-23;Recepción  Conforme;77756;69.090.300-8;Secpla;I  MUNICIPALIDAD  DE  CHIMBARONGO;JAVIERA  CARRERA  511;Chimbarongo;I  MUNICIPALIDAD  DE  CHIMBARONGO;4214402;ARROZ  BONANZA  GRADO  2  BOLSA  1  K  UNIDAD  VI  REGIÓN;ARROZ;1514;1073;29;18750;20118750;No;COMERCIAL  EDA  SPA;MERCADO  EDA  SPA;76.691.662-7
2239-9-LR24;5802368;Convenio  Marco  para  la  adquisición  de  Alimentos  (Magento);3729-94-CM25;53183823;ADQUISICION  DE  CAJAS  DE  VIVERES  PARA  ADULTOS  MAYORES  DE  LA  COMUNA;2025-08-05;2025-07-08;2025-07-08;2025-07-23;Recepción  Conforme;77756;69.090.300-8;Secpla;I  MUNICIPALIDAD  DE  CHIMBARONGO;JAVIERA  CARRERA  511;Chimbarongo;I  MUNICIPALIDAD  DE  CHIMBARONGO;4204389;ARROZ  CAMSA  GRADO  2  BOLSA  1  K  UNIDAD  VI  REGIÓN;ARROZ;1659;1071;35;18750;20081250;No;DISTRIBUIDORA  DEL  MAULE  LIMITADA;Dimal;77.784.560-8
2239-9-LR24;5802368;Convenio  Marco  para  la  adquisición  de  Alimentos  (Magento);3729-94-CM25;53183823;ADQUISICION  DE  CAJAS  DE  VIVERES  PARA  ADULTOS  MAYORES  DE  LA  COMUNA;2025-08-05;2025-07-08;2025-07-08;2025-07-23;Recepción  Conforme;77756;69.090.300-8;Secpla;I  MUNICIPALIDAD  DE  CHIMBARONGO;JAVIERA  CARRERA  511;Chimbarongo;I  MUNICIPALIDAD  DE  CHIMBARONGO;4206633;POROTO  BLANCO  BOLSA  1  K  UNIDAD  VI  REGIÓN;POROTO;2761;1864;32;6250;11650000;Si;SOCIEDAD  DE  INVERSIONES  VALENZUELA  SPA;SOCIEDAD  DE  INVERSIONES  VALENZUELA  SPA;77.212.675-1
2239-9-LR24;5802368;Convenio  Marco  para  la  adquisición  de  Alimentos  (Magento);3729-94-CM25;53183823;ADQUISICION  DE  CAJAS  DE  VIVERES  PARA  ADULTOS  MAYORES  DE  LA  COMUNA;2025-08-05;2025-07-08;2025-07-08;2025-07-23;Recepción  Conforme;77756;69.090.300-8;Secpla;I  MUNICIPALIDAD  DE  CHIMBARONGO;JAVIERA  CARRERA  511;Chimbarongo;I  MUNICIPALIDAD  DE  CHIMBARONGO;4200309;TE  LA  RENDIDORA  NEGRO  CEYLAN  CAJA  100  BOLSAS  UNIDAD  VI  REGIÓN;TE;1960;1959;0;6250;12243750;No;COMERCIAL  EMERGENZA  SPA;SOLUCIONES  INTEGRALES  EMERGENZA  SPA;77.082.051-0
2239-9-LR24;5802368;Convenio  Marco  para  la  adquisición  de  Alimentos  (Magento);3729-94-CM25;53183823;ADQUISICION  DE  CAJAS  DE  VIVERES  PARA  ADULTOS  MAYORES  DE  LA  COMUNA;2025-08-05;2025-07-08;2025-07-08;2025-07-23;Recepción  Conforme;77756;69.090.300-8;Secpla;I  MUNICIPALIDAD  DE  CHIMBARONGO;JAVIERA  CARRERA  511;Chimbarongo;I  MUNICIPALIDAD  DE  CHIMBARONGO;4204406;ACEITE  VEGETAL  PARRAL  BOTELLA  900  ML  UNIDAD  VI  REGIÓN;ACEITE  VEGETAL;1767;1479;16;12500;18487500;Si;SOCIEDAD  DE  INVERSIONES  VALENZUELA  SPA;SOCIEDAD  DE  INVERSIONES  VALENZUELA  SPA;77.212.675-1
2239-9-LR24;5802368;Convenio  Marco  para  la  adquisición  de  Alimentos  (Magento);3729-94-CM25;53183823;ADQUISICION  DE  CAJAS  DE  VIVERES  PARA  ADULTOS  MAYORES  DE  LA  COMUNA;2025-08-05;2025-07-08;2025-07-08;2025-07-23;Recepción  Conforme;77756;69.090.300-8;Secpla;I  MUNICIPALIDAD  DE  CHIMBARONGO;JAVIERA  CARRERA  511;Chimbarongo;I  MUNICIPALIDAD  DE  CHIMBARONGO;4210747;SALSA  DE  TOMATE  DORASOL  ITALIANA  DOYPACK  200  G  UNIDAD  VI  REGIÓN;SALSA  DE  TOMATE;422;346;18;25000;8650000;No;ADM  SPA.;ADM  SPA.;77.909.208-9
2239-9-LR24;5802368;Convenio  Marco  para  la  adquisición  de  Alimentos  (Magento);3729-94-CM25;53183823;ADQUISICION  DE  CAJAS  DE  VIVERES  PARA  ADULTOS  MAYORES  DE  LA  COMUNA;2025-08-05;2025-07-08;2025-07-08;2025-07-23;Recepción  Conforme;77756;69.090.300-8;Secpla;I  MUNICIPALIDAD  DE  CHIMBARONGO;JAVIERA  CARRERA  511;Chimbarongo;I  MUNICIPALIDAD  DE  CHIMBARONGO;4206633;POROTO  BLANCO  BOLSA  1  K  UNIDAD  VI  REGIÓN;POROTO;2100;1073;49;6250;6706250;No;COMERCIAL  EDA  SPA;MERCADO  EDA  SPA;76.691.662-7
2239-9-LR24;5802368;Convenio  Marco  para  la  adquisición  de  Alimentos  (Magento);3729-94-CM25;53183823;ADQUISICION  DE  CAJAS  DE  VIVERES  PARA  ADULTOS  MAYORES  DE  LA  COMUNA;2025-08-05;2025-07-08;2025-07-08;2025-07-23;Recepción  Conforme;77756;69.090.300-8;Secpla;I  MUNICIPALIDAD  DE  CHIMBARONGO;JAVIERA  CARRERA  511;Chimbarongo;I  MUNICIPALIDAD  DE  CHIMBARONGO;4206633;POROTO  BLANCO  BOLSA  1  K  UNIDAD  VI  REGIÓN;POROTO;2853;2250;21;6250;14062500;No;SERVICIOS  INTEGRADOS  SIDAPT  LIMITADA;SERVICIOS  INTEGRADOS  SIDAPT  LIMITADA;76.299.358-9
2239-9-LR24;5802368;Convenio  Marco  para  la  adquisición  de  Alimentos  (Magento);3729-94-CM25;53183823;ADQUISICION  DE  CAJAS  DE  VIVERES  PARA  ADULTOS  MAYORES  DE  LA  COMUNA;2025-08-05;2025-07-08;2025-07-08;2025-07-23;Recepción  Conforme;77756;69.090.300-8;Secpla;I  MUNICIPALIDAD  DE  CHIMBARONGO;JAVIERA  CARRERA  511;Chimbarongo;I  MUNICIPALIDAD  DE  CHIMBARONGO;4204389;ARROZ  CAMSA  GRADO  2  BOLSA  1  K  UNIDAD  VI  REGIÓN;ARROZ;1662;913;45;18750;17118750;Si;SOCIEDAD  DE  INVERSIONES  VALENZUELA  SPA;SOCIEDAD  DE  INVERSIONES  VALENZUELA  SPA;77.212.675-1
2239-9-LR24;5802368;Convenio  Marco  para  la  adquisición  de  Alimentos  (Magento);3729-94-CM25;53183823;ADQUISICION  DE  CAJAS  DE  VIVERES  PARA  ADULTOS  MAYORES  DE  LA  COMUNA;2025-08-05;2025-07-08;2025-07-08;2025-07-23;Recepción  Conforme;77756;69.090.300-8;Secpla;I  MUNICIPALIDAD  DE  CHIMBARONGO;JAVIERA  CARRERA  511;Chimbarongo;I  MUNICIPALIDAD  DE  CHIMBARONGO;4215983;ESPIRALES  DON  GIUSEPPE  BOLSA  400  G  UNIDAD  VI  REGIÓN;ESPIRALES;632;632;0;12500;7900000;No;SOCIEDAD  COMERCIAL  DLM  SPA;SOCIEDAD  COMERCIAL  DLM  SPA;77.346.435-9
2239-9-LR24;5802368;Convenio  Marco  para  la  adquisición  de  Alimentos  (Magento);3729-94-CM25;53183823;ADQUISICION  DE  CAJAS  DE  VIVERES  PARA  ADULTOS  MAYORES  DE  LA  COMUNA;2025-08-05;2025-07-08;2025-07-08;2025-07-23;Recepción  Conforme;77756;69.090.300-8;Secpla;I  MUNICIPALIDAD  DE  CHIMBARONGO;JAVIERA  CARRERA  511;Chimbarongo;I  MUNICIPALIDAD  DE  CHIMBARONGO;4204406;ACEITE  VEGETAL  PARRAL  BOTELLA  900  ML  UNIDAD  VI  REGIÓN;ACEITE  VEGETAL;1766;1472;17;12500;18400000;No;ADM  SPA.;ADM  SPA.;77.909.208-9
2239-9-LR24;5802368;Convenio  Marco  para  la  adquisición  de  Alimentos  (Magento);3729-94-CM25;53183823;ADQUISICION  DE  CAJAS  DE  VIVERES  PARA  ADULTOS  MAYORES  DE  LA  COMUNA;2025-08-05;2025-07-08;2025-07-08;2025-07-23;Recepción  Conforme;77756;69.090.300-8;Secpla;I  MUNICIPALIDAD  DE  CHIMBARONGO;JAVIERA  CARRERA  511;Chimbarongo;I  MUNICIPALIDAD  DE  CHIMBARONGO;4206633;POROTO  BLANCO  BOLSA  1  K  UNIDAD  VI  REGIÓN;POROTO;2099;1874;11;6250;11712500;No;ADM  SPA.;ADM  SPA.;77.909.208-9
2239-9-LR24;5802368;Convenio  Marco  para  la  adquisición  de  Alimentos  (Magento);3729-94-CM25;53183823;ADQUISICION  DE  CAJAS  DE  VIVERES  PARA  ADULTOS  MAYORES  DE  LA  COMUNA;2025-08-05;2025-07-08;2025-07-08;2025-07-23;Recepción  Conforme;77756;69.090.300-8;Secpla;I  MUNICIPALIDAD  DE  CHIMBARONGO;JAVIERA  CARRERA  511;Chimbarongo;I  MUNICIPALIDAD  DE  CHIMBARONGO;4239630;SOPA  NATUREZZA  POSTA  CON  CABELLOS  SOBRE  55  G  UNIDAD  VI  REGIÓN;SOPA;472;414;12;25000;10350000;No;ADM  SPA.;ADM  SPA.;77.909.208-9
2239-9-LR24;5802368;Convenio  Marco  para  la  adquisición  de  Alimentos  (Magento);3729-94-CM25;53183823;ADQUISICION  DE  CAJAS  DE  VIVERES  PARA  ADULTOS  MAYORES  DE  LA  COMUNA;2025-08-05;2025-07-08;2025-07-08;2025-07-23;Recepción  Conforme;77756;69.090.300-8;Secpla;I  MUNICIPALIDAD  DE  CHIMBARONGO;JAVIERA  CARRERA  511;Chimbarongo;I  MUNICIPALIDAD  DE  CHIMBARONGO;4204406;ACEITE  VEGETAL  PARRAL  BOTELLA  900  ML  UNIDAD  VI  REGIÓN;ACEITE  VEGETAL;1767;1510;15;12500;18875000;No;DISTRIBUIDORA  Y  COMERCIALIZADORA  SANTA  ELIANA  SPA;DISTRIBUIDORA  Y  COMERCIALIZADORA  SANTA  ELIANA  SPA;77.544.929-2
2239-9-LR24;5802368;Convenio  Marco  para  la  adquisición  de  Alimentos  (Magento);3729-94-CM25;53183823;ADQUISICION  DE  CAJAS  DE  VIVERES  PARA  ADULTOS  MAYORES  DE  LA  COMUNA;2025-08-05;2025-07-08;2025-07-08;2025-07-23;Recepción  Conforme;77756;69.090.300-8;Secpla;I  MUNICIPALIDAD  DE  CHIMBARONGO;JAVIERA  CARRERA  511;Chimbarongo;I  MUNICIPALIDAD  DE  CHIMBARONGO;4215983;ESPIRALES  DON  GIUSEPPE  BOLSA  400  G  UNIDAD  VI  REGIÓN;ESPIRALES;602;515;14;12500;6437500;No;COMERCIAL  EMERGENZA  SPA;SOLUCIONES  INTEGRALES  EMERGENZA  SPA;77.082.051-0
2239-9-LR24;5802368;Convenio  Marco  para  la  adquisición  de  Alimentos  (Magento);3729-94-CM25;53183823;ADQUISICION  DE  CAJAS  DE  VIVERES  PARA  ADULTOS  MAYORES  DE  LA  COMUNA;2025-08-05;2025-07-08;2025-07-08;2025-07-23;Recepción  Conforme;77756;69.090.300-8;Secpla;I  MUNICIPALIDAD  DE  CHIMBARONGO;JAVIERA  CARRERA  511;Chimbarongo;I  MUNICIPALIDAD  DE  CHIMBARONGO;4206633;POROTO  BLANCO  BOLSA  1  K  UNIDAD  VI  REGIÓN;POROTO;2097;1888;10;6250;11800000;No;GRUPO  GMSE    NEGOCIOS  SPA;GMSE;77.512.806-2
2239-9-LR24;5802368;Convenio  Marco  para  la  adquisición  de  Alimentos  (Magento);3729-94-CM25;53183823;ADQUISICION  DE  CAJAS  DE  VIVERES  PARA  ADULTOS  MAYORES  DE  LA  COMUNA;2025-08-05;2025-07-08;2025-07-08;2025-07-23;Recepción  Conforme;77756;69.090.300-8;Secpla;I  MUNICIPALIDAD  DE  CHIMBARONGO;JAVIERA  CARRERA  511;Chimbarongo;I  MUNICIPALIDAD  DE  CHIMBARONGO;4215983;ESPIRALES  DON  GIUSEPPE  BOLSA  400  G  UNIDAD  VI  REGIÓN;ESPIRALES;583;488;16;12500;6100000;No;AGROINDUSTRIAS  DEL  SUR  SPA;Agroindustrias;76.359.833-0
2239-9-LR24;5802368;Convenio  Marco  para  la  adquisición  de  Alimentos  (Magento);3729-94-CM25;53183823;ADQUISICION  DE  CAJAS  DE  VIVERES  PARA  ADULTOS  MAYORES  DE  LA  COMUNA;2025-08-05;2025-07-08;2025-07-08;2025-07-23;Recepción  Conforme;77756;69.090.300-8;Secpla;I  MUNICIPALIDAD  DE  CHIMBARONGO;JAVIERA  CARRERA  511;Chimbarongo;I  MUNICIPALIDAD  DE  CHIMBARONGO;4206633;POROTO  BLANCO  BOLSA  1  K  UNIDAD  VI  REGIÓN;POROTO;2103;2103;0;6250;13143750;No;SOCIEDAD  COMERCIAL  DLM  SPA;SOCIEDAD  COMERCIAL  DLM  SPA;77.346.435-9
2239-9-LR24;5802368;Convenio  Marco  para  la  adquisición  de  Alimentos  (Magento);3729-94-CM25;53183823;ADQUISICION  DE  CAJAS  DE  VIVERES  PARA  ADULTOS  MAYORES  DE  LA  COMUNA;2025-08-05;2025-07-08;2025-07-08;2025-07-23;Recepción  Conforme;77756;69.090.300-8;Secpla;I  MUNICIPALIDAD  DE  CHIMBARONGO;JAVIERA  CARRERA  511;Chimbarongo;I  MUNICIPALIDAD  DE  CHIMBARONGO;4227101;ACEITE  VEGETAL  COLISEO  BOTELLA  900  ML  UNIDAD  VI  REGIÓN;ACEITE  VEGETAL;1625;1073;34;12500;13412500;No;COMERCIAL  EDA  SPA;MERCADO  EDA  SPA;76.691.662-7
2239-9-LR24;5802368;Convenio  Marco  para  la  adquisición  de  Alimentos  (Magento);3729-94-CM25;53183823;ADQUISICION  DE  CAJAS  DE  VIVERES  PARA  ADULTOS  MAYORES  DE  LA  COMUNA;2025-08-05;2025-07-08;2025-07-08;2025-07-23;Recepción  Conforme;77756;69.090.300-8;Secpla;I  MUNICIPALIDAD  DE  CHIMBARONGO;JAVIERA  CARRERA  511;Chimbarongo;I  MUNICIPALIDAD  DE  CHIMBARONGO;4211648;JUREL  CONSERVA  AL  NATURAL  COLISEO  TARRO  425  G  UNIDAD  VI  REGIÓN;JUREL  CONSERVA  AL  NATURAL;1128;981;13;12500;12262500;No;DISTRIBUIDORA  Y  COMERCIALIZADORA  SANTA  ELIANA  SPA;DISTRIBUIDORA  Y  COMERCIALIZADORA  SANTA  ELIANA  SPA;77.544.929-2
2239-9-LR24;5802368;Convenio  Marco  para  la  adquisición  de  Alimentos  (Magento);3729-94-CM25;53183823;ADQUISICION  DE  CAJAS  DE  VIVERES  PARA  ADULTOS  MAYORES  DE  LA  COMUNA;2025-08-05;2025-07-08;2025-07-08;2025-07-23;Recepción  Conforme;77756;69.090.300-8;Secpla;I  MUNICIPALIDAD  DE  CHIMBARONGO;JAVIERA  CARRERA  511;Chimbarongo;I  MUNICIPALIDAD  DE  CHIMBARONGO;4206633;POROTO  BLANCO  BOLSA  1  K  UNIDAD  VI  REGIÓN;POROTO;2102;2050;2;6250;12812500;No;SOCIEDAD  COMERCIAL  MAULE  LIMITADA;SOCIEDAD  COMERCIAL  MAULE  LIMITADA;76.287.511-k
2239-9-LR24;5802368;Convenio  Marco  para  la  adquisición  de  Alimentos  (Magento);3729-94-CM25;53183823;ADQUISICION  DE  CAJAS  DE  VIVERES  PARA  ADULTOS  MAYORES  DE  LA  COMUNA;2025-08-05;2025-07-08;2025-07-08;2025-07-23;Recepción  Conforme;77756;69.090.300-8;Secpla;I  MUNICIPALIDAD  DE  CHIMBARONGO;JAVIERA  CARRERA  511;Chimbarongo;I  MUNICIPALIDAD  DE  CHIMBARONGO;4211648;JUREL  CONSERVA  AL  NATURAL  COLISEO  TARRO  425  G  UNIDAD  VI  REGIÓN;JUREL  CONSERVA  AL  NATURAL;1129;1071;5;12500;13387500;No;DISTRIBUIDORA  DEL  MAULE  LIMITADA;Dimal;77.784.560-8
2239-9-LR24;5802368;Convenio  Marco  para  la  adquisición  de  Alimentos  (Magento);3729-94-CM25;53183823;ADQUISICION  DE  CAJAS  DE  VIVERES  PARA  ADULTOS  MAYORES  DE  LA  COMUNA;2025-08-05;2025-07-08;2025-07-08;2025-07-23;Recepción  Conforme;77756;69.090.300-8;Secpla;I  MUNICIPALIDAD  DE  CHIMBARONGO;JAVIERA  CARRERA  511;Chimbarongo;I  MUNICIPALIDAD  DE  CHIMBARONGO;4211648;JUREL  CONSERVA  AL  NATURAL  COLISEO  TARRO  425  G  UNIDAD  VI  REGIÓN;JUREL  CONSERVA  AL  NATURAL;1130;1130;0;12500;14125000;No;SOCIEDAD  COMERCIAL  DLM  SPA;SOCIEDAD  COMERCIAL  DLM  SPA;77.346.435-9
2239-9-LR24;5802368;Convenio  Marco  para  la  adquisición  de  Alimentos  (Magento);3729-94-CM25;53183823;ADQUISICION  DE  CAJAS  DE  VIVERES  PARA  ADULTOS  MAYORES  DE  LA  COMUNA;2025-08-05;2025-07-08;2025-07-08;2025-07-23;Recepción  Conforme;77756;69.090.300-8;Secpla;I  MUNICIPALIDAD  DE  CHIMBARONGO;JAVIERA  CARRERA  511;Chimbarongo;I  MUNICIPALIDAD  DE  CHIMBARONGO;4211648;JUREL  CONSERVA  AL  NATURAL  COLISEO  TARRO  425  G  UNIDAD  VI  REGIÓN;JUREL  CONSERVA  AL  NATURAL;1127;1073;5;12500;13412500;No;COMERCIAL  EDA  SPA;MERCADO  EDA  SPA;76.691.662-7
2239-9-LR24;5802368;Convenio  Marco  para  la  adquisición  de  Alimentos  (Magento);3729-94-CM25;53183823;ADQUISICION  DE  CAJAS  DE  VIVERES  PARA  ADULTOS  MAYORES  DE  LA  COMUNA;2025-08-05;2025-07-08;2025-07-08;2025-07-23;Recepción  Conforme;77756;69.090.300-8;Secpla;I  MUNICIPALIDAD  DE  CHIMBARONGO;JAVIERA  CARRERA  511;Chimbarongo;I  MUNICIPALIDAD  DE  CHIMBARONGO;4206004;POROTO  HALLADO  BOLSA  1  K  UNIDAD  VI  REGIÓN;POROTO;2495;2495;0;6250;15593750;No;MERCADOBOY  SPA;Mercadoboy;77.358.747-7
2239-9-LR24;5802368;Convenio  Marco  para  la  adquisición  de  Alimentos  (Magento);3729-94-CM25;53183823;ADQUISICION  DE  CAJAS  DE  VIVERES  PARA  ADULTOS  MAYORES  DE  LA  COMUNA;2025-08-05;2025-07-08;2025-07-08;2025-07-23;Recepción  Conforme;77756;69.090.300-8;Secpla;I  MUNICIPALIDAD  DE  CHIMBARONGO;JAVIERA  CARRERA  511;Chimbarongo;I  MUNICIPALIDAD  DE  CHIMBARONGO;4217207;ACEITE  VEGETAL  BONANZA  BOTELLA  900  ML  UNIDAD  VI  REGIÓN;ACEITE  VEGETAL;1777;1775;0;12500;22187500;No;SERVICIOS  INTEGRADOS  SIDAPT  LIMITADA;SERVICIOS  INTEGRADOS  SIDAPT  LIMITADA;76.299.358-9
2239-9-LR24;5802368;Convenio  Marco  para  la  adquisición  de  Alimentos  (Magento);3729-94-CM25;53183823;ADQUISICION  DE  CAJAS  DE  VIVERES  PARA  ADULTOS  MAYORES  DE  LA  COMUNA;2025-08-05;2025-07-08;2025-07-08;2025-07-23;Recepción  Conforme;77756;69.090.300-8;Secpla;I  MUNICIPALIDAD  DE  CHIMBARONGO;JAVIERA  CARRERA  511;Chimbarongo;I  MUNICIPALIDAD  DE  CHIMBARONGO;4204406;ACEITE  VEGETAL  PARRAL  BOTELLA  900  ML  UNIDAD  VI  REGIÓN;ACEITE  VEGETAL;1784;1782;0;12500;22275000;No;COMERCIAL  EMERGENZA  SPA;SOLUCIONES  INTEGRALES  EMERGENZA  SPA;77.082.051-0
2239-9-LR24;5802368;Convenio  Marco  para  la  adquisición  de  Alimentos  (Magento);3729-94-CM25;53183823;ADQUISICION  DE  CAJAS  DE  VIVERES  PARA  ADULTOS  MAYORES  DE  LA  COMUNA;2025-08-05;2025-07-08;2025-07-08;2025-07-23;Recepción  Conforme;77756;69.090.300-8;Secpla;I  MUNICIPALIDAD  DE  CHIMBARONGO;JAVIERA  CARRERA  511;Chimbarongo;I  MUNICIPALIDAD  DE  CHIMBARONGO;4227101;ACEITE  VEGETAL  COLISEO  BOTELLA  900  ML  UNIDAD  VI  REGIÓN;ACEITE  VEGETAL;1634;1634;0;12500;20425000;No;INVERSIONES  CHILE  LIMITADA;INVERSIONES  CHILE;77.795.374-5
2239-9-LR24;5802368;Convenio  Marco  para  la  adquisición  de  Alimentos  (Magento);3729-94-CM25;53183823;ADQUISICION  DE  CAJAS  DE  VIVERES  PARA  ADULTOS  MAYORES  DE  LA  COMUNA;2025-08-05;2025-07-08;2025-07-08;2025-07-23;Recepción  Conforme;77756;69.090.300-8;Secpla;I  MUNICIPALIDAD  DE  CHIMBARONGO;JAVIERA  CARRERA  511;Chimbarongo;I  MUNICIPALIDAD  DE  CHIMBARONGO;4239630;SOPA  NATUREZZA  POSTA  CON  CABELLOS  SOBRE  55  G  UNIDAD  VI  REGIÓN;SOPA;478;420;12;25000;10500000;No;COMERCIAL  EMERGENZA  SPA;SOLUCIONES  INTEGRALES  EMERGENZA  SPA;77.082.051-0
2239-9-LR24;5802368;Convenio  Marco  para  la  adquisición  de  Alimentos  (Magento);3729-94-CM25;53183823;ADQUISICION  DE  CAJAS  DE  VIVERES  PARA  ADULTOS  MAYORES  DE  LA  COMUNA;2025-08-05;2025-07-08;2025-07-08;2025-07-23;Recepción  Conforme;77756;69.090.300-8;Secpla;I  MUNICIPALIDAD  DE  CHIMBARONGO;JAVIERA  CARRERA  511;Chimbarongo;I  MUNICIPALIDAD  DE  CHIMBARONGO;4206633;POROTO  BLANCO  BOLSA  1  K  UNIDAD  VI  REGIÓN;POROTO;2100;1795;15;6250;11218750;No;DISTRIBUIDORA  Y  COMERCIALIZADORA  SANTA  ELIANA  SPA;DISTRIBUIDORA  Y  COMERCIALIZADORA  SANTA  ELIANA  SPA;77.544.929-2
2239-9-LR24;5802368;Convenio  Marco  para  la  adquisición  de  Alimentos  (Magento);3729-94-CM25;53183823;ADQUISICION  DE  CAJAS  DE  VIVERES  PARA  ADULTOS  MAYORES  DE  LA  COMUNA;2025-08-05;2025-07-08;2025-07-08;2025-07-23;Recepción  Conforme;77756;69.090.300-8;Secpla;I  MUNICIPALIDAD  DE  CHIMBARONGO;JAVIERA  CARRERA  511;Chimbarongo;I  MUNICIPALIDAD  DE  CHIMBARONGO;4219587;AZUCAR  MISOL  BLANCA  GRANULADA  BOLSA  1  K  UNIDAD  VI  REGIÓN;AZUCAR;1413;947;33;12500;11837500;No;AGROINDUSTRIAS  DEL  SUR  SPA;Agroindustrias;76.359.833-0
2239-9-LR24;5802368;Convenio  Marco  para  la  adquisición  de  Alimentos  (Magento);3729-94-CM25;53183823;ADQUISICION  DE  CAJAS  DE  VIVERES  PARA  ADULTOS  MAYORES  DE  LA  COMUNA;2025-08-05;2025-07-08;2025-07-08;2025-07-23;Recepción  Conforme;77756;69.090.300-8;Secpla;I  MUNICIPALIDAD  DE  CHIMBARONGO;JAVIERA  CARRERA  511;Chimbarongo;I  MUNICIPALIDAD  DE  CHIMBARONGO;4206633;POROTO  BLANCO  BOLSA  1  K  UNIDAD  VI  REGIÓN;POROTO;3300;2700;18;6250;16875000;No;RAFAEL  CUMSILLE  Z  Y  CIA  LIMITADA;SUPERMERCADO  SAN  RAFAEL;86.559.100-4
2239-9-LR24;5802368;Convenio  Marco  para  la  adquisición  de  Alimentos  (Magento);3729-94-CM25;53183823;ADQUISICION  DE  CAJAS  DE  VIVERES  PARA  ADULTOS  MAYORES  DE  LA  COMUNA;2025-08-05;2025-07-08;2025-07-08;2025-07-23;Recepción  Conforme;77756;69.090.300-8;Secpla;I  MUNICIPALIDAD  DE  CHIMBARONGO;JAVIERA  CARRERA  511;Chimbarongo;I  MUNICIPALIDAD  DE  CHIMBARONGO;4223769;TE  DORASOL  NEGRO  CEYLAN  CAJA  100  BOLSAS  UNIDAD  VI  REGIÓN;TE;1700;1165;31;6250;7281250;No;CV  TRADING  S.A.;CV  TRADING  S.A.;78.254.990-1
2239-9-LR24;5802368;Convenio  Marco  para  la  adquisición  de  Alimentos  (Magento);3729-94-CM25;53183823;ADQUISICION  DE  CAJAS  DE  VIVERES  PARA  ADULTOS  MAYORES  DE  LA  COMUNA;2025-08-05;2025-07-08;2025-07-08;2025-07-23;Recepción  Conforme;77756;69.090.300-8;Secpla;I  MUNICIPALIDAD  DE  CHIMBARONGO;JAVIERA  CARRERA  511;Chimbarongo;I  MUNICIPALIDAD  DE  CHIMBARONGO;4215541;SOPA  NATUREZZA  POLLO  CON  FIDEOS  SOBRE  55  G  UNIDAD  VI  REGIÓN;SOPA;391;390;0;25000;9750000;No;MERCADOBOY  SPA;Mercadoboy;77.358.747-7
2239-9-LR24;5802368;Convenio  Marco  para  la  adquisición  de  Alimentos  (Magento);3729-94-CM25;53183823;ADQUISICION  DE  CAJAS  DE  VIVERES  PARA  ADULTOS  MAYORES  DE  LA  COMUNA;2025-08-05;2025-07-08;2025-07-08;2025-07-23;Recepción  Conforme;77756;69.090.300-8;Secpla;I  MUNICIPALIDAD  DE  CHIMBARONGO;JAVIERA  CARRERA  511;Chimbarongo;I  MUNICIPALIDAD  DE  CHIMBARONGO;4227101;ACEITE  VEGETAL  COLISEO  BOTELLA  900  ML  UNIDAD  VI  REGIÓN;ACEITE  VEGETAL;1999;1793;10;12500;22412500;No;CV  TRADING  S.A.;CV  TRADING  S.A.;78.254.990-1
2239-9-LR24;5802368;Convenio  Marco  para  la  adquisición  de  Alimentos  (Magento);3729-94-CM25;53183823;ADQUISICION  DE  CAJAS  DE  VIVERES  PARA  ADULTOS  MAYORES  DE  LA  COMUNA;2025-08-05;2025-07-08;2025-07-08;2025-07-23;Recepción  Conforme;77756;69.090.300-8;Secpla;I  MUNICIPALIDAD  DE  CHIMBARONGO;JAVIERA  CARRERA  511;Chimbarongo;I  MUNICIPALIDAD  DE  CHIMBARONGO;4216425;TE  MISOL  NEGRO  ARGENTINA  CAJA  100  BOLSAS  UNIDAD  VI  REGIÓN;TE;2374;1299;45;6250;8118750;No;SERVICIOS  INTEGRADOS  SIDAPT  LIMITADA;SERVICIOS  INTEGRADOS  SIDAPT  LIMITADA;76.299.358-9
2239-9-LR24;5802368;Convenio  Marco  para  la  adquisición  de  Alimentos  (Magento);3729-94-CM25;53183823;ADQUISICION  DE  CAJAS  DE  VIVERES  PARA  ADULTOS  MAYORES  DE  LA  COMUNA;2025-08-05;2025-07-08;2025-07-08;2025-07-23;Recepción  Conforme;77756;69.090.300-8;Secpla;I  MUNICIPALIDAD  DE  CHIMBARONGO;JAVIERA  CARRERA  511;Chimbarongo;I  MUNICIPALIDAD  DE  CHIMBARONGO;4214402;ARROZ  BONANZA  GRADO  2  BOLSA  1  K  UNIDAD  VI  REGIÓN;ARROZ;1517;1250;18;18750;23437500;No;SOCIEDAD  COMERCIAL  MAULE  LIMITADA;SOCIEDAD  COMERCIAL  MAULE  LIMITADA;76.287.511-k
2239-9-LR24;5802368;Convenio  Marco  para  la  adquisición  de  Alimentos  (Magento);3729-94-CM25;53183823;ADQUISICION  DE  CAJAS  DE  VIVERES  PARA  ADULTOS  MAYORES  DE  LA  COMUNA;2025-08-05;2025-07-08;2025-07-08;2025-07-23;Recepción  Conforme;77756;69.090.300-8;Secpla;I  MUNICIPALIDAD  DE  CHIMBARONGO;JAVIERA  CARRERA  511;Chimbarongo;I  MUNICIPALIDAD  DE  CHIMBARONGO;4211648;JUREL  CONSERVA  AL  NATURAL  COLISEO  TARRO  425  G  UNIDAD  VI  REGIÓN;JUREL  CONSERVA  AL  NATURAL;1139;1085;5;12500;13562500;No;SOCIEDAD  COMERCIAL  MAULE  LIMITADA;SOCIEDAD  COMERCIAL  MAULE  LIMITADA;76.287.511-k
2239-9-LR24;5802368;Convenio  Marco  para  la  adquisición  de  Alimentos  (Magento);3729-94-CM25;53183823;ADQUISICION  DE  CAJAS  DE  VIVERES  PARA  ADULTOS  MAYORES  DE  LA  COMUNA;2025-08-05;2025-07-08;2025-07-08;2025-07-23;Recepción  Conforme;77756;69.090.300-8;Secpla;I  MUNICIPALIDAD  DE  CHIMBARONGO;JAVIERA  CARRERA  511;Chimbarongo;I  MUNICIPALIDAD  DE  CHIMBARONGO;4211648;JUREL  CONSERVA  AL  NATURAL  COLISEO  TARRO  425  G  UNIDAD  VI  REGIÓN;JUREL  CONSERVA  AL  NATURAL;1489;1191;20;12500;14887500;No;ADM  SPA.;ADM  SPA.;77.909.208-9
2239-9-LR24;5802368;Convenio  Marco  para  la  adquisición  de  Alimentos  (Magento);3729-94-CM25;53183823;ADQUISICION  DE  CAJAS  DE  VIVERES  PARA  ADULTOS  MAYORES  DE  LA  COMUNA;2025-08-05;2025-07-08;2025-07-08;2025-07-23;Recepción  Conforme;77756;69.090.300-8;Secpla;I  MUNICIPALIDAD  DE  CHIMBARONGO;JAVIERA  CARRERA  511;Chimbarongo;I  MUNICIPALIDAD  DE  CHIMBARONGO;4214402;ARROZ  BONANZA  GRADO  2  BOLSA  1  K  UNIDAD  VI  REGIÓN;ARROZ;1508;1121;26;18750;21018750;No;GRUPO  GMSE    NEGOCIOS  SPA;GMSE;77.512.806-2
2239-9-LR24;5802368;Convenio  Marco  para  la  adquisición  de  Alimentos  (Magento);3729-94-CM25;53183823;ADQUISICION  DE  CAJAS  DE  VIVERES  PARA  ADULTOS  MAYORES  DE  LA  COMUNA;2025-08-05;2025-07-08;2025-07-08;2025-07-23;Recepción  Conforme;77756;69.090.300-8;Secpla;I  MUNICIPALIDAD  DE  CHIMBARONGO;JAVIERA  CARRERA  511;Chimbarongo;I  MUNICIPALIDAD  DE  CHIMBARONGO;4216425;TE  MISOL  NEGRO  ARGENTINA  CAJA  100  BOLSAS  UNIDAD  VI  REGIÓN;TE;2384;1004;58;6250;6275000;No;DISTRIBUIDORA  ECOMARK  CORONEL  SPA;Ecomark;76.104.415-k
2239-9-LR24;5802368;Convenio  Marco  para  la  adquisición  de  Alimentos  (Magento);3729-94-CM25;53183823;ADQUISICION  DE  CAJAS  DE  VIVERES  PARA  ADULTOS  MAYORES  DE  LA  COMUNA;2025-08-05;2025-07-08;2025-07-08;2025-07-23;Recepción  Conforme;77756;69.090.300-8;Secpla;I  MUNICIPALIDAD  DE  CHIMBARONGO;JAVIERA  CARRERA  511;Chimbarongo;I  MUNICIPALIDAD  DE  CHIMBARONGO;4218788;SALSA  DE  TOMATE  MISOL  BOLSA  200  G  UNIDAD  VI  REGIÓN;SALSA  DE  TOMATE;332;300;10;25000;7500000;No;SERVICIOS  INTEGRADOS  SIDAPT  LIMITADA;SERVICIOS  INTEGRADOS  SIDAPT  LIMITADA;76.299.358-9
2239-9-LR24;5802368;Convenio  Marco  para  la  adquisición  de  Alimentos  (Magento);3729-94-CM25;53183823;ADQUISICION  DE  CAJAS  DE  VIVERES  PARA  ADULTOS  MAYORES  DE  LA  COMUNA;2025-08-05;2025-07-08;2025-07-08;2025-07-23;Recepción  Conforme;77756;69.090.300-8;Secpla;I  MUNICIPALIDAD  DE  CHIMBARONGO;JAVIERA  CARRERA  511;Chimbarongo;I  MUNICIPALIDAD  DE  CHIMBARONGO;4216425;TE  MISOL  NEGRO  ARGENTINA  CAJA  100  BOLSAS  UNIDAD  VI  REGIÓN;TE;2374;1899;20;6250;11868750;No;ADM  SPA.;ADM  SPA.;77.909.208-9
2239-9-LR24;5802368;Convenio  Marco  para  la  adquisición  de  Alimentos  (Magento);3729-94-CM25;53183823;ADQUISICION  DE  CAJAS  DE  VIVERES  PARA  ADULTOS  MAYORES  DE  LA  COMUNA;2025-08-05;2025-07-08;2025-07-08;2025-07-23;Recepción  Conforme;77756;69.090.300-8;Secpla;I  MUNICIPALIDAD  DE  CHIMBARONGO;JAVIERA  CARRERA  511;Chimbarongo;I  MUNICIPALIDAD  DE  CHIMBARONGO;4230212;AZUCAR  SAN  ISIDRO  BLANCA  GRANULADA  BOLSA  1  K  UNIDAD  VI  REGIÓN;AZUCAR;1554;771;50;12500;9637500;Si;SOCIEDAD  DE  INVERSIONES  VALENZUELA  SPA;SOCIEDAD  DE  INVERSIONES  VALENZUELA  SPA;77.212.675-1
2239-9-LR24;5802368;Convenio  Marco  para  la  adquisición  de  Alimentos  (Magento);3729-94-CM25;53183823;ADQUISICION  DE  CAJAS  DE  VIVERES  PARA  ADULTOS  MAYORES  DE  LA  COMUNA;2025-08-05;2025-07-08;2025-07-08;2025-07-23;Recepción  Conforme;77756;69.090.300-8;Secpla;I  MUNICIPALIDAD  DE  CHIMBARONGO;JAVIERA  CARRERA  511;Chimbarongo;I  MUNICIPALIDAD  DE  CHIMBARONGO;4239630;SOPA  NATUREZZA  POSTA  CON  CABELLOS  SOBRE  55  G  UNIDAD  VI  REGIÓN;SOPA;481;380;21;25000;9500000;Si;SOCIEDAD  DE  INVERSIONES  VALENZUELA  SPA;SOCIEDAD  DE  INVERSIONES  VALENZUELA  SPA;77.212.675-1
2239-9-LR24;5802368;Convenio  Marco  para  la  adquisición  de  Alimentos  (Magento);3729-94-CM25;53183823;ADQUISICION  DE  CAJAS  DE  VIVERES  PARA  ADULTOS  MAYORES  DE  LA  COMUNA;2025-08-05;2025-07-08;2025-07-08;2025-07-23;Recepción  Conforme;77756;69.090.300-8;Secpla;I  MUNICIPALIDAD  DE  CHIMBARONGO;JAVIERA  CARRERA  511;Chimbarongo;I  MUNICIPALIDAD  DE  CHIMBARONGO;4206633;POROTO  BLANCO  BOLSA  1  K  UNIDAD  VI  REGIÓN;POROTO;2103;1800;14;6250;11250000;No;DISTRIBUIDORA  ECOMARK  CORONEL  SPA;Ecomark;76.104.415-k
2239-9-LR24;5802368;Convenio  Marco  para  la  adquisición  de  Alimentos  (Magento);3729-94-CM25;53183823;ADQUISICION  DE  CAJAS  DE  VIVERES  PARA  ADULTOS  MAYORES  DE  LA  COMUNA;2025-08-05;2025-07-08;2025-07-08;2025-07-23;Recepción  Conforme;77756;69.090.300-8;Secpla;I  MUNICIPALIDAD  DE  CHIMBARONGO;JAVIERA  CARRERA  511;Chimbarongo;I  MUNICIPALIDAD  DE  CHIMBARONGO;4225333;JUREL  CONSERVA  AL  NATURAL  COLISEO  MEDALLON  TARRO  425  G  UNIDAD  VI  REGIÓN;JUREL  CONSERVA  AL  NATURAL;1358;1358;0;12500;16975000;No;MERCADOBOY  SPA;Mercadoboy;77.358.747-7
2239-9-LR24;5802368;Convenio  Marco  para  la  adquisición  de  Alimentos  (Magento);3729-94-CM25;53183823;ADQUISICION  DE  CAJAS  DE  VIVERES  PARA  ADULTOS  MAYORES  DE  LA  COMUNA;2025-08-05;2025-07-08;2025-07-08;2025-07-23;Recepción  Conforme;77756;69.090.300-8;Secpla;I  MUNICIPALIDAD  DE  CHIMBARONGO;JAVIERA  CARRERA  511;Chimbarongo;I  MUNICIPALIDAD  DE  CHIMBARONGO;4211648;JUREL  CONSERVA  AL  NATURAL  COLISEO  TARRO  425  G  UNIDAD  VI  REGIÓN;JUREL  CONSERVA  AL  NATURAL;1131;1051;7;12500;13137500;No;INVERSIONES  CHILE  LIMITADA;INVERSIONES  CHILE;77.795.374-5
2239-9-LR24;5802368;Convenio  Marco  para  la  adquisición  de  Alimentos  (Magento);3729-94-CM25;53183823;ADQUISICION  DE  CAJAS  DE  VIVERES  PARA  ADULTOS  MAYORES  DE  LA  COMUNA;2025-08-05;2025-07-08;2025-07-08;2025-07-23;Recepción  Conforme;77756;69.090.300-8;Secpla;I  MUNICIPALIDAD  DE  CHIMBARONGO;JAVIERA  CARRERA  511;Chimbarongo;I  MUNICIPALIDAD  DE  CHIMBARONGO;4227101;ACEITE  VEGETAL  COLISEO  BOTELLA  900  ML  UNIDAD  VI  REGIÓN;ACEITE  VEGETAL;1621;1475;9;12500;18437500;No;GRUPO  GMSE    NEGOCIOS  SPA;GMSE;77.512.806-2
2239-9-LR24;5802368;Convenio  Marco  para  la  adquisición  de  Alimentos  (Magento);3729-94-CM25;53183823;ADQUISICION  DE  CAJAS  DE  VIVERES  PARA  ADULTOS  MAYORES  DE  LA  COMUNA;2025-08-05;2025-07-08;2025-07-08;2025-07-23;Recepción  Conforme;77756;69.090.300-8;Secpla;I  MUNICIPALIDAD  DE  CHIMBARONGO;JAVIERA  CARRERA  511;Chimbarongo;I  MUNICIPALIDAD  DE  CHIMBARONGO;4217394;HARINA  SIN  POLVOS  COLISEO  BOLSA  1  K  UNIDAD  VI  REGIÓN;HARINA  SIN  POLVOS;852;852;0;6250;5325000;No;MERCADOBOY  SPA;Mercadoboy;77.358.747-7
2239-9-LR24;5802368;Convenio  Marco  para  la  adquisición  de  Alimentos  (Magento);3729-94-CM25;53183823;ADQUISICION  DE  CAJAS  DE  VIVERES  PARA  ADULTOS  MAYORES  DE  LA  COMUNA;2025-08-05;2025-07-08;2025-07-08;2025-07-23;Recepción  Conforme;77756;69.090.300-8;Secpla;I  MUNICIPALIDAD  DE  CHIMBARONGO;JAVIERA  CARRERA  511;Chimbarongo;I  MUNICIPALIDAD  DE  CHIMBARONGO;4230212;AZUCAR  SAN  ISIDRO  BLANCA  GRANULADA  BOLSA  1  K  UNIDAD  VI  REGIÓN;AZUCAR;1592;950;40;12500;11875000;No;COMERCIAL  EMERGENZA  SPA;SOLUCIONES  INTEGRALES  EMERGENZA  SPA;77.082.051-0
2239-9-LR24;5802368;Convenio  Marco  para  la  adquisición  de  Alimentos  (Magento);3729-94-CM25;53183823;ADQUISICION  DE  CAJAS  DE  VIVERES  PARA  ADULTOS  MAYORES  DE  LA  COMUNA;2025-08-05;2025-07-08;2025-07-08;2025-07-23;Recepción  Conforme;77756;69.090.300-8;Secpla;I  MUNICIPALIDAD  DE  CHIMBARONGO;JAVIERA  CARRERA  511;Chimbarongo;I  MUNICIPALIDAD  DE  CHIMBARONGO;4217377;ARROZ  COLISEO  GRADO  1  BOLSA  1  K  UNIDAD  VI  REGIÓN;ARROZ;1699;1019;40;18750;19106250;No;CV  TRADING  S.A.;CV  TRADING  S.A.;78.254.990-1
2239-9-LR24;5802368;Convenio  Marco  para  la  adquisición  de  Alimentos  (Magento);3729-94-CM25;53183823;ADQUISICION  DE  CAJAS  DE  VIVERES  PARA  ADULTOS  MAYORES  DE  LA  COMUNA;2025-08-05;2025-07-08;2025-07-08;2025-07-23;Recepción  Conforme;77756;69.090.300-8;Secpla;I  MUNICIPALIDAD  DE  CHIMBARONGO;JAVIERA  CARRERA  511;Chimbarongo;I  MUNICIPALIDAD  DE  CHIMBARONGO;4216425;TE  MISOL  NEGRO  ARGENTINA  CAJA  100  BOLSAS  UNIDAD  VI  REGIÓN;TE;2375;1904;20;6250;11900000;No;DISTRIBUIDORA  DEL  MAULE  LIMITADA;Dimal;77.784.560-8
2239-9-LR24;5802368;Convenio  Marco  para  la  adquisición  de  Alimentos  (Magento);3729-94-CM25;53183823;ADQUISICION  DE  CAJAS  DE  VIVERES  PARA  ADULTOS  MAYORES  DE  LA  COMUNA;2025-08-05;2025-07-08;2025-07-08;2025-07-23;Recepción  Conforme;77756;69.090.300-8;Secpla;I  MUNICIPALIDAD  DE  CHIMBARONGO;JAVIERA  CARRERA  511;Chimbarongo;I  MUNICIPALIDAD  DE  CHIMBARONGO;4219230;SOPA  MAGGI  POLLO  CON  FIDEOS  SOBRE  55  G  UNIDAD  VI  REGIÓN;SOPA;714;659;8;25000;16475000;No;INVERSIONES  CHILE  LIMITADA;INVERSIONES  CHILE;77.795.374-5
2239-9-LR24;5802368;Convenio  Marco  para  la  adquisición  de  Alimentos  (Magento);3729-94-CM25;53183823;ADQUISICION  DE  CAJAS  DE  VIVERES  PARA  ADULTOS  MAYORES  DE  LA  COMUNA;2025-08-05;2025-07-08;2025-07-08;2025-07-23;Recepción  Conforme;77756;69.090.300-8;Secpla;I  MUNICIPALIDAD  DE  CHIMBARONGO;JAVIERA  CARRERA  511;Chimbarongo;I  MUNICIPALIDAD  DE  CHIMBARONGO;4230212;AZUCAR  SAN  ISIDRO  BLANCA  GRANULADA  BOLSA  1  K  UNIDAD  VI  REGIÓN;AZUCAR;1267;1014;20;12500;12675000;No;ADM  SPA.;ADM  SPA.;77.909.208-9
2239-9-LR24;5802368;Convenio  Marco  para  la  adquisición  de  Alimentos  (Magento);3729-94-CM25;53183823;ADQUISICION  DE  CAJAS  DE  VIVERES  PARA  ADULTOS  MAYORES  DE  LA  COMUNA;2025-08-05;2025-07-08;2025-07-08;2025-07-23;Recepción  Conforme;77756;69.090.300-8;Secpla;I  MUNICIPALIDAD  DE  CHIMBARONGO;JAVIERA  CARRERA  511;Chimbarongo;I  MUNICIPALIDAD  DE  CHIMBARONGO;4217207;ACEITE  VEGETAL  BONANZA  BOTELLA  900  ML  UNIDAD  VI  REGIÓN;ACEITE  VEGETAL;1777;1575;11;12500;19687500;No;RAFAEL  CUMSILLE  Z  Y  CIA  LIMITADA;SUPERMERCADO  SAN  RAFAEL;86.559.100-4
2239-9-LR24;5802368;Convenio  Marco  para  la  adquisición  de  Alimentos  (Magento);3729-94-CM25;53183823;ADQUISICION  DE  CAJAS  DE  VIVERES  PARA  ADULTOS  MAYORES  DE  LA  COMUNA;2025-08-05;2025-07-08;2025-07-08;2025-07-23;Recepción  Conforme;77756;69.090.300-8;Secpla;I  MUNICIPALIDAD  DE  CHIMBARONGO;JAVIERA  CARRERA  511;Chimbarongo;I  MUNICIPALIDAD  DE  CHIMBARONGO;4231368;SALSA  DE  TOMATE  COLISEO  ITALIANA  DOYPACK  200  G  UNIDAD  VI  REGIÓN;SALSA  DE  TOMATE;305;290;5;25000;7250000;No;SOCIEDAD  COMERCIAL  MAULE  LIMITADA;SOCIEDAD  COMERCIAL  MAULE  LIMITADA;76.287.511-k
2239-9-LR24;5802368;Convenio  Marco  para  la  adquisición  de  Alimentos  (Magento);3729-94-CM25;53183823;ADQUISICION  DE  CAJAS  DE  VIVERES  PARA  ADULTOS  MAYORES  DE  LA  COMUNA;2025-08-05;2025-07-08;2025-07-08;2025-07-23;Recepción  Conforme;77756;69.090.300-8;Secpla;I  MUNICIPALIDAD  DE  CHIMBARONGO;JAVIERA  CARRERA  511;Chimbarongo;I  MUNICIPALIDAD  DE  CHIMBARONGO;4218788;SALSA  DE  TOMATE  MISOL  BOLSA  200  G  UNIDAD  VI  REGIÓN;SALSA  DE  TOMATE;336;250;26;25000;6250000;No;AGROINDUSTRIAS  DEL  SUR  SPA;Agroindustrias;76.359.833-0
2239-9-LR24;5802368;Convenio  Marco  para  la  adquisición  de  Alimentos  (Magento);3729-94-CM25;53183823;ADQUISICION  DE  CAJAS  DE  VIVERES  PARA  ADULTOS  MAYORES  DE  LA  COMUNA;2025-08-05;2025-07-08;2025-07-08;2025-07-23;Recepción  Conforme;77756;69.090.300-8;Secpla;I  MUNICIPALIDAD  DE  CHIMBARONGO;JAVIERA  CARRERA  511;Chimbarongo;I  MUNICIPALIDAD  DE  CHIMBARONGO;4223667;TE  MOKATE  NEGRO  CEYLAN  CAJA  100  BOLSAS  UNIDAD  VI  REGIÓN;TE;1464;1312;10;6250;8200000;Si;SOCIEDAD  DE  INVERSIONES  VALENZUELA  SPA;SOCIEDAD  DE  INVERSIONES  VALENZUELA  SPA;77.212.675-1
2239-9-LR24;5802368;Convenio  Marco  para  la  adquisición  de  Alimentos  (Magento);3729-94-CM25;53183823;ADQUISICION  DE  CAJAS  DE  VIVERES  PARA  ADULTOS  MAYORES  DE  LA  COMUNA;2025-08-05;2025-07-08;2025-07-08;2025-07-23;Recepción  Conforme;77756;69.090.300-8;Secpla;I  MUNICIPALIDAD  DE  CHIMBARONGO;JAVIERA  CARRERA  511;Chimbarongo;I  MUNICIPALIDAD  DE  CHIMBARONGO;4239630;SOPA  NATUREZZA  POSTA  CON  CABELLOS  SOBRE  55  G  UNIDAD  VI  REGIÓN;SOPA;476;430;10;25000;10750000;No;SOCIEDAD  COMERCIAL  MAULE  LIMITADA;SOCIEDAD  COMERCIAL  MAULE  LIMITADA;76.287.511-k
2239-9-LR24;5802368;Convenio  Marco  para  la  adquisición  de  Alimentos  (Magento);3729-94-CM25;53183823;ADQUISICION  DE  CAJAS  DE  VIVERES  PARA  ADULTOS  MAYORES  DE  LA  COMUNA;2025-08-05;2025-07-08;2025-07-08;2025-07-23;Recepción  Conforme;77756;69.090.300-8;Secpla;I  MUNICIPALIDAD  DE  CHIMBARONGO;JAVIERA  CARRERA  511;Chimbarongo;I  MUNICIPALIDAD  DE  CHIMBARONGO;4248283;HARINA  CON  POLVOS  HEREDIA  BOLSA  1  K  UNIDAD  VI  REGIÓN;HARINA  CON  POLVOS;1116;818;27;6250;5112500;No;AGROINDUSTRIAS  DEL  SUR  SPA;Agroindustrias;76.359.833-0
2239-9-LR24;5802368;Convenio  Marco  para  la  adquisición  de  Alimentos  (Magento);3729-94-CM25;53183823;ADQUISICION  DE  CAJAS  DE  VIVERES  PARA  ADULTOS  MAYORES  DE  LA  COMUNA;2025-08-05;2025-07-08;2025-07-08;2025-07-23;Recepción  Conforme;77756;69.090.300-8;Secpla;I  MUNICIPALIDAD  DE  CHIMBARONGO;JAVIERA  CARRERA  511;Chimbarongo;I  MUNICIPALIDAD  DE  CHIMBARONGO;4216425;TE  MISOL  NEGRO  ARGENTINA  CAJA  100  BOLSAS  UNIDAD  VI  REGIÓN;TE;2379;1190;50;6250;7437500;No;AGROINDUSTRIAS  DEL  SUR  SPA;Agroindustrias;76.359.833-0
2239-9-LR24;5802368;Convenio  Marco  para  la  adquisición  de  Alimentos  (Magento);3729-94-CM25;53183823;ADQUISICION  DE  CAJAS  DE  VIVERES  PARA  ADULTOS  MAYORES  DE  LA  COMUNA;2025-08-05;2025-07-08;2025-07-08;2025-07-23;Recepción  Conforme;77756;69.090.300-8;Secpla;I  MUNICIPALIDAD  DE  CHIMBARONGO;JAVIERA  CARRERA  511;Chimbarongo;I  MUNICIPALIDAD  DE  CHIMBARONGO;4247756;ACEITE  VEGETAL  SMARTPRICE  BOTELLA  900  ML  UNIDAD  VI  REGIÓN;ACEITE  VEGETAL;1844;1666;10;12500;20825000;No;DISTRIBUIDORA  DEL  MAULE  LIMITADA;Dimal;77.784.560-8
2239-9-LR24;5802368;Convenio  Marco  para  la  adquisición  de  Alimentos  (Magento);3729-94-CM25;53183823;ADQUISICION  DE  CAJAS  DE  VIVERES  PARA  ADULTOS  MAYORES  DE  LA  COMUNA;2025-08-05;2025-07-08;2025-07-08;2025-07-23;Recepción  Conforme;77756;69.090.300-8;Secpla;I  MUNICIPALIDAD  DE  CHIMBARONGO;JAVIERA  CARRERA  511;Chimbarongo;I  MUNICIPALIDAD  DE  CHIMBARONGO;4211648;JUREL  CONSERVA  AL  NATURAL  COLISEO  TARRO  425  G  UNIDAD  VI  REGIÓN;JUREL  CONSERVA  AL  NATURAL;1370;877;36;12500;10962500;No;CV  TRADING  S.A.;CV  TRADING  S.A.;78.254.990-1
2239-9-LR24;5802368;Convenio  Marco  para  la  adquisición  de  Alimentos  (Magento);3729-94-CM25;53183823;ADQUISICION  DE  CAJAS  DE  VIVERES  PARA  ADULTOS  MAYORES  DE  LA  COMUNA;2025-08-05;2025-07-08;2025-07-08;2025-07-23;Recepción  Conforme;77756;69.090.300-8;Secpla;I  MUNICIPALIDAD  DE  CHIMBARONGO;JAVIERA  CARRERA  511;Chimbarongo;I  MUNICIPALIDAD  DE  CHIMBARONGO;4253009;HARINA  CON  POLVOS  YANINE  BOLSA  1  K  UNIDAD  VI  REGIÓN;HARINA  CON  POLVOS;981;884;10;6250;5525000;No;ADM  SPA.;ADM  SPA.;77.909.208-9
2239-9-LR24;5802368;Convenio  Marco  para  la  adquisición  de  Alimentos  (Magento);3729-94-CM25;53183823;ADQUISICION  DE  CAJAS  DE  VIVERES  PARA  ADULTOS  MAYORES  DE  LA  COMUNA;2025-08-05;2025-07-08;2025-07-08;2025-07-23;Recepción  Conforme;77756;69.090.300-8;Secpla;I  MUNICIPALIDAD  DE  CHIMBARONGO;JAVIERA  CARRERA  511;Chimbarongo;I  MUNICIPALIDAD  DE  CHIMBARONGO;4223769;TE  DORASOL  NEGRO  CEYLAN  CAJA  100  BOLSAS  UNIDAD  VI  REGIÓN;TE;1690;1690;0;6250;10562500;No;MERCADOBOY  SPA;Mercadoboy;77.358.747-7
2239-9-LR24;5802368;Convenio  Marco  para  la  adquisición  de  Alimentos  (Magento);3729-94-CM25;53183823;ADQUISICION  DE  CAJAS  DE  VIVERES  PARA  ADULTOS  MAYORES  DE  LA  COMUNA;2025-08-05;2025-07-08;2025-07-08;2025-07-23;Recepción  Conforme;77756;69.090.300-8;Secpla;I  MUNICIPALIDAD  DE  CHIMBARONGO;JAVIERA  CARRERA  511;Chimbarongo;I  MUNICIPALIDAD  DE  CHIMBARONGO;4242639;LEVADURA  SAF-INSTANT  SECA  CAJA  500  G  UNIDAD  VI  REGIÓN;LEVADURA;3539;3539;0;6250;22118750;No;MERCADOBOY  SPA;Mercadoboy;77.358.747-7
2239-9-LR24;5802368;Convenio  Marco  para  la  adquisición  de  Alimentos  (Magento);3729-94-CM25;53183823;ADQUISICION  DE  CAJAS  DE  VIVERES  PARA  ADULTOS  MAYORES  DE  LA  COMUNA;2025-08-05;2025-07-08;2025-07-08;2025-07-23;Recepción  Conforme;77756;69.090.300-8;Secpla;I  MUNICIPALIDAD  DE  CHIMBARONGO;JAVIERA  CARRERA  511;Chimbarongo;I  MUNICIPALIDAD  DE  CHIMBARONGO;4219587;AZUCAR  MISOL  BLANCA  GRANULADA  BOLSA  1  K  UNIDAD  VI  REGIÓN;AZUCAR;1407;920;35;12500;11500000;No;SERVICIOS  INTEGRADOS  SIDAPT  LIMITADA;SERVICIOS  INTEGRADOS  SIDAPT  LIMITADA;76.299.358-9
2239-9-LR24;5802368;Convenio  Marco  para  la  adquisición  de  Alimentos  (Magento);3729-94-CM25;53183823;ADQUISICION  DE  CAJAS  DE  VIVERES  PARA  ADULTOS  MAYORES  DE  LA  COMUNA;2025-08-05;2025-07-08;2025-07-08;2025-07-23;Recepción  Conforme;77756;69.090.300-8;Secpla;I  MUNICIPALIDAD  DE  CHIMBARONGO;JAVIERA  CARRERA  511;Chimbarongo;I  MUNICIPALIDAD  DE  CHIMBARONGO;4230212;AZUCAR  SAN  ISIDRO  BLANCA  GRANULADA  BOLSA  1  K  UNIDAD  VI  REGIÓN;AZUCAR;1560;900;42;12500;11250000;No;DISTRIBUIDORA  ECOMARK  CORONEL  SPA;Ecomark;76.104.415-k
2239-9-LR24;5802368;Convenio  Marco  para  la  adquisición  de  Alimentos  (Magento);3729-94-CM25;53183823;ADQUISICION  DE  CAJAS  DE  VIVERES  PARA  ADULTOS  MAYORES  DE  LA  COMUNA;2025-08-05;2025-07-08;2025-07-08;2025-07-23;Recepción  Conforme;77756;69.090.300-8;Secpla;I  MUNICIPALIDAD  DE  CHIMBARONGO;JAVIERA  CARRERA  511;Chimbarongo;I  MUNICIPALIDAD  DE  CHIMBARONGO;4231368;SALSA  DE  TOMATE  COLISEO  ITALIANA  DOYPACK  200  G  UNIDAD  VI  REGIÓN;SALSA  DE  TOMATE;295;266;10;25000;6650000;No;GRUPO  GMSE    NEGOCIOS  SPA;GMSE;77.512.806-2
2239-9-LR24;5802368;Convenio  Marco  para  la  adquisición  de  Alimentos  (Magento);3729-94-CM25;53183823;ADQUISICION  DE  CAJAS  DE  VIVERES  PARA  ADULTOS  MAYORES  DE  LA  COMUNA;2025-08-05;2025-07-08;2025-07-08;2025-07-23;Recepción  Conforme;77756;69.090.300-8;Secpla;I  MUNICIPALIDAD  DE  CHIMBARONGO;JAVIERA  CARRERA  511;Chimbarongo;I  MUNICIPALIDAD  DE  CHIMBARONGO;4231368;SALSA  DE  TOMATE  COLISEO  ITALIANA  DOYPACK  200  G  UNIDAD  VI  REGIÓN;SALSA  DE  TOMATE;298;1073;-260;25000;26825000;No;COMERCIAL  EDA  SPA;MERCADO  EDA  SPA;76.691.662-7
2239-9-LR24;5802368;Convenio  Marco  para  la  adquisición  de  Alimentos  (Magento);3729-94-CM25;53183823;ADQUISICION  DE  CAJAS  DE  VIVERES  PARA  ADULTOS  MAYORES  DE  LA  COMUNA;2025-08-05;2025-07-08;2025-07-08;2025-07-23;Recepción  Conforme;77756;69.090.300-8;Secpla;I  MUNICIPALIDAD  DE  CHIMBARONGO;JAVIERA  CARRERA  511;Chimbarongo;I  MUNICIPALIDAD  DE  CHIMBARONGO;4218788;SALSA  DE  TOMATE  MISOL  BOLSA  200  G  UNIDAD  VI  REGIÓN;SALSA  DE  TOMATE;338;320;5;25000;8000000;No;DISTRIBUIDORA  ECOMARK  CORONEL  SPA;Ecomark;76.104.415-k
2239-9-LR24;5802368;Convenio  Marco  para  la  adquisición  de  Alimentos  (Magento);3729-94-CM25;53183823;ADQUISICION  DE  CAJAS  DE  VIVERES  PARA  ADULTOS  MAYORES  DE  LA  COMUNA;2025-08-05;2025-07-08;2025-07-08;2025-07-23;Recepción  Conforme;77756;69.090.300-8;Secpla;I  MUNICIPALIDAD  DE  CHIMBARONGO;JAVIERA  CARRERA  511;Chimbarongo;I  MUNICIPALIDAD  DE  CHIMBARONGO;4239630;SOPA  NATUREZZA  POSTA  CON  CABELLOS  SOBRE  55  G  UNIDAD  VI  REGIÓN;SOPA;806;393;51;25000;9825000;No;AGROINDUSTRIAS  DEL  SUR  SPA;Agroindustrias;76.359.833-0
2239-9-LR24;5802368;Convenio  Marco  para  la  adquisición  de  Alimentos  (Magento);3729-94-CM25;53183823;ADQUISICION  DE  CAJAS  DE  VIVERES  PARA  ADULTOS  MAYORES  DE  LA  COMUNA;2025-08-05;2025-07-08;2025-07-08;2025-07-23;Recepción  Conforme;77756;69.090.300-8;Secpla;I  MUNICIPALIDAD  DE  CHIMBARONGO;JAVIERA  CARRERA  511;Chimbarongo;I  MUNICIPALIDAD  DE  CHIMBARONGO;4223837;AZUCAR  COLISEO  BLANCA  GRANULADA  BOLSA  1  K  UNIDAD  VI  REGIÓN;AZUCAR;1248;1248;0;12500;15600000;No;SOCIEDAD  COMERCIAL  DLM  SPA;SOCIEDAD  COMERCIAL  DLM  SPA;77.346.435-9
2239-9-LR24;5802368;Convenio  Marco  para  la  adquisición  de  Alimentos  (Magento);3729-94-CM25;53183823;ADQUISICION  DE  CAJAS  DE  VIVERES  PARA  ADULTOS  MAYORES  DE  LA  COMUNA;2025-08-05;2025-07-08;2025-07-08;2025-07-23;Recepción  Conforme;77756;69.090.300-8;Secpla;I  MUNICIPALIDAD  DE  CHIMBARONGO;JAVIERA  CARRERA  511;Chimbarongo;I  MUNICIPALIDAD  DE  CHIMBARONGO;4232626;ESPIRALES  MISOL  BOLSA  400  G  UNIDAD  VI  REGIÓN;ESPIRALES;855;714;16;12500;8925000;No;DISTRIBUIDORA  DEL  MAULE  LIMITADA;Dimal;77.784.560-8
2239-9-LR24;5802368;Convenio  Marco  para  la  adquisición  de  Alimentos  (Magento);3729-94-CM25;53183823;ADQUISICION  DE  CAJAS  DE  VIVERES  PARA  ADULTOS  MAYORES  DE  LA  COMUNA;2025-08-05;2025-07-08;2025-07-08;2025-07-23;Recepción  Conforme;77756;69.090.300-8;Secpla;I  MUNICIPALIDAD  DE  CHIMBARONGO;JAVIERA  CARRERA  511;Chimbarongo;I  MUNICIPALIDAD  DE  CHIMBARONGO;4258279;LEVADURA  FORTALEZA  SECA  CAJA  500  G  UNIDAD  VI  REGIÓN;LEVADURA;2788;2750;1;6250;17187500;No;INVERSIONES  CHILE  LIMITADA;INVERSIONES  CHILE;77.795.374-5
2239-9-LR24;5802368;Convenio  Marco  para  la  adquisición  de  Alimentos  (Magento);3729-94-CM25;53183823;ADQUISICION  DE  CAJAS  DE  VIVERES  PARA  ADULTOS  MAYORES  DE  LA  COMUNA;2025-08-05;2025-07-08;2025-07-08;2025-07-23;Recepción  Conforme;77756;69.090.300-8;Secpla;I  MUNICIPALIDAD  DE  CHIMBARONGO;JAVIERA  CARRERA  511;Chimbarongo;I  MUNICIPALIDAD  DE  CHIMBARONGO;4253009;HARINA  CON  POLVOS  YANINE  BOLSA  1  K  UNIDAD  VI  REGIÓN;HARINA  CON  POLVOS;982;854;13;6250;5337500;No;DISTRIBUIDORA  Y  COMERCIALIZADORA  SANTA  ELIANA  SPA;DISTRIBUIDORA  Y  COMERCIALIZADORA  SANTA  ELIANA  SPA;77.544.929-2
2239-9-LR24;5802368;Convenio  Marco  para  la  adquisición  de  Alimentos  (Magento);3729-94-CM25;53183823;ADQUISICION  DE  CAJAS  DE  VIVERES  PARA  ADULTOS  MAYORES  DE  LA  COMUNA;2025-08-05;2025-07-08;2025-07-08;2025-07-23;Recepción  Conforme;77756;69.090.300-8;Secpla;I  MUNICIPALIDAD  DE  CHIMBARONGO;JAVIERA  CARRERA  511;Chimbarongo;I  MUNICIPALIDAD  DE  CHIMBARONGO;4217394;HARINA  SIN  POLVOS  COLISEO  BOLSA  1  K  UNIDAD  VI  REGIÓN;HARINA  SIN  POLVOS;843;843;0;6250;5268750;No;INVERSIONES  CHILE  LIMITADA;INVERSIONES  CHILE;77.795.374-5
2239-9-LR24;5802368;Convenio  Marco  para  la  adquisición  de  Alimentos  (Magento);3729-94-CM25;53183823;ADQUISICION  DE  CAJAS  DE  VIVERES  PARA  ADULTOS  MAYORES  DE  LA  COMUNA;2025-08-05;2025-07-08;2025-07-08;2025-07-23;Recepción  Conforme;77756;69.090.300-8;Secpla;I  MUNICIPALIDAD  DE  CHIMBARONGO;JAVIERA  CARRERA  511;Chimbarongo;I  MUNICIPALIDAD  DE  CHIMBARONGO;4321953;CAJA  DE  ALIMENTOS  REGIÓN  VI;CAJA  DE  ALIMENTOS;1200;300;75;6250;1875000;No;COMERCIAL  EMERGENZA  SPA;SOLUCIONES  INTEGRALES  EMERGENZA  SPA;77.082.051-0
2239-9-LR24;5802368;Convenio  Marco  para  la  adquisición  de  Alimentos  (Magento);3729-94-CM25;53183823;ADQUISICION  DE  CAJAS  DE  VIVERES  PARA  ADULTOS  MAYORES  DE  LA  COMUNA;2025-08-05;2025-07-08;2025-07-08;2025-07-23;Recepción  Conforme;77756;69.090.300-8;Secpla;I  MUNICIPALIDAD  DE  CHIMBARONGO;JAVIERA  CARRERA  511;Chimbarongo;I  MUNICIPALIDAD  DE  CHIMBARONGO;4215983;ESPIRALES  DON  GIUSEPPE  BOLSA  400  G  UNIDAD  VI  REGIÓN;ESPIRALES;577;464;20;12500;5800000;Si;SOCIEDAD  DE  INVERSIONES  VALENZUELA  SPA;SOCIEDAD  DE  INVERSIONES  VALENZUELA  SPA;77.212.675-1
2239-9-LR24;5802368;Convenio  Marco  para  la  adquisición  de  Alimentos  (Magento);3729-94-CM25;53183823;ADQUISICION  DE  CAJAS  DE  VIVERES  PARA  ADULTOS  MAYORES  DE  LA  COMUNA;2025-08-05;2025-07-08;2025-07-08;2025-07-23;Recepción  Conforme;77756;69.090.300-8;Secpla;I  MUNICIPALIDAD  DE  CHIMBARONGO;JAVIERA  CARRERA  511;Chimbarongo;I  MUNICIPALIDAD  DE  CHIMBARONGO;4254267;SPAGHETTI  DORASOL  N°5  BOLSA  400  G  UNIDAD  VI  REGIÓN;SPAGHETTI;770;616;20;12500;7700000;No;ADM  SPA.;ADM  SPA.;77.909.208-9
2239-9-LR24;5802368;Convenio  Marco  para  la  adquisición  de  Alimentos  (Magento);3729-94-CM25;53183823;ADQUISICION  DE  CAJAS  DE  VIVERES  PARA  ADULTOS  MAYORES  DE  LA  COMUNA;2025-08-05;2025-07-08;2025-07-08;2025-07-23;Recepción  Conforme;77756;69.090.300-8;Secpla;I  MUNICIPALIDAD  DE  CHIMBARONGO;JAVIERA  CARRERA  511;Chimbarongo;I  MUNICIPALIDAD  DE  CHIMBARONGO;4231368;SALSA  DE  TOMATE  COLISEO  ITALIANA  DOYPACK  200  G  UNIDAD  VI  REGIÓN;SALSA  DE  TOMATE;297;238;20;25000;5950000;No;DISTRIBUIDORA  DEL  MAULE  LIMITADA;Dimal;77.784.560-8
2239-9-LR24;5802368;Convenio  Marco  para  la  adquisición  de  Alimentos  (Magento);3729-94-CM25;53183823;ADQUISICION  DE  CAJAS  DE  VIVERES  PARA  ADULTOS  MAYORES  DE  LA  COMUNA;2025-08-05;2025-07-08;2025-07-08;2025-07-23;Recepción  Conforme;77756;69.090.300-8;Secpla;I  MUNICIPALIDAD  DE  CHIMBARONGO;JAVIERA  CARRERA  511;Chimbarongo;I  MUNICIPALIDAD  DE  CHIMBARONGO;4247756;ACEITE  VEGETAL  SMARTPRICE  BOTELLA  900  ML  UNIDAD  VI  REGIÓN;ACEITE  VEGETAL;1863;1450;22;12500;18125000;No;DISTRIBUIDORA  ECOMARK  CORONEL  SPA;Ecomark;76.104.415-k
2239-9-LR24;5802368;Convenio  Marco  para  la  adquisición  de  Alimentos  (Magento);3729-94-CM25;53183823;ADQUISICION  DE  CAJAS  DE  VIVERES  PARA  ADULTOS  MAYORES  DE  LA  COMUNA;2025-08-05;2025-07-08;2025-07-08;2025-07-23;Recepción  Conforme;77756;69.090.300-8;Secpla;I  MUNICIPALIDAD  DE  CHIMBARONGO;JAVIERA  CARRERA  511;Chimbarongo;I  MUNICIPALIDAD  DE  CHIMBARONGO;4253009;HARINA  CON  POLVOS  YANINE  BOLSA  1  K  UNIDAD  VI  REGIÓN;HARINA  CON  POLVOS;981;940;4;6250;5875000;No;CV  TRADING  S.A.;CV  TRADING  S.A.;78.254.990-1
2239-9-LR24;5802368;Convenio  Marco  para  la  adquisición  de  Alimentos  (Magento);3729-94-CM25;53183823;ADQUISICION  DE  CAJAS  DE  VIVERES  PARA  ADULTOS  MAYORES  DE  LA  COMUNA;2025-08-05;2025-07-08;2025-07-08;2025-07-23;Recepción  Conforme;77756;69.090.300-8;Secpla;I  MUNICIPALIDAD  DE  CHIMBARONGO;JAVIERA  CARRERA  511;Chimbarongo;I  MUNICIPALIDAD  DE  CHIMBARONGO;4239630;SOPA  NATUREZZA  POSTA  CON  CABELLOS  SOBRE  55  G  UNIDAD  VI  REGIÓN;SOPA;475;400;16;25000;10000000;No;DISTRIBUIDORA  ECOMARK  CORONEL  SPA;Ecomark;76.104.415-k
2239-9-LR24;5802368;Convenio  Marco  para  la  adquisición  de  Alimentos  (Magento);3729-94-CM25;53183823;ADQUISICION  DE  CAJAS  DE  VIVERES  PARA  ADULTOS  MAYORES  DE  LA  COMUNA;2025-08-05;2025-07-08;2025-07-08;2025-07-23;Recepción  Conforme;77756;69.090.300-8;Secpla;I  MUNICIPALIDAD  DE  CHIMBARONGO;JAVIERA  CARRERA  511;Chimbarongo;I  MUNICIPALIDAD  DE  CHIMBARONGO;4231368;SALSA  DE  TOMATE  COLISEO  ITALIANA  DOYPACK  200  G  UNIDAD  VI  REGIÓN;SALSA  DE  TOMATE;296;257;13;25000;6425000;No;DISTRIBUIDORA  Y  COMERCIALIZADORA  SANTA  ELIANA  SPA;DISTRIBUIDORA  Y  COMERCIALIZADORA  SANTA  ELIANA  SPA;77.544.929-2
2239-9-LR24;5802368;Convenio  Marco  para  la  adquisición  de  Alimentos  (Magento);3729-94-CM25;53183823;ADQUISICION  DE  CAJAS  DE  VIVERES  PARA  ADULTOS  MAYORES  DE  LA  COMUNA;2025-08-05;2025-07-08;2025-07-08;2025-07-23;Recepción  Conforme;77756;69.090.300-8;Secpla;I  MUNICIPALIDAD  DE  CHIMBARONGO;JAVIERA  CARRERA  511;Chimbarongo;I  MUNICIPALIDAD  DE  CHIMBARONGO;4252686;ARROZ  MONARCA  GRADO  1  BOLSA  1  K  UNIDAD  VI  REGIÓN;ARROZ;2050;2050;0;18750;38437500;No;MERCADOBOY  SPA;Mercadoboy;77.358.747-7
2239-9-LR24;5802368;Convenio  Marco  para  la  adquisición  de  Alimentos  (Magento);3729-94-CM25;53183823;ADQUISICION  DE  CAJAS  DE  VIVERES  PARA  ADULTOS  MAYORES  DE  LA  COMUNA;2025-08-05;2025-07-08;2025-07-08;2025-07-23;Recepción  Conforme;77756;69.090.300-8;Secpla;I  MUNICIPALIDAD  DE  CHIMBARONGO;JAVIERA  CARRERA  511;Chimbarongo;I  MUNICIPALIDAD  DE  CHIMBARONGO;4227101;ACEITE  VEGETAL  COLISEO  BOTELLA  900  ML  UNIDAD  VI  REGIÓN;ACEITE  VEGETAL;1643;1560;5;12500;19500000;No;SOCIEDAD  COMERCIAL  MAULE  LIMITADA;SOCIEDAD  COMERCIAL  MAULE  LIMITADA;76.287.511-k
2239-9-LR24;5802368;Convenio  Marco  para  la  adquisición  de  Alimentos  (Magento);3729-94-CM25;53183823;ADQUISICION  DE  CAJAS  DE  VIVERES  PARA  ADULTOS  MAYORES  DE  LA  COMUNA;2025-08-05;2025-07-08;2025-07-08;2025-07-23;Recepción  Conforme;77756;69.090.300-8;Secpla;I  MUNICIPALIDAD  DE  CHIMBARONGO;JAVIERA  CARRERA  511;Chimbarongo;I  MUNICIPALIDAD  DE  CHIMBARONGO;4247756;ACEITE  VEGETAL  SMARTPRICE  BOTELLA  900  ML  UNIDAD  VI  REGIÓN;ACEITE  VEGETAL;1846;1846;0;12500;23075000;No;MERCADOBOY  SPA;Mercadoboy;77.358.747-7
2239-9-LR24;5802368;Convenio  Marco  para  la  adquisición  de  Alimentos  (Magento);3729-94-CM25;53183823;ADQUISICION  DE  CAJAS  DE  VIVERES  PARA  ADULTOS  MAYORES  DE  LA  COMUNA;2025-08-05;2025-07-08;2025-07-08;2025-07-23;Recepción  Conforme;77756;69.090.300-8;Secpla;I  MUNICIPALIDAD  DE  CHIMBARONGO;JAVIERA  CARRERA  511;Chimbarongo;I  MUNICIPALIDAD  DE  CHIMBARONGO;4231368;SALSA  DE  TOMATE  COLISEO  ITALIANA  DOYPACK  200  G  UNIDAD  VI  REGIÓN;SALSA  DE  TOMATE;400;215;46;25000;5375000;No;CV  TRADING  S.A.;CV  TRADING  S.A.;78.254.990-1
2239-9-LR24;5802368;Convenio  Marco  para  la  adquisición  de  Alimentos  (Magento);3729-94-CM25;53183823;ADQUISICION  DE  CAJAS  DE  VIVERES  PARA  ADULTOS  MAYORES  DE  LA  COMUNA;2025-08-05;2025-07-08;2025-07-08;2025-07-23;Recepción  Conforme;77756;69.090.300-8;Secpla;I  MUNICIPALIDAD  DE  CHIMBARONGO;JAVIERA  CARRERA  511;Chimbarongo;I  MUNICIPALIDAD  DE  CHIMBARONGO;4232626;ESPIRALES  MISOL  BOLSA  400  G  UNIDAD  VI  REGIÓN;ESPIRALES;863;450;48;12500;5625000;No;DISTRIBUIDORA  ECOMARK  CORONEL  SPA;Ecomark;76.104.415-k
2239-9-LR24;5802368;Convenio  Marco  para  la  adquisición  de  Alimentos  (Magento);3729-94-CM25;53183823;ADQUISICION  DE  CAJAS  DE  VIVERES  PARA  ADULTOS  MAYORES  DE  LA  COMUNA;2025-08-05;2025-07-08;2025-07-08;2025-07-23;Recepción  Conforme;77756;69.090.300-8;Secpla;I  MUNICIPALIDAD  DE  CHIMBARONGO;JAVIERA  CARRERA  511;Chimbarongo;I  MUNICIPALIDAD  DE  CHIMBARONGO;4258279;LEVADURA  FORTALEZA  SECA  CAJA  500  G  UNIDAD  VI  REGIÓN;LEVADURA;2791;2180;22;6250;13625000;Si;SOCIEDAD  DE  INVERSIONES  VALENZUELA  SPA;SOCIEDAD  DE  INVERSIONES  VALENZUELA  SPA;77.212.675-1
2239-9-LR24;5802368;Convenio  Marco  para  la  adquisición  de  Alimentos  (Magento);3729-94-CM25;53183823;ADQUISICION  DE  CAJAS  DE  VIVERES  PARA  ADULTOS  MAYORES  DE  LA  COMUNA;2025-08-05;2025-07-08;2025-07-08;2025-07-23;Recepción  Conforme;77756;69.090.300-8;Secpla;I  MUNICIPALIDAD  DE  CHIMBARONGO;JAVIERA  CARRERA  511;Chimbarongo;I  MUNICIPALIDAD  DE  CHIMBARONGO;4253009;HARINA  CON  POLVOS  YANINE  BOLSA  1  K  UNIDAD  VI  REGIÓN;HARINA  CON  POLVOS;988;920;7;6250;5750000;No;SOCIEDAD  COMERCIAL  MAULE  LIMITADA;SOCIEDAD  COMERCIAL  MAULE  LIMITADA;76.287.511-k
2239-9-LR24;5802368;Convenio  Marco  para  la  adquisición  de  Alimentos  (Magento);3729-94-CM25;53183823;ADQUISICION  DE  CAJAS  DE  VIVERES  PARA  ADULTOS  MAYORES  DE  LA  COMUNA;2025-08-05;2025-07-08;2025-07-08;2025-07-23;Recepción  Conforme;77756;69.090.300-8;Secpla;I  MUNICIPALIDAD  DE  CHIMBARONGO;JAVIERA  CARRERA  511;Chimbarongo;I  MUNICIPALIDAD  DE  CHIMBARONGO;4231368;SALSA  DE  TOMATE  COLISEO  ITALIANA  DOYPACK  200  G  UNIDAD  VI  REGIÓN;SALSA  DE  TOMATE;298;266;11;25000;6650000;No;INVERSIONES  CHILE  LIMITADA;INVERSIONES  CHILE;77.795.374-5
2239-9-LR24;5802368;Convenio  Marco  para  la  adquisición  de  Alimentos  (Magento);3729-94-CM25;53183823;ADQUISICION  DE  CAJAS  DE  VIVERES  PARA  ADULTOS  MAYORES  DE  LA  COMUNA;2025-08-05;2025-07-08;2025-07-08;2025-07-23;Recepción  Conforme;77756;69.090.300-8;Secpla;I  MUNICIPALIDAD  DE  CHIMBARONGO;JAVIERA  CARRERA  511;Chimbarongo;I  MUNICIPALIDAD  DE  CHIMBARONGO;4253009;HARINA  CON  POLVOS  YANINE  BOLSA  1  K  UNIDAD  VI  REGIÓN;HARINA  CON  POLVOS;1120;900;20;6250;5625000;No;SERVICIOS  INTEGRADOS  SIDAPT  LIMITADA;SERVICIOS  INTEGRADOS  SIDAPT  LIMITADA;76.299.358-9
2239-9-LR24;5802368;Convenio  Marco  para  la  adquisición  de  Alimentos  (Magento);3729-94-CM25;53183823;ADQUISICION  DE  CAJAS  DE  VIVERES  PARA  ADULTOS  MAYORES  DE  LA  COMUNA;2025-08-05;2025-07-08;2025-07-08;2025-07-23;Recepción  Conforme;77756;69.090.300-8;Secpla;I  MUNICIPALIDAD  DE  CHIMBARONGO;JAVIERA  CARRERA  511;Chimbarongo;I  MUNICIPALIDAD  DE  CHIMBARONGO;4216425;TE  MISOL  NEGRO  ARGENTINA  CAJA  100  BOLSAS  UNIDAD  VI  REGIÓN;TE;2374;1599;33;6250;9993750;No;SOCIEDAD  COMERCIAL  MAULE  LIMITADA;SOCIEDAD  COMERCIAL  MAULE  LIMITADA;76.287.511-k
2239-9-LR24;5802368;Convenio  Marco  para  la  adquisición  de  Alimentos  (Magento);3729-94-CM25;53183823;ADQUISICION  DE  CAJAS  DE  VIVERES  PARA  ADULTOS  MAYORES  DE  LA  COMUNA;2025-08-05;2025-07-08;2025-07-08;2025-07-23;Recepción  Conforme;77756;69.090.300-8;Secpla;I  MUNICIPALIDAD  DE  CHIMBARONGO;JAVIERA  CARRERA  511;Chimbarongo;I  MUNICIPALIDAD  DE  CHIMBARONGO;4254267;SPAGHETTI  DORASOL  N°5  BOLSA  400  G  UNIDAD  VI  REGIÓN;SPAGHETTI;784;407;48;12500;5087500;No;CV  TRADING  S.A.;CV  TRADING  S.A.;78.254.990-1
2239-9-LR24;5802368;Convenio  Marco  para  la  adquisición  de  Alimentos  (Magento);3729-94-CM25;53183823;ADQUISICION  DE  CAJAS  DE  VIVERES  PARA  ADULTOS  MAYORES  DE  LA  COMUNA;2025-08-05;2025-07-08;2025-07-08;2025-07-23;Recepción  Conforme;77756;69.090.300-8;Secpla;I  MUNICIPALIDAD  DE  CHIMBARONGO;JAVIERA  CARRERA  511;Chimbarongo;I  MUNICIPALIDAD  DE  CHIMBARONGO;4239630;SOPA  NATUREZZA  POSTA  CON  CABELLOS  SOBRE  55  G  UNIDAD  VI  REGIÓN;SOPA;470;438;7;25000;10950000;No;GRUPO  GMSE    NEGOCIOS  SPA;GMSE;77.512.806-2
2239-9-LR24;5802368;Convenio  Marco  para  la  adquisición  de  Alimentos  (Magento);3729-94-CM25;53183823;ADQUISICION  DE  CAJAS  DE  VIVERES  PARA  ADULTOS  MAYORES  DE  LA  COMUNA;2025-08-05;2025-07-08;2025-07-08;2025-07-23;Recepción  Conforme;77756;69.090.300-8;Secpla;I  MUNICIPALIDAD  DE  CHIMBARONGO;JAVIERA  CARRERA  511;Chimbarongo;I  MUNICIPALIDAD  DE  CHIMBARONGO;4253009;HARINA  CON  POLVOS  YANINE  BOLSA  1  K  UNIDAD  VI  REGIÓN;HARINA  CON  POLVOS;979;979;0;6250;6118750;No;RAFAEL  CUMSILLE  Z  Y  CIA  LIMITADA;SUPERMERCADO  SAN  RAFAEL;86.559.100-4
2239-9-LR24;5802368;Convenio  Marco  para  la  adquisición  de  Alimentos  (Magento);3729-94-CM25;53183823;ADQUISICION  DE  CAJAS  DE  VIVERES  PARA  ADULTOS  MAYORES  DE  LA  COMUNA;2025-08-05;2025-07-08;2025-07-08;2025-07-23;Recepción  Conforme;77756;69.090.300-8;Secpla;I  MUNICIPALIDAD  DE  CHIMBARONGO;JAVIERA  CARRERA  511;Chimbarongo;I  MUNICIPALIDAD  DE  CHIMBARONGO;4253077;HARINA  CON  POLVOS  LINDEROS  BOLSA  1  K  UNIDAD  VI  REGIÓN;HARINA  CON  POLVOS;896;940;-5;6250;5875000;No;CV  TRADING  S.A.;CV  TRADING  S.A.;78.254.990-1
2239-9-LR24;5802368;Convenio  Marco  para  la  adquisición  de  Alimentos  (Magento);3729-94-CM25;53183823;ADQUISICION  DE  CAJAS  DE  VIVERES  PARA  ADULTOS  MAYORES  DE  LA  COMUNA;2025-08-05;2025-07-08;2025-07-08;2025-07-23;Recepción  Conforme;77756;69.090.300-8;Secpla;I  MUNICIPALIDAD  DE  CHIMBARONGO;JAVIERA  CARRERA  511;Chimbarongo;I  MUNICIPALIDAD  DE  CHIMBARONGO;4254301;ESPIRALES  DORASOL  BOLSA  400  G  UNIDAD  VI  REGIÓN;ESPIRALES;849;514;39;12500;6425000;No;INVERSIONES  CHILE  LIMITADA;INVERSIONES  CHILE;77.795.374-5
2239-9-LR24;5802368;Convenio  Marco  para  la  adquisición  de  Alimentos  (Magento);3729-94-CM25;53183823;ADQUISICION  DE  CAJAS  DE  VIVERES  PARA  ADULTOS  MAYORES  DE  LA  COMUNA;2025-08-05;2025-07-08;2025-07-08;2025-07-23;Recepción  Conforme;77756;69.090.300-8;Secpla;I  MUNICIPALIDAD  DE  CHIMBARONGO;JAVIERA  CARRERA  511;Chimbarongo;I  MUNICIPALIDAD  DE  CHIMBARONGO;4239630;SOPA  NATUREZZA  POSTA  CON  CABELLOS  SOBRE  55  G  UNIDAD  VI  REGIÓN;SOPA;473;424;10;25000;10600000;No;CV  TRADING  S.A.;CV  TRADING  S.A.;78.254.990-1
2239-9-LR24;5802368;Convenio  Marco  para  la  adquisición  de  Alimentos  (Magento);3729-94-CM25;53183823;ADQUISICION  DE  CAJAS  DE  VIVERES  PARA  ADULTOS  MAYORES  DE  LA  COMUNA;2025-08-05;2025-07-08;2025-07-08;2025-07-23;Recepción  Conforme;77756;69.090.300-8;Secpla;I  MUNICIPALIDAD  DE  CHIMBARONGO;JAVIERA  CARRERA  511;Chimbarongo;I  MUNICIPALIDAD  DE  CHIMBARONGO;4256783;HARINA  SIN  POLVOS  HEREDIA  BOLSA  1  K  UNIDAD  VI  REGIÓN;HARINA  SIN  POLVOS;1106;810;27;6250;5062500;No;COMERCIAL  EMERGENZA  SPA;SOLUCIONES  INTEGRALES  EMERGENZA  SPA;77.082.051-0
2239-9-LR24;5802368;Convenio  Marco  para  la  adquisición  de  Alimentos  (Magento);3729-94-CM25;53183823;ADQUISICION  DE  CAJAS  DE  VIVERES  PARA  ADULTOS  MAYORES  DE  LA  COMUNA;2025-08-05;2025-07-08;2025-07-08;2025-07-23;Recepción  Conforme;77756;69.090.300-8;Secpla;I  MUNICIPALIDAD  DE  CHIMBARONGO;JAVIERA  CARRERA  511;Chimbarongo;I  MUNICIPALIDAD  DE  CHIMBARONGO;4239630;SOPA  NATUREZZA  POSTA  CON  CABELLOS  SOBRE  55  G  UNIDAD  VI  REGIÓN;SOPA;474;1073;-126;25000;26825000;No;COMERCIAL  EDA  SPA;MERCADO  EDA  SPA;76.691.662-7
2239-9-LR24;5802368;Convenio  Marco  para  la  adquisición  de  Alimentos  (Magento);3729-94-CM25;53183823;ADQUISICION  DE  CAJAS  DE  VIVERES  PARA  ADULTOS  MAYORES  DE  LA  COMUNA;2025-08-05;2025-07-08;2025-07-08;2025-07-23;Recepción  Conforme;77756;69.090.300-8;Secpla;I  MUNICIPALIDAD  DE  CHIMBARONGO;JAVIERA  CARRERA  511;Chimbarongo;I  MUNICIPALIDAD  DE  CHIMBARONGO;4321643;JUREL  CONSERVA  AL  NATURAL  DEYCO  TARRO  425  G  UNIDAD  VI  REGIÓN;JUREL  CONSERVA  AL  NATURAL;1327;1095;17;12500;13687500;No;AGROINDUSTRIAS  DEL  SUR  SPA;Agroindustrias;76.359.833-0
2239-9-LR24;5802368;Convenio  Marco  para  la  adquisición  de  Alimentos  (Magento);3729-94-CM25;53183823;ADQUISICION  DE  CAJAS  DE  VIVERES  PARA  ADULTOS  MAYORES  DE  LA  COMUNA;2025-08-05;2025-07-08;2025-07-08;2025-07-23;Recepción  Conforme;77756;69.090.300-8;Secpla;I  MUNICIPALIDAD  DE  CHIMBARONGO;JAVIERA  CARRERA  511;Chimbarongo;I  MUNICIPALIDAD  DE  CHIMBARONGO;4239630;SOPA  NATUREZZA  POSTA  CON  CABELLOS  SOBRE  55  G  UNIDAD  VI  REGIÓN;SOPA;474;405;15;25000;10125000;No;DISTRIBUIDORA  Y  COMERCIALIZADORA  SANTA  ELIANA  SPA;DISTRIBUIDORA  Y  COMERCIALIZADORA  SANTA  ELIANA  SPA;77.544.929-2
2239-9-LR24;5802368;Convenio  Marco  para  la  adquisición  de  Alimentos  (Magento);3729-94-CM25;53183823;ADQUISICION  DE  CAJAS  DE  VIVERES  PARA  ADULTOS  MAYORES  DE  LA  COMUNA;2025-08-05;2025-07-08;2025-07-08;2025-07-23;Recepción  Conforme;77756;69.090.300-8;Secpla;I  MUNICIPALIDAD  DE  CHIMBARONGO;JAVIERA  CARRERA  511;Chimbarongo;I  MUNICIPALIDAD  DE  CHIMBARONGO;4248283;HARINA  CON  POLVOS  HEREDIA  BOLSA  1  K  UNIDAD  VI  REGIÓN;HARINA  CON  POLVOS;1238;810;35;6250;5062500;No;COMERCIAL  EMERGENZA  SPA;SOLUCIONES  INTEGRALES  EMERGENZA  SPA;77.082.051-0
2239-9-LR24;5802368;Convenio  Marco  para  la  adquisición  de  Alimentos  (Magento);3729-94-CM25;53183823;ADQUISICION  DE  CAJAS  DE  VIVERES  PARA  ADULTOS  MAYORES  DE  LA  COMUNA;2025-08-05;2025-07-08;2025-07-08;2025-07-23;Recepción  Conforme;77756;69.090.300-8;Secpla;I  MUNICIPALIDAD  DE  CHIMBARONGO;JAVIERA  CARRERA  511;Chimbarongo;I  MUNICIPALIDAD  DE  CHIMBARONGO;4258279;LEVADURA  FORTALEZA  SECA  CAJA  500  G  UNIDAD  VI  REGIÓN;LEVADURA;2793;2148;23;6250;13425000;No;ADM  SPA.;ADM  SPA.;77.909.208-9
2239-9-LR24;5802368;Convenio  Marco  para  la  adquisición  de  Alimentos  (Magento);3729-94-CM25;53183823;ADQUISICION  DE  CAJAS  DE  VIVERES  PARA  ADULTOS  MAYORES  DE  LA  COMUNA;2025-08-05;2025-07-08;2025-07-08;2025-07-23;Recepción  Conforme;77756;69.090.300-8;Secpla;I  MUNICIPALIDAD  DE  CHIMBARONGO;JAVIERA  CARRERA  511;Chimbarongo;I  MUNICIPALIDAD  DE  CHIMBARONGO;4254267;SPAGHETTI  DORASOL  N°5  BOLSA  400  G  UNIDAD  VI  REGIÓN;SPAGHETTI;785;785;0;12500;9812500;No;MERCADOBOY  SPA;Mercadoboy;77.358.747-7
2239-9-LR24;5802368;Convenio  Marco  para  la  adquisición  de  Alimentos  (Magento);3729-94-CM25;53183823;ADQUISICION  DE  CAJAS  DE  VIVERES  PARA  ADULTOS  MAYORES  DE  LA  COMUNA;2025-08-05;2025-07-08;2025-07-08;2025-07-23;Recepción  Conforme;77756;69.090.300-8;Secpla;I  MUNICIPALIDAD  DE  CHIMBARONGO;JAVIERA  CARRERA  511;Chimbarongo;I  MUNICIPALIDAD  DE  CHIMBARONGO;4231368;SALSA  DE  TOMATE  COLISEO  ITALIANA  DOYPACK  200  G  UNIDAD  VI  REGIÓN;SALSA  DE  TOMATE;303;303;0;25000;7575000;No;MERCADOBOY  SPA;Mercadoboy;77.358.747-7
2239-9-LR24;5802368;Convenio  Marco  para  la  adquisición  de  Alimentos  (Magento);3729-94-CM25;53183823;ADQUISICION  DE  CAJAS  DE  VIVERES  PARA  ADULTOS  MAYORES  DE  LA  COMUNA;2025-08-05;2025-07-08;2025-07-08;2025-07-23;Recepción  Conforme;77756;69.090.300-8;Secpla;I  MUNICIPALIDAD  DE  CHIMBARONGO;JAVIERA  CARRERA  511;Chimbarongo;I  MUNICIPALIDAD  DE  CHIMBARONGO;4258279;LEVADURA  FORTALEZA  SECA  CAJA  500  G  UNIDAD  VI  REGIÓN;LEVADURA;2787;2065;26;6250;12906250;No;GRUPO  GMSE    NEGOCIOS  SPA;GMSE;77.512.806-2
2239-9-LR24;5802368;Convenio  Marco  para  la  adquisición  de  Alimentos  (Magento);3729-94-CM25;53183823;ADQUISICION  DE  CAJAS  DE  VIVERES  PARA  ADULTOS  MAYORES  DE  LA  COMUNA;2025-08-05;2025-07-08;2025-07-08;2025-07-23;Recepción  Conforme;77756;69.090.300-8;Secpla;I  MUNICIPALIDAD  DE  CHIMBARONGO;JAVIERA  CARRERA  511;Chimbarongo;I  MUNICIPALIDAD  DE  CHIMBARONGO;4218754;TE  MILDRED  NEGRO  CEYLAN  CAJA  100  BOLSAS  UNIDAD  VI  REGIÓN;TE;2681;2681;0;6250;16756250;No;SOCIEDAD  COMERCIAL  DLM  SPA;SOCIEDAD  COMERCIAL  DLM  SPA;77.346.435-9
2239-9-LR24;5802368;Convenio  Marco  para  la  adquisición  de  Alimentos  (Magento);3729-94-CM25;53183823;ADQUISICION  DE  CAJAS  DE  VIVERES  PARA  ADULTOS  MAYORES  DE  LA  COMUNA;2025-08-05;2025-07-08;2025-07-08;2025-07-23;Recepción  Conforme;77756;69.090.300-8;Secpla;I  MUNICIPALIDAD  DE  CHIMBARONGO;JAVIERA  CARRERA  511;Chimbarongo;I  MUNICIPALIDAD  DE  CHIMBARONGO;4257548;JUREL  CONSERVA  AL  NATURAL  ECOMARK  TARRO  425  G  UNIDAD  VI  REGIÓN;JUREL  CONSERVA  AL  NATURAL;950;900;5;12500;11250000;No;DISTRIBUIDORA  ECOMARK  CORONEL  SPA;Ecomark;76.104.415-k
2239-9-LR24;5802368;Convenio  Marco  para  la  adquisición  de  Alimentos  (Magento);3729-94-CM25;53183823;ADQUISICION  DE  CAJAS  DE  VIVERES  PARA  ADULTOS  MAYORES  DE  LA  COMUNA;2025-08-05;2025-07-08;2025-07-08;2025-07-23;Recepción  Conforme;77756;69.090.300-8;Secpla;I  MUNICIPALIDAD  DE  CHIMBARONGO;JAVIERA  CARRERA  511;Chimbarongo;I  MUNICIPALIDAD  DE  CHIMBARONGO;4253009;HARINA  CON  POLVOS  YANINE  BOLSA  1  K  UNIDAD  VI  REGIÓN;HARINA  CON  POLVOS;978;830;15;6250;5187500;No;GRUPO  GMSE    NEGOCIOS  SPA;GMSE;77.512.806-2
2239-9-LR24;5802368;Convenio  Marco  para  la  adquisición  de  Alimentos  (Magento);3729-94-CM25;53183823;ADQUISICION  DE  CAJAS  DE  VIVERES  PARA  ADULTOS  MAYORES  DE  LA  COMUNA;2025-08-05;2025-07-08;2025-07-08;2025-07-23;Recepción  Conforme;77756;69.090.300-8;Secpla;I  MUNICIPALIDAD  DE  CHIMBARONGO;JAVIERA  CARRERA  511;Chimbarongo;I  MUNICIPALIDAD  DE  CHIMBARONGO;4254267;SPAGHETTI  DORASOL  N°5  BOLSA  400  G  UNIDAD  VI  REGIÓN;SPAGHETTI;768;496;35;12500;6200000;No;GRUPO  GMSE    NEGOCIOS  SPA;GMSE;77.512.806-2
2239-9-LR24;5802368;Convenio  Marco  para  la  adquisición  de  Alimentos  (Magento);3729-94-CM25;53183823;ADQUISICION  DE  CAJAS  DE  VIVERES  PARA  ADULTOS  MAYORES  DE  LA  COMUNA;2025-08-05;2025-07-08;2025-07-08;2025-07-23;Recepción  Conforme;77756;69.090.300-8;Secpla;I  MUNICIPALIDAD  DE  CHIMBARONGO;JAVIERA  CARRERA  511;Chimbarongo;I  MUNICIPALIDAD  DE  CHIMBARONGO;4254301;ESPIRALES  DORASOL  BOLSA  400  G  UNIDAD  VI  REGIÓN;ESPIRALES;845;407;52;12500;5087500;No;CV  TRADING  S.A.;CV  TRADING  S.A.;78.254.990-1
2239-9-LR24;5802368;Convenio  Marco  para  la  adquisición  de  Alimentos  (Magento);3729-94-CM25;53183823;ADQUISICION  DE  CAJAS  DE  VIVERES  PARA  ADULTOS  MAYORES  DE  LA  COMUNA;2025-08-05;2025-07-08;2025-07-08;2025-07-23;Recepción  Conforme;77756;69.090.300-8;Secpla;I  MUNICIPALIDAD  DE  CHIMBARONGO;JAVIERA  CARRERA  511;Chimbarongo;I  MUNICIPALIDAD  DE  CHIMBARONGO;4321953;CAJA  DE  ALIMENTOS  REGIÓN  VI;CAJA  DE  ALIMENTOS;1200;642;46;6250;4012500;No;AGROINDUSTRIAS  DEL  SUR  SPA;Agroindustrias;76.359.833-0
2239-9-LR24;5802368;Convenio  Marco  para  la  adquisición  de  Alimentos  (Magento);3729-94-CM25;53183823;ADQUISICION  DE  CAJAS  DE  VIVERES  PARA  ADULTOS  MAYORES  DE  LA  COMUNA;2025-08-05;2025-07-08;2025-07-08;2025-07-23;Recepción  Conforme;77756;69.090.300-8;Secpla;I  MUNICIPALIDAD  DE  CHIMBARONGO;JAVIERA  CARRERA  511;Chimbarongo;I  MUNICIPALIDAD  DE  CHIMBARONGO;4248572;SOPA  LUCCHETTI  POSTA  CON  CABELLOS  SOBRE  55  G  UNIDAD  VI  REGIÓN;SOPA;544;544;0;25000;13600000;No;SOCIEDAD  COMERCIAL  DLM  SPA;SOCIEDAD  COMERCIAL  DLM  SPA;77.346.435-9
2239-9-LR24;5802368;Convenio  Marco  para  la  adquisición  de  Alimentos  (Magento);3729-94-CM25;53183823;ADQUISICION  DE  CAJAS  DE  VIVERES  PARA  ADULTOS  MAYORES  DE  LA  COMUNA;2025-08-05;2025-07-08;2025-07-08;2025-07-23;Recepción  Conforme;77756;69.090.300-8;Secpla;I  MUNICIPALIDAD  DE  CHIMBARONGO;JAVIERA  CARRERA  511;Chimbarongo;I  MUNICIPALIDAD  DE  CHIMBARONGO;4267204;HARINA  SIN  POLVOS  YANINE  BOLSA  1  K  UNIDAD  VI  REGIÓN;HARINA  SIN  POLVOS;979;979;0;6250;6118750;No;RAFAEL  CUMSILLE  Z  Y  CIA  LIMITADA;SUPERMERCADO  SAN  RAFAEL;86.559.100-4
2239-9-LR24;5802368;Convenio  Marco  para  la  adquisición  de  Alimentos  (Magento);3729-94-CM25;53183823;ADQUISICION  DE  CAJAS  DE  VIVERES  PARA  ADULTOS  MAYORES  DE  LA  COMUNA;2025-08-05;2025-07-08;2025-07-08;2025-07-23;Recepción  Conforme;77756;69.090.300-8;Secpla;I  MUNICIPALIDAD  DE  CHIMBARONGO;JAVIERA  CARRERA  511;Chimbarongo;I  MUNICIPALIDAD  DE  CHIMBARONGO;4239630;SOPA  NATUREZZA  POSTA  CON  CABELLOS  SOBRE  55  G  UNIDAD  VI  REGIÓN;SOPA;490;340;31;25000;8500000;No;RAFAEL  CUMSILLE  Z  Y  CIA  LIMITADA;SUPERMERCADO  SAN  RAFAEL;86.559.100-4
2239-9-LR24;5802368;Convenio  Marco  para  la  adquisición  de  Alimentos  (Magento);3729-94-CM25;53183823;ADQUISICION  DE  CAJAS  DE  VIVERES  PARA  ADULTOS  MAYORES  DE  LA  COMUNA;2025-08-05;2025-07-08;2025-07-08;2025-07-23;Recepción  Conforme;77756;69.090.300-8;Secpla;I  MUNICIPALIDAD  DE  CHIMBARONGO;JAVIERA  CARRERA  511;Chimbarongo;I  MUNICIPALIDAD  DE  CHIMBARONGO;4321953;CAJA  DE  ALIMENTOS  REGIÓN  VI;CAJA  DE  ALIMENTOS;1200;952;21;6250;5950000;No;DISTRIBUIDORA  DEL  MAULE  LIMITADA;Dimal;77.784.560-8
2239-9-LR24;5802368;Convenio  Marco  para  la  adquisición  de  Alimentos  (Magento);3729-94-CM25;53183823;ADQUISICION  DE  CAJAS  DE  VIVERES  PARA  ADULTOS  MAYORES  DE  LA  COMUNA;2025-08-05;2025-07-08;2025-07-08;2025-07-23;Recepción  Conforme;77756;69.090.300-8;Secpla;I  MUNICIPALIDAD  DE  CHIMBARONGO;JAVIERA  CARRERA  511;Chimbarongo;I  MUNICIPALIDAD  DE  CHIMBARONGO;4239630;SOPA  NATUREZZA  POSTA  CON  CABELLOS  SOBRE  55  G  UNIDAD  VI  REGIÓN;SOPA;477;357;25;25000;8925000;No;DISTRIBUIDORA  DEL  MAULE  LIMITADA;Dimal;77.784.560-8
2239-9-LR24;5802368;Convenio  Marco  para  la  adquisición  de  Alimentos  (Magento);3729-94-CM25;53183823;ADQUISICION  DE  CAJAS  DE  VIVERES  PARA  ADULTOS  MAYORES  DE  LA  COMUNA;2025-08-05;2025-07-08;2025-07-08;2025-07-23;Recepción  Conforme;77756;69.090.300-8;Secpla;I  MUNICIPALIDAD  DE  CHIMBARONGO;JAVIERA  CARRERA  511;Chimbarongo;I  MUNICIPALIDAD  DE  CHIMBARONGO;4254301;ESPIRALES  DORASOL  BOLSA  400  G  UNIDAD  VI  REGIÓN;ESPIRALES;847;502;41;12500;6275000;No;ADM  SPA.;ADM  SPA.;77.909.208-9
2239-9-LR24;5802368;Convenio  Marco  para  la  adquisición  de  Alimentos  (Magento);3729-94-CM25;53183823;ADQUISICION  DE  CAJAS  DE  VIVERES  PARA  ADULTOS  MAYORES  DE  LA  COMUNA;2025-08-05;2025-07-08;2025-07-08;2025-07-23;Recepción  Conforme;77756;69.090.300-8;Secpla;I  MUNICIPALIDAD  DE  CHIMBARONGO;JAVIERA  CARRERA  511;Chimbarongo;I  MUNICIPALIDAD  DE  CHIMBARONGO;4267204;HARINA  SIN  POLVOS  YANINE  BOLSA  1  K  UNIDAD  VI  REGIÓN;HARINA  SIN  POLVOS;980;879;10;6250;5493750;No;SERVICIOS  INTEGRADOS  SIDAPT  LIMITADA;SERVICIOS  INTEGRADOS  SIDAPT  LIMITADA;76.299.358-9
2239-9-LR24;5802368;Convenio  Marco  para  la  adquisición  de  Alimentos  (Magento);3729-94-CM25;53183823;ADQUISICION  DE  CAJAS  DE  VIVERES  PARA  ADULTOS  MAYORES  DE  LA  COMUNA;2025-08-05;2025-07-08;2025-07-08;2025-07-23;Recepción  Conforme;77756;69.090.300-8;Secpla;I  MUNICIPALIDAD  DE  CHIMBARONGO;JAVIERA  CARRERA  511;Chimbarongo;I  MUNICIPALIDAD  DE  CHIMBARONGO;4254301;ESPIRALES  DORASOL  BOLSA  400  G  UNIDAD  VI  REGIÓN;ESPIRALES;849;1073;-26;12500;13412500;No;COMERCIAL  EDA  SPA;MERCADO  EDA  SPA;76.691.662-7
2239-9-LR24;5802368;Convenio  Marco  para  la  adquisición  de  Alimentos  (Magento);3729-94-CM25;53183823;ADQUISICION  DE  CAJAS  DE  VIVERES  PARA  ADULTOS  MAYORES  DE  LA  COMUNA;2025-08-05;2025-07-08;2025-07-08;2025-07-23;Recepción  Conforme;77756;69.090.300-8;Secpla;I  MUNICIPALIDAD  DE  CHIMBARONGO;JAVIERA  CARRERA  511;Chimbarongo;I  MUNICIPALIDAD  DE  CHIMBARONGO;4248283;HARINA  CON  POLVOS  HEREDIA  BOLSA  1  K  UNIDAD  VI  REGIÓN;HARINA  CON  POLVOS;1106;952;14;6250;5950000;No;DISTRIBUIDORA  DEL  MAULE  LIMITADA;Dimal;77.784.560-8
2239-9-LR24;5802368;Convenio  Marco  para  la  adquisición  de  Alimentos  (Magento);3729-94-CM25;53183823;ADQUISICION  DE  CAJAS  DE  VIVERES  PARA  ADULTOS  MAYORES  DE  LA  COMUNA;2025-08-05;2025-07-08;2025-07-08;2025-07-23;Recepción  Conforme;77756;69.090.300-8;Secpla;I  MUNICIPALIDAD  DE  CHIMBARONGO;JAVIERA  CARRERA  511;Chimbarongo;I  MUNICIPALIDAD  DE  CHIMBARONGO;4321953;CAJA  DE  ALIMENTOS  REGIÓN  VI;CAJA  DE  ALIMENTOS;1200;1200;0;6250;7500000;No;INVERSIONES  CHILE  LIMITADA;INVERSIONES  CHILE;77.795.374-5
2239-9-LR24;5802368;Convenio  Marco  para  la  adquisición  de  Alimentos  (Magento);3729-94-CM25;53183823;ADQUISICION  DE  CAJAS  DE  VIVERES  PARA  ADULTOS  MAYORES  DE  LA  COMUNA;2025-08-05;2025-07-08;2025-07-08;2025-07-23;Recepción  Conforme;77756;69.090.300-8;Secpla;I  MUNICIPALIDAD  DE  CHIMBARONGO;JAVIERA  CARRERA  511;Chimbarongo;I  MUNICIPALIDAD  DE  CHIMBARONGO;4223837;AZUCAR  COLISEO  BLANCA  GRANULADA  BOLSA  1  K  UNIDAD  VI  REGIÓN;AZUCAR;1235;980;21;12500;12250000;No;INVERSIONES  CHILE  LIMITADA;INVERSIONES  CHILE;77.795.374-5
2239-9-LR24;5802368;Convenio  Marco  para  la  adquisición  de  Alimentos  (Magento);3729-94-CM25;53183823;ADQUISICION  DE  CAJAS  DE  VIVERES  PARA  ADULTOS  MAYORES  DE  LA  COMUNA;2025-08-05;2025-07-08;2025-07-08;2025-07-23;Recepción  Conforme;77756;69.090.300-8;Secpla;I  MUNICIPALIDAD  DE  CHIMBARONGO;JAVIERA  CARRERA  511;Chimbarongo;I  MUNICIPALIDAD  DE  CHIMBARONGO;4258279;LEVADURA  FORTALEZA  SECA  CAJA  500  G  UNIDAD  VI  REGIÓN;LEVADURA;2792;2350;16;6250;14687500;No;DISTRIBUIDORA  ECOMARK  CORONEL  SPA;Ecomark;76.104.415-k
2239-9-LR24;5802368;Convenio  Marco  para  la  adquisición  de  Alimentos  (Magento);3729-94-CM25;53183823;ADQUISICION  DE  CAJAS  DE  VIVERES  PARA  ADULTOS  MAYORES  DE  LA  COMUNA;2025-08-05;2025-07-08;2025-07-08;2025-07-23;Recepción  Conforme;77756;69.090.300-8;Secpla;I  MUNICIPALIDAD  DE  CHIMBARONGO;JAVIERA  CARRERA  511;Chimbarongo;I  MUNICIPALIDAD  DE  CHIMBARONGO;4256239;HARINA  CON  POLVOS  COLISEO  BOLSA  1  K  UNIDAD  VI  REGIÓN;HARINA  CON  POLVOS;1117;901;19;6250;5631250;No;INVERSIONES  CHILE  LIMITADA;INVERSIONES  CHILE;77.795.374-5
2239-9-LR24;5802368;Convenio  Marco  para  la  adquisición  de  Alimentos  (Magento);3729-94-CM25;53183823;ADQUISICION  DE  CAJAS  DE  VIVERES  PARA  ADULTOS  MAYORES  DE  LA  COMUNA;2025-08-05;2025-07-08;2025-07-08;2025-07-23;Recepción  Conforme;77756;69.090.300-8;Secpla;I  MUNICIPALIDAD  DE  CHIMBARONGO;JAVIERA  CARRERA  511;Chimbarongo;I  MUNICIPALIDAD  DE  CHIMBARONGO;4254267;SPAGHETTI  DORASOL  N°5  BOLSA  400  G  UNIDAD  VI  REGIÓN;SPAGHETTI;772;1073;-39;12500;13412500;No;COMERCIAL  EDA  SPA;MERCADO  EDA  SPA;76.691.662-7
2239-9-LR24;5802368;Convenio  Marco  para  la  adquisición  de  Alimentos  (Magento);3729-94-CM25;53183823;ADQUISICION  DE  CAJAS  DE  VIVERES  PARA  ADULTOS  MAYORES  DE  LA  COMUNA;2025-08-05;2025-07-08;2025-07-08;2025-07-23;Recepción  Conforme;77756;69.090.300-8;Secpla;I  MUNICIPALIDAD  DE  CHIMBARONGO;JAVIERA  CARRERA  511;Chimbarongo;I  MUNICIPALIDAD  DE  CHIMBARONGO;4267204;HARINA  SIN  POLVOS  YANINE  BOLSA  1  K  UNIDAD  VI  REGIÓN;HARINA  SIN  POLVOS;991;757;24;6250;4731250;Si;SOCIEDAD  DE  INVERSIONES  VALENZUELA  SPA;SOCIEDAD  DE  INVERSIONES  VALENZUELA  SPA;77.212.675-1
2239-9-LR24;5802368;Convenio  Marco  para  la  adquisición  de  Alimentos  (Magento);3729-94-CM25;53183823;ADQUISICION  DE  CAJAS  DE  VIVERES  PARA  ADULTOS  MAYORES  DE  LA  COMUNA;2025-08-05;2025-07-08;2025-07-08;2025-07-23;Recepción  Conforme;77756;69.090.300-8;Secpla;I  MUNICIPALIDAD  DE  CHIMBARONGO;JAVIERA  CARRERA  511;Chimbarongo;I  MUNICIPALIDAD  DE  CHIMBARONGO;4256783;HARINA  SIN  POLVOS  HEREDIA  BOLSA  1  K  UNIDAD  VI  REGIÓN;HARINA  SIN  POLVOS;1113;952;14;6250;5950000;No;DISTRIBUIDORA  DEL  MAULE  LIMITADA;Dimal;77.784.560-8
2239-9-LR24;5802368;Convenio  Marco  para  la  adquisición  de  Alimentos  (Magento);3729-94-CM25;53183823;ADQUISICION  DE  CAJAS  DE  VIVERES  PARA  ADULTOS  MAYORES  DE  LA  COMUNA;2025-08-05;2025-07-08;2025-07-08;2025-07-23;Recepción  Conforme;77756;69.090.300-8;Secpla;I  MUNICIPALIDAD  DE  CHIMBARONGO;JAVIERA  CARRERA  511;Chimbarongo;I  MUNICIPALIDAD  DE  CHIMBARONGO;4254267;SPAGHETTI  DORASOL  N°5  BOLSA  400  G  UNIDAD  VI  REGIÓN;SPAGHETTI;775;498;36;12500;6225000;No;INVERSIONES  CHILE  LIMITADA;INVERSIONES  CHILE;77.795.374-5
2239-9-LR24;5802368;Convenio  Marco  para  la  adquisición  de  Alimentos  (Magento);3729-94-CM25;53183823;ADQUISICION  DE  CAJAS  DE  VIVERES  PARA  ADULTOS  MAYORES  DE  LA  COMUNA;2025-08-05;2025-07-08;2025-07-08;2025-07-23;Recepción  Conforme;77756;69.090.300-8;Secpla;I  MUNICIPALIDAD  DE  CHIMBARONGO;JAVIERA  CARRERA  511;Chimbarongo;I  MUNICIPALIDAD  DE  CHIMBARONGO;4254301;ESPIRALES  DORASOL  BOLSA  400  G  UNIDAD  VI  REGIÓN;ESPIRALES;847;706;17;12500;8825000;No;DISTRIBUIDORA  Y  COMERCIALIZADORA  SANTA  ELIANA  SPA;DISTRIBUIDORA  Y  COMERCIALIZADORA  SANTA  ELIANA  SPA;77.544.929-2
2239-9-LR24;5802368;Convenio  Marco  para  la  adquisición  de  Alimentos  (Magento);3729-94-CM25;53183823;ADQUISICION  DE  CAJAS  DE  VIVERES  PARA  ADULTOS  MAYORES  DE  LA  COMUNA;2025-08-05;2025-07-08;2025-07-08;2025-07-23;Recepción  Conforme;77756;69.090.300-8;Secpla;I  MUNICIPALIDAD  DE  CHIMBARONGO;JAVIERA  CARRERA  511;Chimbarongo;I  MUNICIPALIDAD  DE  CHIMBARONGO;4254267;SPAGHETTI  DORASOL  N°5  BOLSA  400  G  UNIDAD  VI  REGIÓN;SPAGHETTI;769;714;7;12500;8925000;No;DISTRIBUIDORA  DEL  MAULE  LIMITADA;Dimal;77.784.560-8
2239-9-LR24;5802368;Convenio  Marco  para  la  adquisición  de  Alimentos  (Magento);3729-94-CM25;53183823;ADQUISICION  DE  CAJAS  DE  VIVERES  PARA  ADULTOS  MAYORES  DE  LA  COMUNA;2025-08-05;2025-07-08;2025-07-08;2025-07-23;Recepción  Conforme;77756;69.090.300-8;Secpla;I  MUNICIPALIDAD  DE  CHIMBARONGO;JAVIERA  CARRERA  511;Chimbarongo;I  MUNICIPALIDAD  DE  CHIMBARONGO;4267204;HARINA  SIN  POLVOS  YANINE  BOLSA  1  K  UNIDAD  VI  REGIÓN;HARINA  SIN  POLVOS;981;920;6;6250;5750000;No;SOCIEDAD  COMERCIAL  MAULE  LIMITADA;SOCIEDAD  COMERCIAL  MAULE  LIMITADA;76.287.511-k
2239-9-LR24;5802368;Convenio  Marco  para  la  adquisición  de  Alimentos  (Magento);3729-94-CM25;53183823;ADQUISICION  DE  CAJAS  DE  VIVERES  PARA  ADULTOS  MAYORES  DE  LA  COMUNA;2025-08-05;2025-07-08;2025-07-08;2025-07-23;Recepción  Conforme;77756;69.090.300-8;Secpla;I  MUNICIPALIDAD  DE  CHIMBARONGO;JAVIERA  CARRERA  511;Chimbarongo;I  MUNICIPALIDAD  DE  CHIMBARONGO;4239630;SOPA  NATUREZZA  POSTA  CON  CABELLOS  SOBRE  55  G  UNIDAD  VI  REGIÓN;SOPA;483;450;7;25000;11250000;No;SERVICIOS  INTEGRADOS  SIDAPT  LIMITADA;SERVICIOS  INTEGRADOS  SIDAPT  LIMITADA;76.299.358-9
2239-9-LR24;5802368;Convenio  Marco  para  la  adquisición  de  Alimentos  (Magento);3729-94-CM25;53183823;ADQUISICION  DE  CAJAS  DE  VIVERES  PARA  ADULTOS  MAYORES  DE  LA  COMUNA;2025-08-05;2025-07-08;2025-07-08;2025-07-23;Recepción  Conforme;77756;69.090.300-8;Secpla;I  MUNICIPALIDAD  DE  CHIMBARONGO;JAVIERA  CARRERA  511;Chimbarongo;I  MUNICIPALIDAD  DE  CHIMBARONGO;4258279;LEVADURA  FORTALEZA  SECA  CAJA  500  G  UNIDAD  VI  REGIÓN;LEVADURA;2789;3056;-10;6250;19100000;No;CV  TRADING  S.A.;CV  TRADING  S.A.;78.254.990-1
2239-9-LR24;5802368;Convenio  Marco  para  la  adquisición  de  Alimentos  (Magento);3729-94-CM25;53183823;ADQUISICION  DE  CAJAS  DE  VIVERES  PARA  ADULTOS  MAYORES  DE  LA  COMUNA;2025-08-05;2025-07-08;2025-07-08;2025-07-23;Recepción  Conforme;77756;69.090.300-8;Secpla;I  MUNICIPALIDAD  DE  CHIMBARONGO;JAVIERA  CARRERA  511;Chimbarongo;I  MUNICIPALIDAD  DE  CHIMBARONGO;4321405;AZUCAR  IANSA  BLANCA  GRANULADA  BOLSA  1  K  UNIDAD  VI  REGIÓN;AZUCAR;1563;1563;0;12500;19537500;No;MERCADOBOY  SPA;Mercadoboy;77.358.747-7
2239-9-LR24;5802368;Convenio  Marco  para  la  adquisición  de  Alimentos  (Magento);3729-94-CM25;53183823;ADQUISICION  DE  CAJAS  DE  VIVERES  PARA  ADULTOS  MAYORES  DE  LA  COMUNA;2025-08-05;2025-07-08;2025-07-08;2025-07-23;Recepción  Conforme;77756;69.090.300-8;Secpla;I  MUNICIPALIDAD  DE  CHIMBARONGO;JAVIERA  CARRERA  511;Chimbarongo;I  MUNICIPALIDAD  DE  CHIMBARONGO;4256783;HARINA  SIN  POLVOS  HEREDIA  BOLSA  1  K  UNIDAD  VI  REGIÓN;HARINA  SIN  POLVOS;1116;818;27;6250;5112500;No;AGROINDUSTRIAS  DEL  SUR  SPA;Agroindustrias;76.359.833-0
2239-9-LR24;5802368;Convenio  Marco  para  la  adquisición  de  Alimentos  (Magento);3729-94-CM25;53183823;ADQUISICION  DE  CAJAS  DE  VIVERES  PARA  ADULTOS  MAYORES  DE  LA  COMUNA;2025-08-05;2025-07-08;2025-07-08;2025-07-23;Recepción  Conforme;77756;69.090.300-8;Secpla;I  MUNICIPALIDAD  DE  CHIMBARONGO;JAVIERA  CARRERA  511;Chimbarongo;I  MUNICIPALIDAD  DE  CHIMBARONGO;4248283;HARINA  CON  POLVOS  HEREDIA  BOLSA  1  K  UNIDAD  VI  REGIÓN;HARINA  CON  POLVOS;1107;765;31;6250;4781250;Si;SOCIEDAD  DE  INVERSIONES  VALENZUELA  SPA;SOCIEDAD  DE  INVERSIONES  VALENZUELA  SPA;77.212.675-1
2239-9-LR24;5802368;Convenio  Marco  para  la  adquisición  de  Alimentos  (Magento);3729-94-CM25;53183823;ADQUISICION  DE  CAJAS  DE  VIVERES  PARA  ADULTOS  MAYORES  DE  LA  COMUNA;2025-08-05;2025-07-08;2025-07-08;2025-07-23;Recepción  Conforme;77756;69.090.300-8;Secpla;I  MUNICIPALIDAD  DE  CHIMBARONGO;JAVIERA  CARRERA  511;Chimbarongo;I  MUNICIPALIDAD  DE  CHIMBARONGO;4267204;HARINA  SIN  POLVOS  YANINE  BOLSA  1  K  UNIDAD  VI  REGIÓN;HARINA  SIN  POLVOS;980;852;13;6250;5325000;No;DISTRIBUIDORA  Y  COMERCIALIZADORA  SANTA  ELIANA  SPA;DISTRIBUIDORA  Y  COMERCIALIZADORA  SANTA  ELIANA  SPA;77.544.929-2
2239-9-LR24;5802368;Convenio  Marco  para  la  adquisición  de  Alimentos  (Magento);3729-94-CM25;53183823;ADQUISICION  DE  CAJAS  DE  VIVERES  PARA  ADULTOS  MAYORES  DE  LA  COMUNA;2025-08-05;2025-07-08;2025-07-08;2025-07-23;Recepción  Conforme;77756;69.090.300-8;Secpla;I  MUNICIPALIDAD  DE  CHIMBARONGO;JAVIERA  CARRERA  511;Chimbarongo;I  MUNICIPALIDAD  DE  CHIMBARONGO;4230212;AZUCAR  SAN  ISIDRO  BLANCA  GRANULADA  BOLSA  1  K  UNIDAD  VI  REGIÓN;AZUCAR;1269;1071;16;12500;13387500;No;DISTRIBUIDORA  DEL  MAULE  LIMITADA;Dimal;77.784.560-8
2239-9-LR24;5802368;Convenio  Marco  para  la  adquisición  de  Alimentos  (Magento);3729-94-CM25;53183823;ADQUISICION  DE  CAJAS  DE  VIVERES  PARA  ADULTOS  MAYORES  DE  LA  COMUNA;2025-08-05;2025-07-08;2025-07-08;2025-07-23;Recepción  Conforme;77756;69.090.300-8;Secpla;I  MUNICIPALIDAD  DE  CHIMBARONGO;JAVIERA  CARRERA  511;Chimbarongo;I  MUNICIPALIDAD  DE  CHIMBARONGO;4268445;SPAGHETTI  ACONCAGUA  N°5  BOLSA  400  G  UNIDAD  VI  REGIÓN;SPAGHETTI;650;495;24;12500;6187500;No;RAFAEL  CUMSILLE  Z  Y  CIA  LIMITADA;SUPERMERCADO  SAN  RAFAEL;86.559.100-4
2239-9-LR24;5802368;Convenio  Marco  para  la  adquisición  de  Alimentos  (Magento);3729-94-CM25;53183823;ADQUISICION  DE  CAJAS  DE  VIVERES  PARA  ADULTOS  MAYORES  DE  LA  COMUNA;2025-08-05;2025-07-08;2025-07-08;2025-07-23;Recepción  Conforme;77756;69.090.300-8;Secpla;I  MUNICIPALIDAD  DE  CHIMBARONGO;JAVIERA  CARRERA  511;Chimbarongo;I  MUNICIPALIDAD  DE  CHIMBARONGO;4258279;LEVADURA  FORTALEZA  SECA  CAJA  500  G  UNIDAD  VI  REGIÓN;LEVADURA;2795;2261;19;6250;14131250;No;DISTRIBUIDORA  DEL  MAULE  LIMITADA;Dimal;77.784.560-8
2239-9-LR24;5802368;Convenio  Marco  para  la  adquisición  de  Alimentos  (Magento);3729-94-CM25;53183823;ADQUISICION  DE  CAJAS  DE  VIVERES  PARA  ADULTOS  MAYORES  DE  LA  COMUNA;2025-08-05;2025-07-08;2025-07-08;2025-07-23;Recepción  Conforme;77756;69.090.300-8;Secpla;I  MUNICIPALIDAD  DE  CHIMBARONGO;JAVIERA  CARRERA  511;Chimbarongo;I  MUNICIPALIDAD  DE  CHIMBARONGO;4321953;CAJA  DE  ALIMENTOS  REGIÓN  VI;CAJA  DE  ALIMENTOS;1200;800;33;6250;5000000;No;DISTRIBUIDORA  ECOMARK  CORONEL  SPA;Ecomark;76.104.415-k
2239-9-LR24;5802368;Convenio  Marco  para  la  adquisición  de  Alimentos  (Magento);3729-94-CM25;53183823;ADQUISICION  DE  CAJAS  DE  VIVERES  PARA  ADULTOS  MAYORES  DE  LA  COMUNA;2025-08-05;2025-07-08;2025-07-08;2025-07-23;Recepción  Conforme;77756;69.090.300-8;Secpla;I  MUNICIPALIDAD  DE  CHIMBARONGO;JAVIERA  CARRERA  511;Chimbarongo;I  MUNICIPALIDAD  DE  CHIMBARONGO;4321953;CAJA  DE  ALIMENTOS  REGIÓN  VI;CAJA  DE  ALIMENTOS;1200;750;38;6250;4687500;No;DISTRIBUIDORA  Y  COMERCIALIZADORA  SANTA  ELIANA  SPA;DISTRIBUIDORA  Y  COMERCIALIZADORA  SANTA  ELIANA  SPA;77.544.929-2
2239-9-LR24;5802368;Convenio  Marco  para  la  adquisición  de  Alimentos  (Magento);3729-94-CM25;53183823;ADQUISICION  DE  CAJAS  DE  VIVERES  PARA  ADULTOS  MAYORES  DE  LA  COMUNA;2025-08-05;2025-07-08;2025-07-08;2025-07-23;Recepción  Conforme;77756;69.090.300-8;Secpla;I  MUNICIPALIDAD  DE  CHIMBARONGO;JAVIERA  CARRERA  511;Chimbarongo;I  MUNICIPALIDAD  DE  CHIMBARONGO;4258279;LEVADURA  FORTALEZA  SECA  CAJA  500  G  UNIDAD  VI  REGIÓN;LEVADURA;2790;1073;62;6250;6706250;No;COMERCIAL  EDA  SPA;MERCADO  EDA  SPA;76.691.662-7
2239-9-LR24;5802368;Convenio  Marco  para  la  adquisición  de  Alimentos  (Magento);3729-94-CM25;53183823;ADQUISICION  DE  CAJAS  DE  VIVERES  PARA  ADULTOS  MAYORES  DE  LA  COMUNA;2025-08-05;2025-07-08;2025-07-08;2025-07-23;Recepción  Conforme;77756;69.090.300-8;Secpla;I  MUNICIPALIDAD  DE  CHIMBARONGO;JAVIERA  CARRERA  511;Chimbarongo;I  MUNICIPALIDAD  DE  CHIMBARONGO;4254301;ESPIRALES  DORASOL  BOLSA  400  G  UNIDAD  VI  REGIÓN;ESPIRALES;848;600;29;12500;7500000;No;SOCIEDAD  COMERCIAL  MAULE  LIMITADA;SOCIEDAD  COMERCIAL  MAULE  LIMITADA;76.287.511-k
2239-9-LR24;5802368;Convenio  Marco  para  la  adquisición  de  Alimentos  (Magento);3729-94-CM25;53183823;ADQUISICION  DE  CAJAS  DE  VIVERES  PARA  ADULTOS  MAYORES  DE  LA  COMUNA;2025-08-05;2025-07-08;2025-07-08;2025-07-23;Recepción  Conforme;77756;69.090.300-8;Secpla;I  MUNICIPALIDAD  DE  CHIMBARONGO;JAVIERA  CARRERA  511;Chimbarongo;I  MUNICIPALIDAD  DE  CHIMBARONGO;4321643;JUREL  CONSERVA  AL  NATURAL  DEYCO  TARRO  425  G  UNIDAD  VI  REGIÓN;JUREL  CONSERVA  AL  NATURAL;1340;1000;25;12500;12500000;No;RAFAEL  CUMSILLE  Z  Y  CIA  LIMITADA;SUPERMERCADO  SAN  RAFAEL;86.559.100-4
2239-9-LR24;5802368;Convenio  Marco  para  la  adquisición  de  Alimentos  (Magento);3729-94-CM25;53183823;ADQUISICION  DE  CAJAS  DE  VIVERES  PARA  ADULTOS  MAYORES  DE  LA  COMUNA;2025-08-05;2025-07-08;2025-07-08;2025-07-23;Recepción  Conforme;77756;69.090.300-8;Secpla;I  MUNICIPALIDAD  DE  CHIMBARONGO;JAVIERA  CARRERA  511;Chimbarongo;I  MUNICIPALIDAD  DE  CHIMBARONGO;4267204;HARINA  SIN  POLVOS  YANINE  BOLSA  1  K  UNIDAD  VI  REGIÓN;HARINA  SIN  POLVOS;978;830;15;6250;5187500;No;GRUPO  GMSE    NEGOCIOS  SPA;GMSE;77.512.806-2
2239-9-LR24;5802368;Convenio  Marco  para  la  adquisición  de  Alimentos  (Magento);3729-94-CM25;53183823;ADQUISICION  DE  CAJAS  DE  VIVERES  PARA  ADULTOS  MAYORES  DE  LA  COMUNA;2025-08-05;2025-07-08;2025-07-08;2025-07-23;Recepción  Conforme;77756;69.090.300-8;Secpla;I  MUNICIPALIDAD  DE  CHIMBARONGO;JAVIERA  CARRERA  511;Chimbarongo;I  MUNICIPALIDAD  DE  CHIMBARONGO;4321953;CAJA  DE  ALIMENTOS  REGIÓN  VI;CAJA  DE  ALIMENTOS;1200;1200;0;6250;7500000;No;SOCIEDAD  COMERCIAL  DLM  SPA;SOCIEDAD  COMERCIAL  DLM  SPA;77.346.435-9
2239-9-LR24;5802368;Convenio  Marco  para  la  adquisición  de  Alimentos  (Magento);3729-94-CM25;53183823;ADQUISICION  DE  CAJAS  DE  VIVERES  PARA  ADULTOS  MAYORES  DE  LA  COMUNA;2025-08-05;2025-07-08;2025-07-08;2025-07-23;Recepción  Conforme;77756;69.090.300-8;Secpla;I  MUNICIPALIDAD  DE  CHIMBARONGO;JAVIERA  CARRERA  511;Chimbarongo;I  MUNICIPALIDAD  DE  CHIMBARONGO;4254267;SPAGHETTI  DORASOL  N°5  BOLSA  400  G  UNIDAD  VI  REGIÓN;SPAGHETTI;777;354;54;12500;4425000;Si;SOCIEDAD  DE  INVERSIONES  VALENZUELA  SPA;SOCIEDAD  DE  INVERSIONES  VALENZUELA  SPA;77.212.675-1
2239-9-LR24;5802368;Convenio  Marco  para  la  adquisición  de  Alimentos  (Magento);3729-94-CM25;53183823;ADQUISICION  DE  CAJAS  DE  VIVERES  PARA  ADULTOS  MAYORES  DE  LA  COMUNA;2025-08-05;2025-07-08;2025-07-08;2025-07-23;Recepción  Conforme;77756;69.090.300-8;Secpla;I  MUNICIPALIDAD  DE  CHIMBARONGO;JAVIERA  CARRERA  511;Chimbarongo;I  MUNICIPALIDAD  DE  CHIMBARONGO;4321953;CAJA  DE  ALIMENTOS  REGIÓN  VI;CAJA  DE  ALIMENTOS;1200;1200;0;6250;7500000;Si;SOCIEDAD  DE  INVERSIONES  VALENZUELA  SPA;SOCIEDAD  DE  INVERSIONES  VALENZUELA  SPA;77.212.675-1
2239-9-LR24;5802368;Convenio  Marco  para  la  adquisición  de  Alimentos  (Magento);3729-94-CM25;53183823;ADQUISICION  DE  CAJAS  DE  VIVERES  PARA  ADULTOS  MAYORES  DE  LA  COMUNA;2025-08-05;2025-07-08;2025-07-08;2025-07-23;Recepción  Conforme;77756;69.090.300-8;Secpla;I  MUNICIPALIDAD  DE  CHIMBARONGO;JAVIERA  CARRERA  511;Chimbarongo;I  MUNICIPALIDAD  DE  CHIMBARONGO;4321953;CAJA  DE  ALIMENTOS  REGIÓN  VI;CAJA  DE  ALIMENTOS;1200;1070;11;6250;6687500;No;MERCADOBOY  SPA;Mercadoboy;77.358.747-7
2239-9-LR24;5802368;Convenio  Marco  para  la  adquisición  de  Alimentos  (Magento);3729-94-CM25;53183823;ADQUISICION  DE  CAJAS  DE  VIVERES  PARA  ADULTOS  MAYORES  DE  LA  COMUNA;2025-08-05;2025-07-08;2025-07-08;2025-07-23;Recepción  Conforme;77756;69.090.300-8;Secpla;I  MUNICIPALIDAD  DE  CHIMBARONGO;JAVIERA  CARRERA  511;Chimbarongo;I  MUNICIPALIDAD  DE  CHIMBARONGO;4258279;LEVADURA  FORTALEZA  SECA  CAJA  500  G  UNIDAD  VI  REGIÓN;LEVADURA;2793;2328;17;6250;14550000;No;DISTRIBUIDORA  Y  COMERCIALIZADORA  SANTA  ELIANA  SPA;DISTRIBUIDORA  Y  COMERCIALIZADORA  SANTA  ELIANA  SPA;77.544.929-2
2239-9-LR24;5802368;Convenio  Marco  para  la  adquisición  de  Alimentos  (Magento);3729-94-CM25;53183823;ADQUISICION  DE  CAJAS  DE  VIVERES  PARA  ADULTOS  MAYORES  DE  LA  COMUNA;2025-08-05;2025-07-08;2025-07-08;2025-07-23;Recepción  Conforme;77756;69.090.300-8;Secpla;I  MUNICIPALIDAD  DE  CHIMBARONGO;JAVIERA  CARRERA  511;Chimbarongo;I  MUNICIPALIDAD  DE  CHIMBARONGO;4254267;SPAGHETTI  DORASOL  N°5  BOLSA  400  G  UNIDAD  VI  REGIÓN;SPAGHETTI;770;642;17;12500;8025000;No;DISTRIBUIDORA  Y  COMERCIALIZADORA  SANTA  ELIANA  SPA;DISTRIBUIDORA  Y  COMERCIALIZADORA  SANTA  ELIANA  SPA;77.544.929-2
2239-9-LR24;5802368;Convenio  Marco  para  la  adquisición  de  Alimentos  (Magento);3729-94-CM25;53183823;ADQUISICION  DE  CAJAS  DE  VIVERES  PARA  ADULTOS  MAYORES  DE  LA  COMUNA;2025-08-05;2025-07-08;2025-07-08;2025-07-23;Recepción  Conforme;77756;69.090.300-8;Secpla;I  MUNICIPALIDAD  DE  CHIMBARONGO;JAVIERA  CARRERA  511;Chimbarongo;I  MUNICIPALIDAD  DE  CHIMBARONGO;4321953;CAJA  DE  ALIMENTOS  REGIÓN  VI;CAJA  DE  ALIMENTOS;1200;1000;17;6250;6250000;No;SOCIEDAD  COMERCIAL  MAULE  LIMITADA;SOCIEDAD  COMERCIAL  MAULE  LIMITADA;76.287.511-k
2239-9-LR24;5802368;Convenio  Marco  para  la  adquisición  de  Alimentos  (Magento);3729-94-CM25;53183823;ADQUISICION  DE  CAJAS  DE  VIVERES  PARA  ADULTOS  MAYORES  DE  LA  COMUNA;2025-08-05;2025-07-08;2025-07-08;2025-07-23;Recepción  Conforme;77756;69.090.300-8;Secpla;I  MUNICIPALIDAD  DE  CHIMBARONGO;JAVIERA  CARRERA  511;Chimbarongo;I  MUNICIPALIDAD  DE  CHIMBARONGO;4231368;SALSA  DE  TOMATE  COLISEO  ITALIANA  DOYPACK  200  G  UNIDAD  VI  REGIÓN;SALSA  DE  TOMATE;310;257;17;25000;6425000;Si;SOCIEDAD  DE  INVERSIONES  VALENZUELA  SPA;SOCIEDAD  DE  INVERSIONES  VALENZUELA  SPA;77.212.675-1
2239-9-LR24;5802368;Convenio  Marco  para  la  adquisición  de  Alimentos  (Magento);3729-94-CM25;53183823;ADQUISICION  DE  CAJAS  DE  VIVERES  PARA  ADULTOS  MAYORES  DE  LA  COMUNA;2025-08-05;2025-07-08;2025-07-08;2025-07-23;Recepción  Conforme;77756;69.090.300-8;Secpla;I  MUNICIPALIDAD  DE  CHIMBARONGO;JAVIERA  CARRERA  511;Chimbarongo;I  MUNICIPALIDAD  DE  CHIMBARONGO;4268938;ESPIRALES  ACONCAGUA  BOLSA  400  G  UNIDAD  VI  REGIÓN;ESPIRALES;647;495;23;12500;6187500;No;RAFAEL  CUMSILLE  Z  Y  CIA  LIMITADA;SUPERMERCADO  SAN  RAFAEL;86.559.100-4
2239-9-LR24;5802368;Convenio  Marco  para  la  adquisición  de  Alimentos  (Magento);3729-94-CM25;53183823;ADQUISICION  DE  CAJAS  DE  VIVERES  PARA  ADULTOS  MAYORES  DE  LA  COMUNA;2025-08-05;2025-07-08;2025-07-08;2025-07-23;Recepción  Conforme;77756;69.090.300-8;Secpla;I  MUNICIPALIDAD  DE  CHIMBARONGO;JAVIERA  CARRERA  511;Chimbarongo;I  MUNICIPALIDAD  DE  CHIMBARONGO;4258279;LEVADURA  FORTALEZA  SECA  CAJA  500  G  UNIDAD  VI  REGIÓN;LEVADURA;2800;2300;18;6250;14375000;No;SERVICIOS  INTEGRADOS  SIDAPT  LIMITADA;SERVICIOS  INTEGRADOS  SIDAPT  LIMITADA;76.299.358-9
2239-9-LR24;5802368;Convenio  Marco  para  la  adquisición  de  Alimentos  (Magento);3729-94-CM25;53183823;ADQUISICION  DE  CAJAS  DE  VIVERES  PARA  ADULTOS  MAYORES  DE  LA  COMUNA;2025-08-05;2025-07-08;2025-07-08;2025-07-23;Recepción  Conforme;77756;69.090.300-8;Secpla;I  MUNICIPALIDAD  DE  CHIMBARONGO;JAVIERA  CARRERA  511;Chimbarongo;I  MUNICIPALIDAD  DE  CHIMBARONGO;4321953;CAJA  DE  ALIMENTOS  REGIÓN  VI;CAJA  DE  ALIMENTOS;1200;1200;0;6250;7500000;No;GRUPO  GMSE    NEGOCIOS  SPA;GMSE;77.512.806-2
2239-9-LR24;5802368;Convenio  Marco  para  la  adquisición  de  Alimentos  (Magento);3729-94-CM25;53183823;ADQUISICION  DE  CAJAS  DE  VIVERES  PARA  ADULTOS  MAYORES  DE  LA  COMUNA;2025-08-05;2025-07-08;2025-07-08;2025-07-23;Recepción  Conforme;77756;69.090.300-8;Secpla;I  MUNICIPALIDAD  DE  CHIMBARONGO;JAVIERA  CARRERA  511;Chimbarongo;I  MUNICIPALIDAD  DE  CHIMBARONGO;4321953;CAJA  DE  ALIMENTOS  REGIÓN  VI;CAJA  DE  ALIMENTOS;1200;1200;0;6250;7500000;No;RAFAEL  CUMSILLE  Z  Y  CIA  LIMITADA;SUPERMERCADO  SAN  RAFAEL;86.559.100-4
2239-9-LR24;5802368;Convenio  Marco  para  la  adquisición  de  Alimentos  (Magento);3729-94-CM25;53183823;ADQUISICION  DE  CAJAS  DE  VIVERES  PARA  ADULTOS  MAYORES  DE  LA  COMUNA;2025-08-05;2025-07-08;2025-07-08;2025-07-23;Recepción  Conforme;77756;69.090.300-8;Secpla;I  MUNICIPALIDAD  DE  CHIMBARONGO;JAVIERA  CARRERA  511;Chimbarongo;I  MUNICIPALIDAD  DE  CHIMBARONGO;4258279;LEVADURA  FORTALEZA  SECA  CAJA  500  G  UNIDAD  VI  REGIÓN;LEVADURA;2794;2300;18;6250;14375000;No;SOCIEDAD  COMERCIAL  MAULE  LIMITADA;SOCIEDAD  COMERCIAL  MAULE  LIMITADA;76.287.511-k
2239-9-LR24;5802368;Convenio  Marco  para  la  adquisición  de  Alimentos  (Magento);3729-94-CM25;53183823;ADQUISICION  DE  CAJAS  DE  VIVERES  PARA  ADULTOS  MAYORES  DE  LA  COMUNA;2025-08-05;2025-07-08;2025-07-08;2025-07-23;Recepción  Conforme;77756;69.090.300-8;Secpla;I  MUNICIPALIDAD  DE  CHIMBARONGO;JAVIERA  CARRERA  511;Chimbarongo;I  MUNICIPALIDAD  DE  CHIMBARONGO;4267204;HARINA  SIN  POLVOS  YANINE  BOLSA  1  K  UNIDAD  VI  REGIÓN;HARINA  SIN  POLVOS;980;883;10;6250;5518750;No;ADM  SPA.;ADM  SPA.;77.909.208-9
2239-9-LR24;5802368;Convenio  Marco  para  la  adquisición  de  Alimentos  (Magento);3729-94-CM25;53183823;ADQUISICION  DE  CAJAS  DE  VIVERES  PARA  ADULTOS  MAYORES  DE  LA  COMUNA;2025-08-05;2025-07-08;2025-07-08;2025-07-23;Recepción  Conforme;77756;69.090.300-8;Secpla;I  MUNICIPALIDAD  DE  CHIMBARONGO;JAVIERA  CARRERA  511;Chimbarongo;I  MUNICIPALIDAD  DE  CHIMBARONGO;4254301;ESPIRALES  DORASOL  BOLSA  400  G  UNIDAD  VI  REGIÓN;ESPIRALES;844;494;41;12500;6175000;No;GRUPO  GMSE    NEGOCIOS  SPA;GMSE;77.512.806-2
2239-9-LR24;5802368;Convenio  Marco  para  la  adquisición  de  Alimentos  (Magento);3729-94-CM25;53183823;ADQUISICION  DE  CAJAS  DE  VIVERES  PARA  ADULTOS  MAYORES  DE  LA  COMUNA;2025-08-05;2025-07-08;2025-07-08;2025-07-23;Recepción  Conforme;77756;69.090.300-8;Secpla;I  MUNICIPALIDAD  DE  CHIMBARONGO;JAVIERA  CARRERA  511;Chimbarongo;I  MUNICIPALIDAD  DE  CHIMBARONGO;4242639;LEVADURA  SAF-INSTANT  SECA  CAJA  500  G  UNIDAD  VI  REGIÓN;LEVADURA;3541;3541;0;6250;22131250;No;SOCIEDAD  COMERCIAL  DLM  SPA;SOCIEDAD  COMERCIAL  DLM  SPA;77.346.435-9
2239-9-LR24;5802368;Convenio  Marco  para  la  adquisición  de  Alimentos  (Magento);3729-94-CM25;53183823;ADQUISICION  DE  CAJAS  DE  VIVERES  PARA  ADULTOS  MAYORES  DE  LA  COMUNA;2025-08-05;2025-07-08;2025-07-08;2025-07-23;Recepción  Conforme;77756;69.090.300-8;Secpla;I  MUNICIPALIDAD  DE  CHIMBARONGO;JAVIERA  CARRERA  511;Chimbarongo;I  MUNICIPALIDAD  DE  CHIMBARONGO;4254301;ESPIRALES  DORASOL  BOLSA  400  G  UNIDAD  VI  REGIÓN;ESPIRALES;859;695;19;12500;8687500;No;MERCADOBOY  SPA;Mercadoboy;77.358.747-7
2239-9-LR24;5802368;Convenio  Marco  para  la  adquisición  de  Alimentos  (Magento);3729-94-CM25;53183823;ADQUISICION  DE  CAJAS  DE  VIVERES  PARA  ADULTOS  MAYORES  DE  LA  COMUNA;2025-08-05;2025-07-08;2025-07-08;2025-07-23;Recepción  Conforme;77756;69.090.300-8;Secpla;I  MUNICIPALIDAD  DE  CHIMBARONGO;JAVIERA  CARRERA  511;Chimbarongo;I  MUNICIPALIDAD  DE  CHIMBARONGO;4321953;CAJA  DE  ALIMENTOS  REGIÓN  VI;CAJA  DE  ALIMENTOS;1200;1000;17;6250;6250000;No;ADM  SPA.;ADM  SPA.;77.909.208-9
2239-9-LR24;5802368;Convenio  Marco  para  la  adquisición  de  Alimentos  (Magento);3729-94-CM25;53183823;ADQUISICION  DE  CAJAS  DE  VIVERES  PARA  ADULTOS  MAYORES  DE  LA  COMUNA;2025-08-05;2025-07-08;2025-07-08;2025-07-23;Recepción  Conforme;77756;69.090.300-8;Secpla;I  MUNICIPALIDAD  DE  CHIMBARONGO;JAVIERA  CARRERA  511;Chimbarongo;I  MUNICIPALIDAD  DE  CHIMBARONGO;4262002;ARROZ  DON  RAFA  GRADO  2  BOLSA  1  K  UNIDAD  VI  REGIÓN;ARROZ;1600;1182;26;18750;22162500;No;RAFAEL  CUMSILLE  Z  Y  CIA  LIMITADA;SUPERMERCADO  SAN  RAFAEL;86.559.100-4
2239-9-LR24;5802368;Convenio  Marco  para  la  adquisición  de  Alimentos  (Magento);3729-94-CM25;53183823;ADQUISICION  DE  CAJAS  DE  VIVERES  PARA  ADULTOS  MAYORES  DE  LA  COMUNA;2025-08-05;2025-07-08;2025-07-08;2025-07-23;Recepción  Conforme;77756;69.090.300-8;Secpla;I  MUNICIPALIDAD  DE  CHIMBARONGO;JAVIERA  CARRERA  511;Chimbarongo;I  MUNICIPALIDAD  DE  CHIMBARONGO;4253009;HARINA  CON  POLVOS  YANINE  BOLSA  1  K  UNIDAD  VI  REGIÓN;HARINA  CON  POLVOS;982;1073;-9;6250;6706250;No;COMERCIAL  EDA  SPA;MERCADO  EDA  SPA;76.691.662-7
2239-9-LR24;5802368;Convenio  Marco  para  la  adquisición  de  Alimentos  (Magento);3729-94-CM25;53183823;ADQUISICION  DE  CAJAS  DE  VIVERES  PARA  ADULTOS  MAYORES  DE  LA  COMUNA;2025-08-05;2025-07-08;2025-07-08;2025-07-23;Recepción  Conforme;77756;69.090.300-8;Secpla;I  MUNICIPALIDAD  DE  CHIMBARONGO;JAVIERA  CARRERA  511;Chimbarongo;I  MUNICIPALIDAD  DE  CHIMBARONGO;4255882;JUREL  CONSERVA  AL  NATURAL  ATLAS  TARRO  425  G  UNIDAD  VI  REGIÓN;JUREL  CONSERVA  AL  NATURAL;1448;1050;27;12500;13125000;No;SERVICIOS  INTEGRADOS  SIDAPT  LIMITADA;SERVICIOS  INTEGRADOS  SIDAPT  LIMITADA;76.299.358-9
2239-9-LR24;5802368;Convenio  Marco  para  la  adquisición  de  Alimentos  (Magento);3729-94-CM25;53183823;ADQUISICION  DE  CAJAS  DE  VIVERES  PARA  ADULTOS  MAYORES  DE  LA  COMUNA;2025-08-05;2025-07-08;2025-07-08;2025-07-23;Recepción  Conforme;77756;69.090.300-8;Secpla;I  MUNICIPALIDAD  DE  CHIMBARONGO;JAVIERA  CARRERA  511;Chimbarongo;I  MUNICIPALIDAD  DE  CHIMBARONGO;4321953;CAJA  DE  ALIMENTOS  REGIÓN  VI;CAJA  DE  ALIMENTOS;1200;1073;11;6250;6706250;No;COMERCIAL  EDA  SPA;MERCADO  EDA  SPA;76.691.662-7
2239-9-LR24;5802368;Convenio  Marco  para  la  adquisición  de  Alimentos  (Magento);3729-94-CM25;53183823;ADQUISICION  DE  CAJAS  DE  VIVERES  PARA  ADULTOS  MAYORES  DE  LA  COMUNA;2025-08-05;2025-07-08;2025-07-08;2025-07-23;Recepción  Conforme;77756;69.090.300-8;Secpla;I  MUNICIPALIDAD  DE  CHIMBARONGO;JAVIERA  CARRERA  511;Chimbarongo;I  MUNICIPALIDAD  DE  CHIMBARONGO;4265436;LEVADURA  SUNGAIN  SECA  CAJA  500  G  UNIDAD  VI  REGIÓN;LEVADURA;3000;2352;22;6250;14700000;No;RAFAEL  CUMSILLE  Z  Y  CIA  LIMITADA;SUPERMERCADO  SAN  RAFAEL;86.559.100-4
2239-9-LR24;5802368;Convenio  Marco  para  la  adquisición  de  Alimentos  (Magento);3729-94-CM25;53183823;ADQUISICION  DE  CAJAS  DE  VIVERES  PARA  ADULTOS  MAYORES  DE  LA  COMUNA;2025-08-05;2025-07-08;2025-07-08;2025-07-23;Recepción  Conforme;77756;69.090.300-8;Secpla;I  MUNICIPALIDAD  DE  CHIMBARONGO;JAVIERA  CARRERA  511;Chimbarongo;I  MUNICIPALIDAD  DE  CHIMBARONGO;4254267;SPAGHETTI  DORASOL  N°5  BOLSA  400  G  UNIDAD  VI  REGIÓN;SPAGHETTI;771;600;22;12500;7500000;No;SOCIEDAD  COMERCIAL  MAULE  LIMITADA;SOCIEDAD  COMERCIAL  MAULE  LIMITADA;76.287.511-k
2239-9-LR24;5802368;Convenio  Marco  para  la  adquisición  de  Alimentos  (Magento);3729-94-CM25;53183823;ADQUISICION  DE  CAJAS  DE  VIVERES  PARA  ADULTOS  MAYORES  DE  LA  COMUNA;2025-08-05;2025-07-08;2025-07-08;2025-07-23;Recepción  Conforme;77756;69.090.300-8;Secpla;I  MUNICIPALIDAD  DE  CHIMBARONGO;JAVIERA  CARRERA  511;Chimbarongo;I  MUNICIPALIDAD  DE  CHIMBARONGO;4321643;JUREL  CONSERVA  AL  NATURAL  DEYCO  TARRO  425  G  UNIDAD  VI  REGIÓN;JUREL  CONSERVA  AL  NATURAL;1342;1150;14;12500;14375000;No;COMERCIAL  EMERGENZA  SPA;SOLUCIONES  INTEGRALES  EMERGENZA  SPA;77.082.051-0
2239-9-LR24;5802368;Convenio  Marco  para  la  adquisición  de  Alimentos  (Magento);3729-94-CM25;53183823;ADQUISICION  DE  CAJAS  DE  VIVERES  PARA  ADULTOS  MAYORES  DE  LA  COMUNA;2025-08-05;2025-07-08;2025-07-08;2025-07-23;Recepción  Conforme;77756;69.090.300-8;Secpla;I  MUNICIPALIDAD  DE  CHIMBARONGO;JAVIERA  CARRERA  511;Chimbarongo;I  MUNICIPALIDAD  DE  CHIMBARONGO;4321643;JUREL  CONSERVA  AL  NATURAL  DEYCO  TARRO  425  G  UNIDAD  VI  REGIÓN;JUREL  CONSERVA  AL  NATURAL;1327;916;31;12500;11450000;Si;SOCIEDAD  DE  INVERSIONES  VALENZUELA  SPA;SOCIEDAD  DE  INVERSIONES  VALENZUELA  SPA;77.212.675-1
2239-9-LR24;5802368;Convenio  Marco  para  la  adquisición  de  Alimentos  (Magento);3729-94-CM25;53183823;ADQUISICION  DE  CAJAS  DE  VIVERES  PARA  ADULTOS  MAYORES  DE  LA  COMUNA;2025-08-05;2025-07-08;2025-07-08;2025-07-23;Recepción  Conforme;77756;69.090.300-8;Secpla;I  MUNICIPALIDAD  DE  CHIMBARONGO;JAVIERA  CARRERA  511;Chimbarongo;I  MUNICIPALIDAD  DE  CHIMBARONGO;4267204;HARINA  SIN  POLVOS  YANINE  BOLSA  1  K  UNIDAD  VI  REGIÓN;HARINA  SIN  POLVOS;985;1073;-9;6250;6706250;No;COMERCIAL  EDA  SPA;MERCADO  EDA  SPA;76.691.662-7
2239-9-LR24;5802368;Convenio  Marco  para  la  adquisición  de  Alimentos  (Magento);3729-94-CM25;53183823;ADQUISICION  DE  CAJAS  DE  VIVERES  PARA  ADULTOS  MAYORES  DE  LA  COMUNA;2025-08-05;2025-07-08;2025-07-08;2025-07-23;Recepción  Conforme;77756;69.090.300-8;Secpla;I  MUNICIPALIDAD  DE  CHIMBARONGO;JAVIERA  CARRERA  511;Chimbarongo;I  MUNICIPALIDAD  DE  CHIMBARONGO;4321677;LEVADURA  DEYCO  SECA  CAJA  500  G  UNIDAD  VI  REGIÓN;LEVADURA;3080;2473;20;6250;15456250;No;AGROINDUSTRIAS  DEL  SUR  SPA;Agroindustrias;76.359.833-0
2239-9-LR24;5802368;Convenio  Marco  para  la  adquisición  de  Alimentos  (Magento);3729-94-CM25;53183823;ADQUISICION  DE  CAJAS  DE  VIVERES  PARA  ADULTOS  MAYORES  DE  LA  COMUNA;2025-08-05;2025-07-08;2025-07-08;2025-07-23;Recepción  Conforme;77756;69.090.300-8;Secpla;I  MUNICIPALIDAD  DE  CHIMBARONGO;JAVIERA  CARRERA  511;Chimbarongo;I  MUNICIPALIDAD  DE  CHIMBARONGO;4321677;LEVADURA  DEYCO  SECA  CAJA  500  G  UNIDAD  VI  REGIÓN;LEVADURA;3179;2400;25;6250;15000000;No;COMERCIAL  EMERGENZA  SPA;SOLUCIONES  INTEGRALES  EMERGENZA  SPA;77.082.051-0
2239-9-LR24;5802368;Convenio  Marco  para  la  adquisición  de  Alimentos  (Magento);3729-94-CM25;53183823;ADQUISICION  DE  CAJAS  DE  VIVERES  PARA  ADULTOS  MAYORES  DE  LA  COMUNA;2025-08-05;2025-07-08;2025-07-08;2025-07-23;Recepción  Conforme;77756;69.090.300-8;Secpla;I  MUNICIPALIDAD  DE  CHIMBARONGO;JAVIERA  CARRERA  511;Chimbarongo;I  MUNICIPALIDAD  DE  CHIMBARONGO;4321953;CAJA  DE  ALIMENTOS  REGIÓN  VI;CAJA  DE  ALIMENTOS;1200;1150;4;6250;7187500;No;SERVICIOS  INTEGRADOS  SIDAPT  LIMITADA;SERVICIOS  INTEGRADOS  SIDAPT  LIMITADA;76.299.358-9
2239-9-LR24;5802368;Convenio  Marco  para  la  adquisición  de  Alimentos  (Magento);3729-94-CM25;53183823;ADQUISICION  DE  CAJAS  DE  VIVERES  PARA  ADULTOS  MAYORES  DE  LA  COMUNA;2025-08-05;2025-07-08;2025-07-08;2025-07-23;Recepción  Conforme;77756;69.090.300-8;Secpla;I  MUNICIPALIDAD  DE  CHIMBARONGO;JAVIERA  CARRERA  511;Chimbarongo;I  MUNICIPALIDAD  DE  CHIMBARONGO;4321953;CAJA  DE  ALIMENTOS  REGIÓN  VI;CAJA  DE  ALIMENTOS;1200;864;28;6250;5400000;No;CV  TRADING  S.A.;CV  TRADING  S.A.;78.254.990-1
2239-9-LR24;5802368;Convenio  Marco  para  la  adquisición  de  Alimentos  (Magento);3729-94-CM25;53183823;ADQUISICION  DE  CAJAS  DE  VIVERES  PARA  ADULTOS  MAYORES  DE  LA  COMUNA;2025-08-05;2025-07-08;2025-07-08;2025-07-23;Recepción  Conforme;77756;69.090.300-8;Secpla;I  MUNICIPALIDAD  DE  CHIMBARONGO;JAVIERA  CARRERA  511;Chimbarongo;I  MUNICIPALIDAD  DE  CHIMBARONGO;4321031;ARROZ  COLISEO  GRADO  2  BOLSA  1  K  UNIDAD  VI  REGIÓN;ARROZ;994;994;0;18750;18637500;No;SOCIEDAD  COMERCIAL  DLM  SPA;SOCIEDAD  COMERCIAL  DLM  SPA;77.346.435-9
2239-8-LR23;5802342;Convenio  Marco  de    Adquisición  de  Vehículos;4660-5-CM25;53032519;OC  por  la  Gran  Compra:  76395;2025-08-18;2025-04-10;2025-04-10;2025-05-12;Recepción  Conforme;76395;60.901.000-2;CM  -  ADMINISTRACIÓN  INTERNA;SUBSECRETARIA  DEL  MINISTERIO  DE  EDUCACION  PUBLICA;Av.  Libertador  Bernardo  O"Higgins  N°1371,  piso  2,  oficina  208;Santiago;SUBSECRETARIA  DEL  MINISTERIO  DE  EDUCACION  PUBLICA;2247381;SUV  MITSUBISHI  OUTLANDER  GLS  LIMITED  4X4  AT  2025  REGIÓN  RM;SUV;29433529;29396950;0;1;29396950;No;PIAMONTE  S  A;PIAMONTE  S.  A.;96.642.160-6
2239-8-LR23;5802342;Convenio  Marco  de    Adquisición  de  Vehículos;4660-5-CM25;53032519;OC  por  la  Gran  Compra:  76395;2025-08-18;2025-04-10;2025-04-10;2025-05-12;Recepción  Conforme;76395;60.901.000-2;CM  -  ADMINISTRACIÓN  INTERNA;SUBSECRETARIA  DEL  MINISTERIO  DE  EDUCACION  PUBLICA;Av.  Libertador  Bernardo  O"Higgins  N°1371,  piso  2,  oficina  208;Santiago;SUBSECRETARIA  DEL  MINISTERIO  DE  EDUCACION  PUBLICA;2244882;CAMIONETA  JMC  VIGUS  WORK  4X4  MT  2025  REGIÓN  RM;CAMIONETA;16190998;15690000;3;3;47070000;No;PIAMONTE  S  A;PIAMONTE  S.  A.;96.642.160-6
2239-8-LR23;5802342;Convenio  Marco  de    Adquisición  de  Vehículos;4660-5-CM25;53032519;OC  por  la  Gran  Compra:  76395;2025-08-18;2025-04-10;2025-04-10;2025-05-12;Recepción  Conforme;76395;60.901.000-2;CM  -  ADMINISTRACIÓN  INTERNA;SUBSECRETARIA  DEL  MINISTERIO  DE  EDUCACION  PUBLICA;Av.  Libertador  Bernardo  O"Higgins  N°1371,  piso  2,  oficina  208;Santiago;SUBSECRETARIA  DEL  MINISTERIO  DE  EDUCACION  PUBLICA;2244882;CAMIONETA  JMC  VIGUS  WORK  4X4  MT  2025  REGIÓN  RM;CAMIONETA;16550800;15990000;3;3;47970000;No;AUTOMOTRIZ  CORDILLERA  S.A.;AUTOMOTRIZ  CORDILLERA  S.  A.;79.853.470-K
2239-8-LR23;5802342;Convenio  Marco  de    Adquisición  de  Vehículos;4660-5-CM25;53032519;OC  por  la  Gran  Compra:  76395;2025-08-18;2025-04-10;2025-04-10;2025-05-12;Recepción  Conforme;76395;60.901.000-2;CM  -  ADMINISTRACIÓN  INTERNA;SUBSECRETARIA  DEL  MINISTERIO  DE  EDUCACION  PUBLICA;Av.  Libertador  Bernardo  O"Higgins  N°1371,  piso  2,  oficina  208;Santiago;SUBSECRETARIA  DEL  MINISTERIO  DE  EDUCACION  PUBLICA;2247381;SUV  MITSUBISHI  OUTLANDER  GLS  LIMITED  4X4  AT  2025  REGIÓN  RM;SUV;29433530;29433500;0;1;29433500;No;MARCELO  FRONZA  Y  CIA  LTDA;MARCELO  FRONZA  Y  CIA.  LTDA.;78.098.600-K
2239-8-LR23;5802342;Convenio  Marco  de    Adquisición  de  Vehículos;4660-5-CM25;53032519;OC  por  la  Gran  Compra:  76395;2025-08-18;2025-04-10;2025-04-10;2025-05-12;Recepción  Conforme;76395;60.901.000-2;CM  -  ADMINISTRACIÓN  INTERNA;SUBSECRETARIA  DEL  MINISTERIO  DE  EDUCACION  PUBLICA;Av.  Libertador  Bernardo  O"Higgins  N°1371,  piso  2,  oficina  208;Santiago;SUBSECRETARIA  DEL  MINISTERIO  DE  EDUCACION  PUBLICA;2244882;CAMIONETA  JMC  VIGUS  WORK  4X4  MT  2025  REGIÓN  RM;CAMIONETA;16370900;15643971;4;3;46931913;Si;SALINAS  Y  FABRES  SOCIEDAD  ANONIMA;SALINAS  Y  FABRES  S.  A.;91.502.000-3
2239-8-LR23;5802342;Convenio  Marco  de    Adquisición  de  Vehículos;4660-5-CM25;53032519;OC  por  la  Gran  Compra:  76395;2025-08-18;2025-04-10;2025-04-10;2025-05-12;Recepción  Conforme;76395;60.901.000-2;CM  -  ADMINISTRACIÓN  INTERNA;SUBSECRETARIA  DEL  MINISTERIO  DE  EDUCACION  PUBLICA;Av.  Libertador  Bernardo  O"Higgins  N°1371,  piso  2,  oficina  208;Santiago;SUBSECRETARIA  DEL  MINISTERIO  DE  EDUCACION  PUBLICA;2247364;SUV  MITSUBISHI  OUTLANDER  GLS  4X4  AT  2025  REGIÓN  RM;SUV;26664538;26664538;0;1;26664538;No;AUTOMOTRIZ  CORDILLERA  S.A.;AUTOMOTRIZ  CORDILLERA  S.  A.;79.853.470-K
2239-8-LR23;5802342;Convenio  Marco  de    Adquisición  de  Vehículos;4988-39-CM25;53206403;Orden  de  Compra  generada  por  la  Gran  Compra:  77653;2025-08-11;2025-07-03;2025-07-03;2025-07-18;Recepción  Conforme;77653;69.150.400-K;SECPLAN  MUNICIPALIDAD  DE  CONCEPCION;I  MUNICIPALIDAD  DE  CONCEPCION;O´HIGGINS  525  -  6TO  PISO  SECPLAN;Concepción;I  MUNICIPALIDAD  DE  CONCEPCION;2254865;CAMIONETA  TOYOTA  HILUX  DX  DC  2.4  4X4  MT  2025  REGIÓN  VIII;CAMIONETA;27963949;26707142;4;6;160242852;No;AUTOMOTRIZ  PORTILLO  SUR  LIMITADA;AUTOMOTRIZ  PORTILLO  SUR  LTDA;76.296.863-0
2239-8-LR23;5802342;Convenio  Marco  de    Adquisición  de  Vehículos;4988-39-CM25;53206403;Orden  de  Compra  generada  por  la  Gran  Compra:  77653;2025-08-11;2025-07-03;2025-07-03;2025-07-18;Recepción  Conforme;77653;69.150.400-K;SECPLAN  MUNICIPALIDAD  DE  CONCEPCION;I  MUNICIPALIDAD  DE  CONCEPCION;O´HIGGINS  525  -  6TO  PISO  SECPLAN;Concepción;I  MUNICIPALIDAD  DE  CONCEPCION;2254865;CAMIONETA  TOYOTA  HILUX  DX  DC  2.4  4X4  MT  2025  REGIÓN  VIII;CAMIONETA;28592353;31210536;-9;6;187263216;No;MARITANO  Y  EBENSPERGER  LTDA;MARITANO  Y  EBENSPERGER  LIMITADA;86.519.000-K
2239-8-LR23;5802342;Convenio  Marco  de    Adquisición  de  Vehículos;4988-39-CM25;53206403;Orden  de  Compra  generada  por  la  Gran  Compra:  77653;2025-08-11;2025-07-03;2025-07-03;2025-07-18;Recepción  Conforme;77653;69.150.400-K;SECPLAN  MUNICIPALIDAD  DE  CONCEPCION;I  MUNICIPALIDAD  DE  CONCEPCION;O´HIGGINS  525  -  6TO  PISO  SECPLAN;Concepción;I  MUNICIPALIDAD  DE  CONCEPCION;2254865;CAMIONETA  TOYOTA  HILUX  DX  DC  2.4  4X4  MT  2025  REGIÓN  VIII;CAMIONETA;28180000;31166807;-11;6;187000848;Si;SALINAS  Y  FABRES  SOCIEDAD  ANONIMA;SALINAS  Y  FABRES  S.  A.;91.502.000-3
2239-12-LR23;5802348;Convenio  Marco  para  la  adquisición  seguros  de  vida  con  adicional  de  salud;558338-4-CM25;53304871;SEGURO  DE  VIDA,  ADICIONAL  DESALUD  Y  CATASTRÓFICO  PARA  AFILIADOS/AS  A  BIENESTAR;2025-08-22;2025-07-28;2025-07-28;2025-08-11;Aceptada;77943;61.702.000-9;Bienestar;SERVICIO  NACIONAL  DE  GEOLOGIA  Y  MINERIA;Avda.  Santa  María  Nº  0180;Santiago;SERVICIO  NACIONAL  DE  GEOLOGIA  Y  MINERIA;2035635;SEGURO  COLECTIVO  DE  VIDA  CON  ADICIONAL  DE  SALUD  Y  CATASTRÓFICO  -  PLAN  1  VALOR  PRIMA  MENSUAL;SEGURO  COLECTIVO  DE  VIDA  CON  ADICIONAL  DE  SALUD  Y  CATASTRÓFICO;1;1;0;6480;6583;Si;BCI  SEGUROS  VIDA  S  A;BCI  Seguros  Vida  S.A;96.573.600-K
2239-8-LR23;5802342;Convenio  Marco  de    Adquisición  de  Vehículos;609-329-CM25;53147010;ADQUISICIÓN  DE  17  VEHÍCULOS  SUV;2025-08-21;2025-06-18;2025-06-18;2025-07-04;Recepción  Conforme;77397;61.307.000-1;Instituto  de  Desarrollo  Agropecuario  -  INDAP;INSTITUTO  DE  DESARROLLO  AGROPECUARIO;Agustinas  1465;Santiago;INSTITUTO  DE  DESARROLLO  AGROPECUARIO;2247466;SUV  SUBARU  CROSSTREK  2.0I  AWD  CVT  AT  2025  REGIÓN  RM;SUV;19320000;19320000;0;17;328440000;Si;AUTOMOTRIZ  CORDILLERA  S.A.;AUTOMOTRIZ  CORDILLERA  S.  A.;79.853.470-K
2239-8-LR23;5802342;Convenio  Marco  de    Adquisición  de  Vehículos;609-329-CM25;53147010;ADQUISICIÓN  DE  17  VEHÍCULOS  SUV;2025-08-21;2025-06-18;2025-06-18;2025-07-04;Recepción  Conforme;77397;61.307.000-1;Instituto  de  Desarrollo  Agropecuario  -  INDAP;INSTITUTO  DE  DESARROLLO  AGROPECUARIO;Agustinas  1465;Santiago;INSTITUTO  DE  DESARROLLO  AGROPECUARIO;4322440;SUV  HYUNDAI  TUCSON  NX4  2.0  4WD  PLUS  FL  AT  2025  REGIÓN  RM;SUV;21786471;23462353;-8;17;398860001;No;MEDITERRANEO  AUTOMOTORES  S  A;MEDITERRANEO  AUTOMOTORES  S.  A.;96.889.440-4
2239-8-LR23;5802342;Convenio  Marco  de    Adquisición  de  Vehículos;609-337-CM25;53175516;ADQUISICIÓN  DE  4  CAMIONETAS  PARA  INDAP;2025-08-21;2025-06-10;2025-06-10;2025-06-25;Recepción  Conforme;77211;61.307.000-1;Instituto  de  Desarrollo  Agropecuario  -  INDAP;INSTITUTO  DE  DESARROLLO  AGROPECUARIO;Agustinas  1465;Santiago;INSTITUTO  DE  DESARROLLO  AGROPECUARIO;2254860;CAMIONETA  TOYOTA  HILUX  DX  DC  2.4  4X4  MT  2025  REGIÓN  IX;CAMIONETA;29220756;27467511;6;4;109870044;Si;MARITANO  Y  EBENSPERGER  LTDA;MARITANO  Y  EBENSPERGER  LIMITADA;86.519.000-K
2239-8-LR23;5802342;Convenio  Marco  de    Adquisición  de  Vehículos;609-337-CM25;53175516;ADQUISICIÓN  DE  4  CAMIONETAS  PARA  INDAP;2025-08-21;2025-06-10;2025-06-10;2025-06-25;Recepción  Conforme;77211;61.307.000-1;Instituto  de  Desarrollo  Agropecuario  -  INDAP;INSTITUTO  DE  DESARROLLO  AGROPECUARIO;Agustinas  1465;Santiago;INSTITUTO  DE  DESARROLLO  AGROPECUARIO;2254724;CAMIONETA  TOYOTA  HILUX  DX  2.4  4X4  MT  2025  REGIÓN  IX;CAMIONETA;28278151;28278151;0;4;113112604;No;AUTOMOTRIZ  PORTILLO  SUR  LIMITADA;AUTOMOTRIZ  PORTILLO  SUR  LTDA;76.296.863-0
2239-8-LR23;5802342;Convenio  Marco  de    Adquisición  de  Vehículos;609-337-CM25;53175516;ADQUISICIÓN  DE  4  CAMIONETAS  PARA  INDAP;2025-08-21;2025-06-10;2025-06-10;2025-06-25;Recepción  Conforme;77211;61.307.000-1;Instituto  de  Desarrollo  Agropecuario  -  INDAP;INSTITUTO  DE  DESARROLLO  AGROPECUARIO;Agustinas  1465;Santiago;INSTITUTO  DE  DESARROLLO  AGROPECUARIO;2254860;CAMIONETA  TOYOTA  HILUX  DX  DC  2.4  4X4  MT  2025  REGIÓN  IX;CAMIONETA;28906554;28592131;1;4;114368524;No;SALINAS  Y  FABRES  SOCIEDAD  ANONIMA;SALINAS  Y  FABRES  S.  A.;91.502.000-3
2239-8-LR23;5802342;Convenio  Marco  de    Adquisición  de  Vehículos;609-337-CM25;53175516;ADQUISICIÓN  DE  4  CAMIONETAS  PARA  INDAP;2025-08-21;2025-06-10;2025-06-10;2025-06-25;Recepción  Conforme;77211;61.307.000-1;Instituto  de  Desarrollo  Agropecuario  -  INDAP;INSTITUTO  DE  DESARROLLO  AGROPECUARIO;Agustinas  1465;Santiago;INSTITUTO  DE  DESARROLLO  AGROPECUARIO;2254724;CAMIONETA  TOYOTA  HILUX  DX  2.4  4X4  MT  2025  REGIÓN  IX;CAMIONETA;29220756;28278151;3;4;113112604;No;MARITANO  Y  EBENSPERGER  LTDA;MARITANO  Y  EBENSPERGER  LIMITADA;86.519.000-K
2239-8-LR23;5802342;Convenio  Marco  de    Adquisición  de  Vehículos;618-405-CM25;53060035;(MPB)  Adquisición  Vía  Convenio  de  Camioneta-  Gran  Compra:  76831;2025-08-26;2025-05-09;2025-05-09;2025-05-26;Aceptada;76831;60.706.000-2;Subgerencia  de  Administración;CORPORACION  DE  FOMENTO  DE  LA  PRODUCCION;Moneda  921,  Oficina  720;Santiago;CORPORACION  DE  FOMENTO  DE  LA  PRODUCCION;2254691;CAMIONETA  TOYOTA  HILUX  DX  2.4  4X2  MT  2025  REGIÓN  RM;CAMIONETA;25304118;1;100;2;2;No;MARITANO  Y  EBENSPERGER  LTDA;MARITANO  Y  EBENSPERGER  LIMITADA;86.519.000-K
2239-8-LR23;5802342;Convenio  Marco  de    Adquisición  de  Vehículos;618-405-CM25;53060035;(MPB)  Adquisición  Vía  Convenio  de  Camioneta-  Gran  Compra:  76831;2025-08-26;2025-05-09;2025-05-09;2025-05-26;Aceptada;76831;60.706.000-2;Subgerencia  de  Administración;CORPORACION  DE  FOMENTO  DE  LA  PRODUCCION;Moneda  921,  Oficina  720;Santiago;CORPORACION  DE  FOMENTO  DE  LA  PRODUCCION;4322976;SUV  TOYOTA  YARIS  CROSS  HÍBRIDO  XI  1.5  CVT  AT  2025  REGIÓN  RM;SUV;18804118;1;100;1;1;No;MARITANO  Y  EBENSPERGER  LTDA;MARITANO  Y  EBENSPERGER  LIMITADA;86.519.000-K
2239-8-LR23;5802342;Convenio  Marco  de    Adquisición  de  Vehículos;618-405-CM25;53060035;(MPB)  Adquisición  Vía  Convenio  de  Camioneta-  Gran  Compra:  76831;2025-08-26;2025-05-09;2025-05-09;2025-05-26;Aceptada;76831;60.706.000-2;Subgerencia  de  Administración;CORPORACION  DE  FOMENTO  DE  LA  PRODUCCION;Moneda  921,  Oficina  720;Santiago;CORPORACION  DE  FOMENTO  DE  LA  PRODUCCION;2253485;MINIBUS  MAXUS  G10  MINIBUS    MINIBUS  9+1  PASAJEROS  2025  REGIÓN  V;MINIBUS;22849900;1;100;1;1;No;MARITANO  Y  EBENSPERGER  LTDA;MARITANO  Y  EBENSPERGER  LIMITADA;86.519.000-K
2239-8-LR23;5802342;Convenio  Marco  de    Adquisición  de  Vehículos;618-405-CM25;53060035;(MPB)  Adquisición  Vía  Convenio  de  Camioneta-  Gran  Compra:  76831;2025-08-26;2025-05-09;2025-05-09;2025-05-26;Aceptada;76831;60.706.000-2;Subgerencia  de  Administración;CORPORACION  DE  FOMENTO  DE  LA  PRODUCCION;Moneda  921,  Oficina  720;Santiago;CORPORACION  DE  FOMENTO  DE  LA  PRODUCCION;2251852;SUV  SUZUKI  GRAND  VITARA  HYBRID  1.5  GLX  4X2  AT  2025  REGIÓN  RM;SUV;18005714;1;100;1;18005714;Si;COMERCIAL  ANFRUNS  Y  COMPANIA  SPA;COMERCIAL  ANFRUNS  Y  COMPAÑÍA  SPA;86.385.500-4
2239-8-LR23;5802342;Convenio  Marco  de    Adquisición  de  Vehículos;618-405-CM25;53060035;(MPB)  Adquisición  Vía  Convenio  de  Camioneta-  Gran  Compra:  76831;2025-08-26;2025-05-09;2025-05-09;2025-05-26;Aceptada;76831;60.706.000-2;Subgerencia  de  Administración;CORPORACION  DE  FOMENTO  DE  LA  PRODUCCION;Moneda  921,  Oficina  720;Santiago;CORPORACION  DE  FOMENTO  DE  LA  PRODUCCION;2245392;CAMIONETA  SSANGYONG    MUSSO  GRAND  LX  2.2TD  6MT  2WD  2025  REGIÓN  RM;CAMIONETA;20691000;20691000;0;2;41382000;No;MARCELO  FRONZA  Y  CIA  LTDA;MARCELO  FRONZA  Y  CIA.  LTDA.;78.098.600-K
2239-8-LR23;5802342;Convenio  Marco  de    Adquisición  de  Vehículos;618-405-CM25;53060035;(MPB)  Adquisición  Vía  Convenio  de  Camioneta-  Gran  Compra:  76831;2025-08-26;2025-05-09;2025-05-09;2025-05-26;Aceptada;76831;60.706.000-2;Subgerencia  de  Administración;CORPORACION  DE  FOMENTO  DE  LA  PRODUCCION;Moneda  921,  Oficina  720;Santiago;CORPORACION  DE  FOMENTO  DE  LA  PRODUCCION;2253484;MINIBUS  MAXUS  G10  MINIBUS    MINIBUS  9+1  PASAJEROS  2025  REGIÓN  RM;MINIBUS;22850000;22850000;0;1;22850000;No;MARCELO  FRONZA  Y  CIA  LTDA;MARCELO  FRONZA  Y  CIA.  LTDA.;78.098.600-K
2239-8-LR23;5802342;Convenio  Marco  de    Adquisición  de  Vehículos;622-417-CM25;53155250;adquisicion  3  vehiculos  para  TGR;2025-08-21;2025-06-26;2025-06-26;2025-07-21;Recepción  Conforme;77507;60.805.000-0;Tesorería  General  de  la  República;TESORERIA  GENERAL  DE  LA  REPUBLICA;Teatinos  20  Oficina  73;Santiago;TESORERIA  GENERAL  DE  LA  REPUBLICA;2238392;CAMIONETA  NISSAN  NAVARA  SE  4X4  MT  2025  REGIÓN  RM;CAMIONETA;28743880;25280000;12;3;75840000;No;SALINAS  Y  FABRES  SOCIEDAD  ANONIMA;SALINAS  Y  FABRES  S.  A.;91.502.000-3
2239-8-LR23;5802342;Convenio  Marco  de    Adquisición  de  Vehículos;622-417-CM25;53155250;adquisicion  3  vehiculos  para  TGR;2025-08-21;2025-06-26;2025-06-26;2025-07-21;Recepción  Conforme;77507;60.805.000-0;Tesorería  General  de  la  República;TESORERIA  GENERAL  DE  LA  REPUBLICA;Teatinos  20  Oficina  73;Santiago;TESORERIA  GENERAL  DE  LA  REPUBLICA;2238392;CAMIONETA  NISSAN  NAVARA  SE  4X4  MT  2025  REGIÓN  RM;CAMIONETA;28590000;24410939;15;3;73232817;No;KOVACS  SPA;KOVACS  SPA;80.522.900-4
2239-8-LR23;5802342;Convenio  Marco  de    Adquisición  de  Vehículos;622-417-CM25;53155250;adquisicion  3  vehiculos  para  TGR;2025-08-21;2025-06-26;2025-06-26;2025-07-21;Recepción  Conforme;77507;60.805.000-0;Tesorería  General  de  la  República;TESORERIA  GENERAL  DE  LA  REPUBLICA;Teatinos  20  Oficina  73;Santiago;TESORERIA  GENERAL  DE  LA  REPUBLICA;2254725;CAMIONETA  TOYOTA  HILUX  DX  2.4  4X4  MT  2025  REGIÓN  RM;CAMIONETA;28592353;28278151;1;3;84834453;No;MARITANO  Y  EBENSPERGER  LTDA;MARITANO  Y  EBENSPERGER  LIMITADA;86.519.000-K
2239-8-LR23;5802342;Convenio  Marco  de    Adquisición  de  Vehículos;622-417-CM25;53155250;adquisicion  3  vehiculos  para  TGR;2025-08-21;2025-06-26;2025-06-26;2025-07-21;Recepción  Conforme;77507;60.805.000-0;Tesorería  General  de  la  República;TESORERIA  GENERAL  DE  LA  REPUBLICA;Teatinos  20  Oficina  73;Santiago;TESORERIA  GENERAL  DE  LA  REPUBLICA;2238392;CAMIONETA  NISSAN  NAVARA  SE  4X4  MT  2025  REGIÓN  RM;CAMIONETA;29353280;24410938;17;3;73232814;No;AUTOMOTRIZ  CORDILLERA  S.A.;AUTOMOTRIZ  CORDILLERA  S.  A.;79.853.470-K
2239-8-LR23;5802342;Convenio  Marco  de    Adquisición  de  Vehículos;622-417-CM25;53155250;adquisicion  3  vehiculos  para  TGR;2025-08-21;2025-06-26;2025-06-26;2025-07-21;Recepción  Conforme;77507;60.805.000-0;Tesorería  General  de  la  República;TESORERIA  GENERAL  DE  LA  REPUBLICA;Teatinos  20  Oficina  73;Santiago;TESORERIA  GENERAL  DE  LA  REPUBLICA;2253331;CAMIONETA  MITSUBISHI  L200  KATANA  XRT  4X4  MT  2025  REGIÓN  RM;CAMIONETA;28791000;28791000;0;3;86373000;No;ASTARA  RETAIL  CHILE  SPA;ASTARA  RETAIL  CHILE  SPA;96.928.530-4
2239-8-LR23;5802342;Convenio  Marco  de    Adquisición  de  Vehículos;622-417-CM25;53155250;adquisicion  3  vehiculos  para  TGR;2025-08-21;2025-06-26;2025-06-26;2025-07-21;Recepción  Conforme;77507;60.805.000-0;Tesorería  General  de  la  República;TESORERIA  GENERAL  DE  LA  REPUBLICA;Teatinos  20  Oficina  73;Santiago;TESORERIA  GENERAL  DE  LA  REPUBLICA;2244338;CAMIONETA  FORD  RANGER  DSL  XL  2.0  4X4  MT  2025  REGIÓN  RM;CAMIONETA;29292900;28971000;1;3;86913000;No;AUTOMOTRIZ  CORDILLERA  S.A.;AUTOMOTRIZ  CORDILLERA  S.  A.;79.853.470-K
2239-8-LR23;5802342;Convenio  Marco  de    Adquisición  de  Vehículos;622-417-CM25;53155250;adquisicion  3  vehiculos  para  TGR;2025-08-21;2025-06-26;2025-06-26;2025-07-21;Recepción  Conforme;77507;60.805.000-0;Tesorería  General  de  la  República;TESORERIA  GENERAL  DE  LA  REPUBLICA;Teatinos  20  Oficina  73;Santiago;TESORERIA  GENERAL  DE  LA  REPUBLICA;2238392;CAMIONETA  NISSAN  NAVARA  SE  4X4  MT  2025  REGIÓN  RM;CAMIONETA;28718750;21368100;26;3;64104300;Si;AUTOMOTRIZ  PORTILLO  SUR  LIMITADA;AUTOMOTRIZ  PORTILLO  SUR  LTDA;76.296.863-0
2239-8-LR23;5802342;Convenio  Marco  de    Adquisición  de  Vehículos;622-417-CM25;53155250;adquisicion  3  vehiculos  para  TGR;2025-08-21;2025-06-26;2025-06-26;2025-07-21;Recepción  Conforme;77507;60.805.000-0;Tesorería  General  de  la  República;TESORERIA  GENERAL  DE  LA  REPUBLICA;Teatinos  20  Oficina  73;Santiago;TESORERIA  GENERAL  DE  LA  REPUBLICA;2253336;CAMIONETA  MITSUBISHI  L200  KATANA  XRT  4X4  MT  2025  REGIÓN  X;CAMIONETA;29110900;28500000;2;3;85500000;No;GUILLERMO  MORALES  LIMITADA;GUILLERMO  MORALES  LIMITADA;96.564.810-0
2239-1-LR24;5802359;CONVENIO  MARCO  PARA  COMPUTADORES  PORTÁTILES  DESKTOP  Y  AIO;654478-473-CM25;53248067;EQUIPAMIENTO  INFORMÁTICO;2025-08-14;2025-06-11;2025-06-11;2025-06-26;Recepción  Conforme;77291;61.980.140-7;Subsecretaría  de  Prevención  del  Delito;SUBSECRETARIA  DE  PREVENCION  DEL  DELITO;;Santiago;SUBSECRETARIA  DE  PREVENCION  DEL  DELITO;2227944;LAPTOP  ASUS  B3404CVA  I7  VPRO  WINDOWS  11  PRO  INTEL  CORE  I7-1370P  VPRO  16  GB  1TB  GAMA  2E;LAPTOP;890;795;11;10;7953;No;ARTEC  INVERSIONES  LIMITADA;ARTEC  INVERSIONES  LTDA;76.416.101-7
2239-1-LR24;5802359;CONVENIO  MARCO  PARA  COMPUTADORES  PORTÁTILES  DESKTOP  Y  AIO;654478-473-CM25;53248067;EQUIPAMIENTO  INFORMÁTICO;2025-08-14;2025-06-11;2025-06-11;2025-06-26;Recepción  Conforme;77291;61.980.140-7;Subsecretaría  de  Prevención  del  Delito;SUBSECRETARIA  DE  PREVENCION  DEL  DELITO;;Santiago;SUBSECRETARIA  DE  PREVENCION  DEL  DELITO;2227926;LAPTOP  LENOVO  THINKBOOK  14  WINDOWS  11  PRO  AMD  RYZEN  5  7530U  16  GB  1  TB  GAMA  2;LAPTOP;529;505;4;10;5054;No;TECHNOSYSTEMS  CHILE  SPA;TECHNOSYSTEMS  CHILE  SPA;96.678.350-8
2239-1-LR24;5802359;CONVENIO  MARCO  PARA  COMPUTADORES  PORTÁTILES  DESKTOP  Y  AIO;654478-473-CM25;53248067;EQUIPAMIENTO  INFORMÁTICO;2025-08-14;2025-06-11;2025-06-11;2025-06-26;Recepción  Conforme;77291;61.980.140-7;Subsecretaría  de  Prevención  del  Delito;SUBSECRETARIA  DE  PREVENCION  DEL  DELITO;;Santiago;SUBSECRETARIA  DE  PREVENCION  DEL  DELITO;2227931;LAPTOP  LENOVO  THINKBOOK  14  WINDOWS  11  PRO  AMD  RYZEN  7  7730U  16  GB  1  TB  GAMA  3;LAPTOP;568;556;2;4;2225;No;TECHNOSYSTEMS  CHILE  SPA;TECHNOSYSTEMS  CHILE  SPA;96.678.350-8
2239-1-LR24;5802359;CONVENIO  MARCO  PARA  COMPUTADORES  PORTÁTILES  DESKTOP  Y  AIO;654478-473-CM25;53248067;EQUIPAMIENTO  INFORMÁTICO;2025-08-14;2025-06-11;2025-06-11;2025-06-26;Recepción  Conforme;77291;61.980.140-7;Subsecretaría  de  Prevención  del  Delito;SUBSECRETARIA  DE  PREVENCION  DEL  DELITO;;Santiago;SUBSECRETARIA  DE  PREVENCION  DEL  DELITO;2227958;ALL  IN  ONE  LENOVO  THINKCENTRE  NEO  50A  24  WINDOWS  11  PRO  INTEL  CORE  I7-13700H  16  GB  1TB  GAMA  3;ALL  IN  ONE;724;691;4;3;2074;No;TECHNOSYSTEMS  CHILE  SPA;TECHNOSYSTEMS  CHILE  SPA;96.678.350-8
2239-1-LR24;5802359;CONVENIO  MARCO  PARA  COMPUTADORES  PORTÁTILES  DESKTOP  Y  AIO;654478-473-CM25;53248067;EQUIPAMIENTO  INFORMÁTICO;2025-08-14;2025-06-11;2025-06-11;2025-06-26;Recepción  Conforme;77291;61.980.140-7;Subsecretaría  de  Prevención  del  Delito;SUBSECRETARIA  DE  PREVENCION  DEL  DELITO;;Santiago;SUBSECRETARIA  DE  PREVENCION  DEL  DELITO;2227958;ALL  IN  ONE  LENOVO  THINKCENTRE  NEO  50A  24  WINDOWS  11  PRO  INTEL  CORE  I7-13700H  16  GB  1TB  GAMA  3;ALL  IN  ONE;717;701;2;3;2104;No;COMERCIALIZADORA  SP  DIGITAL  SPA;COMERCIALIZADORA  SP  DIGITAL  SPA;76.799.430-3
2239-1-LR24;5802359;CONVENIO  MARCO  PARA  COMPUTADORES  PORTÁTILES  DESKTOP  Y  AIO;654478-473-CM25;53248067;EQUIPAMIENTO  INFORMÁTICO;2025-08-14;2025-06-11;2025-06-11;2025-06-26;Recepción  Conforme;77291;61.980.140-7;Subsecretaría  de  Prevención  del  Delito;SUBSECRETARIA  DE  PREVENCION  DEL  DELITO;;Santiago;SUBSECRETARIA  DE  PREVENCION  DEL  DELITO;2227941;LAPTOP  LENOVO  THINKPAD  L14  WINDOWS  11  PRO  AMD  RYZEN  7  PRO  7730U  16  GB  1  TB  GAMA  2E;LAPTOP;770;759;1;10;7592;No;COMERCIALIZADORA  SP  DIGITAL  SPA;COMERCIALIZADORA  SP  DIGITAL  SPA;76.799.430-3
2239-1-LR24;5802359;CONVENIO  MARCO  PARA  COMPUTADORES  PORTÁTILES  DESKTOP  Y  AIO;654478-473-CM25;53248067;EQUIPAMIENTO  INFORMÁTICO;2025-08-14;2025-06-11;2025-06-11;2025-06-26;Recepción  Conforme;77291;61.980.140-7;Subsecretaría  de  Prevención  del  Delito;SUBSECRETARIA  DE  PREVENCION  DEL  DELITO;;Santiago;SUBSECRETARIA  DE  PREVENCION  DEL  DELITO;2227953;ALL  IN  ONE  LENOVO  THINKCENTRE  NEO  50A  24  WINDOWS  11  PRO  INTEL  CORE  I5-13500H  16  GB  1  TB  GAMA  2;ALL  IN  ONE;632;633;0;72;45576;No;INGENIERIA  E  INFORMATICA  ASOCIADA  LIMITADA;INGENIERIA  E  INFORMATICA  ASOCIADA  LIMITADA;79.882.360-4
2239-1-LR24;5802359;CONVENIO  MARCO  PARA  COMPUTADORES  PORTÁTILES  DESKTOP  Y  AIO;654478-473-CM25;53248067;EQUIPAMIENTO  INFORMÁTICO;2025-08-14;2025-06-11;2025-06-11;2025-06-26;Recepción  Conforme;77291;61.980.140-7;Subsecretaría  de  Prevención  del  Delito;SUBSECRETARIA  DE  PREVENCION  DEL  DELITO;;Santiago;SUBSECRETARIA  DE  PREVENCION  DEL  DELITO;2227941;LAPTOP  LENOVO  THINKPAD  L14  WINDOWS  11  PRO  AMD  RYZEN  7  PRO  7730U  16  GB  1  TB  GAMA  2E;LAPTOP;770;739;4;10;7399;Si;BOOKCOMPUTER  COMERCIALIZADORA  SPA;BOOKCOMPUTER  COMERCIALIZADORA  SPA;77.108.316-1
2239-1-LR24;5802359;CONVENIO  MARCO  PARA  COMPUTADORES  PORTÁTILES  DESKTOP  Y  AIO;654478-473-CM25;53248067;EQUIPAMIENTO  INFORMÁTICO;2025-08-14;2025-06-11;2025-06-11;2025-06-26;Recepción  Conforme;77291;61.980.140-7;Subsecretaría  de  Prevención  del  Delito;SUBSECRETARIA  DE  PREVENCION  DEL  DELITO;;Santiago;SUBSECRETARIA  DE  PREVENCION  DEL  DELITO;2227931;LAPTOP  LENOVO  THINKBOOK  14  WINDOWS  11  PRO  AMD  RYZEN  7  7730U  16  GB  1  TB  GAMA  3;LAPTOP;578;568;2;4;2273;No;COMERCIALIZADORA  SP  DIGITAL  SPA;COMERCIALIZADORA  SP  DIGITAL  SPA;76.799.430-3
2239-1-LR24;5802359;CONVENIO  MARCO  PARA  COMPUTADORES  PORTÁTILES  DESKTOP  Y  AIO;654478-473-CM25;53248067;EQUIPAMIENTO  INFORMÁTICO;2025-08-14;2025-06-11;2025-06-11;2025-06-26;Recepción  Conforme;77291;61.980.140-7;Subsecretaría  de  Prevención  del  Delito;SUBSECRETARIA  DE  PREVENCION  DEL  DELITO;;Santiago;SUBSECRETARIA  DE  PREVENCION  DEL  DELITO;2227958;ALL  IN  ONE  LENOVO  THINKCENTRE  NEO  50A  24  WINDOWS  11  PRO  INTEL  CORE  I7-13700H  16  GB  1TB  GAMA  3;ALL  IN  ONE;726;682;6;3;2048;Si;BOOKCOMPUTER  COMERCIALIZADORA  SPA;BOOKCOMPUTER  COMERCIALIZADORA  SPA;77.108.316-1
2239-1-LR24;5802359;CONVENIO  MARCO  PARA  COMPUTADORES  PORTÁTILES  DESKTOP  Y  AIO;654478-473-CM25;53248067;EQUIPAMIENTO  INFORMÁTICO;2025-08-14;2025-06-11;2025-06-11;2025-06-26;Recepción  Conforme;77291;61.980.140-7;Subsecretaría  de  Prevención  del  Delito;SUBSECRETARIA  DE  PREVENCION  DEL  DELITO;;Santiago;SUBSECRETARIA  DE  PREVENCION  DEL  DELITO;4337348;MONITOR  SAMSUNG  24"  S40G  FHD  100HZ  PIVOTEABLE  GAMA  1;MONITOR;94;91;3;50;4594;No;COMERCIALIZADORA  SP  DIGITAL  SPA;COMERCIALIZADORA  SP  DIGITAL  SPA;76.799.430-3
2239-1-LR24;5802359;CONVENIO  MARCO  PARA  COMPUTADORES  PORTÁTILES  DESKTOP  Y  AIO;654478-473-CM25;53248067;EQUIPAMIENTO  INFORMÁTICO;2025-08-14;2025-06-11;2025-06-11;2025-06-26;Recepción  Conforme;77291;61.980.140-7;Subsecretaría  de  Prevención  del  Delito;SUBSECRETARIA  DE  PREVENCION  DEL  DELITO;;Santiago;SUBSECRETARIA  DE  PREVENCION  DEL  DELITO;2227953;ALL  IN  ONE  LENOVO  THINKCENTRE  NEO  50A  24  WINDOWS  11  PRO  INTEL  CORE  I5-13500H  16  GB  1  TB  GAMA  2;ALL  IN  ONE;634;592;7;72;42656;Si;BOOKCOMPUTER  COMERCIALIZADORA  SPA;BOOKCOMPUTER  COMERCIALIZADORA  SPA;77.108.316-1
2239-1-LR24;5802359;CONVENIO  MARCO  PARA  COMPUTADORES  PORTÁTILES  DESKTOP  Y  AIO;654478-473-CM25;53248067;EQUIPAMIENTO  INFORMÁTICO;2025-08-14;2025-06-11;2025-06-11;2025-06-26;Recepción  Conforme;77291;61.980.140-7;Subsecretaría  de  Prevención  del  Delito;SUBSECRETARIA  DE  PREVENCION  DEL  DELITO;;Santiago;SUBSECRETARIA  DE  PREVENCION  DEL  DELITO;2227953;ALL  IN  ONE  LENOVO  THINKCENTRE  NEO  50A  24  WINDOWS  11  PRO  INTEL  CORE  I5-13500H  16  GB  1  TB  GAMA  2;ALL  IN  ONE;632;600;5;72;43210;No;TECHNOSYSTEMS  CHILE  SPA;TECHNOSYSTEMS  CHILE  SPA;96.678.350-8
2239-1-LR24;5802359;CONVENIO  MARCO  PARA  COMPUTADORES  PORTÁTILES  DESKTOP  Y  AIO;654478-473-CM25;53248067;EQUIPAMIENTO  INFORMÁTICO;2025-08-14;2025-06-11;2025-06-11;2025-06-26;Recepción  Conforme;77291;61.980.140-7;Subsecretaría  de  Prevención  del  Delito;SUBSECRETARIA  DE  PREVENCION  DEL  DELITO;;Santiago;SUBSECRETARIA  DE  PREVENCION  DEL  DELITO;2227926;LAPTOP  LENOVO  THINKBOOK  14  WINDOWS  11  PRO  AMD  RYZEN  5  7530U  16  GB  1  TB  GAMA  2;LAPTOP;528;498;6;10;4986;Si;BOOKCOMPUTER  COMERCIALIZADORA  SPA;BOOKCOMPUTER  COMERCIALIZADORA  SPA;77.108.316-1
2239-1-LR24;5802359;CONVENIO  MARCO  PARA  COMPUTADORES  PORTÁTILES  DESKTOP  Y  AIO;654478-473-CM25;53248067;EQUIPAMIENTO  INFORMÁTICO;2025-08-14;2025-06-11;2025-06-11;2025-06-26;Recepción  Conforme;77291;61.980.140-7;Subsecretaría  de  Prevención  del  Delito;SUBSECRETARIA  DE  PREVENCION  DEL  DELITO;;Santiago;SUBSECRETARIA  DE  PREVENCION  DEL  DELITO;2227926;LAPTOP  LENOVO  THINKBOOK  14  WINDOWS  11  PRO  AMD  RYZEN  5  7530U  16  GB  1  TB  GAMA  2;LAPTOP;526;517;2;10;5171;No;COMERCIALIZADORA  SP  DIGITAL  SPA;COMERCIALIZADORA  SP  DIGITAL  SPA;76.799.430-3
2239-1-LR24;5802359;CONVENIO  MARCO  PARA  COMPUTADORES  PORTÁTILES  DESKTOP  Y  AIO;654478-473-CM25;53248067;EQUIPAMIENTO  INFORMÁTICO;2025-08-14;2025-06-11;2025-06-11;2025-06-26;Recepción  Conforme;77291;61.980.140-7;Subsecretaría  de  Prevención  del  Delito;SUBSECRETARIA  DE  PREVENCION  DEL  DELITO;;Santiago;SUBSECRETARIA  DE  PREVENCION  DEL  DELITO;2227931;LAPTOP  LENOVO  THINKBOOK  14  WINDOWS  11  PRO  AMD  RYZEN  7  7730U  16  GB  1  TB  GAMA  3;LAPTOP;579;549;5;4;2196;Si;BOOKCOMPUTER  COMERCIALIZADORA  SPA;BOOKCOMPUTER  COMERCIALIZADORA  SPA;77.108.316-1
2239-1-LR24;5802359;CONVENIO  MARCO  PARA  COMPUTADORES  PORTÁTILES  DESKTOP  Y  AIO;654478-473-CM25;53248067;EQUIPAMIENTO  INFORMÁTICO;2025-08-14;2025-06-11;2025-06-11;2025-06-26;Recepción  Conforme;77291;61.980.140-7;Subsecretaría  de  Prevención  del  Delito;SUBSECRETARIA  DE  PREVENCION  DEL  DELITO;;Santiago;SUBSECRETARIA  DE  PREVENCION  DEL  DELITO;4337348;MONITOR  SAMSUNG  24"  S40G  FHD  100HZ  PIVOTEABLE  GAMA  1;MONITOR;94;90;4;50;4529;Si;BOOKCOMPUTER  COMERCIALIZADORA  SPA;BOOKCOMPUTER  COMERCIALIZADORA  SPA;77.108.316-1
2239-1-LR24;5802359;CONVENIO  MARCO  PARA  COMPUTADORES  PORTÁTILES  DESKTOP  Y  AIO;654478-473-CM25;53248067;EQUIPAMIENTO  INFORMÁTICO;2025-08-14;2025-06-11;2025-06-11;2025-06-26;Recepción  Conforme;77291;61.980.140-7;Subsecretaría  de  Prevención  del  Delito;SUBSECRETARIA  DE  PREVENCION  DEL  DELITO;;Santiago;SUBSECRETARIA  DE  PREVENCION  DEL  DELITO;2227962;ALL  IN  ONE  DELL  OPTIPLEX7410AIOWINDOWS11PROINTELCOREI7-1370016GB1TBGAMA3;ALL  IN  ONE;1029;1029;0;3;3087;No;ESPEX  INGENIERIA  LIMITADA;ESPEX  INGENIERIA  LTDA.;77.683.370-3
2239-1-LR24;5802359;CONVENIO  MARCO  PARA  COMPUTADORES  PORTÁTILES  DESKTOP  Y  AIO;654478-473-CM25;53248067;EQUIPAMIENTO  INFORMÁTICO;2025-08-14;2025-06-11;2025-06-11;2025-06-26;Recepción  Conforme;77291;61.980.140-7;Subsecretaría  de  Prevención  del  Delito;SUBSECRETARIA  DE  PREVENCION  DEL  DELITO;;Santiago;SUBSECRETARIA  DE  PREVENCION  DEL  DELITO;2227953;ALL  IN  ONE  LENOVO  THINKCENTRE  NEO  50A  24  WINDOWS  11  PRO  INTEL  CORE  I5-13500H  16  GB  1  TB  GAMA  2;ALL  IN  ONE;625;610;2;72;43920;No;COMERCIALIZADORA  SP  DIGITAL  SPA;COMERCIALIZADORA  SP  DIGITAL  SPA;76.799.430-3
2239-9-LR22;5800319;Convenio  Marco  de  Artículos  de  Aseo  e  Higiene;707419-131-CM25;53241344;Orden  de  Compra  generada  por  la  Gran  Compra:  76813;2025-08-28;2025-05-08;2025-05-08;2025-05-23;Aceptada;76813;70.574.900-0;Regional  Valparaiso;FUNDACION  EDUCACIONAL  PARA  EL  DESAROLLO  INTEGRAL  DE  LA  NIÑEZ;Calle  7  Norte  Nº  1094;Viña  del  Mar;FUNDACION  EDUCACIONAL  PARA  EL  DESAROLLO  INTEGRAL  DE  LA  NIÑEZ;1888996;BOLSA  DE  BASURA  IMPEKE  MEDIANA  70X90  70  L  ROLLO  X  10  UNIDADES  REGIÓN  V;BOLSA  DE  BASURA;549;540;2;8680;4687200;No;SERVICIOS  INTEGRADOS  SIDAPT  LIMITADA;SERVICIOS  INTEGRADOS  SIDAPT  LIMITADA;76.299.358-9
2239-9-LR22;5800319;Convenio  Marco  de  Artículos  de  Aseo  e  Higiene;707419-131-CM25;53241344;Orden  de  Compra  generada  por  la  Gran  Compra:  76813;2025-08-28;2025-05-08;2025-05-08;2025-05-23;Aceptada;76813;70.574.900-0;Regional  Valparaiso;FUNDACION  EDUCACIONAL  PARA  EL  DESAROLLO  INTEGRAL  DE  LA  NIÑEZ;Calle  7  Norte  Nº  1094;Viña  del  Mar;FUNDACION  EDUCACIONAL  PARA  EL  DESAROLLO  INTEGRAL  DE  LA  NIÑEZ;1896697;CLORO  CONCENTRADO  TREMEX  5%  5000  ML  UNIDAD  REGIÓN  V;CLORO  CONCENTRADO;4017;3500;13;1943;6800500;No;SERVICIOS  INTEGRADOS  SIDAPT  LIMITADA;SERVICIOS  INTEGRADOS  SIDAPT  LIMITADA;76.299.358-9
2239-9-LR22;5800319;Convenio  Marco  de  Artículos  de  Aseo  e  Higiene;707419-131-CM25;53241344;Orden  de  Compra  generada  por  la  Gran  Compra:  76813;2025-08-28;2025-05-08;2025-05-08;2025-05-23;Aceptada;76813;70.574.900-0;Regional  Valparaiso;FUNDACION  EDUCACIONAL  PARA  EL  DESAROLLO  INTEGRAL  DE  LA  NIÑEZ;Calle  7  Norte  Nº  1094;Viña  del  Mar;FUNDACION  EDUCACIONAL  PARA  EL  DESAROLLO  INTEGRAL  DE  LA  NIÑEZ;1888979;BOLSA  DE  BASURA  IMPEKE  GRANDE  80X110  120  L  ROLLO  X  10  UNIDADES  REGIÓN  V;BOLSA  DE  BASURA;900;750;17;5887;4415250;No;SERVICIOS  INTEGRADOS  SIDAPT  LIMITADA;SERVICIOS  INTEGRADOS  SIDAPT  LIMITADA;76.299.358-9
2239-9-LR22;5800319;Convenio  Marco  de  Artículos  de  Aseo  e  Higiene;707419-131-CM25;53241344;Orden  de  Compra  generada  por  la  Gran  Compra:  76813;2025-08-28;2025-05-08;2025-05-08;2025-05-23;Aceptada;76813;70.574.900-0;Regional  Valparaiso;FUNDACION  EDUCACIONAL  PARA  EL  DESAROLLO  INTEGRAL  DE  LA  NIÑEZ;Calle  7  Norte  Nº  1094;Viña  del  Mar;FUNDACION  EDUCACIONAL  PARA  EL  DESAROLLO  INTEGRAL  DE  LA  NIÑEZ;1898363;DESENGRASANTE  COCINA  WINKLER  MULTIUSO  CREMA  ANTIGRASA  750  ML  UNIDAD  REGIÓN  V;DESENGRASANTE  COCINA;1170;890;24;100;89000;No;WINKLER  LIMITADA;WINKLER  LIMITADA;79.722.860-5
2239-9-LR22;5800319;Convenio  Marco  de  Artículos  de  Aseo  e  Higiene;707419-131-CM25;53241344;Orden  de  Compra  generada  por  la  Gran  Compra:  76813;2025-08-28;2025-05-08;2025-05-08;2025-05-23;Aceptada;76813;70.574.900-0;Regional  Valparaiso;FUNDACION  EDUCACIONAL  PARA  EL  DESAROLLO  INTEGRAL  DE  LA  NIÑEZ;Calle  7  Norte  Nº  1094;Viña  del  Mar;FUNDACION  EDUCACIONAL  PARA  EL  DESAROLLO  INTEGRAL  DE  LA  NIÑEZ;1908869;LAVALOZAS  CONCENTRADO  LAVADO  MANUAL  KLAREN  ANTIGRASA  CÍTRICO  5000  ML  UNIDAD  REGIÓN  V;LAVALOZAS  CONCENTRADO  LAVADO  MANUAL;5640;5259;7;50;262950;Si;PROVEEDORES  INTEGRALES  PRISA  S  A;PROVEEDORES  INTEGRALES  PRISA  S  A;96.556.940-5
2239-9-LR22;5800319;Convenio  Marco  de  Artículos  de  Aseo  e  Higiene;707419-131-CM25;53241344;Orden  de  Compra  generada  por  la  Gran  Compra:  76813;2025-08-28;2025-05-08;2025-05-08;2025-05-23;Aceptada;76813;70.574.900-0;Regional  Valparaiso;FUNDACION  EDUCACIONAL  PARA  EL  DESAROLLO  INTEGRAL  DE  LA  NIÑEZ;Calle  7  Norte  Nº  1094;Viña  del  Mar;FUNDACION  EDUCACIONAL  PARA  EL  DESAROLLO  INTEGRAL  DE  LA  NIÑEZ;1887959;BOLSA  DE  BASURA  CLEAN  MEDIANA  70X90  70  L  ROLLO  X  10  UNIDADES  REGIÓN  V;BOLSA  DE  BASURA;660;660;0;8680;5728800;No;CASTILLA  Y  ARAGON  SPA;CASTILLA  Y  ARAGON  SPA;96.989.530-7
2239-9-LR22;5800319;Convenio  Marco  de  Artículos  de  Aseo  e  Higiene;707419-131-CM25;53241344;Orden  de  Compra  generada  por  la  Gran  Compra:  76813;2025-08-28;2025-05-08;2025-05-08;2025-05-23;Aceptada;76813;70.574.900-0;Regional  Valparaiso;FUNDACION  EDUCACIONAL  PARA  EL  DESAROLLO  INTEGRAL  DE  LA  NIÑEZ;Calle  7  Norte  Nº  1094;Viña  del  Mar;FUNDACION  EDUCACIONAL  PARA  EL  DESAROLLO  INTEGRAL  DE  LA  NIÑEZ;1890744;BOLSA  DE  BASURA  WINKLER  MEDIANA  70X90  70  L  ROLLO  X  10  UNIDADES  REGIÓN  IV;BOLSA  DE  BASURA;744;620;17;8680;5381600;No;WINKLER  LIMITADA;WINKLER  LIMITADA;79.722.860-5
2239-9-LR22;5800319;Convenio  Marco  de  Artículos  de  Aseo  e  Higiene;707419-131-CM25;53241344;Orden  de  Compra  generada  por  la  Gran  Compra:  76813;2025-08-28;2025-05-08;2025-05-08;2025-05-23;Aceptada;76813;70.574.900-0;Regional  Valparaiso;FUNDACION  EDUCACIONAL  PARA  EL  DESAROLLO  INTEGRAL  DE  LA  NIÑEZ;Calle  7  Norte  Nº  1094;Viña  del  Mar;FUNDACION  EDUCACIONAL  PARA  EL  DESAROLLO  INTEGRAL  DE  LA  NIÑEZ;1896544;CLORO  CONCENTRADO  IMPEKE  5%  1000  ML  UNIDAD  REGIÓN  V;CLORO  CONCENTRADO;744;744;0;671;499224;No;CASTILLA  Y  ARAGON  SPA;CASTILLA  Y  ARAGON  SPA;96.989.530-7
2239-9-LR22;5800319;Convenio  Marco  de  Artículos  de  Aseo  e  Higiene;707419-131-CM25;53241344;Orden  de  Compra  generada  por  la  Gran  Compra:  76813;2025-08-28;2025-05-08;2025-05-08;2025-05-23;Aceptada;76813;70.574.900-0;Regional  Valparaiso;FUNDACION  EDUCACIONAL  PARA  EL  DESAROLLO  INTEGRAL  DE  LA  NIÑEZ;Calle  7  Norte  Nº  1094;Viña  del  Mar;FUNDACION  EDUCACIONAL  PARA  EL  DESAROLLO  INTEGRAL  DE  LA  NIÑEZ;1887942;BOLSA  DE  BASURA  CLEAN  GRANDE  80X110  120  L  ROLLO  X  10  UNIDADES  REGIÓN  V;BOLSA  DE  BASURA;1047;1045;0;5887;6151915;No;CASTILLA  Y  ARAGON  SPA;CASTILLA  Y  ARAGON  SPA;96.989.530-7
2239-9-LR22;5800319;Convenio  Marco  de  Artículos  de  Aseo  e  Higiene;707419-131-CM25;53241344;Orden  de  Compra  generada  por  la  Gran  Compra:  76813;2025-08-28;2025-05-08;2025-05-08;2025-05-23;Aceptada;76813;70.574.900-0;Regional  Valparaiso;FUNDACION  EDUCACIONAL  PARA  EL  DESAROLLO  INTEGRAL  DE  LA  NIÑEZ;Calle  7  Norte  Nº  1094;Viña  del  Mar;FUNDACION  EDUCACIONAL  PARA  EL  DESAROLLO  INTEGRAL  DE  LA  NIÑEZ;1902222;ESCOBILLÓN  VIRUTEX  USO  INTERIOR  FIBRA  SUAVE  MANGO  METÁLICO  32  CM  UNIDAD  REGIÓN  V;ESCOBILLÓN;1855;1750;6;852;1491000;No;SERVICIOS  INTEGRADOS  SIDAPT  LIMITADA;SERVICIOS  INTEGRADOS  SIDAPT  LIMITADA;76.299.358-9
2239-9-LR22;5800319;Convenio  Marco  de  Artículos  de  Aseo  e  Higiene;707419-131-CM25;53241344;Orden  de  Compra  generada  por  la  Gran  Compra:  76813;2025-08-28;2025-05-08;2025-05-08;2025-05-23;Aceptada;76813;70.574.900-0;Regional  Valparaiso;FUNDACION  EDUCACIONAL  PARA  EL  DESAROLLO  INTEGRAL  DE  LA  NIÑEZ;Calle  7  Norte  Nº  1094;Viña  del  Mar;FUNDACION  EDUCACIONAL  PARA  EL  DESAROLLO  INTEGRAL  DE  LA  NIÑEZ;1902222;ESCOBILLÓN  VIRUTEX  USO  INTERIOR  FIBRA  SUAVE  MANGO  METÁLICO  32  CM  UNIDAD  REGIÓN  V;ESCOBILLÓN;1930;1930;0;852;1644360;No;CASTILLA  Y  ARAGON  SPA;CASTILLA  Y  ARAGON  SPA;96.989.530-7
2239-9-LR22;5800319;Convenio  Marco  de  Artículos  de  Aseo  e  Higiene;707419-131-CM25;53241344;Orden  de  Compra  generada  por  la  Gran  Compra:  76813;2025-08-28;2025-05-08;2025-05-08;2025-05-23;Aceptada;76813;70.574.900-0;Regional  Valparaiso;FUNDACION  EDUCACIONAL  PARA  EL  DESAROLLO  INTEGRAL  DE  LA  NIÑEZ;Calle  7  Norte  Nº  1094;Viña  del  Mar;FUNDACION  EDUCACIONAL  PARA  EL  DESAROLLO  INTEGRAL  DE  LA  NIÑEZ;1888996;BOLSA  DE  BASURA  IMPEKE  MEDIANA  70X90  70  L  ROLLO  X  10  UNIDADES  REGIÓN  V;BOLSA  DE  BASURA;514;424;18;8680;3680320;Si;PROVEEDORES  INTEGRALES  PRISA  S  A;PROVEEDORES  INTEGRALES  PRISA  S  A;96.556.940-5
2239-9-LR22;5800319;Convenio  Marco  de  Artículos  de  Aseo  e  Higiene;707419-131-CM25;53241344;Orden  de  Compra  generada  por  la  Gran  Compra:  76813;2025-08-28;2025-05-08;2025-05-08;2025-05-23;Aceptada;76813;70.574.900-0;Regional  Valparaiso;FUNDACION  EDUCACIONAL  PARA  EL  DESAROLLO  INTEGRAL  DE  LA  NIÑEZ;Calle  7  Norte  Nº  1094;Viña  del  Mar;FUNDACION  EDUCACIONAL  PARA  EL  DESAROLLO  INTEGRAL  DE  LA  NIÑEZ;1889013;BOLSA  DE  BASURA  IMPEKE  PEQUEÑA  50X70  30  L  ROLLO  X  10  UNIDADES  REGIÓN  V;BOLSA  DE  BASURA;321;305;5;6192;1888560;No;MG  PUBLICIDAD  Y  EVENTOS  SPA;MG  PUBLICIDAD  Y  EVENTOS  SPA;76.202.065-3
2239-9-LR22;5800319;Convenio  Marco  de  Artículos  de  Aseo  e  Higiene;707419-131-CM25;53241344;Orden  de  Compra  generada  por  la  Gran  Compra:  76813;2025-08-28;2025-05-08;2025-05-08;2025-05-23;Aceptada;76813;70.574.900-0;Regional  Valparaiso;FUNDACION  EDUCACIONAL  PARA  EL  DESAROLLO  INTEGRAL  DE  LA  NIÑEZ;Calle  7  Norte  Nº  1094;Viña  del  Mar;FUNDACION  EDUCACIONAL  PARA  EL  DESAROLLO  INTEGRAL  DE  LA  NIÑEZ;1896544;CLORO  CONCENTRADO  IMPEKE  5%  1000  ML  UNIDAD  REGIÓN  V;CLORO  CONCENTRADO;831;717;14;671;481107;Si;PROVEEDORES  INTEGRALES  PRISA  S  A;PROVEEDORES  INTEGRALES  PRISA  S  A;96.556.940-5
2239-9-LR22;5800319;Convenio  Marco  de  Artículos  de  Aseo  e  Higiene;707419-131-CM25;53241344;Orden  de  Compra  generada  por  la  Gran  Compra:  76813;2025-08-28;2025-05-08;2025-05-08;2025-05-23;Aceptada;76813;70.574.900-0;Regional  Valparaiso;FUNDACION  EDUCACIONAL  PARA  EL  DESAROLLO  INTEGRAL  DE  LA  NIÑEZ;Calle  7  Norte  Nº  1094;Viña  del  Mar;FUNDACION  EDUCACIONAL  PARA  EL  DESAROLLO  INTEGRAL  DE  LA  NIÑEZ;1887976;BOLSA  DE  BASURA  CLEAN  PEQUEÑA  50X70  30  L  ROLLO  X  10  UNIDADES  REGIÓN  V;BOLSA  DE  BASURA;358;358;0;6192;2216736;No;CASTILLA  Y  ARAGON  SPA;CASTILLA  Y  ARAGON  SPA;96.989.530-7
2239-9-LR22;5800319;Convenio  Marco  de  Artículos  de  Aseo  e  Higiene;707419-131-CM25;53241344;Orden  de  Compra  generada  por  la  Gran  Compra:  76813;2025-08-28;2025-05-08;2025-05-08;2025-05-23;Aceptada;76813;70.574.900-0;Regional  Valparaiso;FUNDACION  EDUCACIONAL  PARA  EL  DESAROLLO  INTEGRAL  DE  LA  NIÑEZ;Calle  7  Norte  Nº  1094;Viña  del  Mar;FUNDACION  EDUCACIONAL  PARA  EL  DESAROLLO  INTEGRAL  DE  LA  NIÑEZ;1890781;BOLSA  DE  BASURA  WINKLER  PEQUEÑA  50X70  30  L  ROLLO  X  10  UNIDADES  REGIÓN  V;BOLSA  DE  BASURA;340;280;18;6192;1733760;No;WINKLER  LIMITADA;WINKLER  LIMITADA;79.722.860-5
2239-9-LR22;5800319;Convenio  Marco  de  Artículos  de  Aseo  e  Higiene;707419-131-CM25;53241344;Orden  de  Compra  generada  por  la  Gran  Compra:  76813;2025-08-28;2025-05-08;2025-05-08;2025-05-23;Aceptada;76813;70.574.900-0;Regional  Valparaiso;FUNDACION  EDUCACIONAL  PARA  EL  DESAROLLO  INTEGRAL  DE  LA  NIÑEZ;Calle  7  Norte  Nº  1094;Viña  del  Mar;FUNDACION  EDUCACIONAL  PARA  EL  DESAROLLO  INTEGRAL  DE  LA  NIÑEZ;1890662;BOLSA  DE  BASURA  WINKLER  CARGA  PESADA  110X120  200  L  ROLLO  X  10  UNIDADES  REGIÓN  V;BOLSA  DE  BASURA;3010;2200;27;765;1683000;No;WINKLER  LIMITADA;WINKLER  LIMITADA;79.722.860-5
2239-9-LR22;5800319;Convenio  Marco  de  Artículos  de  Aseo  e  Higiene;707419-131-CM25;53241344;Orden  de  Compra  generada  por  la  Gran  Compra:  76813;2025-08-28;2025-05-08;2025-05-08;2025-05-23;Aceptada;76813;70.574.900-0;Regional  Valparaiso;FUNDACION  EDUCACIONAL  PARA  EL  DESAROLLO  INTEGRAL  DE  LA  NIÑEZ;Calle  7  Norte  Nº  1094;Viña  del  Mar;FUNDACION  EDUCACIONAL  PARA  EL  DESAROLLO  INTEGRAL  DE  LA  NIÑEZ;1900488;ESCOBILLÓN  AVALCO  ESCOBA  DE  RAMA  EXTERIOR  MANGO  MADERA  UNIDAD  REGIÓN  V;ESCOBILLÓN;6357;4900;23;193;945700;No;MG  PUBLICIDAD  Y  EVENTOS  SPA;MG  PUBLICIDAD  Y  EVENTOS  SPA;76.202.065-3
2239-9-LR22;5800319;Convenio  Marco  de  Artículos  de  Aseo  e  Higiene;707419-131-CM25;53241344;Orden  de  Compra  generada  por  la  Gran  Compra:  76813;2025-08-28;2025-05-08;2025-05-08;2025-05-23;Aceptada;76813;70.574.900-0;Regional  Valparaiso;FUNDACION  EDUCACIONAL  PARA  EL  DESAROLLO  INTEGRAL  DE  LA  NIÑEZ;Calle  7  Norte  Nº  1094;Viña  del  Mar;FUNDACION  EDUCACIONAL  PARA  EL  DESAROLLO  INTEGRAL  DE  LA  NIÑEZ;1902579;ESPONJA  BETTANIN  ACANALADA  C/FIBRA  ABRASIVA  UNIDAD  REGIÓN  V;ESPONJA;113;113;0;300;33900;No;CASTILLA  Y  ARAGON  SPA;CASTILLA  Y  ARAGON  SPA;96.989.530-7
2239-9-LR22;5800319;Convenio  Marco  de  Artículos  de  Aseo  e  Higiene;707419-131-CM25;53241344;Orden  de  Compra  generada  por  la  Gran  Compra:  76813;2025-08-28;2025-05-08;2025-05-08;2025-05-23;Aceptada;76813;70.574.900-0;Regional  Valparaiso;FUNDACION  EDUCACIONAL  PARA  EL  DESAROLLO  INTEGRAL  DE  LA  NIÑEZ;Calle  7  Norte  Nº  1094;Viña  del  Mar;FUNDACION  EDUCACIONAL  PARA  EL  DESAROLLO  INTEGRAL  DE  LA  NIÑEZ;1903106;ESPONJA  FIBRO  CHILE  ANTIBACTERIAL  C/FIBRA  ABRASIVA  UNIDAD  REGIÓN  V;ESPONJA;353;383;-8;300;114900;Si;PROVEEDORES  INTEGRALES  PRISA  S  A;PROVEEDORES  INTEGRALES  PRISA  S  A;96.556.940-5
2239-9-LR22;5800319;Convenio  Marco  de  Artículos  de  Aseo  e  Higiene;707419-131-CM25;53241344;Orden  de  Compra  generada  por  la  Gran  Compra:  76813;2025-08-28;2025-05-08;2025-05-08;2025-05-23;Aceptada;76813;70.574.900-0;Regional  Valparaiso;FUNDACION  EDUCACIONAL  PARA  EL  DESAROLLO  INTEGRAL  DE  LA  NIÑEZ;Calle  7  Norte  Nº  1094;Viña  del  Mar;FUNDACION  EDUCACIONAL  PARA  EL  DESAROLLO  INTEGRAL  DE  LA  NIÑEZ;1909277;LAVALOZAS  CONCENTRADO  LAVADO  MANUAL  TREMEX  ANTIGRASA  CÍTRICO  5000  ML  UNIDAD  REGIÓN  V;LAVALOZAS  CONCENTRADO  LAVADO  MANUAL;6831;6600;3;50;330000;No;SERVICIOS  INTEGRADOS  SIDAPT  LIMITADA;SERVICIOS  INTEGRADOS  SIDAPT  LIMITADA;76.299.358-9
2239-9-LR22;5800319;Convenio  Marco  de  Artículos  de  Aseo  e  Higiene;707419-131-CM25;53241344;Orden  de  Compra  generada  por  la  Gran  Compra:  76813;2025-08-28;2025-05-08;2025-05-08;2025-05-23;Aceptada;76813;70.574.900-0;Regional  Valparaiso;FUNDACION  EDUCACIONAL  PARA  EL  DESAROLLO  INTEGRAL  DE  LA  NIÑEZ;Calle  7  Norte  Nº  1094;Viña  del  Mar;FUNDACION  EDUCACIONAL  PARA  EL  DESAROLLO  INTEGRAL  DE  LA  NIÑEZ;1896765;CLORO  CONCENTRADO  WINKLER  5%  5000  ML  UNIDAD  REGIÓN  V;CLORO  CONCENTRADO;3130;1900;39;1943;3691700;No;WINKLER  LIMITADA;WINKLER  LIMITADA;79.722.860-5
2239-9-LR22;5800319;Convenio  Marco  de  Artículos  de  Aseo  e  Higiene;707419-131-CM25;53241344;Orden  de  Compra  generada  por  la  Gran  Compra:  76813;2025-08-28;2025-05-08;2025-05-08;2025-05-23;Aceptada;76813;70.574.900-0;Regional  Valparaiso;FUNDACION  EDUCACIONAL  PARA  EL  DESAROLLO  INTEGRAL  DE  LA  NIÑEZ;Calle  7  Norte  Nº  1094;Viña  del  Mar;FUNDACION  EDUCACIONAL  PARA  EL  DESAROLLO  INTEGRAL  DE  LA  NIÑEZ;1907135;GUANTES  DE  LIMPIEZA  WINKLER  MULTIUSO  LATEX  TALLA  M  PAR  REGIÓN  V;GUANTES  DE  LIMPIEZA;533;500;6;1442;721000;No;SERVICIOS  INTEGRADOS  SIDAPT  LIMITADA;SERVICIOS  INTEGRADOS  SIDAPT  LIMITADA;76.299.358-9
2239-9-LR22;5800319;Convenio  Marco  de  Artículos  de  Aseo  e  Higiene;707419-131-CM25;53241344;Orden  de  Compra  generada  por  la  Gran  Compra:  76813;2025-08-28;2025-05-08;2025-05-08;2025-05-23;Aceptada;76813;70.574.900-0;Regional  Valparaiso;FUNDACION  EDUCACIONAL  PARA  EL  DESAROLLO  INTEGRAL  DE  LA  NIÑEZ;Calle  7  Norte  Nº  1094;Viña  del  Mar;FUNDACION  EDUCACIONAL  PARA  EL  DESAROLLO  INTEGRAL  DE  LA  NIÑEZ;1896544;CLORO  CONCENTRADO  IMPEKE  5%  1000  ML  UNIDAD  REGIÓN  V;CLORO  CONCENTRADO;744;819;-10;671;549549;No;MG  PUBLICIDAD  Y  EVENTOS  SPA;MG  PUBLICIDAD  Y  EVENTOS  SPA;76.202.065-3
2239-9-LR22;5800319;Convenio  Marco  de  Artículos  de  Aseo  e  Higiene;707419-131-CM25;53241344;Orden  de  Compra  generada  por  la  Gran  Compra:  76813;2025-08-28;2025-05-08;2025-05-08;2025-05-23;Aceptada;76813;70.574.900-0;Regional  Valparaiso;FUNDACION  EDUCACIONAL  PARA  EL  DESAROLLO  INTEGRAL  DE  LA  NIÑEZ;Calle  7  Norte  Nº  1094;Viña  del  Mar;FUNDACION  EDUCACIONAL  PARA  EL  DESAROLLO  INTEGRAL  DE  LA  NIÑEZ;1890695;BOLSA  DE  BASURA  WINKLER  EXTRA  GRANDE  80X120  140  L  ROLLO  X  10  UNIDADES  REGIÓN  RM;BOLSA  DE  BASURA;1488;990;33;5887;5828130;No;WINKLER  LIMITADA;WINKLER  LIMITADA;79.722.860-5
2239-9-LR22;5800319;Convenio  Marco  de  Artículos  de  Aseo  e  Higiene;707419-131-CM25;53241344;Orden  de  Compra  generada  por  la  Gran  Compra:  76813;2025-08-28;2025-05-08;2025-05-08;2025-05-23;Aceptada;76813;70.574.900-0;Regional  Valparaiso;FUNDACION  EDUCACIONAL  PARA  EL  DESAROLLO  INTEGRAL  DE  LA  NIÑEZ;Calle  7  Norte  Nº  1094;Viña  del  Mar;FUNDACION  EDUCACIONAL  PARA  EL  DESAROLLO  INTEGRAL  DE  LA  NIÑEZ;1903888;ESPONJA  WINKLER  ACANALADA  C/FIBRA  ABRASIVA  UNIDAD  REGIÓN  V;ESPONJA;99;100;-1;300;30000;No;MG  PUBLICIDAD  Y  EVENTOS  SPA;MG  PUBLICIDAD  Y  EVENTOS  SPA;76.202.065-3
2239-9-LR22;5800319;Convenio  Marco  de  Artículos  de  Aseo  e  Higiene;707419-131-CM25;53241344;Orden  de  Compra  generada  por  la  Gran  Compra:  76813;2025-08-28;2025-05-08;2025-05-08;2025-05-23;Aceptada;76813;70.574.900-0;Regional  Valparaiso;FUNDACION  EDUCACIONAL  PARA  EL  DESAROLLO  INTEGRAL  DE  LA  NIÑEZ;Calle  7  Norte  Nº  1094;Viña  del  Mar;FUNDACION  EDUCACIONAL  PARA  EL  DESAROLLO  INTEGRAL  DE  LA  NIÑEZ;1906540;GUANTES  DE  LIMPIEZA  IMPEKE  MULTIUSO  GAMUZADO  TALLA  S  PAR  REGIÓN  V;GUANTES  DE  LIMPIEZA;686;567;17;337;191079;Si;PROVEEDORES  INTEGRALES  PRISA  S  A;PROVEEDORES  INTEGRALES  PRISA  S  A;96.556.940-5
2239-9-LR22;5800319;Convenio  Marco  de  Artículos  de  Aseo  e  Higiene;707419-131-CM25;53241344;Orden  de  Compra  generada  por  la  Gran  Compra:  76813;2025-08-28;2025-05-08;2025-05-08;2025-05-23;Aceptada;76813;70.574.900-0;Regional  Valparaiso;FUNDACION  EDUCACIONAL  PARA  EL  DESAROLLO  INTEGRAL  DE  LA  NIÑEZ;Calle  7  Norte  Nº  1094;Viña  del  Mar;FUNDACION  EDUCACIONAL  PARA  EL  DESAROLLO  INTEGRAL  DE  LA  NIÑEZ;1888996;BOLSA  DE  BASURA  IMPEKE  MEDIANA  70X90  70  L  ROLLO  X  10  UNIDADES  REGIÓN  V;BOLSA  DE  BASURA;522;470;10;8680;4079600;No;MG  PUBLICIDAD  Y  EVENTOS  SPA;MG  PUBLICIDAD  Y  EVENTOS  SPA;76.202.065-3
2239-9-LR22;5800319;Convenio  Marco  de  Artículos  de  Aseo  e  Higiene;707419-131-CM25;53241344;Orden  de  Compra  generada  por  la  Gran  Compra:  76813;2025-08-28;2025-05-08;2025-05-08;2025-05-23;Aceptada;76813;70.574.900-0;Regional  Valparaiso;FUNDACION  EDUCACIONAL  PARA  EL  DESAROLLO  INTEGRAL  DE  LA  NIÑEZ;Calle  7  Norte  Nº  1094;Viña  del  Mar;FUNDACION  EDUCACIONAL  PARA  EL  DESAROLLO  INTEGRAL  DE  LA  NIÑEZ;1896697;CLORO  CONCENTRADO  TREMEX  5%  5000  ML  UNIDAD  REGIÓN  V;CLORO  CONCENTRADO;4086;3181;22;1943;6180683;Si;PROVEEDORES  INTEGRALES  PRISA  S  A;PROVEEDORES  INTEGRALES  PRISA  S  A;96.556.940-5
2239-9-LR22;5800319;Convenio  Marco  de  Artículos  de  Aseo  e  Higiene;707419-131-CM25;53241344;Orden  de  Compra  generada  por  la  Gran  Compra:  76813;2025-08-28;2025-05-08;2025-05-08;2025-05-23;Aceptada;76813;70.574.900-0;Regional  Valparaiso;FUNDACION  EDUCACIONAL  PARA  EL  DESAROLLO  INTEGRAL  DE  LA  NIÑEZ;Calle  7  Norte  Nº  1094;Viña  del  Mar;FUNDACION  EDUCACIONAL  PARA  EL  DESAROLLO  INTEGRAL  DE  LA  NIÑEZ;1896697;CLORO  CONCENTRADO  TREMEX  5%  5000  ML  UNIDAD  REGIÓN  V;CLORO  CONCENTRADO;4079;3390;17;1943;6586770;No;MG  PUBLICIDAD  Y  EVENTOS  SPA;MG  PUBLICIDAD  Y  EVENTOS  SPA;76.202.065-3
2239-9-LR22;5800319;Convenio  Marco  de  Artículos  de  Aseo  e  Higiene;707419-131-CM25;53241344;Orden  de  Compra  generada  por  la  Gran  Compra:  76813;2025-08-28;2025-05-08;2025-05-08;2025-05-23;Aceptada;76813;70.574.900-0;Regional  Valparaiso;FUNDACION  EDUCACIONAL  PARA  EL  DESAROLLO  INTEGRAL  DE  LA  NIÑEZ;Calle  7  Norte  Nº  1094;Viña  del  Mar;FUNDACION  EDUCACIONAL  PARA  EL  DESAROLLO  INTEGRAL  DE  LA  NIÑEZ;1896527;CLORO  CONCENTRADO  DOÑA  FRESIA  5%  5000  ML  UNIDAD  REGIÓN  V;CLORO  CONCENTRADO;3314;3314;0;1943;6439102;No;CASTILLA  Y  ARAGON  SPA;CASTILLA  Y  ARAGON  SPA;96.989.530-7
2239-9-LR22;5800319;Convenio  Marco  de  Artículos  de  Aseo  e  Higiene;707419-131-CM25;53241344;Orden  de  Compra  generada  por  la  Gran  Compra:  76813;2025-08-28;2025-05-08;2025-05-08;2025-05-23;Aceptada;76813;70.574.900-0;Regional  Valparaiso;FUNDACION  EDUCACIONAL  PARA  EL  DESAROLLO  INTEGRAL  DE  LA  NIÑEZ;Calle  7  Norte  Nº  1094;Viña  del  Mar;FUNDACION  EDUCACIONAL  PARA  EL  DESAROLLO  INTEGRAL  DE  LA  NIÑEZ;1906489;GUANTES  DE  LIMPIEZA  IMPEKE  MULTIUSO  FLOCADO  TALLA  S  PAR  REGIÓN  V;GUANTES  DE  LIMPIEZA;648;567;12;1442;817614;Si;PROVEEDORES  INTEGRALES  PRISA  S  A;PROVEEDORES  INTEGRALES  PRISA  S  A;96.556.940-5
2239-9-LR22;5800319;Convenio  Marco  de  Artículos  de  Aseo  e  Higiene;707419-131-CM25;53241344;Orden  de  Compra  generada  por  la  Gran  Compra:  76813;2025-08-28;2025-05-08;2025-05-08;2025-05-23;Aceptada;76813;70.574.900-0;Regional  Valparaiso;FUNDACION  EDUCACIONAL  PARA  EL  DESAROLLO  INTEGRAL  DE  LA  NIÑEZ;Calle  7  Norte  Nº  1094;Viña  del  Mar;FUNDACION  EDUCACIONAL  PARA  EL  DESAROLLO  INTEGRAL  DE  LA  NIÑEZ;1903752;ESPONJA  VIRUTEX  ACANALADA  C/FIBRA  ABRASIVA  UNIDAD  REGIÓN  V;ESPONJA;356;350;2;300;105000;No;SERVICIOS  INTEGRADOS  SIDAPT  LIMITADA;SERVICIOS  INTEGRADOS  SIDAPT  LIMITADA;76.299.358-9
2239-9-LR22;5800319;Convenio  Marco  de  Artículos  de  Aseo  e  Higiene;707419-131-CM25;53241344;Orden  de  Compra  generada  por  la  Gran  Compra:  76813;2025-08-28;2025-05-08;2025-05-08;2025-05-23;Aceptada;76813;70.574.900-0;Regional  Valparaiso;FUNDACION  EDUCACIONAL  PARA  EL  DESAROLLO  INTEGRAL  DE  LA  NIÑEZ;Calle  7  Norte  Nº  1094;Viña  del  Mar;FUNDACION  EDUCACIONAL  PARA  EL  DESAROLLO  INTEGRAL  DE  LA  NIÑEZ;1906506;GUANTES  DE  LIMPIEZA  IMPEKE  MULTIUSO  GAMUZADO  TALLA  L  PAR  REGIÓN  V;GUANTES  DE  LIMPIEZA;686;586;15;912;534432;Si;PROVEEDORES  INTEGRALES  PRISA  S  A;PROVEEDORES  INTEGRALES  PRISA  S  A;96.556.940-5
2239-9-LR22;5800319;Convenio  Marco  de  Artículos  de  Aseo  e  Higiene;707419-131-CM25;53241344;Orden  de  Compra  generada  por  la  Gran  Compra:  76813;2025-08-28;2025-05-08;2025-05-08;2025-05-23;Aceptada;76813;70.574.900-0;Regional  Valparaiso;FUNDACION  EDUCACIONAL  PARA  EL  DESAROLLO  INTEGRAL  DE  LA  NIÑEZ;Calle  7  Norte  Nº  1094;Viña  del  Mar;FUNDACION  EDUCACIONAL  PARA  EL  DESAROLLO  INTEGRAL  DE  LA  NIÑEZ;1906880;GUANTES  DE  LIMPIEZA  TRESOR  MULTIUSO  GAMUZADO  TALLA  M  PAR  REGIÓN  V;GUANTES  DE  LIMPIEZA;455;442;3;1442;637364;No;CASTILLA  Y  ARAGON  SPA;CASTILLA  Y  ARAGON  SPA;96.989.530-7
2239-9-LR22;5800319;Convenio  Marco  de  Artículos  de  Aseo  e  Higiene;707419-131-CM25;53241344;Orden  de  Compra  generada  por  la  Gran  Compra:  76813;2025-08-28;2025-05-08;2025-05-08;2025-05-23;Aceptada;76813;70.574.900-0;Regional  Valparaiso;FUNDACION  EDUCACIONAL  PARA  EL  DESAROLLO  INTEGRAL  DE  LA  NIÑEZ;Calle  7  Norte  Nº  1094;Viña  del  Mar;FUNDACION  EDUCACIONAL  PARA  EL  DESAROLLO  INTEGRAL  DE  LA  NIÑEZ;1906897;GUANTES  DE  LIMPIEZA  TRESOR  MULTIUSO  GAMUZADO  TALLA  S  PAR  REGIÓN  V;GUANTES  DE  LIMPIEZA;438;425;3;337;143225;No;CASTILLA  Y  ARAGON  SPA;CASTILLA  Y  ARAGON  SPA;96.989.530-7
2239-9-LR22;5800319;Convenio  Marco  de  Artículos  de  Aseo  e  Higiene;707419-131-CM25;53241344;Orden  de  Compra  generada  por  la  Gran  Compra:  76813;2025-08-28;2025-05-08;2025-05-08;2025-05-23;Aceptada;76813;70.574.900-0;Regional  Valparaiso;FUNDACION  EDUCACIONAL  PARA  EL  DESAROLLO  INTEGRAL  DE  LA  NIÑEZ;Calle  7  Norte  Nº  1094;Viña  del  Mar;FUNDACION  EDUCACIONAL  PARA  EL  DESAROLLO  INTEGRAL  DE  LA  NIÑEZ;1910450;LIMPIADOR  DE  PISOS  IMPEKE  DESINFECTANTE  BIDÓN  4000  ML  UNIDAD  REGIÓN  V;LIMPIADOR  DE  PISOS;2680;3390;-26;50;169500;No;MG  PUBLICIDAD  Y  EVENTOS  SPA;MG  PUBLICIDAD  Y  EVENTOS  SPA;76.202.065-3
2239-9-LR22;5800319;Convenio  Marco  de  Artículos  de  Aseo  e  Higiene;707419-131-CM25;53241344;Orden  de  Compra  generada  por  la  Gran  Compra:  76813;2025-08-28;2025-05-08;2025-05-08;2025-05-23;Aceptada;76813;70.574.900-0;Regional  Valparaiso;FUNDACION  EDUCACIONAL  PARA  EL  DESAROLLO  INTEGRAL  DE  LA  NIÑEZ;Calle  7  Norte  Nº  1094;Viña  del  Mar;FUNDACION  EDUCACIONAL  PARA  EL  DESAROLLO  INTEGRAL  DE  LA  NIÑEZ;1896782;CLORO  CONCENTRADO  WINKLER  6%  1000  ML  UNIDAD  REGIÓN  V;CLORO  CONCENTRADO;862;580;33;671;389180;No;WINKLER  LIMITADA;WINKLER  LIMITADA;79.722.860-5
2239-9-LR22;5800319;Convenio  Marco  de  Artículos  de  Aseo  e  Higiene;707419-131-CM25;53241344;Orden  de  Compra  generada  por  la  Gran  Compra:  76813;2025-08-28;2025-05-08;2025-05-08;2025-05-23;Aceptada;76813;70.574.900-0;Regional  Valparaiso;FUNDACION  EDUCACIONAL  PARA  EL  DESAROLLO  INTEGRAL  DE  LA  NIÑEZ;Calle  7  Norte  Nº  1094;Viña  del  Mar;FUNDACION  EDUCACIONAL  PARA  EL  DESAROLLO  INTEGRAL  DE  LA  NIÑEZ;1927042;TRAPERO  REUTILIZABLE  WINKLER  ABSORVENTE  DOBLE  C/OJAL  50X50  CM  UNIDAD  REGIÓN  V;TRAPERO  REUTILIZABLE;1170;790;32;5726;4523540;No;WINKLER  LIMITADA;WINKLER  LIMITADA;79.722.860-5
2239-9-LR22;5800319;Convenio  Marco  de  Artículos  de  Aseo  e  Higiene;707419-131-CM25;53241344;Orden  de  Compra  generada  por  la  Gran  Compra:  76813;2025-08-28;2025-05-08;2025-05-08;2025-05-23;Aceptada;76813;70.574.900-0;Regional  Valparaiso;FUNDACION  EDUCACIONAL  PARA  EL  DESAROLLO  INTEGRAL  DE  LA  NIÑEZ;Calle  7  Norte  Nº  1094;Viña  del  Mar;FUNDACION  EDUCACIONAL  PARA  EL  DESAROLLO  INTEGRAL  DE  LA  NIÑEZ;1897343;DESENGRASANTE  COCINA  AVALCO  MULTIUSO  CREMA  ANTIGRASA  750  ML  UNIDAD  REGIÓN  V;DESENGRASANTE  COCINA;1177;2314;-97;100;231400;No;COMERCIAL  ETHOS  S  A;COMERCIAL  ETHOS  S.  A.;78.583.750-9
2239-9-LR22;5800319;Convenio  Marco  de  Artículos  de  Aseo  e  Higiene;707419-131-CM25;53241344;Orden  de  Compra  generada  por  la  Gran  Compra:  76813;2025-08-28;2025-05-08;2025-05-08;2025-05-23;Aceptada;76813;70.574.900-0;Regional  Valparaiso;FUNDACION  EDUCACIONAL  PARA  EL  DESAROLLO  INTEGRAL  DE  LA  NIÑEZ;Calle  7  Norte  Nº  1094;Viña  del  Mar;FUNDACION  EDUCACIONAL  PARA  EL  DESAROLLO  INTEGRAL  DE  LA  NIÑEZ;1906863;GUANTES  DE  LIMPIEZA  TRESOR  MULTIUSO  GAMUZADO  TALLA  L  PAR  REGIÓN  V;GUANTES  DE  LIMPIEZA;455;442;3;912;403104;No;CASTILLA  Y  ARAGON  SPA;CASTILLA  Y  ARAGON  SPA;96.989.530-7
2239-9-LR22;5800319;Convenio  Marco  de  Artículos  de  Aseo  e  Higiene;707419-131-CM25;53241344;Orden  de  Compra  generada  por  la  Gran  Compra:  76813;2025-08-28;2025-05-08;2025-05-08;2025-05-23;Aceptada;76813;70.574.900-0;Regional  Valparaiso;FUNDACION  EDUCACIONAL  PARA  EL  DESAROLLO  INTEGRAL  DE  LA  NIÑEZ;Calle  7  Norte  Nº  1094;Viña  del  Mar;FUNDACION  EDUCACIONAL  PARA  EL  DESAROLLO  INTEGRAL  DE  LA  NIÑEZ;1910450;LIMPIADOR  DE  PISOS  IMPEKE  DESINFECTANTE  BIDÓN  4000  ML  UNIDAD  REGIÓN  V;LIMPIADOR  DE  PISOS;2491;2350;6;50;117500;No;SERVICIOS  INTEGRADOS  SIDAPT  LIMITADA;SERVICIOS  INTEGRADOS  SIDAPT  LIMITADA;76.299.358-9
2239-9-LR22;5800319;Convenio  Marco  de  Artículos  de  Aseo  e  Higiene;707419-131-CM25;53241344;Orden  de  Compra  generada  por  la  Gran  Compra:  76813;2025-08-28;2025-05-08;2025-05-08;2025-05-23;Aceptada;76813;70.574.900-0;Regional  Valparaiso;FUNDACION  EDUCACIONAL  PARA  EL  DESAROLLO  INTEGRAL  DE  LA  NIÑEZ;Calle  7  Norte  Nº  1094;Viña  del  Mar;FUNDACION  EDUCACIONAL  PARA  EL  DESAROLLO  INTEGRAL  DE  LA  NIÑEZ;1918236;PAÑO  ABSORBENTE  MULTIUSO  VIRUTEX  ALGODÓN  40X35  CM  UNIDAD  REGIÓN  V;PAÑO  ABSORBENTE  MULTIUSO;330;327;1;500;163500;No;MG  PUBLICIDAD  Y  EVENTOS  SPA;MG  PUBLICIDAD  Y  EVENTOS  SPA;76.202.065-3
2239-9-LR22;5800319;Convenio  Marco  de  Artículos  de  Aseo  e  Higiene;707419-131-CM25;53241344;Orden  de  Compra  generada  por  la  Gran  Compra:  76813;2025-08-28;2025-05-08;2025-05-08;2025-05-23;Aceptada;76813;70.574.900-0;Regional  Valparaiso;FUNDACION  EDUCACIONAL  PARA  EL  DESAROLLO  INTEGRAL  DE  LA  NIÑEZ;Calle  7  Norte  Nº  1094;Viña  del  Mar;FUNDACION  EDUCACIONAL  PARA  EL  DESAROLLO  INTEGRAL  DE  LA  NIÑEZ;1889013;BOLSA  DE  BASURA  IMPEKE  PEQUEÑA  50X70  30  L  ROLLO  X  10  UNIDADES  REGIÓN  V;BOLSA  DE  BASURA;287;276;4;6192;1708992;No;SERVICIOS  INTEGRADOS  SIDAPT  LIMITADA;SERVICIOS  INTEGRADOS  SIDAPT  LIMITADA;76.299.358-9
2239-9-LR22;5800319;Convenio  Marco  de  Artículos  de  Aseo  e  Higiene;707419-131-CM25;53241344;Orden  de  Compra  generada  por  la  Gran  Compra:  76813;2025-08-28;2025-05-08;2025-05-08;2025-05-23;Aceptada;76813;70.574.900-0;Regional  Valparaiso;FUNDACION  EDUCACIONAL  PARA  EL  DESAROLLO  INTEGRAL  DE  LA  NIÑEZ;Calle  7  Norte  Nº  1094;Viña  del  Mar;FUNDACION  EDUCACIONAL  PARA  EL  DESAROLLO  INTEGRAL  DE  LA  NIÑEZ;1906965;GUANTES  DE  LIMPIEZA  WINKLER  MULTIUSO  AFELPADO  TALLA  L  PAR  REGIÓN  V;GUANTES  DE  LIMPIEZA;465;340;27;912;310080;No;WINKLER  LIMITADA;WINKLER  LIMITADA;79.722.860-5
2239-9-LR22;5800319;Convenio  Marco  de  Artículos  de  Aseo  e  Higiene;707419-131-CM25;53241344;Orden  de  Compra  generada  por  la  Gran  Compra:  76813;2025-08-28;2025-05-08;2025-05-08;2025-05-23;Aceptada;76813;70.574.900-0;Regional  Valparaiso;FUNDACION  EDUCACIONAL  PARA  EL  DESAROLLO  INTEGRAL  DE  LA  NIÑEZ;Calle  7  Norte  Nº  1094;Viña  del  Mar;FUNDACION  EDUCACIONAL  PARA  EL  DESAROLLO  INTEGRAL  DE  LA  NIÑEZ;1900488;ESCOBILLÓN  AVALCO  ESCOBA  DE  RAMA  EXTERIOR  MANGO  MADERA  UNIDAD  REGIÓN  V;ESCOBILLÓN;5868;5800;1;193;1119400;No;SERVICIOS  INTEGRADOS  SIDAPT  LIMITADA;SERVICIOS  INTEGRADOS  SIDAPT  LIMITADA;76.299.358-9
2239-9-LR22;5800319;Convenio  Marco  de  Artículos  de  Aseo  e  Higiene;707419-131-CM25;53241344;Orden  de  Compra  generada  por  la  Gran  Compra:  76813;2025-08-28;2025-05-08;2025-05-08;2025-05-23;Aceptada;76813;70.574.900-0;Regional  Valparaiso;FUNDACION  EDUCACIONAL  PARA  EL  DESAROLLO  INTEGRAL  DE  LA  NIÑEZ;Calle  7  Norte  Nº  1094;Viña  del  Mar;FUNDACION  EDUCACIONAL  PARA  EL  DESAROLLO  INTEGRAL  DE  LA  NIÑEZ;1896544;CLORO  CONCENTRADO  IMPEKE  5%  1000  ML  UNIDAD  REGIÓN  V;CLORO  CONCENTRADO;714;700;2;671;469700;No;SERVICIOS  INTEGRADOS  SIDAPT  LIMITADA;SERVICIOS  INTEGRADOS  SIDAPT  LIMITADA;76.299.358-9
2239-9-LR22;5800319;Convenio  Marco  de  Artículos  de  Aseo  e  Higiene;707419-131-CM25;53241344;Orden  de  Compra  generada  por  la  Gran  Compra:  76813;2025-08-28;2025-05-08;2025-05-08;2025-05-23;Aceptada;76813;70.574.900-0;Regional  Valparaiso;FUNDACION  EDUCACIONAL  PARA  EL  DESAROLLO  INTEGRAL  DE  LA  NIÑEZ;Calle  7  Norte  Nº  1094;Viña  del  Mar;FUNDACION  EDUCACIONAL  PARA  EL  DESAROLLO  INTEGRAL  DE  LA  NIÑEZ;1906982;GUANTES  DE  LIMPIEZA  WINKLER  MULTIUSO  AFELPADO  TALLA  M  PAR  REGIÓN  V;GUANTES  DE  LIMPIEZA;465;340;27;1442;490280;No;WINKLER  LIMITADA;WINKLER  LIMITADA;79.722.860-5
2239-9-LR22;5800319;Convenio  Marco  de  Artículos  de  Aseo  e  Higiene;707419-131-CM25;53241344;Orden  de  Compra  generada  por  la  Gran  Compra:  76813;2025-08-28;2025-05-08;2025-05-08;2025-05-23;Aceptada;76813;70.574.900-0;Regional  Valparaiso;FUNDACION  EDUCACIONAL  PARA  EL  DESAROLLO  INTEGRAL  DE  LA  NIÑEZ;Calle  7  Norte  Nº  1094;Viña  del  Mar;FUNDACION  EDUCACIONAL  PARA  EL  DESAROLLO  INTEGRAL  DE  LA  NIÑEZ;1907118;GUANTES  DE  LIMPIEZA  WINKLER  MULTIUSO  LATEX  TALLA  L  PAR  REGIÓN  V;GUANTES  DE  LIMPIEZA;708;500;29;912;456000;No;SERVICIOS  INTEGRADOS  SIDAPT  LIMITADA;SERVICIOS  INTEGRADOS  SIDAPT  LIMITADA;76.299.358-9
2239-9-LR22;5800319;Convenio  Marco  de  Artículos  de  Aseo  e  Higiene;707419-131-CM25;53241344;Orden  de  Compra  generada  por  la  Gran  Compra:  76813;2025-08-28;2025-05-08;2025-05-08;2025-05-23;Aceptada;76813;70.574.900-0;Regional  Valparaiso;FUNDACION  EDUCACIONAL  PARA  EL  DESAROLLO  INTEGRAL  DE  LA  NIÑEZ;Calle  7  Norte  Nº  1094;Viña  del  Mar;FUNDACION  EDUCACIONAL  PARA  EL  DESAROLLO  INTEGRAL  DE  LA  NIÑEZ;1911249;LIMPIADOR  DE  PISOS  VIRUTEX  DESINFECTANTE  BIDÓN  4000  ML  UNIDAD  REGIÓN  V;LIMPIADOR  DE  PISOS;4031;3399;16;50;169950;Si;PROVEEDORES  INTEGRALES  PRISA  S  A;PROVEEDORES  INTEGRALES  PRISA  S  A;96.556.940-5
2239-9-LR22;5800319;Convenio  Marco  de  Artículos  de  Aseo  e  Higiene;707419-131-CM25;53241344;Orden  de  Compra  generada  por  la  Gran  Compra:  76813;2025-08-28;2025-05-08;2025-05-08;2025-05-23;Aceptada;76813;70.574.900-0;Regional  Valparaiso;FUNDACION  EDUCACIONAL  PARA  EL  DESAROLLO  INTEGRAL  DE  LA  NIÑEZ;Calle  7  Norte  Nº  1094;Viña  del  Mar;FUNDACION  EDUCACIONAL  PARA  EL  DESAROLLO  INTEGRAL  DE  LA  NIÑEZ;1918678;PAÑO  ABSORBENTE  MULTIUSO  WINKLER  RESISTENTE  AL  CLORO  PAQUETE  DE  UNIDAD  REGIÓN  V;PAÑO  ABSORBENTE  MULTIUSO;191;140;27;6984;977760;No;MG  PUBLICIDAD  Y  EVENTOS  SPA;MG  PUBLICIDAD  Y  EVENTOS  SPA;76.202.065-3
2239-9-LR22;5800319;Convenio  Marco  de  Artículos  de  Aseo  e  Higiene;707419-131-CM25;53241344;Orden  de  Compra  generada  por  la  Gran  Compra:  76813;2025-08-28;2025-05-08;2025-05-08;2025-05-23;Aceptada;76813;70.574.900-0;Regional  Valparaiso;FUNDACION  EDUCACIONAL  PARA  EL  DESAROLLO  INTEGRAL  DE  LA  NIÑEZ;Calle  7  Norte  Nº  1094;Viña  del  Mar;FUNDACION  EDUCACIONAL  PARA  EL  DESAROLLO  INTEGRAL  DE  LA  NIÑEZ;1909005;LAVALOZAS  CONCENTRADO  LAVADO  MANUAL  MR  ROB  ANTIGRASA  CÍTRICO  5000  ML  UNIDAD  REGIÓN  V;LAVALOZAS  CONCENTRADO  LAVADO  MANUAL;3234;3225;0;50;161250;No;CASTILLA  Y  ARAGON  SPA;CASTILLA  Y  ARAGON  SPA;96.989.530-7
2239-9-LR22;5800319;Convenio  Marco  de  Artículos  de  Aseo  e  Higiene;707419-131-CM25;53241344;Orden  de  Compra  generada  por  la  Gran  Compra:  76813;2025-08-28;2025-05-08;2025-05-08;2025-05-23;Aceptada;76813;70.574.900-0;Regional  Valparaiso;FUNDACION  EDUCACIONAL  PARA  EL  DESAROLLO  INTEGRAL  DE  LA  NIÑEZ;Calle  7  Norte  Nº  1094;Viña  del  Mar;FUNDACION  EDUCACIONAL  PARA  EL  DESAROLLO  INTEGRAL  DE  LA  NIÑEZ;1921687;PAPEL  HIGIÉNICO  TECNOROLL  ALTO  METRAJE  HOJA  SIMPLE  4  ROLLOS  500  M  1  PAQUETE  REGIÓN  V;PAPEL  HIGIÉNICO;7423;7423;0;2551;18936073;No;COMERCIAL  ETHOS  S  A;COMERCIAL  ETHOS  S.  A.;78.583.750-9
2239-9-LR22;5800319;Convenio  Marco  de  Artículos  de  Aseo  e  Higiene;707419-131-CM25;53241344;Orden  de  Compra  generada  por  la  Gran  Compra:  76813;2025-08-28;2025-05-08;2025-05-08;2025-05-23;Aceptada;76813;70.574.900-0;Regional  Valparaiso;FUNDACION  EDUCACIONAL  PARA  EL  DESAROLLO  INTEGRAL  DE  LA  NIÑEZ;Calle  7  Norte  Nº  1094;Viña  del  Mar;FUNDACION  EDUCACIONAL  PARA  EL  DESAROLLO  INTEGRAL  DE  LA  NIÑEZ;1901355;ESCOBILLÓN  KLEINE  WOLKE  ESCOBA  DE  RAMA  EXTERIOR  MANGO  MADERA  UNIDAD  REGIÓN  V;ESCOBILLÓN;7322;7322;0;193;1413146;Si;PROVEEDORES  INTEGRALES  PRISA  S  A;PROVEEDORES  INTEGRALES  PRISA  S  A;96.556.940-5
2239-9-LR22;5800319;Convenio  Marco  de  Artículos  de  Aseo  e  Higiene;707419-131-CM25;53241344;Orden  de  Compra  generada  por  la  Gran  Compra:  76813;2025-08-28;2025-05-08;2025-05-08;2025-05-23;Aceptada;76813;70.574.900-0;Regional  Valparaiso;FUNDACION  EDUCACIONAL  PARA  EL  DESAROLLO  INTEGRAL  DE  LA  NIÑEZ;Calle  7  Norte  Nº  1094;Viña  del  Mar;FUNDACION  EDUCACIONAL  PARA  EL  DESAROLLO  INTEGRAL  DE  LA  NIÑEZ;1927110;TRAPERO  REUTILIZABLE  WINKLER  ALGODÓN  SIMPLE  C/OJAL  50X50  CM  UNIDAD  REGIÓN  V;TRAPERO  REUTILIZABLE;816;500;39;5726;2863000;No;MG  PUBLICIDAD  Y  EVENTOS  SPA;MG  PUBLICIDAD  Y  EVENTOS  SPA;76.202.065-3
2239-9-LR22;5800319;Convenio  Marco  de  Artículos  de  Aseo  e  Higiene;707419-131-CM25;53241344;Orden  de  Compra  generada  por  la  Gran  Compra:  76813;2025-08-28;2025-05-08;2025-05-08;2025-05-23;Aceptada;76813;70.574.900-0;Regional  Valparaiso;FUNDACION  EDUCACIONAL  PARA  EL  DESAROLLO  INTEGRAL  DE  LA  NIÑEZ;Calle  7  Norte  Nº  1094;Viña  del  Mar;FUNDACION  EDUCACIONAL  PARA  EL  DESAROLLO  INTEGRAL  DE  LA  NIÑEZ;1907101;GUANTES  DE  LIMPIEZA  WINKLER  MULTIUSO  GAMUZADO  TALLA  S  PAR  REGIÓN  V;GUANTES  DE  LIMPIEZA;635;490;23;337;165130;No;MG  PUBLICIDAD  Y  EVENTOS  SPA;MG  PUBLICIDAD  Y  EVENTOS  SPA;76.202.065-3
2239-9-LR22;5800319;Convenio  Marco  de  Artículos  de  Aseo  e  Higiene;707419-131-CM25;53241344;Orden  de  Compra  generada  por  la  Gran  Compra:  76813;2025-08-28;2025-05-08;2025-05-08;2025-05-23;Aceptada;76813;70.574.900-0;Regional  Valparaiso;FUNDACION  EDUCACIONAL  PARA  EL  DESAROLLO  INTEGRAL  DE  LA  NIÑEZ;Calle  7  Norte  Nº  1094;Viña  del  Mar;FUNDACION  EDUCACIONAL  PARA  EL  DESAROLLO  INTEGRAL  DE  LA  NIÑEZ;1918372;PAÑO  ABSORBENTE  MULTIUSO  VIRUTEX  PRO  ALGODÓN  40X35  CM  UNIDAD  REGIÓN  V;PAÑO  ABSORBENTE  MULTIUSO;306;270;12;500;135000;Si;PROVEEDORES  INTEGRALES  PRISA  S  A;PROVEEDORES  INTEGRALES  PRISA  S  A;96.556.940-5
2239-9-LR22;5800319;Convenio  Marco  de  Artículos  de  Aseo  e  Higiene;707419-131-CM25;53241344;Orden  de  Compra  generada  por  la  Gran  Compra:  76813;2025-08-28;2025-05-08;2025-05-08;2025-05-23;Aceptada;76813;70.574.900-0;Regional  Valparaiso;FUNDACION  EDUCACIONAL  PARA  EL  DESAROLLO  INTEGRAL  DE  LA  NIÑEZ;Calle  7  Norte  Nº  1094;Viña  del  Mar;FUNDACION  EDUCACIONAL  PARA  EL  DESAROLLO  INTEGRAL  DE  LA  NIÑEZ;1926753;TRAPERO  REUTILIZABLE  VIRGINIA  DESINFECTANTE  C/  OJAL  40X60  CM  PAQUETE  10  UNIDADES  REGIÓN  V;TRAPERO  REUTILIZABLE;2315;1890;18;10;18900;No;MG  PUBLICIDAD  Y  EVENTOS  SPA;MG  PUBLICIDAD  Y  EVENTOS  SPA;76.202.065-3
2239-9-LR22;5800319;Convenio  Marco  de  Artículos  de  Aseo  e  Higiene;707419-131-CM25;53241344;Orden  de  Compra  generada  por  la  Gran  Compra:  76813;2025-08-28;2025-05-08;2025-05-08;2025-05-23;Aceptada;76813;70.574.900-0;Regional  Valparaiso;FUNDACION  EDUCACIONAL  PARA  EL  DESAROLLO  INTEGRAL  DE  LA  NIÑEZ;Calle  7  Norte  Nº  1094;Viña  del  Mar;FUNDACION  EDUCACIONAL  PARA  EL  DESAROLLO  INTEGRAL  DE  LA  NIÑEZ;1922792;SERVILLETAS  DESECHABLES  CINCUS  MESA  TRIPLE  HOJA  50  UNIDADES  1  PAQUETE  REGIÓN  V;SERVILLETAS  DESECHABLES;3512;3512;0;50;175600;No;CASTILLA  Y  ARAGON  SPA;CASTILLA  Y  ARAGON  SPA;96.989.530-7
2239-9-LR22;5800319;Convenio  Marco  de  Artículos  de  Aseo  e  Higiene;707419-131-CM25;53241344;Orden  de  Compra  generada  por  la  Gran  Compra:  76813;2025-08-28;2025-05-08;2025-05-08;2025-05-23;Aceptada;76813;70.574.900-0;Regional  Valparaiso;FUNDACION  EDUCACIONAL  PARA  EL  DESAROLLO  INTEGRAL  DE  LA  NIÑEZ;Calle  7  Norte  Nº  1094;Viña  del  Mar;FUNDACION  EDUCACIONAL  PARA  EL  DESAROLLO  INTEGRAL  DE  LA  NIÑEZ;1889013;BOLSA  DE  BASURA  IMPEKE  PEQUEÑA  50X70  30  L  ROLLO  X  10  UNIDADES  REGIÓN  V;BOLSA  DE  BASURA;320;270;16;6192;1671840;Si;PROVEEDORES  INTEGRALES  PRISA  S  A;PROVEEDORES  INTEGRALES  PRISA  S  A;96.556.940-5
2239-9-LR22;5800319;Convenio  Marco  de  Artículos  de  Aseo  e  Higiene;707419-131-CM25;53241344;Orden  de  Compra  generada  por  la  Gran  Compra:  76813;2025-08-28;2025-05-08;2025-05-08;2025-05-23;Aceptada;76813;70.574.900-0;Regional  Valparaiso;FUNDACION  EDUCACIONAL  PARA  EL  DESAROLLO  INTEGRAL  DE  LA  NIÑEZ;Calle  7  Norte  Nº  1094;Viña  del  Mar;FUNDACION  EDUCACIONAL  PARA  EL  DESAROLLO  INTEGRAL  DE  LA  NIÑEZ;1913612;PALA  DE  ASEO  VIRUTEX  PRO  PLÁSTICA  MANGO  LARGO  100  CM  UNIDAD  REGIÓN  V;PALA  DE  ASEO;2146;1800;16;301;541800;No;SERVICIOS  INTEGRADOS  SIDAPT  LIMITADA;SERVICIOS  INTEGRADOS  SIDAPT  LIMITADA;76.299.358-9
2239-9-LR22;5800319;Convenio  Marco  de  Artículos  de  Aseo  e  Higiene;707419-131-CM25;53241344;Orden  de  Compra  generada  por  la  Gran  Compra:  76813;2025-08-28;2025-05-08;2025-05-08;2025-05-23;Aceptada;76813;70.574.900-0;Regional  Valparaiso;FUNDACION  EDUCACIONAL  PARA  EL  DESAROLLO  INTEGRAL  DE  LA  NIÑEZ;Calle  7  Norte  Nº  1094;Viña  del  Mar;FUNDACION  EDUCACIONAL  PARA  EL  DESAROLLO  INTEGRAL  DE  LA  NIÑEZ;1902596;ESPONJA  BETTANIN  ANATÓMICA  C/FIBRA  ABRASIVA  UNIDAD  REGIÓN  V;ESPONJA;118;90;24;300;27000;No;WINKLER  LIMITADA;WINKLER  LIMITADA;79.722.860-5
2239-9-LR22;5800319;Convenio  Marco  de  Artículos  de  Aseo  e  Higiene;707419-131-CM25;53241344;Orden  de  Compra  generada  por  la  Gran  Compra:  76813;2025-08-28;2025-05-08;2025-05-08;2025-05-23;Aceptada;76813;70.574.900-0;Regional  Valparaiso;FUNDACION  EDUCACIONAL  PARA  EL  DESAROLLO  INTEGRAL  DE  LA  NIÑEZ;Calle  7  Norte  Nº  1094;Viña  del  Mar;FUNDACION  EDUCACIONAL  PARA  EL  DESAROLLO  INTEGRAL  DE  LA  NIÑEZ;1900947;ESCOBILLÓN  ESCOFIBRA  ESCOBA  DE  RAMA  EXTERIOR  MANGO  MADERA  UNIDAD  REGIÓN  V;ESCOBILLÓN;4311;4300;0;193;829900;No;CASTILLA  Y  ARAGON  SPA;CASTILLA  Y  ARAGON  SPA;96.989.530-7
2239-9-LR22;5800319;Convenio  Marco  de  Artículos  de  Aseo  e  Higiene;707419-131-CM25;53241344;Orden  de  Compra  generada  por  la  Gran  Compra:  76813;2025-08-28;2025-05-08;2025-05-08;2025-05-23;Aceptada;76813;70.574.900-0;Regional  Valparaiso;FUNDACION  EDUCACIONAL  PARA  EL  DESAROLLO  INTEGRAL  DE  LA  NIÑEZ;Calle  7  Norte  Nº  1094;Viña  del  Mar;FUNDACION  EDUCACIONAL  PARA  EL  DESAROLLO  INTEGRAL  DE  LA  NIÑEZ;1908869;LAVALOZAS  CONCENTRADO  LAVADO  MANUAL  KLAREN  ANTIGRASA  CÍTRICO  5000  ML  UNIDAD  REGIÓN  V;LAVALOZAS  CONCENTRADO  LAVADO  MANUAL;5638;6570;-17;50;328500;No;COMERCIAL  ETHOS  S  A;COMERCIAL  ETHOS  S.  A.;78.583.750-9
2239-9-LR22;5800319;Convenio  Marco  de  Artículos  de  Aseo  e  Higiene;707419-131-CM25;53241344;Orden  de  Compra  generada  por  la  Gran  Compra:  76813;2025-08-28;2025-05-08;2025-05-08;2025-05-23;Aceptada;76813;70.574.900-0;Regional  Valparaiso;FUNDACION  EDUCACIONAL  PARA  EL  DESAROLLO  INTEGRAL  DE  LA  NIÑEZ;Calle  7  Norte  Nº  1094;Viña  del  Mar;FUNDACION  EDUCACIONAL  PARA  EL  DESAROLLO  INTEGRAL  DE  LA  NIÑEZ;1913663;PALA  DE  ASEO  VIRUTEX  PRO  PLÁSTICA  MANGO  LARGO  83.5  CM  UNIDAD  REGIÓN  V;PALA  DE  ASEO;1846;1617;12;301;486717;Si;PROVEEDORES  INTEGRALES  PRISA  S  A;PROVEEDORES  INTEGRALES  PRISA  S  A;96.556.940-5
2239-9-LR22;5800319;Convenio  Marco  de  Artículos  de  Aseo  e  Higiene;707419-131-CM25;53241344;Orden  de  Compra  generada  por  la  Gran  Compra:  76813;2025-08-28;2025-05-08;2025-05-08;2025-05-23;Aceptada;76813;70.574.900-0;Regional  Valparaiso;FUNDACION  EDUCACIONAL  PARA  EL  DESAROLLO  INTEGRAL  DE  LA  NIÑEZ;Calle  7  Norte  Nº  1094;Viña  del  Mar;FUNDACION  EDUCACIONAL  PARA  EL  DESAROLLO  INTEGRAL  DE  LA  NIÑEZ;1911351;LIMPIADOR  DE  PISOS  WINKLER  DESINFECTANTE  BIDÓN  4000  ML  UNIDAD  REGIÓN  V;LIMPIADOR  DE  PISOS;3708;3000;19;50;150000;No;WINKLER  LIMITADA;WINKLER  LIMITADA;79.722.860-5
2239-9-LR22;5800319;Convenio  Marco  de  Artículos  de  Aseo  e  Higiene;707419-131-CM25;53241344;Orden  de  Compra  generada  por  la  Gran  Compra:  76813;2025-08-28;2025-05-08;2025-05-08;2025-05-23;Aceptada;76813;70.574.900-0;Regional  Valparaiso;FUNDACION  EDUCACIONAL  PARA  EL  DESAROLLO  INTEGRAL  DE  LA  NIÑEZ;Calle  7  Norte  Nº  1094;Viña  del  Mar;FUNDACION  EDUCACIONAL  PARA  EL  DESAROLLO  INTEGRAL  DE  LA  NIÑEZ;1926838;TRAPERO  REUTILIZABLE  VIRUTEX  ALGODÓN  SIMPLE  C/OJAL  50X50  CM  UNIDAD  REGIÓN  V;TRAPERO  REUTILIZABLE;969;753;22;5726;4311678;Si;PROVEEDORES  INTEGRALES  PRISA  S  A;PROVEEDORES  INTEGRALES  PRISA  S  A;96.556.940-5
2239-9-LR22;5800319;Convenio  Marco  de  Artículos  de  Aseo  e  Higiene;707419-131-CM25;53241344;Orden  de  Compra  generada  por  la  Gran  Compra:  76813;2025-08-28;2025-05-08;2025-05-08;2025-05-23;Aceptada;76813;70.574.900-0;Regional  Valparaiso;FUNDACION  EDUCACIONAL  PARA  EL  DESAROLLO  INTEGRAL  DE  LA  NIÑEZ;Calle  7  Norte  Nº  1094;Viña  del  Mar;FUNDACION  EDUCACIONAL  PARA  EL  DESAROLLO  INTEGRAL  DE  LA  NIÑEZ;1909277;LAVALOZAS  CONCENTRADO  LAVADO  MANUAL  TREMEX  ANTIGRASA  CÍTRICO  5000  ML  UNIDAD  REGIÓN  V;LAVALOZAS  CONCENTRADO  LAVADO  MANUAL;6123;5630;8;50;281500;No;MG  PUBLICIDAD  Y  EVENTOS  SPA;MG  PUBLICIDAD  Y  EVENTOS  SPA;76.202.065-3
2239-9-LR22;5800319;Convenio  Marco  de  Artículos  de  Aseo  e  Higiene;707419-131-CM25;53241344;Orden  de  Compra  generada  por  la  Gran  Compra:  76813;2025-08-28;2025-05-08;2025-05-08;2025-05-23;Aceptada;76813;70.574.900-0;Regional  Valparaiso;FUNDACION  EDUCACIONAL  PARA  EL  DESAROLLO  INTEGRAL  DE  LA  NIÑEZ;Calle  7  Norte  Nº  1094;Viña  del  Mar;FUNDACION  EDUCACIONAL  PARA  EL  DESAROLLO  INTEGRAL  DE  LA  NIÑEZ;1945307;BOLSA  DE  BASURA  TREMEX  GRANDE  80X110  CM  120  L  ROLLO  UNIDAD  REGIÓN  V;BOLSA  DE  BASURA;1816;1249;31;5887;7352863;Si;PROVEEDORES  INTEGRALES  PRISA  S  A;PROVEEDORES  INTEGRALES  PRISA  S  A;96.556.940-5
2239-9-LR22;5800319;Convenio  Marco  de  Artículos  de  Aseo  e  Higiene;707419-131-CM25;53241344;Orden  de  Compra  generada  por  la  Gran  Compra:  76813;2025-08-28;2025-05-08;2025-05-08;2025-05-23;Aceptada;76813;70.574.900-0;Regional  Valparaiso;FUNDACION  EDUCACIONAL  PARA  EL  DESAROLLO  INTEGRAL  DE  LA  NIÑEZ;Calle  7  Norte  Nº  1094;Viña  del  Mar;FUNDACION  EDUCACIONAL  PARA  EL  DESAROLLO  INTEGRAL  DE  LA  NIÑEZ;1918321;PAÑO  ABSORBENTE  MULTIUSO  VIRUTEX  DESINFECTANTE  PAQUETE  DE  35  UNIDADES  REGIÓN  V;PAÑO  ABSORBENTE  MULTIUSO;1582;1580;0;10;15800;No;SERVICIOS  INTEGRADOS  SIDAPT  LIMITADA;SERVICIOS  INTEGRADOS  SIDAPT  LIMITADA;76.299.358-9
2239-9-LR22;5800319;Convenio  Marco  de  Artículos  de  Aseo  e  Higiene;707419-131-CM25;53241344;Orden  de  Compra  generada  por  la  Gran  Compra:  76813;2025-08-28;2025-05-08;2025-05-08;2025-05-23;Aceptada;76813;70.574.900-0;Regional  Valparaiso;FUNDACION  EDUCACIONAL  PARA  EL  DESAROLLO  INTEGRAL  DE  LA  NIÑEZ;Calle  7  Norte  Nº  1094;Viña  del  Mar;FUNDACION  EDUCACIONAL  PARA  EL  DESAROLLO  INTEGRAL  DE  LA  NIÑEZ;1931995;DESINFECTANTE  SUPERFICIES  EN  AEROSOL  ANTIBAC  ANTIBACTERIAL  360  ML  UNIDAD  REGIÓN  V;DESINFECTANTE  SUPERFICIES  EN  AEROSOL;1810;1805;0;100;180500;No;CASTILLA  Y  ARAGON  SPA;CASTILLA  Y  ARAGON  SPA;96.989.530-7
2239-9-LR22;5800319;Convenio  Marco  de  Artículos  de  Aseo  e  Higiene;707419-131-CM25;53241344;Orden  de  Compra  generada  por  la  Gran  Compra:  76813;2025-08-28;2025-05-08;2025-05-08;2025-05-23;Aceptada;76813;70.574.900-0;Regional  Valparaiso;FUNDACION  EDUCACIONAL  PARA  EL  DESAROLLO  INTEGRAL  DE  LA  NIÑEZ;Calle  7  Norte  Nº  1094;Viña  del  Mar;FUNDACION  EDUCACIONAL  PARA  EL  DESAROLLO  INTEGRAL  DE  LA  NIÑEZ;1913084;PALA  DE  ASEO  MADISON  PLÁSTICA  MANGO  LARGO  100  CM  UNIDAD  REGIÓN  RM;PALA  DE  ASEO;697;1390;-99;301;418390;No;MG  PUBLICIDAD  Y  EVENTOS  SPA;MG  PUBLICIDAD  Y  EVENTOS  SPA;76.202.065-3
2239-9-LR22;5800319;Convenio  Marco  de  Artículos  de  Aseo  e  Higiene;707419-131-CM25;53241344;Orden  de  Compra  generada  por  la  Gran  Compra:  76813;2025-08-28;2025-05-08;2025-05-08;2025-05-23;Aceptada;76813;70.574.900-0;Regional  Valparaiso;FUNDACION  EDUCACIONAL  PARA  EL  DESAROLLO  INTEGRAL  DE  LA  NIÑEZ;Calle  7  Norte  Nº  1094;Viña  del  Mar;FUNDACION  EDUCACIONAL  PARA  EL  DESAROLLO  INTEGRAL  DE  LA  NIÑEZ;1918440;PAÑO  ABSORBENTE  MULTIUSO  VIRUTEX  PRO  RESISTENTE  AL  CLORO  PAQUETE  DE  6  UNIDADES  REGIÓN  V;PAÑO  ABSORBENTE  MULTIUSO;1941;1566;19;17;26622;Si;PROVEEDORES  INTEGRALES  PRISA  S  A;PROVEEDORES  INTEGRALES  PRISA  S  A;96.556.940-5
2239-9-LR22;5800319;Convenio  Marco  de  Artículos  de  Aseo  e  Higiene;707419-131-CM25;53241344;Orden  de  Compra  generada  por  la  Gran  Compra:  76813;2025-08-28;2025-05-08;2025-05-08;2025-05-23;Aceptada;76813;70.574.900-0;Regional  Valparaiso;FUNDACION  EDUCACIONAL  PARA  EL  DESAROLLO  INTEGRAL  DE  LA  NIÑEZ;Calle  7  Norte  Nº  1094;Viña  del  Mar;FUNDACION  EDUCACIONAL  PARA  EL  DESAROLLO  INTEGRAL  DE  LA  NIÑEZ;1926838;TRAPERO  REUTILIZABLE  VIRUTEX  ALGODÓN  SIMPLE  C/OJAL  50X50  CM  UNIDAD  REGIÓN  V;TRAPERO  REUTILIZABLE;962;960;0;5726;5496960;No;CASTILLA  Y  ARAGON  SPA;CASTILLA  Y  ARAGON  SPA;96.989.530-7
2239-9-LR22;5800319;Convenio  Marco  de  Artículos  de  Aseo  e  Higiene;707419-131-CM25;53241344;Orden  de  Compra  generada  por  la  Gran  Compra:  76813;2025-08-28;2025-05-08;2025-05-08;2025-05-23;Aceptada;76813;70.574.900-0;Regional  Valparaiso;FUNDACION  EDUCACIONAL  PARA  EL  DESAROLLO  INTEGRAL  DE  LA  NIÑEZ;Calle  7  Norte  Nº  1094;Viña  del  Mar;FUNDACION  EDUCACIONAL  PARA  EL  DESAROLLO  INTEGRAL  DE  LA  NIÑEZ;1923472;SERVILLETAS  DESECHABLES  TORK  CÓCTEL  HOJA  SIMPLE  200  UNIDADES  1  PAQUETE  REGIÓN  V;SERVILLETAS  DESECHABLES;847;799;6;50;39950;Si;PROVEEDORES  INTEGRALES  PRISA  S  A;PROVEEDORES  INTEGRALES  PRISA  S  A;96.556.940-5
2239-9-LR22;5800319;Convenio  Marco  de  Artículos  de  Aseo  e  Higiene;707419-131-CM25;53241344;Orden  de  Compra  generada  por  la  Gran  Compra:  76813;2025-08-28;2025-05-08;2025-05-08;2025-05-23;Aceptada;76813;70.574.900-0;Regional  Valparaiso;FUNDACION  EDUCACIONAL  PARA  EL  DESAROLLO  INTEGRAL  DE  LA  NIÑEZ;Calle  7  Norte  Nº  1094;Viña  del  Mar;FUNDACION  EDUCACIONAL  PARA  EL  DESAROLLO  INTEGRAL  DE  LA  NIÑEZ;1902154;ESCOBILLÓN  VIRUTEX  USO  EXTERIOR  FIBRA  MEDIA  MANGO  METÁLICO  32  CM  UNIDAD  REGIÓN  V;ESCOBILLÓN;1823;1390;24;852;1184280;No;MG  PUBLICIDAD  Y  EVENTOS  SPA;MG  PUBLICIDAD  Y  EVENTOS  SPA;76.202.065-3
2239-9-LR22;5800319;Convenio  Marco  de  Artículos  de  Aseo  e  Higiene;707419-131-CM25;53241344;Orden  de  Compra  generada  por  la  Gran  Compra:  76813;2025-08-28;2025-05-08;2025-05-08;2025-05-23;Aceptada;76813;70.574.900-0;Regional  Valparaiso;FUNDACION  EDUCACIONAL  PARA  EL  DESAROLLO  INTEGRAL  DE  LA  NIÑEZ;Calle  7  Norte  Nº  1094;Viña  del  Mar;FUNDACION  EDUCACIONAL  PARA  EL  DESAROLLO  INTEGRAL  DE  LA  NIÑEZ;1918287;PAÑO  ABSORBENTE  MULTIUSO  VIRUTEX  CELULOSA  PAQUETE  DE  6  UNIDADES  REGIÓN  V;PAÑO  ABSORBENTE  MULTIUSO;1846;1700;8;17;28900;No;SERVICIOS  INTEGRADOS  SIDAPT  LIMITADA;SERVICIOS  INTEGRADOS  SIDAPT  LIMITADA;76.299.358-9
2239-9-LR22;5800319;Convenio  Marco  de  Artículos  de  Aseo  e  Higiene;707419-131-CM25;53241344;Orden  de  Compra  generada  por  la  Gran  Compra:  76813;2025-08-28;2025-05-08;2025-05-08;2025-05-23;Aceptada;76813;70.574.900-0;Regional  Valparaiso;FUNDACION  EDUCACIONAL  PARA  EL  DESAROLLO  INTEGRAL  DE  LA  NIÑEZ;Calle  7  Norte  Nº  1094;Viña  del  Mar;FUNDACION  EDUCACIONAL  PARA  EL  DESAROLLO  INTEGRAL  DE  LA  NIÑEZ;2237507;JABÓN  ELITE  MULTIFLEX  ESPUMA  1  L  6  UNIDADES  REGIÓN  V;JABÓN;39979;30000;25;72;2160000;No;SERVICIOS  INTEGRADOS  SIDAPT  LIMITADA;SERVICIOS  INTEGRADOS  SIDAPT  LIMITADA;76.299.358-9
2239-9-LR22;5800319;Convenio  Marco  de  Artículos  de  Aseo  e  Higiene;707419-131-CM25;53241344;Orden  de  Compra  generada  por  la  Gran  Compra:  76813;2025-08-28;2025-05-08;2025-05-08;2025-05-23;Aceptada;76813;70.574.900-0;Regional  Valparaiso;FUNDACION  EDUCACIONAL  PARA  EL  DESAROLLO  INTEGRAL  DE  LA  NIÑEZ;Calle  7  Norte  Nº  1094;Viña  del  Mar;FUNDACION  EDUCACIONAL  PARA  EL  DESAROLLO  INTEGRAL  DE  LA  NIÑEZ;1902222;ESCOBILLÓN  VIRUTEX  USO  INTERIOR  FIBRA  SUAVE  MANGO  METÁLICO  32  CM  UNIDAD  REGIÓN  V;ESCOBILLÓN;1915;1831;4;852;1560012;Si;PROVEEDORES  INTEGRALES  PRISA  S  A;PROVEEDORES  INTEGRALES  PRISA  S  A;96.556.940-5
2239-9-LR22;5800319;Convenio  Marco  de  Artículos  de  Aseo  e  Higiene;707419-131-CM25;53241344;Orden  de  Compra  generada  por  la  Gran  Compra:  76813;2025-08-28;2025-05-08;2025-05-08;2025-05-23;Aceptada;76813;70.574.900-0;Regional  Valparaiso;FUNDACION  EDUCACIONAL  PARA  EL  DESAROLLO  INTEGRAL  DE  LA  NIÑEZ;Calle  7  Norte  Nº  1094;Viña  del  Mar;FUNDACION  EDUCACIONAL  PARA  EL  DESAROLLO  INTEGRAL  DE  LA  NIÑEZ;1913935;PALA  DE  ASEO  WINKLER  PLÁSTICA  MANGO  CORTO  70  CM  UNIDAD  REGIÓN  V;PALA  DE  ASEO;1063;890;16;301;267890;No;WINKLER  LIMITADA;WINKLER  LIMITADA;79.722.860-5
2239-9-LR22;5800319;Convenio  Marco  de  Artículos  de  Aseo  e  Higiene;707419-131-CM25;53241344;Orden  de  Compra  generada  por  la  Gran  Compra:  76813;2025-08-28;2025-05-08;2025-05-08;2025-05-23;Aceptada;76813;70.574.900-0;Regional  Valparaiso;FUNDACION  EDUCACIONAL  PARA  EL  DESAROLLO  INTEGRAL  DE  LA  NIÑEZ;Calle  7  Norte  Nº  1094;Viña  del  Mar;FUNDACION  EDUCACIONAL  PARA  EL  DESAROLLO  INTEGRAL  DE  LA  NIÑEZ;1918321;PAÑO  ABSORBENTE  MULTIUSO  VIRUTEX  DESINFECTANTE  PAQUETE  DE  35  UNIDADES  REGIÓN  V;PAÑO  ABSORBENTE  MULTIUSO;1695;1575;7;10;15750;No;MG  PUBLICIDAD  Y  EVENTOS  SPA;MG  PUBLICIDAD  Y  EVENTOS  SPA;76.202.065-3
2239-9-LR22;5800319;Convenio  Marco  de  Artículos  de  Aseo  e  Higiene;707419-131-CM25;53241344;Orden  de  Compra  generada  por  la  Gran  Compra:  76813;2025-08-28;2025-05-08;2025-05-08;2025-05-23;Aceptada;76813;70.574.900-0;Regional  Valparaiso;FUNDACION  EDUCACIONAL  PARA  EL  DESAROLLO  INTEGRAL  DE  LA  NIÑEZ;Calle  7  Norte  Nº  1094;Viña  del  Mar;FUNDACION  EDUCACIONAL  PARA  EL  DESAROLLO  INTEGRAL  DE  LA  NIÑEZ;1922793;SERVILLETAS  DESECHABLES  CINCUS  MESA  TRIPLE  HOJA  50  UNIDADES  1  PAQUETE  REGIÓN  VI;SERVILLETAS  DESECHABLES;3513;4806;-37;50;240300;No;MG  PUBLICIDAD  Y  EVENTOS  SPA;MG  PUBLICIDAD  Y  EVENTOS  SPA;76.202.065-3
2239-9-LR22;5800319;Convenio  Marco  de  Artículos  de  Aseo  e  Higiene;707419-131-CM25;53241344;Orden  de  Compra  generada  por  la  Gran  Compra:  76813;2025-08-28;2025-05-08;2025-05-08;2025-05-23;Aceptada;76813;70.574.900-0;Regional  Valparaiso;FUNDACION  EDUCACIONAL  PARA  EL  DESAROLLO  INTEGRAL  DE  LA  NIÑEZ;Calle  7  Norte  Nº  1094;Viña  del  Mar;FUNDACION  EDUCACIONAL  PARA  EL  DESAROLLO  INTEGRAL  DE  LA  NIÑEZ;1931417;DESINFECTANTE  SUPERFICIES  EN  AEROSOL  IGENIX  ANTIBACTERIAL  360  ML  UNIDAD  REGIÓN  V;DESINFECTANTE  SUPERFICIES  EN  AEROSOL;1588;1734;-9;100;173400;Si;PROVEEDORES  INTEGRALES  PRISA  S  A;PROVEEDORES  INTEGRALES  PRISA  S  A;96.556.940-5
2239-9-LR22;5800319;Convenio  Marco  de  Artículos  de  Aseo  e  Higiene;707419-131-CM25;53241344;Orden  de  Compra  generada  por  la  Gran  Compra:  76813;2025-08-28;2025-05-08;2025-05-08;2025-05-23;Aceptada;76813;70.574.900-0;Regional  Valparaiso;FUNDACION  EDUCACIONAL  PARA  EL  DESAROLLO  INTEGRAL  DE  LA  NIÑEZ;Calle  7  Norte  Nº  1094;Viña  del  Mar;FUNDACION  EDUCACIONAL  PARA  EL  DESAROLLO  INTEGRAL  DE  LA  NIÑEZ;1913680;PALA  DE  ASEO  VIRUTEX  PRO  PLÁSTICA  MANGO  LARGO  90  CM  UNIDAD  REGIÓN  V;PALA  DE  ASEO;1759;1755;0;301;528255;No;CASTILLA  Y  ARAGON  SPA;CASTILLA  Y  ARAGON  SPA;96.989.530-7
2239-9-LR22;5800319;Convenio  Marco  de  Artículos  de  Aseo  e  Higiene;707419-131-CM25;53241344;Orden  de  Compra  generada  por  la  Gran  Compra:  76813;2025-08-28;2025-05-08;2025-05-08;2025-05-23;Aceptada;76813;70.574.900-0;Regional  Valparaiso;FUNDACION  EDUCACIONAL  PARA  EL  DESAROLLO  INTEGRAL  DE  LA  NIÑEZ;Calle  7  Norte  Nº  1094;Viña  del  Mar;FUNDACION  EDUCACIONAL  PARA  EL  DESAROLLO  INTEGRAL  DE  LA  NIÑEZ;1945375;DESENGRASANTE  COCINA  TREMEX  MULTIUSO  CREMA  ANTIGRASA  750  ML  UNIDAD  REGIÓN  V;DESENGRASANTE  COCINA;1755;1500;15;100;150000;No;SERVICIOS  INTEGRADOS  SIDAPT  LIMITADA;SERVICIOS  INTEGRADOS  SIDAPT  LIMITADA;76.299.358-9
2239-9-LR22;5800319;Convenio  Marco  de  Artículos  de  Aseo  e  Higiene;707419-131-CM25;53241344;Orden  de  Compra  generada  por  la  Gran  Compra:  76813;2025-08-28;2025-05-08;2025-05-08;2025-05-23;Aceptada;76813;70.574.900-0;Regional  Valparaiso;FUNDACION  EDUCACIONAL  PARA  EL  DESAROLLO  INTEGRAL  DE  LA  NIÑEZ;Calle  7  Norte  Nº  1094;Viña  del  Mar;FUNDACION  EDUCACIONAL  PARA  EL  DESAROLLO  INTEGRAL  DE  LA  NIÑEZ;1918372;PAÑO  ABSORBENTE  MULTIUSO  VIRUTEX  PRO  ALGODÓN  40X35  CM  UNIDAD  REGIÓN  V;PAÑO  ABSORBENTE  MULTIUSO;304;304;0;500;152000;No;CASTILLA  Y  ARAGON  SPA;CASTILLA  Y  ARAGON  SPA;96.989.530-7
2239-9-LR22;5800319;Convenio  Marco  de  Artículos  de  Aseo  e  Higiene;707419-131-CM25;53241344;Orden  de  Compra  generada  por  la  Gran  Compra:  76813;2025-08-28;2025-05-08;2025-05-08;2025-05-23;Aceptada;76813;70.574.900-0;Regional  Valparaiso;FUNDACION  EDUCACIONAL  PARA  EL  DESAROLLO  INTEGRAL  DE  LA  NIÑEZ;Calle  7  Norte  Nº  1094;Viña  del  Mar;FUNDACION  EDUCACIONAL  PARA  EL  DESAROLLO  INTEGRAL  DE  LA  NIÑEZ;1907086;GUANTES  DE  LIMPIEZA  WINKLER  MULTIUSO  GAMUZADO  TALLA  M  PAR  REGIÓN  VII;GUANTES  DE  LIMPIEZA;697;490;30;1442;706580;No;MG  PUBLICIDAD  Y  EVENTOS  SPA;MG  PUBLICIDAD  Y  EVENTOS  SPA;76.202.065-3
2239-9-LR22;5800319;Convenio  Marco  de  Artículos  de  Aseo  e  Higiene;707419-131-CM25;53241344;Orden  de  Compra  generada  por  la  Gran  Compra:  76813;2025-08-28;2025-05-08;2025-05-08;2025-05-23;Aceptada;76813;70.574.900-0;Regional  Valparaiso;FUNDACION  EDUCACIONAL  PARA  EL  DESAROLLO  INTEGRAL  DE  LA  NIÑEZ;Calle  7  Norte  Nº  1094;Viña  del  Mar;FUNDACION  EDUCACIONAL  PARA  EL  DESAROLLO  INTEGRAL  DE  LA  NIÑEZ;1918644;PAÑO  ABSORBENTE  MULTIUSO  WINKLER  CELULOSA  PAQUETE  DE  6  UNIDADES  REGIÓN  V;PAÑO  ABSORBENTE  MULTIUSO;2445;1650;33;17;28050;No;WINKLER  LIMITADA;WINKLER  LIMITADA;79.722.860-5
2239-9-LR22;5800319;Convenio  Marco  de  Artículos  de  Aseo  e  Higiene;707419-131-CM25;53241344;Orden  de  Compra  generada  por  la  Gran  Compra:  76813;2025-08-28;2025-05-08;2025-05-08;2025-05-23;Aceptada;76813;70.574.900-0;Regional  Valparaiso;FUNDACION  EDUCACIONAL  PARA  EL  DESAROLLO  INTEGRAL  DE  LA  NIÑEZ;Calle  7  Norte  Nº  1094;Viña  del  Mar;FUNDACION  EDUCACIONAL  PARA  EL  DESAROLLO  INTEGRAL  DE  LA  NIÑEZ;1926753;TRAPERO  REUTILIZABLE  VIRGINIA  DESINFECTANTE  C/  OJAL  40X60  CM  PAQUETE  10  UNIDADES  REGIÓN  V;TRAPERO  REUTILIZABLE;2315;1787;23;10;17870;Si;PROVEEDORES  INTEGRALES  PRISA  S  A;PROVEEDORES  INTEGRALES  PRISA  S  A;96.556.940-5
2239-9-LR22;5800319;Convenio  Marco  de  Artículos  de  Aseo  e  Higiene;707419-131-CM25;53241344;Orden  de  Compra  generada  por  la  Gran  Compra:  76813;2025-08-28;2025-05-08;2025-05-08;2025-05-23;Aceptada;76813;70.574.900-0;Regional  Valparaiso;FUNDACION  EDUCACIONAL  PARA  EL  DESAROLLO  INTEGRAL  DE  LA  NIÑEZ;Calle  7  Norte  Nº  1094;Viña  del  Mar;FUNDACION  EDUCACIONAL  PARA  EL  DESAROLLO  INTEGRAL  DE  LA  NIÑEZ;1945307;BOLSA  DE  BASURA  TREMEX  GRANDE  80X110  CM  120  L  ROLLO  UNIDAD  REGIÓN  V;BOLSA  DE  BASURA;1810;1330;27;5887;7829710;No;MG  PUBLICIDAD  Y  EVENTOS  SPA;MG  PUBLICIDAD  Y  EVENTOS  SPA;76.202.065-3
2239-9-LR22;5800319;Convenio  Marco  de  Artículos  de  Aseo  e  Higiene;707419-131-CM25;53241344;Orden  de  Compra  generada  por  la  Gran  Compra:  76813;2025-08-28;2025-05-08;2025-05-08;2025-05-23;Aceptada;76813;70.574.900-0;Regional  Valparaiso;FUNDACION  EDUCACIONAL  PARA  EL  DESAROLLO  INTEGRAL  DE  LA  NIÑEZ;Calle  7  Norte  Nº  1094;Viña  del  Mar;FUNDACION  EDUCACIONAL  PARA  EL  DESAROLLO  INTEGRAL  DE  LA  NIÑEZ;1924832;TOALLA  DE  PAPEL  TECNOPAPEL  HOJA  SIMPLE  250  M  2  ROLLOS  REGIÓN  V;TOALLA  DE  PAPEL;6500;6500;0;500;3250000;No;COMERCIAL  ETHOS  S  A;COMERCIAL  ETHOS  S.  A.;78.583.750-9
2239-9-LR22;5800319;Convenio  Marco  de  Artículos  de  Aseo  e  Higiene;707419-131-CM25;53241344;Orden  de  Compra  generada  por  la  Gran  Compra:  76813;2025-08-28;2025-05-08;2025-05-08;2025-05-23;Aceptada;76813;70.574.900-0;Regional  Valparaiso;FUNDACION  EDUCACIONAL  PARA  EL  DESAROLLO  INTEGRAL  DE  LA  NIÑEZ;Calle  7  Norte  Nº  1094;Viña  del  Mar;FUNDACION  EDUCACIONAL  PARA  EL  DESAROLLO  INTEGRAL  DE  LA  NIÑEZ;1906999;GUANTES  DE  LIMPIEZA  WINKLER  MULTIUSO  AFELPADO  TALLA  S  PAR  REGIÓN  V;GUANTES  DE  LIMPIEZA;465;340;27;337;114580;No;WINKLER  LIMITADA;WINKLER  LIMITADA;79.722.860-5
2239-9-LR22;5800319;Convenio  Marco  de  Artículos  de  Aseo  e  Higiene;707419-131-CM25;53241344;Orden  de  Compra  generada  por  la  Gran  Compra:  76813;2025-08-28;2025-05-08;2025-05-08;2025-05-23;Aceptada;76813;70.574.900-0;Regional  Valparaiso;FUNDACION  EDUCACIONAL  PARA  EL  DESAROLLO  INTEGRAL  DE  LA  NIÑEZ;Calle  7  Norte  Nº  1094;Viña  del  Mar;FUNDACION  EDUCACIONAL  PARA  EL  DESAROLLO  INTEGRAL  DE  LA  NIÑEZ;1918321;PAÑO  ABSORBENTE  MULTIUSO  VIRUTEX  DESINFECTANTE  PAQUETE  DE  35  UNIDADES  REGIÓN  V;PAÑO  ABSORBENTE  MULTIUSO;1873;1870;0;10;18700;No;CASTILLA  Y  ARAGON  SPA;CASTILLA  Y  ARAGON  SPA;96.989.530-7
2239-9-LR22;5800319;Convenio  Marco  de  Artículos  de  Aseo  e  Higiene;707419-131-CM25;53241344;Orden  de  Compra  generada  por  la  Gran  Compra:  76813;2025-08-28;2025-05-08;2025-05-08;2025-05-23;Aceptada;76813;70.574.900-0;Regional  Valparaiso;FUNDACION  EDUCACIONAL  PARA  EL  DESAROLLO  INTEGRAL  DE  LA  NIÑEZ;Calle  7  Norte  Nº  1094;Viña  del  Mar;FUNDACION  EDUCACIONAL  PARA  EL  DESAROLLO  INTEGRAL  DE  LA  NIÑEZ;1918372;PAÑO  ABSORBENTE  MULTIUSO  VIRUTEX  PRO  ALGODÓN  40X35  CM  UNIDAD  REGIÓN  V;PAÑO  ABSORBENTE  MULTIUSO;360;340;6;500;170000;No;SERVICIOS  INTEGRADOS  SIDAPT  LIMITADA;SERVICIOS  INTEGRADOS  SIDAPT  LIMITADA;76.299.358-9
2239-9-LR22;5800319;Convenio  Marco  de  Artículos  de  Aseo  e  Higiene;707419-131-CM25;53241344;Orden  de  Compra  generada  por  la  Gran  Compra:  76813;2025-08-28;2025-05-08;2025-05-08;2025-05-23;Aceptada;76813;70.574.900-0;Regional  Valparaiso;FUNDACION  EDUCACIONAL  PARA  EL  DESAROLLO  INTEGRAL  DE  LA  NIÑEZ;Calle  7  Norte  Nº  1094;Viña  del  Mar;FUNDACION  EDUCACIONAL  PARA  EL  DESAROLLO  INTEGRAL  DE  LA  NIÑEZ;1909396;LAVALOZAS  CONCENTRADO  LAVADO  MANUAL  WINKLER  ANTIGRASA  CÍTRICO  5000  ML  UNIDAD  REGIÓN  V;LAVALOZAS  CONCENTRADO  LAVADO  MANUAL;5512;4000;27;50;200000;No;WINKLER  LIMITADA;WINKLER  LIMITADA;79.722.860-5
2239-9-LR22;5800319;Convenio  Marco  de  Artículos  de  Aseo  e  Higiene;707419-131-CM25;53241344;Orden  de  Compra  generada  por  la  Gran  Compra:  76813;2025-08-28;2025-05-08;2025-05-08;2025-05-23;Aceptada;76813;70.574.900-0;Regional  Valparaiso;FUNDACION  EDUCACIONAL  PARA  EL  DESAROLLO  INTEGRAL  DE  LA  NIÑEZ;Calle  7  Norte  Nº  1094;Viña  del  Mar;FUNDACION  EDUCACIONAL  PARA  EL  DESAROLLO  INTEGRAL  DE  LA  NIÑEZ;1918321;PAÑO  ABSORBENTE  MULTIUSO  VIRUTEX  DESINFECTANTE  PAQUETE  DE  35  UNIDADES  REGIÓN  V;PAÑO  ABSORBENTE  MULTIUSO;1779;1455;18;10;14550;Si;PROVEEDORES  INTEGRALES  PRISA  S  A;PROVEEDORES  INTEGRALES  PRISA  S  A;96.556.940-5
2239-9-LR22;5800319;Convenio  Marco  de  Artículos  de  Aseo  e  Higiene;707419-131-CM25;53241344;Orden  de  Compra  generada  por  la  Gran  Compra:  76813;2025-08-28;2025-05-08;2025-05-08;2025-05-23;Aceptada;76813;70.574.900-0;Regional  Valparaiso;FUNDACION  EDUCACIONAL  PARA  EL  DESAROLLO  INTEGRAL  DE  LA  NIÑEZ;Calle  7  Norte  Nº  1094;Viña  del  Mar;FUNDACION  EDUCACIONAL  PARA  EL  DESAROLLO  INTEGRAL  DE  LA  NIÑEZ;1921058;PAPEL  HIGIÉNICO  PRO  PAPER  ALTO  METRAJE  HOJA  SIMPLE  4  ROLLOS  500  M  1  PAQUETE  REGIÓN  V;PAPEL  HIGIÉNICO;8668;8490;2;2551;21657990;No;CASTILLA  Y  ARAGON  SPA;CASTILLA  Y  ARAGON  SPA;96.989.530-7
2239-9-LR22;5800319;Convenio  Marco  de  Artículos  de  Aseo  e  Higiene;707419-131-CM25;53241344;Orden  de  Compra  generada  por  la  Gran  Compra:  76813;2025-08-28;2025-05-08;2025-05-08;2025-05-23;Aceptada;76813;70.574.900-0;Regional  Valparaiso;FUNDACION  EDUCACIONAL  PARA  EL  DESAROLLO  INTEGRAL  DE  LA  NIÑEZ;Calle  7  Norte  Nº  1094;Viña  del  Mar;FUNDACION  EDUCACIONAL  PARA  EL  DESAROLLO  INTEGRAL  DE  LA  NIÑEZ;2237507;JABÓN  ELITE  MULTIFLEX  ESPUMA  1  L  6  UNIDADES  REGIÓN  V;JABÓN;37875;27888;26;72;2007936;Si;PROVEEDORES  INTEGRALES  PRISA  S  A;PROVEEDORES  INTEGRALES  PRISA  S  A;96.556.940-5
2239-9-LR22;5800319;Convenio  Marco  de  Artículos  de  Aseo  e  Higiene;707419-131-CM25;53241344;Orden  de  Compra  generada  por  la  Gran  Compra:  76813;2025-08-28;2025-05-08;2025-05-08;2025-05-23;Aceptada;76813;70.574.900-0;Regional  Valparaiso;FUNDACION  EDUCACIONAL  PARA  EL  DESAROLLO  INTEGRAL  DE  LA  NIÑEZ;Calle  7  Norte  Nº  1094;Viña  del  Mar;FUNDACION  EDUCACIONAL  PARA  EL  DESAROLLO  INTEGRAL  DE  LA  NIÑEZ;1933216;JABÓN  WINKLER  NEUTRO-GLICERINA  LÍQUIDO  BIDÓN  5  L  UNIDAD  REGIÓN  V;JABÓN;5478;4000;27;762;3048000;No;WINKLER  LIMITADA;WINKLER  LIMITADA;79.722.860-5
2239-9-LR22;5800319;Convenio  Marco  de  Artículos  de  Aseo  e  Higiene;707419-131-CM25;53241344;Orden  de  Compra  generada  por  la  Gran  Compra:  76813;2025-08-28;2025-05-08;2025-05-08;2025-05-23;Aceptada;76813;70.574.900-0;Regional  Valparaiso;FUNDACION  EDUCACIONAL  PARA  EL  DESAROLLO  INTEGRAL  DE  LA  NIÑEZ;Calle  7  Norte  Nº  1094;Viña  del  Mar;FUNDACION  EDUCACIONAL  PARA  EL  DESAROLLO  INTEGRAL  DE  LA  NIÑEZ;1918304;PAÑO  ABSORBENTE  MULTIUSO  VIRUTEX  CELULOSA  PAQUETE  DE  UNIDAD  REGIÓN  V;PAÑO  ABSORBENTE  MULTIUSO;882;740;16;6984;5168160;No;SERVICIOS  INTEGRADOS  SIDAPT  LIMITADA;SERVICIOS  INTEGRADOS  SIDAPT  LIMITADA;76.299.358-9
2239-9-LR22;5800319;Convenio  Marco  de  Artículos  de  Aseo  e  Higiene;707419-131-CM25;53241344;Orden  de  Compra  generada  por  la  Gran  Compra:  76813;2025-08-28;2025-05-08;2025-05-08;2025-05-23;Aceptada;76813;70.574.900-0;Regional  Valparaiso;FUNDACION  EDUCACIONAL  PARA  EL  DESAROLLO  INTEGRAL  DE  LA  NIÑEZ;Calle  7  Norte  Nº  1094;Viña  del  Mar;FUNDACION  EDUCACIONAL  PARA  EL  DESAROLLO  INTEGRAL  DE  LA  NIÑEZ;1918440;PAÑO  ABSORBENTE  MULTIUSO  VIRUTEX  PRO  RESISTENTE  AL  CLORO  PAQUETE  DE  6  UNIDADES  REGIÓN  V;PAÑO  ABSORBENTE  MULTIUSO;1700;1750;-3;17;29750;No;MG  PUBLICIDAD  Y  EVENTOS  SPA;MG  PUBLICIDAD  Y  EVENTOS  SPA;76.202.065-3
2239-9-LR22;5800319;Convenio  Marco  de  Artículos  de  Aseo  e  Higiene;707419-131-CM25;53241344;Orden  de  Compra  generada  por  la  Gran  Compra:  76813;2025-08-28;2025-05-08;2025-05-08;2025-05-23;Aceptada;76813;70.574.900-0;Regional  Valparaiso;FUNDACION  EDUCACIONAL  PARA  EL  DESAROLLO  INTEGRAL  DE  LA  NIÑEZ;Calle  7  Norte  Nº  1094;Viña  del  Mar;FUNDACION  EDUCACIONAL  PARA  EL  DESAROLLO  INTEGRAL  DE  LA  NIÑEZ;1918674;PAÑO  ABSORBENTE  MULTIUSO  WINKLER  RESISTENTE  AL  CLORO  PAQUETE  DE  UNIDAD  REGIÓN  III;PAÑO  ABSORBENTE  MULTIUSO;196;320;-63;500;160000;No;WINKLER  LIMITADA;WINKLER  LIMITADA;79.722.860-5
2239-9-LR22;5800319;Convenio  Marco  de  Artículos  de  Aseo  e  Higiene;707419-131-CM25;53241344;Orden  de  Compra  generada  por  la  Gran  Compra:  76813;2025-08-28;2025-05-08;2025-05-08;2025-05-23;Aceptada;76813;70.574.900-0;Regional  Valparaiso;FUNDACION  EDUCACIONAL  PARA  EL  DESAROLLO  INTEGRAL  DE  LA  NIÑEZ;Calle  7  Norte  Nº  1094;Viña  del  Mar;FUNDACION  EDUCACIONAL  PARA  EL  DESAROLLO  INTEGRAL  DE  LA  NIÑEZ;1918440;PAÑO  ABSORBENTE  MULTIUSO  VIRUTEX  PRO  RESISTENTE  AL  CLORO  PAQUETE  DE  6  UNIDADES  REGIÓN  V;PAÑO  ABSORBENTE  MULTIUSO;1735;1735;0;17;29495;No;CASTILLA  Y  ARAGON  SPA;CASTILLA  Y  ARAGON  SPA;96.989.530-7
2239-9-LR22;5800319;Convenio  Marco  de  Artículos  de  Aseo  e  Higiene;707419-131-CM25;53241344;Orden  de  Compra  generada  por  la  Gran  Compra:  76813;2025-08-28;2025-05-08;2025-05-08;2025-05-23;Aceptada;76813;70.574.900-0;Regional  Valparaiso;FUNDACION  EDUCACIONAL  PARA  EL  DESAROLLO  INTEGRAL  DE  LA  NIÑEZ;Calle  7  Norte  Nº  1094;Viña  del  Mar;FUNDACION  EDUCACIONAL  PARA  EL  DESAROLLO  INTEGRAL  DE  LA  NIÑEZ;1933437;JABÓN  TORK  NEUTRO-GLICERINA  LÍQUIDO  BIDÓN  5  L  UNIDAD  REGIÓN  V;JABÓN;7829;10683;-36;762;8140446;Si;PROVEEDORES  INTEGRALES  PRISA  S  A;PROVEEDORES  INTEGRALES  PRISA  S  A;96.556.940-5
2239-9-LR22;5800319;Convenio  Marco  de  Artículos  de  Aseo  e  Higiene;707419-131-CM25;53241344;Orden  de  Compra  generada  por  la  Gran  Compra:  76813;2025-08-28;2025-05-08;2025-05-08;2025-05-23;Aceptada;76813;70.574.900-0;Regional  Valparaiso;FUNDACION  EDUCACIONAL  PARA  EL  DESAROLLO  INTEGRAL  DE  LA  NIÑEZ;Calle  7  Norte  Nº  1094;Viña  del  Mar;FUNDACION  EDUCACIONAL  PARA  EL  DESAROLLO  INTEGRAL  DE  LA  NIÑEZ;1931417;DESINFECTANTE  SUPERFICIES  EN  AEROSOL  IGENIX  ANTIBACTERIAL  360  ML  UNIDAD  REGIÓN  V;DESINFECTANTE  SUPERFICIES  EN  AEROSOL;1508;1500;1;100;150000;No;SERVICIOS  INTEGRADOS  SIDAPT  LIMITADA;SERVICIOS  INTEGRADOS  SIDAPT  LIMITADA;76.299.358-9
2239-9-LR22;5800319;Convenio  Marco  de  Artículos  de  Aseo  e  Higiene;707419-131-CM25;53241344;Orden  de  Compra  generada  por  la  Gran  Compra:  76813;2025-08-28;2025-05-08;2025-05-08;2025-05-23;Aceptada;76813;70.574.900-0;Regional  Valparaiso;FUNDACION  EDUCACIONAL  PARA  EL  DESAROLLO  INTEGRAL  DE  LA  NIÑEZ;Calle  7  Norte  Nº  1094;Viña  del  Mar;FUNDACION  EDUCACIONAL  PARA  EL  DESAROLLO  INTEGRAL  DE  LA  NIÑEZ;2237507;JABÓN  ELITE  MULTIFLEX  ESPUMA  1  L  6  UNIDADES  REGIÓN  V;JABÓN;37867;32000;15;72;2304000;No;CASTILLA  Y  ARAGON  SPA;CASTILLA  Y  ARAGON  SPA;96.989.530-7
2239-9-LR22;5800319;Convenio  Marco  de  Artículos  de  Aseo  e  Higiene;707419-131-CM25;53241344;Orden  de  Compra  generada  por  la  Gran  Compra:  76813;2025-08-28;2025-05-08;2025-05-08;2025-05-23;Aceptada;76813;70.574.900-0;Regional  Valparaiso;FUNDACION  EDUCACIONAL  PARA  EL  DESAROLLO  INTEGRAL  DE  LA  NIÑEZ;Calle  7  Norte  Nº  1094;Viña  del  Mar;FUNDACION  EDUCACIONAL  PARA  EL  DESAROLLO  INTEGRAL  DE  LA  NIÑEZ;1925036;TOALLA  DE  PAPEL  TORK  HOJA  SIMPLE  250  M  2  ROLLOS  REGIÓN  V;TOALLA  DE  PAPEL;8764;8500;3;500;4250000;No;SERVICIOS  INTEGRADOS  SIDAPT  LIMITADA;SERVICIOS  INTEGRADOS  SIDAPT  LIMITADA;76.299.358-9
2239-9-LR22;5800319;Convenio  Marco  de  Artículos  de  Aseo  e  Higiene;707419-131-CM25;53241344;Orden  de  Compra  generada  por  la  Gran  Compra:  76813;2025-08-28;2025-05-08;2025-05-08;2025-05-23;Aceptada;76813;70.574.900-0;Regional  Valparaiso;FUNDACION  EDUCACIONAL  PARA  EL  DESAROLLO  INTEGRAL  DE  LA  NIÑEZ;Calle  7  Norte  Nº  1094;Viña  del  Mar;FUNDACION  EDUCACIONAL  PARA  EL  DESAROLLO  INTEGRAL  DE  LA  NIÑEZ;1907066;GUANTES  DE  LIMPIEZA  WINKLER  MULTIUSO  GAMUZADO  TALLA  L  PAR  REGIÓN  RM;GUANTES  DE  LIMPIEZA;635;490;23;912;446880;No;MG  PUBLICIDAD  Y  EVENTOS  SPA;MG  PUBLICIDAD  Y  EVENTOS  SPA;76.202.065-3
2239-9-LR22;5800319;Convenio  Marco  de  Artículos  de  Aseo  e  Higiene;707419-131-CM25;53241344;Orden  de  Compra  generada  por  la  Gran  Compra:  76813;2025-08-28;2025-05-08;2025-05-08;2025-05-23;Aceptada;76813;70.574.900-0;Regional  Valparaiso;FUNDACION  EDUCACIONAL  PARA  EL  DESAROLLO  INTEGRAL  DE  LA  NIÑEZ;Calle  7  Norte  Nº  1094;Viña  del  Mar;FUNDACION  EDUCACIONAL  PARA  EL  DESAROLLO  INTEGRAL  DE  LA  NIÑEZ;1920225;PAPEL  HIGIÉNICO  ELITE  PROFESSIONAL  ALTO  METRAJE  HOJA  SIMPLE  4  ROLLOS  500  M  1  PAQUETE  REGIÓN  V;PAPEL  HIGIÉNICO;9558;7386;23;2551;18841686;Si;PROVEEDORES  INTEGRALES  PRISA  S  A;PROVEEDORES  INTEGRALES  PRISA  S  A;96.556.940-5
2239-9-LR22;5800319;Convenio  Marco  de  Artículos  de  Aseo  e  Higiene;707419-131-CM25;53241344;Orden  de  Compra  generada  por  la  Gran  Compra:  76813;2025-08-28;2025-05-08;2025-05-08;2025-05-23;Aceptada;76813;70.574.900-0;Regional  Valparaiso;FUNDACION  EDUCACIONAL  PARA  EL  DESAROLLO  INTEGRAL  DE  LA  NIÑEZ;Calle  7  Norte  Nº  1094;Viña  del  Mar;FUNDACION  EDUCACIONAL  PARA  EL  DESAROLLO  INTEGRAL  DE  LA  NIÑEZ;2237507;JABÓN  ELITE  MULTIFLEX  ESPUMA  1  L  6  UNIDADES  REGIÓN  V;JABÓN;37868;33990;10;72;2447280;No;MG  PUBLICIDAD  Y  EVENTOS  SPA;MG  PUBLICIDAD  Y  EVENTOS  SPA;76.202.065-3
2239-9-LR22;5800319;Convenio  Marco  de  Artículos  de  Aseo  e  Higiene;707419-131-CM25;53241344;Orden  de  Compra  generada  por  la  Gran  Compra:  76813;2025-08-28;2025-05-08;2025-05-08;2025-05-23;Aceptada;76813;70.574.900-0;Regional  Valparaiso;FUNDACION  EDUCACIONAL  PARA  EL  DESAROLLO  INTEGRAL  DE  LA  NIÑEZ;Calle  7  Norte  Nº  1094;Viña  del  Mar;FUNDACION  EDUCACIONAL  PARA  EL  DESAROLLO  INTEGRAL  DE  LA  NIÑEZ;1918457;PAÑO  ABSORBENTE  MULTIUSO  VIRUTEX  PRO  RESISTENTE  AL  CLORO  PAQUETE  DE  UNIDAD  REGIÓN  V;PAÑO  ABSORBENTE  MULTIUSO;254;202;20;6984;1410768;Si;PROVEEDORES  INTEGRALES  PRISA  S  A;PROVEEDORES  INTEGRALES  PRISA  S  A;96.556.940-5
2239-9-LR22;5800319;Convenio  Marco  de  Artículos  de  Aseo  e  Higiene;707419-131-CM25;53241344;Orden  de  Compra  generada  por  la  Gran  Compra:  76813;2025-08-28;2025-05-08;2025-05-08;2025-05-23;Aceptada;76813;70.574.900-0;Regional  Valparaiso;FUNDACION  EDUCACIONAL  PARA  EL  DESAROLLO  INTEGRAL  DE  LA  NIÑEZ;Calle  7  Norte  Nº  1094;Viña  del  Mar;FUNDACION  EDUCACIONAL  PARA  EL  DESAROLLO  INTEGRAL  DE  LA  NIÑEZ;1918678;PAÑO  ABSORBENTE  MULTIUSO  WINKLER  RESISTENTE  AL  CLORO  PAQUETE  DE  UNIDAD  REGIÓN  V;PAÑO  ABSORBENTE  MULTIUSO;196;150;23;6984;1047600;No;WINKLER  LIMITADA;WINKLER  LIMITADA;79.722.860-5
2239-9-LR22;5800319;Convenio  Marco  de  Artículos  de  Aseo  e  Higiene;707419-131-CM25;53241344;Orden  de  Compra  generada  por  la  Gran  Compra:  76813;2025-08-28;2025-05-08;2025-05-08;2025-05-23;Aceptada;76813;70.574.900-0;Regional  Valparaiso;FUNDACION  EDUCACIONAL  PARA  EL  DESAROLLO  INTEGRAL  DE  LA  NIÑEZ;Calle  7  Norte  Nº  1094;Viña  del  Mar;FUNDACION  EDUCACIONAL  PARA  EL  DESAROLLO  INTEGRAL  DE  LA  NIÑEZ;1921789;PAPEL  HIGIÉNICO  TORK  ALTO  METRAJE  HOJA  SIMPLE  4  ROLLOS  500  M  1  PAQUETE  REGIÓN  V;PAPEL  HIGIÉNICO;9716;8100;17;2551;20663100;No;SERVICIOS  INTEGRADOS  SIDAPT  LIMITADA;SERVICIOS  INTEGRADOS  SIDAPT  LIMITADA;76.299.358-9
2239-9-LR22;5800319;Convenio  Marco  de  Artículos  de  Aseo  e  Higiene;707419-131-CM25;53241344;Orden  de  Compra  generada  por  la  Gran  Compra:  76813;2025-08-28;2025-05-08;2025-05-08;2025-05-23;Aceptada;76813;70.574.900-0;Regional  Valparaiso;FUNDACION  EDUCACIONAL  PARA  EL  DESAROLLO  INTEGRAL  DE  LA  NIÑEZ;Calle  7  Norte  Nº  1094;Viña  del  Mar;FUNDACION  EDUCACIONAL  PARA  EL  DESAROLLO  INTEGRAL  DE  LA  NIÑEZ;1918508;PAÑO  ABSORBENTE  MULTIUSO  VIRUTEX  RESISTENTE  AL  CLORO  PAQUETE  DE  UNIDAD  REGIÓN  V;PAÑO  ABSORBENTE  MULTIUSO;261;260;0;6984;1815840;No;CASTILLA  Y  ARAGON  SPA;CASTILLA  Y  ARAGON  SPA;96.989.530-7
2239-9-LR22;5800319;Convenio  Marco  de  Artículos  de  Aseo  e  Higiene;707419-131-CM25;53241344;Orden  de  Compra  generada  por  la  Gran  Compra:  76813;2025-08-28;2025-05-08;2025-05-08;2025-05-23;Aceptada;76813;70.574.900-0;Regional  Valparaiso;FUNDACION  EDUCACIONAL  PARA  EL  DESAROLLO  INTEGRAL  DE  LA  NIÑEZ;Calle  7  Norte  Nº  1094;Viña  del  Mar;FUNDACION  EDUCACIONAL  PARA  EL  DESAROLLO  INTEGRAL  DE  LA  NIÑEZ;1942024;BOLSA  DE  BASURA  VIRUTEX  CARGA  PESADA  110X120  CM  200  L  ROLLO  X  5  UNIDADES  REGIÓN  V;BOLSA  DE  BASURA;3392;3390;0;765;2593350;No;CASTILLA  Y  ARAGON  SPA;CASTILLA  Y  ARAGON  SPA;96.989.530-7
2239-9-LR22;5800319;Convenio  Marco  de  Artículos  de  Aseo  e  Higiene;707419-131-CM25;53241344;Orden  de  Compra  generada  por  la  Gran  Compra:  76813;2025-08-28;2025-05-08;2025-05-08;2025-05-23;Aceptada;76813;70.574.900-0;Regional  Valparaiso;FUNDACION  EDUCACIONAL  PARA  EL  DESAROLLO  INTEGRAL  DE  LA  NIÑEZ;Calle  7  Norte  Nº  1094;Viña  del  Mar;FUNDACION  EDUCACIONAL  PARA  EL  DESAROLLO  INTEGRAL  DE  LA  NIÑEZ;1945375;DESENGRASANTE  COCINA  TREMEX  MULTIUSO  CREMA  ANTIGRASA  750  ML  UNIDAD  REGIÓN  V;DESENGRASANTE  COCINA;1760;1550;12;100;155000;No;CASTILLA  Y  ARAGON  SPA;CASTILLA  Y  ARAGON  SPA;96.989.530-7
2239-9-LR22;5800319;Convenio  Marco  de  Artículos  de  Aseo  e  Higiene;707419-131-CM25;53241344;Orden  de  Compra  generada  por  la  Gran  Compra:  76813;2025-08-28;2025-05-08;2025-05-08;2025-05-23;Aceptada;76813;70.574.900-0;Regional  Valparaiso;FUNDACION  EDUCACIONAL  PARA  EL  DESAROLLO  INTEGRAL  DE  LA  NIÑEZ;Calle  7  Norte  Nº  1094;Viña  del  Mar;FUNDACION  EDUCACIONAL  PARA  EL  DESAROLLO  INTEGRAL  DE  LA  NIÑEZ;1933080;JABÓN  ECOSAFE  NEUTRO-GLICERINA  LÍQUIDO  BIDÓN  5  L  UNIDAD  REGIÓN  V;JABÓN;6579;6575;0;762;5010150;No;CASTILLA  Y  ARAGON  SPA;CASTILLA  Y  ARAGON  SPA;96.989.530-7
2239-9-LR22;5800319;Convenio  Marco  de  Artículos  de  Aseo  e  Higiene;707419-131-CM25;53241344;Orden  de  Compra  generada  por  la  Gran  Compra:  76813;2025-08-28;2025-05-08;2025-05-08;2025-05-23;Aceptada;76813;70.574.900-0;Regional  Valparaiso;FUNDACION  EDUCACIONAL  PARA  EL  DESAROLLO  INTEGRAL  DE  LA  NIÑEZ;Calle  7  Norte  Nº  1094;Viña  del  Mar;FUNDACION  EDUCACIONAL  PARA  EL  DESAROLLO  INTEGRAL  DE  LA  NIÑEZ;1907152;GUANTES  DE  LIMPIEZA  WINKLER  MULTIUSO  LATEX  TALLA  S  PAR  REGIÓN  V;GUANTES  DE  LIMPIEZA;534;500;6;337;168500;No;SERVICIOS  INTEGRADOS  SIDAPT  LIMITADA;SERVICIOS  INTEGRADOS  SIDAPT  LIMITADA;76.299.358-9
2239-9-LR22;5800319;Convenio  Marco  de  Artículos  de  Aseo  e  Higiene;707419-131-CM25;53241344;Orden  de  Compra  generada  por  la  Gran  Compra:  76813;2025-08-28;2025-05-08;2025-05-08;2025-05-23;Aceptada;76813;70.574.900-0;Regional  Valparaiso;FUNDACION  EDUCACIONAL  PARA  EL  DESAROLLO  INTEGRAL  DE  LA  NIÑEZ;Calle  7  Norte  Nº  1094;Viña  del  Mar;FUNDACION  EDUCACIONAL  PARA  EL  DESAROLLO  INTEGRAL  DE  LA  NIÑEZ;1931417;DESINFECTANTE  SUPERFICIES  EN  AEROSOL  IGENIX  ANTIBACTERIAL  360  ML  UNIDAD  REGIÓN  V;DESINFECTANTE  SUPERFICIES  EN  AEROSOL;1509;1452;4;100;145200;No;MG  PUBLICIDAD  Y  EVENTOS  SPA;MG  PUBLICIDAD  Y  EVENTOS  SPA;76.202.065-3
2239-9-LR22;5800319;Convenio  Marco  de  Artículos  de  Aseo  e  Higiene;707419-131-CM25;53241344;Orden  de  Compra  generada  por  la  Gran  Compra:  76813;2025-08-28;2025-05-08;2025-05-08;2025-05-23;Aceptada;76813;70.574.900-0;Regional  Valparaiso;FUNDACION  EDUCACIONAL  PARA  EL  DESAROLLO  INTEGRAL  DE  LA  NIÑEZ;Calle  7  Norte  Nº  1094;Viña  del  Mar;FUNDACION  EDUCACIONAL  PARA  EL  DESAROLLO  INTEGRAL  DE  LA  NIÑEZ;1926838;TRAPERO  REUTILIZABLE  VIRUTEX  ALGODÓN  SIMPLE  C/OJAL  50X50  CM  UNIDAD  REGIÓN  V;TRAPERO  REUTILIZABLE;879;850;3;5726;4867100;No;SERVICIOS  INTEGRADOS  SIDAPT  LIMITADA;SERVICIOS  INTEGRADOS  SIDAPT  LIMITADA;76.299.358-9
2239-9-LR22;5800319;Convenio  Marco  de  Artículos  de  Aseo  e  Higiene;707419-131-CM25;53241344;Orden  de  Compra  generada  por  la  Gran  Compra:  76813;2025-08-28;2025-05-08;2025-05-08;2025-05-23;Aceptada;76813;70.574.900-0;Regional  Valparaiso;FUNDACION  EDUCACIONAL  PARA  EL  DESAROLLO  INTEGRAL  DE  LA  NIÑEZ;Calle  7  Norte  Nº  1094;Viña  del  Mar;FUNDACION  EDUCACIONAL  PARA  EL  DESAROLLO  INTEGRAL  DE  LA  NIÑEZ;1926260;TRAPERO  REUTILIZABLE  IGENIX  DESINFECTANTE  C/  OJAL  40X60  CM  PAQUETE  10  UNIDADES  REGIÓN  V;TRAPERO  REUTILIZABLE;2018;2000;1;10;20000;No;SERVICIOS  INTEGRADOS  SIDAPT  LIMITADA;SERVICIOS  INTEGRADOS  SIDAPT  LIMITADA;76.299.358-9
2239-9-LR22;5800319;Convenio  Marco  de  Artículos  de  Aseo  e  Higiene;707419-131-CM25;53241344;Orden  de  Compra  generada  por  la  Gran  Compra:  76813;2025-08-28;2025-05-08;2025-05-08;2025-05-23;Aceptada;76813;70.574.900-0;Regional  Valparaiso;FUNDACION  EDUCACIONAL  PARA  EL  DESAROLLO  INTEGRAL  DE  LA  NIÑEZ;Calle  7  Norte  Nº  1094;Viña  del  Mar;FUNDACION  EDUCACIONAL  PARA  EL  DESAROLLO  INTEGRAL  DE  LA  NIÑEZ;1920225;PAPEL  HIGIÉNICO  ELITE  PROFESSIONAL  ALTO  METRAJE  HOJA  SIMPLE  4  ROLLOS  500  M  1  PAQUETE  REGIÓN  V;PAPEL  HIGIÉNICO;9814;6990;29;2551;17831490;No;MG  PUBLICIDAD  Y  EVENTOS  SPA;MG  PUBLICIDAD  Y  EVENTOS  SPA;76.202.065-3
2239-9-LR22;5800319;Convenio  Marco  de  Artículos  de  Aseo  e  Higiene;707419-131-CM25;53241344;Orden  de  Compra  generada  por  la  Gran  Compra:  76813;2025-08-28;2025-05-08;2025-05-08;2025-05-23;Aceptada;76813;70.574.900-0;Regional  Valparaiso;FUNDACION  EDUCACIONAL  PARA  EL  DESAROLLO  INTEGRAL  DE  LA  NIÑEZ;Calle  7  Norte  Nº  1094;Viña  del  Mar;FUNDACION  EDUCACIONAL  PARA  EL  DESAROLLO  INTEGRAL  DE  LA  NIÑEZ;1945375;DESENGRASANTE  COCINA  TREMEX  MULTIUSO  CREMA  ANTIGRASA  750  ML  UNIDAD  REGIÓN  V;DESENGRASANTE  COCINA;1762;1290;27;100;129000;No;MG  PUBLICIDAD  Y  EVENTOS  SPA;MG  PUBLICIDAD  Y  EVENTOS  SPA;76.202.065-3
2239-9-LR22;5800319;Convenio  Marco  de  Artículos  de  Aseo  e  Higiene;707419-131-CM25;53241344;Orden  de  Compra  generada  por  la  Gran  Compra:  76813;2025-08-28;2025-05-08;2025-05-08;2025-05-23;Aceptada;76813;70.574.900-0;Regional  Valparaiso;FUNDACION  EDUCACIONAL  PARA  EL  DESAROLLO  INTEGRAL  DE  LA  NIÑEZ;Calle  7  Norte  Nº  1094;Viña  del  Mar;FUNDACION  EDUCACIONAL  PARA  EL  DESAROLLO  INTEGRAL  DE  LA  NIÑEZ;1946909;TOALLA  DE  PAPEL  ELITE  EVOLUTION+  250  METROS  2  ROLLOS  1  PAQUETE  REGIÓN  V;TOALLA  DE  PAPEL;11792;11790;0;500;5895000;No;CASTILLA  Y  ARAGON  SPA;CASTILLA  Y  ARAGON  SPA;96.989.530-7
2239-9-LR22;5800319;Convenio  Marco  de  Artículos  de  Aseo  e  Higiene;707419-131-CM25;53241344;Orden  de  Compra  generada  por  la  Gran  Compra:  76813;2025-08-28;2025-05-08;2025-05-08;2025-05-23;Aceptada;76813;70.574.900-0;Regional  Valparaiso;FUNDACION  EDUCACIONAL  PARA  EL  DESAROLLO  INTEGRAL  DE  LA  NIÑEZ;Calle  7  Norte  Nº  1094;Viña  del  Mar;FUNDACION  EDUCACIONAL  PARA  EL  DESAROLLO  INTEGRAL  DE  LA  NIÑEZ;1942024;BOLSA  DE  BASURA  VIRUTEX  CARGA  PESADA  110X120  CM  200  L  ROLLO  X  5  UNIDADES  REGIÓN  V;BOLSA  DE  BASURA;3285;2630;20;765;2011950;No;MG  PUBLICIDAD  Y  EVENTOS  SPA;MG  PUBLICIDAD  Y  EVENTOS  SPA;76.202.065-3
2239-9-LR22;5800319;Convenio  Marco  de  Artículos  de  Aseo  e  Higiene;707419-131-CM25;53241344;Orden  de  Compra  generada  por  la  Gran  Compra:  76813;2025-08-28;2025-05-08;2025-05-08;2025-05-23;Aceptada;76813;70.574.900-0;Regional  Valparaiso;FUNDACION  EDUCACIONAL  PARA  EL  DESAROLLO  INTEGRAL  DE  LA  NIÑEZ;Calle  7  Norte  Nº  1094;Viña  del  Mar;FUNDACION  EDUCACIONAL  PARA  EL  DESAROLLO  INTEGRAL  DE  LA  NIÑEZ;1910450;LIMPIADOR  DE  PISOS  IMPEKE  DESINFECTANTE  BIDÓN  4000  ML  UNIDAD  REGIÓN  V;LIMPIADOR  DE  PISOS;2899;2895;0;50;144750;No;CASTILLA  Y  ARAGON  SPA;CASTILLA  Y  ARAGON  SPA;96.989.530-7
2239-9-LR22;5800319;Convenio  Marco  de  Artículos  de  Aseo  e  Higiene;707419-131-CM25;53241344;Orden  de  Compra  generada  por  la  Gran  Compra:  76813;2025-08-28;2025-05-08;2025-05-08;2025-05-23;Aceptada;76813;70.574.900-0;Regional  Valparaiso;FUNDACION  EDUCACIONAL  PARA  EL  DESAROLLO  INTEGRAL  DE  LA  NIÑEZ;Calle  7  Norte  Nº  1094;Viña  del  Mar;FUNDACION  EDUCACIONAL  PARA  EL  DESAROLLO  INTEGRAL  DE  LA  NIÑEZ;1946909;TOALLA  DE  PAPEL  ELITE  EVOLUTION+  250  METROS  2  ROLLOS  1  PAQUETE  REGIÓN  V;TOALLA  DE  PAPEL;11629;8690;25;500;4345000;No;MG  PUBLICIDAD  Y  EVENTOS  SPA;MG  PUBLICIDAD  Y  EVENTOS  SPA;76.202.065-3
2239-9-LR22;5800319;Convenio  Marco  de  Artículos  de  Aseo  e  Higiene;707419-131-CM25;53241344;Orden  de  Compra  generada  por  la  Gran  Compra:  76813;2025-08-28;2025-05-08;2025-05-08;2025-05-23;Aceptada;76813;70.574.900-0;Regional  Valparaiso;FUNDACION  EDUCACIONAL  PARA  EL  DESAROLLO  INTEGRAL  DE  LA  NIÑEZ;Calle  7  Norte  Nº  1094;Viña  del  Mar;FUNDACION  EDUCACIONAL  PARA  EL  DESAROLLO  INTEGRAL  DE  LA  NIÑEZ;1932978;JABÓN  ELITE  NEUTRO-GLICERINA  LÍQUIDO  BIDÓN  5  L  UNIDAD  REGIÓN  V;JABÓN;7024;6390;9;762;4869180;No;MG  PUBLICIDAD  Y  EVENTOS  SPA;MG  PUBLICIDAD  Y  EVENTOS  SPA;76.202.065-3
2239-9-LR22;5800319;Convenio  Marco  de  Artículos  de  Aseo  e  Higiene;707419-131-CM25;53241344;Orden  de  Compra  generada  por  la  Gran  Compra:  76813;2025-08-28;2025-05-08;2025-05-08;2025-05-23;Aceptada;76813;70.574.900-0;Regional  Valparaiso;FUNDACION  EDUCACIONAL  PARA  EL  DESAROLLO  INTEGRAL  DE  LA  NIÑEZ;Calle  7  Norte  Nº  1094;Viña  del  Mar;FUNDACION  EDUCACIONAL  PARA  EL  DESAROLLO  INTEGRAL  DE  LA  NIÑEZ;1926855;TRAPERO  REUTILIZABLE  VIRUTEX  DESINFECTANTE  C/  OJAL  40X60  CM  PAQUETE  10  UNIDADES  REGIÓN  V;TRAPERO  REUTILIZABLE;2165;2165;0;10;21650;No;CASTILLA  Y  ARAGON  SPA;CASTILLA  Y  ARAGON  SPA;96.989.530-7
2239-9-LR22;5800319;Convenio  Marco  de  Artículos  de  Aseo  e  Higiene;707419-131-CM25;53241344;Orden  de  Compra  generada  por  la  Gran  Compra:  76813;2025-08-28;2025-05-08;2025-05-08;2025-05-23;Aceptada;76813;70.574.900-0;Regional  Valparaiso;FUNDACION  EDUCACIONAL  PARA  EL  DESAROLLO  INTEGRAL  DE  LA  NIÑEZ;Calle  7  Norte  Nº  1094;Viña  del  Mar;FUNDACION  EDUCACIONAL  PARA  EL  DESAROLLO  INTEGRAL  DE  LA  NIÑEZ;1922894;SERVILLETAS  DESECHABLES  ELITE  CÓCTEL  HOJA  SIMPLE  50  UNIDADES  1  PAQUETE  REGIÓN  V;SERVILLETAS  DESECHABLES;298;297;0;50;14850;No;SERVICIOS  INTEGRADOS  SIDAPT  LIMITADA;SERVICIOS  INTEGRADOS  SIDAPT  LIMITADA;76.299.358-9
2239-9-LR22;5800319;Convenio  Marco  de  Artículos  de  Aseo  e  Higiene;707419-131-CM25;53241344;Orden  de  Compra  generada  por  la  Gran  Compra:  76813;2025-08-28;2025-05-08;2025-05-08;2025-05-23;Aceptada;76813;70.574.900-0;Regional  Valparaiso;FUNDACION  EDUCACIONAL  PARA  EL  DESAROLLO  INTEGRAL  DE  LA  NIÑEZ;Calle  7  Norte  Nº  1094;Viña  del  Mar;FUNDACION  EDUCACIONAL  PARA  EL  DESAROLLO  INTEGRAL  DE  LA  NIÑEZ;1942024;BOLSA  DE  BASURA  VIRUTEX  CARGA  PESADA  110X120  CM  200  L  ROLLO  X  5  UNIDADES  REGIÓN  V;BOLSA  DE  BASURA;3186;2800;12;765;2142000;No;SERVICIOS  INTEGRADOS  SIDAPT  LIMITADA;SERVICIOS  INTEGRADOS  SIDAPT  LIMITADA;76.299.358-9
2239-9-LR22;5800319;Convenio  Marco  de  Artículos  de  Aseo  e  Higiene;707419-131-CM25;53241344;Orden  de  Compra  generada  por  la  Gran  Compra:  76813;2025-08-28;2025-05-08;2025-05-08;2025-05-23;Aceptada;76813;70.574.900-0;Regional  Valparaiso;FUNDACION  EDUCACIONAL  PARA  EL  DESAROLLO  INTEGRAL  DE  LA  NIÑEZ;Calle  7  Norte  Nº  1094;Viña  del  Mar;FUNDACION  EDUCACIONAL  PARA  EL  DESAROLLO  INTEGRAL  DE  LA  NIÑEZ;1945375;DESENGRASANTE  COCINA  TREMEX  MULTIUSO  CREMA  ANTIGRASA  750  ML  UNIDAD  REGIÓN  V;DESENGRASANTE  COCINA;1771;1283;28;100;128300;Si;PROVEEDORES  INTEGRALES  PRISA  S  A;PROVEEDORES  INTEGRALES  PRISA  S  A;96.556.940-5
2239-9-LR22;5800319;Convenio  Marco  de  Artículos  de  Aseo  e  Higiene;707419-131-CM25;53241344;Orden  de  Compra  generada  por  la  Gran  Compra:  76813;2025-08-28;2025-05-08;2025-05-08;2025-05-23;Aceptada;76813;70.574.900-0;Regional  Valparaiso;FUNDACION  EDUCACIONAL  PARA  EL  DESAROLLO  INTEGRAL  DE  LA  NIÑEZ;Calle  7  Norte  Nº  1094;Viña  del  Mar;FUNDACION  EDUCACIONAL  PARA  EL  DESAROLLO  INTEGRAL  DE  LA  NIÑEZ;1946909;TOALLA  DE  PAPEL  ELITE  EVOLUTION+  250  METROS  2  ROLLOS  1  PAQUETE  REGIÓN  V;TOALLA  DE  PAPEL;11504;8864;23;500;4432000;Si;PROVEEDORES  INTEGRALES  PRISA  S  A;PROVEEDORES  INTEGRALES  PRISA  S  A;96.556.940-5
2239-9-LR22;5800319;Convenio  Marco  de  Artículos  de  Aseo  e  Higiene;707419-131-CM25;53241344;Orden  de  Compra  generada  por  la  Gran  Compra:  76813;2025-08-28;2025-05-08;2025-05-08;2025-05-23;Aceptada;76813;70.574.900-0;Regional  Valparaiso;FUNDACION  EDUCACIONAL  PARA  EL  DESAROLLO  INTEGRAL  DE  LA  NIÑEZ;Calle  7  Norte  Nº  1094;Viña  del  Mar;FUNDACION  EDUCACIONAL  PARA  EL  DESAROLLO  INTEGRAL  DE  LA  NIÑEZ;1933437;JABÓN  TORK  NEUTRO-GLICERINA  LÍQUIDO  BIDÓN  5  L  UNIDAD  REGIÓN  V;JABÓN;7419;7300;2;762;5562600;No;SERVICIOS  INTEGRADOS  SIDAPT  LIMITADA;SERVICIOS  INTEGRADOS  SIDAPT  LIMITADA;76.299.358-9
2239-9-LR22;5800319;Convenio  Marco  de  Artículos  de  Aseo  e  Higiene;707419-131-CM25;53241344;Orden  de  Compra  generada  por  la  Gran  Compra:  76813;2025-08-28;2025-05-08;2025-05-08;2025-05-23;Aceptada;76813;70.574.900-0;Regional  Valparaiso;FUNDACION  EDUCACIONAL  PARA  EL  DESAROLLO  INTEGRAL  DE  LA  NIÑEZ;Calle  7  Norte  Nº  1094;Viña  del  Mar;FUNDACION  EDUCACIONAL  PARA  EL  DESAROLLO  INTEGRAL  DE  LA  NIÑEZ;1942024;BOLSA  DE  BASURA  VIRUTEX  CARGA  PESADA  110X120  CM  200  L  ROLLO  X  5  UNIDADES  REGIÓN  V;BOLSA  DE  BASURA;3182;2318;27;765;1773270;Si;PROVEEDORES  INTEGRALES  PRISA  S  A;PROVEEDORES  INTEGRALES  PRISA  S  A;96.556.940-5
2239-11-LR24;5802370;Convenio  Marco  para  la  adquisición  de  licencias  de  software  de  ofimática  (Magento);734-761-CM25;53154941;Orden  de  Compra  generada  por  la  Gran  Compra:  77575;2025-08-22;2025-06-30;2025-06-30;2025-07-14;Recepción  Conforme;77575;61.607.800-3;DIRECCION;SERVICIO  DE  SALUD  AYSEN  CARLOS  IBANEZ  DEL  CAMPO;Dr.  Jorge  Ibar  N°  0168.  Coyhaique.;Coyhaique;SERVICIO  DE  SALUD  AYSEN  CARLOS  IBANEZ  DEL  CAMPO;4193078;LICENCIA  GOOGLE  WORKSPACE  ENTERPRISE  STARTER  +  VAULT  GAMA  2E  VALOR  ANUAL;LICENCIA;99;99;0;2100;207900;Si;TECNOLOGIA  BS  SPA;TECNOLOGIA  BS  SPA;76.852.815-2
2239-11-LR24;5802370;Convenio  Marco  para  la  adquisición  de  licencias  de  software  de  ofimática  (Magento);734-761-CM25;53154941;Orden  de  Compra  generada  por  la  Gran  Compra:  77575;2025-08-22;2025-06-30;2025-06-30;2025-07-14;Recepción  Conforme;77575;61.607.800-3;DIRECCION;SERVICIO  DE  SALUD  AYSEN  CARLOS  IBANEZ  DEL  CAMPO;Dr.  Jorge  Ibar  N°  0168.  Coyhaique.;Coyhaique;SERVICIO  DE  SALUD  AYSEN  CARLOS  IBANEZ  DEL  CAMPO;4193083;LICENCIA  GOOGLE  WORKSPACE  ENTERPRISE  STANDARD  GAMA  3E  VALOR  ANUAL;LICENCIA;129;129;0;300;38718;Si;TECNOLOGIA  BS  SPA;TECNOLOGIA  BS  SPA;76.852.815-2
2239-11-LR24;5802370;Convenio  Marco  para  la  adquisición  de  licencias  de  software  de  ofimática  (Magento);734-761-CM25;53154941;Orden  de  Compra  generada  por  la  Gran  Compra:  77575;2025-08-22;2025-06-30;2025-06-30;2025-07-14;Recepción  Conforme;77575;61.607.800-3;DIRECCION;SERVICIO  DE  SALUD  AYSEN  CARLOS  IBANEZ  DEL  CAMPO;Dr.  Jorge  Ibar  N°  0168.  Coyhaique.;Coyhaique;SERVICIO  DE  SALUD  AYSEN  CARLOS  IBANEZ  DEL  CAMPO;4193078;LICENCIA  GOOGLE  WORKSPACE  ENTERPRISE  STARTER  +  VAULT  GAMA  2E  VALOR  ANUAL;LICENCIA;111;99;11;2100;208362;No;SUPER  SOFTWARE  SPA;SUPER  SOFTWARE  SPA;76.486.150-7
2239-11-LR24;5802370;Convenio  Marco  para  la  adquisición  de  licencias  de  software  de  ofimática  (Magento);734-761-CM25;53154941;Orden  de  Compra  generada  por  la  Gran  Compra:  77575;2025-08-22;2025-06-30;2025-06-30;2025-07-14;Recepción  Conforme;77575;61.607.800-3;DIRECCION;SERVICIO  DE  SALUD  AYSEN  CARLOS  IBANEZ  DEL  CAMPO;Dr.  Jorge  Ibar  N°  0168.  Coyhaique.;Coyhaique;SERVICIO  DE  SALUD  AYSEN  CARLOS  IBANEZ  DEL  CAMPO;4193083;LICENCIA  GOOGLE  WORKSPACE  ENTERPRISE  STANDARD  GAMA  3E  VALOR  ANUAL;LICENCIA;145;129;11;300;38808;No;SUPER  SOFTWARE  SPA;SUPER  SOFTWARE  SPA;76.486.150-7
