NroLicitacionPublica;IdConvenioMarco;ConvenioMarco;CodigoOC;PorId;NombreOC;FechaEnvioOC;FechaCreacionGC;FechaInvitacion;FechaFinInvitacion;EstadoOC;IdGranCompra;RutUnidadCompra;UnidadCompra;RazonSocialComprador;DireccionUnidadCompra;ComunaUnidadCompra;Institucion;IdProductoCM;NombreProducto;TipoProducto;PrecioTienda;PrecioOfertaEspecial;DescuentoAplicado;CantidadFinal;PrecioOfertaFinal;Adjudicado;RazonSocialSucursal;NombreProveedor;RutProveedor
2239-11-LR24;5802370;Convenio  Marco  para  la  adquisición  de  licencias  de  software  de  ofimática  (Magento);1057499-258-CM25;52759776;Gran  Compra:  76635  Arriendo  Licencias  Microsoft  Office  365  para  el  SSMS;2025-06-11;2025-04-24;2025-04-24;2025-05-09;Aceptada;76635;61.608.108-K;Bienes  y  Servicios;SERVICIO  DE  SALUD  SUR  UNIDAD  HOSPITALARI;Avenida  Santa  Rosa  #  3453;San  Miguel;SERVICIO  DE  SALUD  SUR  UNIDAD  HOSPITALARI;4193073;LICENCIA  MICROSOFT  OFFICE  365  E1  +  DEFENDER  P1  +  TEAMS  GAMA  1E  VALOR  ANUAL;LICENCIA;94;94;0;1350;127008;Si;MSLI  Latam  Inc.;MSLI  Latam  INC;880443249
2239-3-LR24;5802326;Convenio  Marco  para  suministro  de  combustibles  (Magento);218-354-CM25;52739520;Suministro  de  Combustible  para  la  Municipalidad  de  San  Joaquin;2025-06-24;2025-03-10;2025-03-10;2025-03-24;Aceptada;75763;69.254.600-8;Ilustre  Municipalidad  de  San  Joaquin;I  MUNICIPALIDAD  SAN  JOAQUIN;SANTA  ROSA  2606,  3º  piso  Bodega  Central;San  Joaquín;I  MUNICIPALIDAD  SAN  JOAQUIN;2237138;ESTACIÓN  DE  SERVICIO  DIESEL  -  REGIÓN  METROPOLITANA  DESCUENTO  PESOS  POR  LITRO;ESTACIÓN  DE  SERVICIO  DIESEL;0;1;0;1;1;No;EMPRESA  NACIONAL  DE  ENERGIA  ENEX  S.A.;EMPRESA  NACIONAL  DE  ENERGIA  ENEX  SA;92.011.000-2
2239-3-LR24;5802326;Convenio  Marco  para  suministro  de  combustibles  (Magento);218-354-CM25;52739520;Suministro  de  Combustible  para  la  Municipalidad  de  San  Joaquin;2025-06-24;2025-03-10;2025-03-10;2025-03-24;Aceptada;75763;69.254.600-8;Ilustre  Municipalidad  de  San  Joaquin;I  MUNICIPALIDAD  SAN  JOAQUIN;SANTA  ROSA  2606,  3º  piso  Bodega  Central;San  Joaquín;I  MUNICIPALIDAD  SAN  JOAQUIN;2237138;ESTACIÓN  DE  SERVICIO  DIESEL  -  REGIÓN  METROPOLITANA  DESCUENTO  PESOS  POR  LITRO;ESTACIÓN  DE  SERVICIO  DIESEL;0;55;0;1;92436975;Si;COPEC  S.A.;COPEC  S.A.;99.520.000-7
2239-3-LR24;5802326;Convenio  Marco  para  suministro  de  combustibles  (Magento);2341-288-CM25;52928666;Orden  de  Compra  generada  por  la  Gran  Compra:  76647;2025-06-19;2025-04-25;2025-04-25;2025-05-12;Aceptada;76647;69.072.700-5;OFICINA  DE  ADQUISICIONES;I  MUNICIPALIDAD  DE  SAN  BERNARDO;BODEGA    EYZAGUIRRE  450;San  Bernardo;I  MUNICIPALIDAD  DE  SAN  BERNARDO;2237122;ESTACIÓN  DE  SERVICIO  GASOLINA  -  REGIÓN  METROPOLITANA  DESCUENTO  PESOS  POR  LITRO;ESTACIÓN  DE  SERVICIO  GASOLINA;0;50;0;1;52100840;Si;EMPRESA  NACIONAL  DE  ENERGIA  ENEX  S.A.;EMPRESA  NACIONAL  DE  ENERGIA  ENEX  SA;92.011.000-2
2239-3-LR24;5802326;Convenio  Marco  para  suministro  de  combustibles  (Magento);2341-288-CM25;52928666;Orden  de  Compra  generada  por  la  Gran  Compra:  76647;2025-06-19;2025-04-25;2025-04-25;2025-05-12;Aceptada;76647;69.072.700-5;OFICINA  DE  ADQUISICIONES;I  MUNICIPALIDAD  DE  SAN  BERNARDO;BODEGA    EYZAGUIRRE  450;San  Bernardo;I  MUNICIPALIDAD  DE  SAN  BERNARDO;2237122;ESTACIÓN  DE  SERVICIO  GASOLINA  -  REGIÓN  METROPOLITANA  DESCUENTO  PESOS  POR  LITRO;ESTACIÓN  DE  SERVICIO  GASOLINA;0;50;0;1;50;No;COPEC  S.A.;COPEC  S.A.;99.520.000-7
2239-3-LR24;5802326;Convenio  Marco  para  suministro  de  combustibles  (Magento);2341-288-CM25;52928666;Orden  de  Compra  generada  por  la  Gran  Compra:  76647;2025-06-19;2025-04-25;2025-04-25;2025-05-12;Aceptada;76647;69.072.700-5;OFICINA  DE  ADQUISICIONES;I  MUNICIPALIDAD  DE  SAN  BERNARDO;BODEGA    EYZAGUIRRE  450;San  Bernardo;I  MUNICIPALIDAD  DE  SAN  BERNARDO;2237138;ESTACIÓN  DE  SERVICIO  DIESEL  -  REGIÓN  METROPOLITANA  DESCUENTO  PESOS  POR  LITRO;ESTACIÓN  DE  SERVICIO  DIESEL;0;55;0;1;55;No;COPEC  S.A.;COPEC  S.A.;99.520.000-7
2239-3-LR24;5802326;Convenio  Marco  para  suministro  de  combustibles  (Magento);2341-288-CM25;52928666;Orden  de  Compra  generada  por  la  Gran  Compra:  76647;2025-06-19;2025-04-25;2025-04-25;2025-05-12;Aceptada;76647;69.072.700-5;OFICINA  DE  ADQUISICIONES;I  MUNICIPALIDAD  DE  SAN  BERNARDO;BODEGA    EYZAGUIRRE  450;San  Bernardo;I  MUNICIPALIDAD  DE  SAN  BERNARDO;2237138;ESTACIÓN  DE  SERVICIO  DIESEL  -  REGIÓN  METROPOLITANA  DESCUENTO  PESOS  POR  LITRO;ESTACIÓN  DE  SERVICIO  DIESEL;0;59;0;1;100840336;Si;EMPRESA  NACIONAL  DE  ENERGIA  ENEX  S.A.;EMPRESA  NACIONAL  DE  ENERGIA  ENEX  SA;92.011.000-2
2239-1-LR24;5802359;CONVENIO  MARCO  PARA  COMPUTADORES  PORTÁTILES  DESKTOP  Y  AIO;2378-75-CM25;52967464;Orden  de  Compra  generada  por  la  Gran  Compra:  75931;2025-06-26;2025-03-17;2025-03-17;2025-04-01;Aceptada;75931;69.070.700-4;SECRETARIA  DE  PLANIFICACION;I  MUNICIPALIDAD  DE  LA  FLORIDA;AMERICO  VESPUCIO  6886;La  Florida;I  MUNICIPALIDAD  DE  LA  FLORIDA;2227954;ALL  IN  ONE  HP  PROONE  440  G9  WINDOWS  11  PRO  INTEL  CORE  I5-12500  16  GB  16  GB  GAMA  2;ALL  IN  ONE;687;675;2;130;87848;No;LECHNER  S.A;LECHNER  S.A.;78.114.650-1
2239-1-LR24;5802359;CONVENIO  MARCO  PARA  COMPUTADORES  PORTÁTILES  DESKTOP  Y  AIO;2378-75-CM25;52967464;Orden  de  Compra  generada  por  la  Gran  Compra:  75931;2025-06-26;2025-03-17;2025-03-17;2025-04-01;Aceptada;75931;69.070.700-4;SECRETARIA  DE  PLANIFICACION;I  MUNICIPALIDAD  DE  LA  FLORIDA;AMERICO  VESPUCIO  6886;La  Florida;I  MUNICIPALIDAD  DE  LA  FLORIDA;2227958;ALL  IN  ONE  LENOVO  THINKCENTRE  NEO  50A  24  WINDOWS  11  PRO  INTEL  CORE  I7-13700H  16  GB  1TB  GAMA  3;ALL  IN  ONE;725;698;4;10;6984;Si;REPARACIONES  BBCC  LIMITADA;REPARACIONES  BBCC  LIMITADA;76.376.530-k
2239-1-LR24;5802359;CONVENIO  MARCO  PARA  COMPUTADORES  PORTÁTILES  DESKTOP  Y  AIO;2378-75-CM25;52967464;Orden  de  Compra  generada  por  la  Gran  Compra:  75931;2025-06-26;2025-03-17;2025-03-17;2025-04-01;Aceptada;75931;69.070.700-4;SECRETARIA  DE  PLANIFICACION;I  MUNICIPALIDAD  DE  LA  FLORIDA;AMERICO  VESPUCIO  6886;La  Florida;I  MUNICIPALIDAD  DE  LA  FLORIDA;2227959;ALL  IN  ONE  HP  PROONE  440  G9  WINDOWS  11  PRO  INTEL  CORE  I7-12700  16  GB  1TB  GAMA  3;ALL  IN  ONE;778;774;0;10;7748;No;LECHNER  S.A;LECHNER  S.A.;78.114.650-1
2239-1-LR24;5802359;CONVENIO  MARCO  PARA  COMPUTADORES  PORTÁTILES  DESKTOP  Y  AIO;2378-75-CM25;52967464;Orden  de  Compra  generada  por  la  Gran  Compra:  75931;2025-06-26;2025-03-17;2025-03-17;2025-04-01;Aceptada;75931;69.070.700-4;SECRETARIA  DE  PLANIFICACION;I  MUNICIPALIDAD  DE  LA  FLORIDA;AMERICO  VESPUCIO  6886;La  Florida;I  MUNICIPALIDAD  DE  LA  FLORIDA;2227955;ALL  IN  ONE  ACER  VZ2694G-BCL  WINDOWS  11  PRO  INTEL  CORE  I5-12400  16  GB  960  GB  GAMA  2;ALL  IN  ONE;715;689;4;130;89570;No;NET  NOW  TECNOLOGIA  Y  COMPUTACION  S  A;NET  NOW  TECNOLOGÍA  Y  COMPUTACIÓN  S.A.;78.112.170-3
2239-1-LR24;5802359;CONVENIO  MARCO  PARA  COMPUTADORES  PORTÁTILES  DESKTOP  Y  AIO;2378-75-CM25;52967464;Orden  de  Compra  generada  por  la  Gran  Compra:  75931;2025-06-26;2025-03-17;2025-03-17;2025-04-01;Aceptada;75931;69.070.700-4;SECRETARIA  DE  PLANIFICACION;I  MUNICIPALIDAD  DE  LA  FLORIDA;AMERICO  VESPUCIO  6886;La  Florida;I  MUNICIPALIDAD  DE  LA  FLORIDA;2227953;ALL  IN  ONE  LENOVO  THINKCENTRE  NEO  50A  24  WINDOWS  11  PRO  INTEL  CORE  I5-13500H  16  GB  1  TB  GAMA  2;ALL  IN  ONE;634;624;1;130;81190;No;COMERCIALIZADORA  SP  DIGITAL  SPA;COMERCIALIZADORA  SP  DIGITAL  SPA;76.799.430-3
2239-1-LR24;5802359;CONVENIO  MARCO  PARA  COMPUTADORES  PORTÁTILES  DESKTOP  Y  AIO;2378-75-CM25;52967464;Orden  de  Compra  generada  por  la  Gran  Compra:  75931;2025-06-26;2025-03-17;2025-03-17;2025-04-01;Aceptada;75931;69.070.700-4;SECRETARIA  DE  PLANIFICACION;I  MUNICIPALIDAD  DE  LA  FLORIDA;AMERICO  VESPUCIO  6886;La  Florida;I  MUNICIPALIDAD  DE  LA  FLORIDA;2227990;MONITOR  SAMSUNG  24"  MONITOR  T45F  FHD  100HZ  PIVOTEABLE  GAMA  1;MONITOR;94;90;4;10;909;No;COMERCIALIZADORA  SP  DIGITAL  SPA;COMERCIALIZADORA  SP  DIGITAL  SPA;76.799.430-3
2239-1-LR24;5802359;CONVENIO  MARCO  PARA  COMPUTADORES  PORTÁTILES  DESKTOP  Y  AIO;2378-75-CM25;52967464;Orden  de  Compra  generada  por  la  Gran  Compra:  75931;2025-06-26;2025-03-17;2025-03-17;2025-04-01;Aceptada;75931;69.070.700-4;SECRETARIA  DE  PLANIFICACION;I  MUNICIPALIDAD  DE  LA  FLORIDA;AMERICO  VESPUCIO  6886;La  Florida;I  MUNICIPALIDAD  DE  LA  FLORIDA;2227953;ALL  IN  ONE  LENOVO  THINKCENTRE  NEO  50A  24  WINDOWS  11  PRO  INTEL  CORE  I5-13500H  16  GB  1  TB  GAMA  2;ALL  IN  ONE;634;608;4;130;79149;Si;REPARACIONES  BBCC  LIMITADA;REPARACIONES  BBCC  LIMITADA;76.376.530-k
2239-1-LR24;5802359;CONVENIO  MARCO  PARA  COMPUTADORES  PORTÁTILES  DESKTOP  Y  AIO;2378-75-CM25;52967464;Orden  de  Compra  generada  por  la  Gran  Compra:  75931;2025-06-26;2025-03-17;2025-03-17;2025-04-01;Aceptada;75931;69.070.700-4;SECRETARIA  DE  PLANIFICACION;I  MUNICIPALIDAD  DE  LA  FLORIDA;AMERICO  VESPUCIO  6886;La  Florida;I  MUNICIPALIDAD  DE  LA  FLORIDA;2227958;ALL  IN  ONE  LENOVO  THINKCENTRE  NEO  50A  24  WINDOWS  11  PRO  INTEL  CORE  I7-13700H  16  GB  1TB  GAMA  3;ALL  IN  ONE;725;715;1;10;7150;No;COMERCIALIZADORA  SP  DIGITAL  SPA;COMERCIALIZADORA  SP  DIGITAL  SPA;76.799.430-3
2239-1-LR24;5802359;CONVENIO  MARCO  PARA  COMPUTADORES  PORTÁTILES  DESKTOP  Y  AIO;2378-75-CM25;52967464;Orden  de  Compra  generada  por  la  Gran  Compra:  75931;2025-06-26;2025-03-17;2025-03-17;2025-04-01;Aceptada;75931;69.070.700-4;SECRETARIA  DE  PLANIFICACION;I  MUNICIPALIDAD  DE  LA  FLORIDA;AMERICO  VESPUCIO  6886;La  Florida;I  MUNICIPALIDAD  DE  LA  FLORIDA;2227961;ALL  IN  ONE  ACER  VZ2694G-CCL  WINDOWS  11  PRO  INTEL  CORE  I7-13700H  16  GB  1TB  GAMA  3;ALL  IN  ONE;820;780;5;10;7800;No;NET  NOW  TECNOLOGIA  Y  COMPUTACION  S  A;NET  NOW  TECNOLOGÍA  Y  COMPUTACIÓN  S.A.;78.112.170-3
2239-1-LR24;5802359;CONVENIO  MARCO  PARA  COMPUTADORES  PORTÁTILES  DESKTOP  Y  AIO;2378-75-CM25;52967464;Orden  de  Compra  generada  por  la  Gran  Compra:  75931;2025-06-26;2025-03-17;2025-03-17;2025-04-01;Aceptada;75931;69.070.700-4;SECRETARIA  DE  PLANIFICACION;I  MUNICIPALIDAD  DE  LA  FLORIDA;AMERICO  VESPUCIO  6886;La  Florida;I  MUNICIPALIDAD  DE  LA  FLORIDA;2227987;MONITOR  ACER  V247Y  23,8  PULGADAS  GAMA  1;MONITOR;78;78;0;10;780;No;NET  NOW  TECNOLOGIA  Y  COMPUTACION  S  A;NET  NOW  TECNOLOGÍA  Y  COMPUTACIÓN  S.A.;78.112.170-3
2239-6-LR23;5802336;Convenio  Marco  Gas  Licuado  de  Petróleo;2422-789-CM25;52896831;Orden  de  Compra  generada  por  la  Gran  Compra:  75821;2025-06-14;2025-03-12;2025-03-12;2025-03-26;Recepción  Conforme;75821;69.072.100-7;I  MUNICIPALIDAD  DE  PUENTE  ALTO;I  MUNICIPALIDAD  DE  PUENTE  ALTO;TOCORNAL  GREZ  047;Puente  Alto;I  MUNICIPALIDAD  DE  PUENTE  ALTO;1944960;GAS  LICUADO  CILINDRO  MEDIANTE  VALE  DE  RECARGA  11  KG  REGIÓN  METROPOLITANA;GAS  LICUADO  CILINDRO  MEDIANTE  VALE  DE  RECARGA;9885;11300;-14;16382;185116600;Si;GASCO  GLP  S  A;GASCO  GLP  S.A.;96.568.740-8
2239-11-LR24;5802370;Convenio  Marco  para  la  adquisición  de  licencias  de  software  de  ofimática  (Magento);2434-49-CM25;52893959;Orden  de  Compra  generada  por  la  Gran  Compra:  76953;2025-06-13;2025-05-20;2025-05-20;2025-06-04;Aceptada;76953;69.254.300-9;SECRETARIA  COMUNAL  DE  PLANIFICACION;I  MUNICIPALIDAD  ESTACION  CENTRAL;Av.  Libertador  Bernardo  O'Higgins  N°3920;Estación  Central;I  MUNICIPALIDAD  ESTACION  CENTRAL;4193083;LICENCIA  GOOGLE  WORKSPACE  ENTERPRISE  STANDARD  GAMA  3E  VALOR  ANUAL;LICENCIA;129;129;0;350;90300;Si;TECNOLOGIA  BS  SPA;TECNOLOGIA  BS  SPA;76.852.815-2
2239-11-LR24;5802370;Convenio  Marco  para  la  adquisición  de  licencias  de  software  de  ofimática  (Magento);2434-49-CM25;52893959;Orden  de  Compra  generada  por  la  Gran  Compra:  76953;2025-06-13;2025-05-20;2025-05-20;2025-06-04;Aceptada;76953;69.254.300-9;SECRETARIA  COMUNAL  DE  PLANIFICACION;I  MUNICIPALIDAD  ESTACION  CENTRAL;Av.  Libertador  Bernardo  O'Higgins  N°3920;Estación  Central;I  MUNICIPALIDAD  ESTACION  CENTRAL;4193078;LICENCIA  GOOGLE  WORKSPACE  ENTERPRISE  STARTER  +  VAULT  GAMA  2E  VALOR  ANUAL;LICENCIA;99;99;0;500;99000;Si;TECNOLOGIA  BS  SPA;TECNOLOGIA  BS  SPA;76.852.815-2
2239-11-LR24;5802370;Convenio  Marco  para  la  adquisición  de  licencias  de  software  de  ofimática  (Magento);2434-49-CM25;52893959;Orden  de  Compra  generada  por  la  Gran  Compra:  76953;2025-06-13;2025-05-20;2025-05-20;2025-06-04;Aceptada;76953;69.254.300-9;SECRETARIA  COMUNAL  DE  PLANIFICACION;I  MUNICIPALIDAD  ESTACION  CENTRAL;Av.  Libertador  Bernardo  O'Higgins  N°3920;Estación  Central;I  MUNICIPALIDAD  ESTACION  CENTRAL;4193078;LICENCIA  GOOGLE  WORKSPACE  ENTERPRISE  STARTER  +  VAULT  GAMA  2E  VALOR  ANUAL;LICENCIA;111;111;0;500;55520;No;SUPER  SOFTWARE  SPA;SUPER  SOFTWARE  SPA;76.486.150-7
2239-11-LR24;5802370;Convenio  Marco  para  la  adquisición  de  licencias  de  software  de  ofimática  (Magento);2434-49-CM25;52893959;Orden  de  Compra  generada  por  la  Gran  Compra:  76953;2025-06-13;2025-05-20;2025-05-20;2025-06-04;Aceptada;76953;69.254.300-9;SECRETARIA  COMUNAL  DE  PLANIFICACION;I  MUNICIPALIDAD  ESTACION  CENTRAL;Av.  Libertador  Bernardo  O'Higgins  N°3920;Estación  Central;I  MUNICIPALIDAD  ESTACION  CENTRAL;4193078;LICENCIA  GOOGLE  WORKSPACE  ENTERPRISE  STARTER  +  VAULT  GAMA  2E  VALOR  ANUAL;LICENCIA;99;99;0;500;49600;No;MYRE  EDUCACION  LIMITADA;Mariana  Borquez;77.553.790-6
2239-11-LR24;5802370;Convenio  Marco  para  la  adquisición  de  licencias  de  software  de  ofimática  (Magento);2434-49-CM25;52893959;Orden  de  Compra  generada  por  la  Gran  Compra:  76953;2025-06-13;2025-05-20;2025-05-20;2025-06-04;Aceptada;76953;69.254.300-9;SECRETARIA  COMUNAL  DE  PLANIFICACION;I  MUNICIPALIDAD  ESTACION  CENTRAL;Av.  Libertador  Bernardo  O'Higgins  N°3920;Estación  Central;I  MUNICIPALIDAD  ESTACION  CENTRAL;4193083;LICENCIA  GOOGLE  WORKSPACE  ENTERPRISE  STANDARD  GAMA  3E  VALOR  ANUAL;LICENCIA;134;132;1;350;46200;No;MYRE  EDUCACION  LIMITADA;Mariana  Borquez;77.553.790-6
2239-11-LR24;5802370;Convenio  Marco  para  la  adquisición  de  licencias  de  software  de  ofimática  (Magento);2434-49-CM25;52893959;Orden  de  Compra  generada  por  la  Gran  Compra:  76953;2025-06-13;2025-05-20;2025-05-20;2025-06-04;Aceptada;76953;69.254.300-9;SECRETARIA  COMUNAL  DE  PLANIFICACION;I  MUNICIPALIDAD  ESTACION  CENTRAL;Av.  Libertador  Bernardo  O'Higgins  N°3920;Estación  Central;I  MUNICIPALIDAD  ESTACION  CENTRAL;4193083;LICENCIA  GOOGLE  WORKSPACE  ENTERPRISE  STANDARD  GAMA  3E  VALOR  ANUAL;LICENCIA;145;145;0;350;50750;No;SUPER  SOFTWARE  SPA;SUPER  SOFTWARE  SPA;76.486.150-7
2239-9-LR22;5800319;Convenio  Marco  de  Artículos  de  Aseo  e  Higiene;2770-164-CM25;52928731;Gran  Compra  75207  -  AC  50/2025;2025-06-23;2025-02-10;2025-02-10;2025-02-24;Recepción  Conforme;75207;69.070.900-7;I  MUNICIPALIDAD  DE  MAIPU;I  MUNICIPALIDAD  DE  MAIPU;AVDA.  5  DE  ABRIL  0260;Maipú;I  MUNICIPALIDAD  DE  MAIPU;1914393;PAÑAL  DE  ADULTO  COTIDIAN  TALLA  G  PAQUETE  DE  36  UNIDADES  REGIÓN  RM;PAÑAL  DE  ADULTO;15044;14732;2;5910;87066120;No;COMERCIAL  JUAN  ESTEBAN  PÉREZ  ZAMBRANO  E.I.R.L.;COMERCIAL  JUAN  ESTEBAN  PÉREZ  ZAMBRANO  E.I.R.L.;76.334.572-6
2239-9-LR22;5800319;Convenio  Marco  de  Artículos  de  Aseo  e  Higiene;2770-164-CM25;52928731;Gran  Compra  75207  -  AC  50/2025;2025-06-23;2025-02-10;2025-02-10;2025-02-24;Recepción  Conforme;75207;69.070.900-7;I  MUNICIPALIDAD  DE  MAIPU;I  MUNICIPALIDAD  DE  MAIPU;AVDA.  5  DE  ABRIL  0260;Maipú;I  MUNICIPALIDAD  DE  MAIPU;1914393;PAÑAL  DE  ADULTO  COTIDIAN  TALLA  G  PAQUETE  DE  36  UNIDADES  REGIÓN  RM;PAÑAL  DE  ADULTO;14350;14850;-3;5910;87763500;No;DIMERC  S  A;DIMERC  S.  A.;96.670.840-9
2239-9-LR22;5800319;Convenio  Marco  de  Artículos  de  Aseo  e  Higiene;2770-164-CM25;52928731;Gran  Compra  75207  -  AC  50/2025;2025-06-23;2025-02-10;2025-02-10;2025-02-24;Recepción  Conforme;75207;69.070.900-7;I  MUNICIPALIDAD  DE  MAIPU;I  MUNICIPALIDAD  DE  MAIPU;AVDA.  5  DE  ABRIL  0260;Maipú;I  MUNICIPALIDAD  DE  MAIPU;1914444;PAÑAL  DE  ADULTO  COTIDIAN  TALLA  M  PAQUETE  DE  36  UNIDADES  REGIÓN  RM;PAÑAL  DE  ADULTO;15248;14850;3;2800;41580000;No;DIMERC  S  A;DIMERC  S.  A.;96.670.840-9
2239-9-LR22;5800319;Convenio  Marco  de  Artículos  de  Aseo  e  Higiene;2770-164-CM25;52928731;Gran  Compra  75207  -  AC  50/2025;2025-06-23;2025-02-10;2025-02-10;2025-02-24;Recepción  Conforme;75207;69.070.900-7;I  MUNICIPALIDAD  DE  MAIPU;I  MUNICIPALIDAD  DE  MAIPU;AVDA.  5  DE  ABRIL  0260;Maipú;I  MUNICIPALIDAD  DE  MAIPU;1914393;PAÑAL  DE  ADULTO  COTIDIAN  TALLA  G  PAQUETE  DE  36  UNIDADES  REGIÓN  RM;PAÑAL  DE  ADULTO;15030;14990;0;5910;88590900;No;SOCIEDAD  COMERCIAL  DISTRIBUCION  GLOBAL  LIMITADA;SOCIEDAD  COMERCIAL  DISTRIBUCION  GLOBAL  LIMITADA;76.100.732-7
2239-9-LR22;5800319;Convenio  Marco  de  Artículos  de  Aseo  e  Higiene;2770-164-CM25;52928731;Gran  Compra  75207  -  AC  50/2025;2025-06-23;2025-02-10;2025-02-10;2025-02-24;Recepción  Conforme;75207;69.070.900-7;I  MUNICIPALIDAD  DE  MAIPU;I  MUNICIPALIDAD  DE  MAIPU;AVDA.  5  DE  ABRIL  0260;Maipú;I  MUNICIPALIDAD  DE  MAIPU;1914393;PAÑAL  DE  ADULTO  COTIDIAN  TALLA  G  PAQUETE  DE  36  UNIDADES  REGIÓN  RM;PAÑAL  DE  ADULTO;15259;12474;18;5910;73721340;Si;IMPORTADORA    RM  S.A.;IMPORTADORA    RM  S.  A.;76.817.360-5
2239-9-LR22;5800319;Convenio  Marco  de  Artículos  de  Aseo  e  Higiene;2770-164-CM25;52928731;Gran  Compra  75207  -  AC  50/2025;2025-06-23;2025-02-10;2025-02-10;2025-02-24;Recepción  Conforme;75207;69.070.900-7;I  MUNICIPALIDAD  DE  MAIPU;I  MUNICIPALIDAD  DE  MAIPU;AVDA.  5  DE  ABRIL  0260;Maipú;I  MUNICIPALIDAD  DE  MAIPU;2035433;PAÑAL  ADULTO  AAFLEX  BASIC  TALLA  M  36  UNIDADES  REGIÓN  XVI;PAÑAL  DE  ADULTO;12108;12780;-6;2800;35784000;No;FLEXING  CHILE  SPA;FLEXING  CHILE  SPA;76.592.530-4
2239-9-LR22;5800319;Convenio  Marco  de  Artículos  de  Aseo  e  Higiene;2770-164-CM25;52928731;Gran  Compra  75207  -  AC  50/2025;2025-06-23;2025-02-10;2025-02-10;2025-02-24;Recepción  Conforme;75207;69.070.900-7;I  MUNICIPALIDAD  DE  MAIPU;I  MUNICIPALIDAD  DE  MAIPU;AVDA.  5  DE  ABRIL  0260;Maipú;I  MUNICIPALIDAD  DE  MAIPU;2035457;PAÑAL  ADULTO  AAFLEX  BASIC  TALLA  G  36  UNIDADES  REGIÓN  RM;PAÑAL  DE  ADULTO;12709;13536;-7;5910;79997760;No;FLEXING  CHILE  SPA;FLEXING  CHILE  SPA;76.592.530-4
2239-9-LR22;5800319;Convenio  Marco  de  Artículos  de  Aseo  e  Higiene;2770-164-CM25;52928731;Gran  Compra  75207  -  AC  50/2025;2025-06-23;2025-02-10;2025-02-10;2025-02-24;Recepción  Conforme;75207;69.070.900-7;I  MUNICIPALIDAD  DE  MAIPU;I  MUNICIPALIDAD  DE  MAIPU;AVDA.  5  DE  ABRIL  0260;Maipú;I  MUNICIPALIDAD  DE  MAIPU;1914444;PAÑAL  DE  ADULTO  COTIDIAN  TALLA  M  PAQUETE  DE  36  UNIDADES  REGIÓN  RM;PAÑAL  DE  ADULTO;15238;13940;9;2800;39032000;No;INVERSIONES  Y  COMERCIALIZACION  SAN  LUIS  SPA;INVERSIONES  Y  COMERCIALIZACION  SAN  LUIS  SPA;76.905.483-9
2239-9-LR22;5800319;Convenio  Marco  de  Artículos  de  Aseo  e  Higiene;2770-164-CM25;52928731;Gran  Compra  75207  -  AC  50/2025;2025-06-23;2025-02-10;2025-02-10;2025-02-24;Recepción  Conforme;75207;69.070.900-7;I  MUNICIPALIDAD  DE  MAIPU;I  MUNICIPALIDAD  DE  MAIPU;AVDA.  5  DE  ABRIL  0260;Maipú;I  MUNICIPALIDAD  DE  MAIPU;1914444;PAÑAL  DE  ADULTO  COTIDIAN  TALLA  M  PAQUETE  DE  36  UNIDADES  REGIÓN  RM;PAÑAL  DE  ADULTO;15236;15236;0;2800;42660800;No;MULTI  SAFE  SPA;MULTI  SAFE  SPA;76.751.057-8
2239-9-LR22;5800319;Convenio  Marco  de  Artículos  de  Aseo  e  Higiene;2770-164-CM25;52928731;Gran  Compra  75207  -  AC  50/2025;2025-06-23;2025-02-10;2025-02-10;2025-02-24;Recepción  Conforme;75207;69.070.900-7;I  MUNICIPALIDAD  DE  MAIPU;I  MUNICIPALIDAD  DE  MAIPU;AVDA.  5  DE  ABRIL  0260;Maipú;I  MUNICIPALIDAD  DE  MAIPU;1914444;PAÑAL  DE  ADULTO  COTIDIAN  TALLA  M  PAQUETE  DE  36  UNIDADES  REGIÓN  RM;PAÑAL  DE  ADULTO;14793;13784;7;2800;38595200;No;COMERCIAL  JUAN  ESTEBAN  PÉREZ  ZAMBRANO  E.I.R.L.;COMERCIAL  JUAN  ESTEBAN  PÉREZ  ZAMBRANO  E.I.R.L.;76.334.572-6
2239-9-LR22;5800319;Convenio  Marco  de  Artículos  de  Aseo  e  Higiene;2770-164-CM25;52928731;Gran  Compra  75207  -  AC  50/2025;2025-06-23;2025-02-10;2025-02-10;2025-02-24;Recepción  Conforme;75207;69.070.900-7;I  MUNICIPALIDAD  DE  MAIPU;I  MUNICIPALIDAD  DE  MAIPU;AVDA.  5  DE  ABRIL  0260;Maipú;I  MUNICIPALIDAD  DE  MAIPU;1914393;PAÑAL  DE  ADULTO  COTIDIAN  TALLA  G  PAQUETE  DE  36  UNIDADES  REGIÓN  RM;PAÑAL  DE  ADULTO;15244;15244;0;5910;90092040;No;MULTI  SAFE  SPA;MULTI  SAFE  SPA;76.751.057-8
2239-9-LR22;5800319;Convenio  Marco  de  Artículos  de  Aseo  e  Higiene;2770-164-CM25;52928731;Gran  Compra  75207  -  AC  50/2025;2025-06-23;2025-02-10;2025-02-10;2025-02-24;Recepción  Conforme;75207;69.070.900-7;I  MUNICIPALIDAD  DE  MAIPU;I  MUNICIPALIDAD  DE  MAIPU;AVDA.  5  DE  ABRIL  0260;Maipú;I  MUNICIPALIDAD  DE  MAIPU;1914393;PAÑAL  DE  ADULTO  COTIDIAN  TALLA  G  PAQUETE  DE  36  UNIDADES  REGIÓN  RM;PAÑAL  DE  ADULTO;15032;15031;0;5910;88833210;No;MULTINEGOCIOS  MACJ  CHILE  SPA;MULTINEGOCIOS  MACJ  CHILE  SPA;76.225.217-1
2239-9-LR22;5800319;Convenio  Marco  de  Artículos  de  Aseo  e  Higiene;2770-164-CM25;52928731;Gran  Compra  75207  -  AC  50/2025;2025-06-23;2025-02-10;2025-02-10;2025-02-24;Recepción  Conforme;75207;69.070.900-7;I  MUNICIPALIDAD  DE  MAIPU;I  MUNICIPALIDAD  DE  MAIPU;AVDA.  5  DE  ABRIL  0260;Maipú;I  MUNICIPALIDAD  DE  MAIPU;1914444;PAÑAL  DE  ADULTO  COTIDIAN  TALLA  M  PAQUETE  DE  36  UNIDADES  REGIÓN  RM;PAÑAL  DE  ADULTO;15257;12096;21;2800;33868800;Si;IMPORTADORA    RM  S.A.;IMPORTADORA    RM  S.  A.;76.817.360-5
2239-9-LR22;5800319;Convenio  Marco  de  Artículos  de  Aseo  e  Higiene;2770-164-CM25;52928731;Gran  Compra  75207  -  AC  50/2025;2025-06-23;2025-02-10;2025-02-10;2025-02-24;Recepción  Conforme;75207;69.070.900-7;I  MUNICIPALIDAD  DE  MAIPU;I  MUNICIPALIDAD  DE  MAIPU;AVDA.  5  DE  ABRIL  0260;Maipú;I  MUNICIPALIDAD  DE  MAIPU;1914444;PAÑAL  DE  ADULTO  COTIDIAN  TALLA  M  PAQUETE  DE  36  UNIDADES  REGIÓN  RM;PAÑAL  DE  ADULTO;14760;14990;-2;2800;41972000;No;SOCIEDAD  COMERCIAL  DISTRIBUCION  GLOBAL  LIMITADA;SOCIEDAD  COMERCIAL  DISTRIBUCION  GLOBAL  LIMITADA;76.100.732-7
2239-9-LR22;5800319;Convenio  Marco  de  Artículos  de  Aseo  e  Higiene;2770-164-CM25;52928731;Gran  Compra  75207  -  AC  50/2025;2025-06-23;2025-02-10;2025-02-10;2025-02-24;Recepción  Conforme;75207;69.070.900-7;I  MUNICIPALIDAD  DE  MAIPU;I  MUNICIPALIDAD  DE  MAIPU;AVDA.  5  DE  ABRIL  0260;Maipú;I  MUNICIPALIDAD  DE  MAIPU;1914393;PAÑAL  DE  ADULTO  COTIDIAN  TALLA  G  PAQUETE  DE  36  UNIDADES  REGIÓN  RM;PAÑAL  DE  ADULTO;15260;14874;3;5910;87905340;No;INVERSIONES  Y  COMERCIALIZACION  SAN  LUIS  SPA;INVERSIONES  Y  COMERCIALIZACION  SAN  LUIS  SPA;76.905.483-9
2239-9-LR22;5800319;Convenio  Marco  de  Artículos  de  Aseo  e  Higiene;2770-164-CM25;52928731;Gran  Compra  75207  -  AC  50/2025;2025-06-23;2025-02-10;2025-02-10;2025-02-24;Recepción  Conforme;75207;69.070.900-7;I  MUNICIPALIDAD  DE  MAIPU;I  MUNICIPALIDAD  DE  MAIPU;AVDA.  5  DE  ABRIL  0260;Maipú;I  MUNICIPALIDAD  DE  MAIPU;1914597;PAÑAL  DE  ADULTO  EMUMED  TALLA  M  PAQUETE  DE  20  UNIDADES  REGIÓN  RM;PAÑAL  DE  ADULTO;8961;7870;12;2800;22036000;No;SUPERMERCADO  MAYORISTA  B  MÁS  SPA;SUPERMERCADO  MAYORISTA  METROPOLITANO  SPA;77.047.926-6
2239-9-LR22;5800319;Convenio  Marco  de  Artículos  de  Aseo  e  Higiene;2770-164-CM25;52928731;Gran  Compra  75207  -  AC  50/2025;2025-06-23;2025-02-10;2025-02-10;2025-02-24;Recepción  Conforme;75207;69.070.900-7;I  MUNICIPALIDAD  DE  MAIPU;I  MUNICIPALIDAD  DE  MAIPU;AVDA.  5  DE  ABRIL  0260;Maipú;I  MUNICIPALIDAD  DE  MAIPU;1914393;PAÑAL  DE  ADULTO  COTIDIAN  TALLA  G  PAQUETE  DE  36  UNIDADES  REGIÓN  RM;PAÑAL  DE  ADULTO;15243;14566;4;5910;86085060;No;PROVEEDORES  INTEGRALES  PRISA  S  A;PROVEEDORES  INTEGRALES  PRISA  S  A;96.556.940-5
2239-9-LR22;5800319;Convenio  Marco  de  Artículos  de  Aseo  e  Higiene;2770-164-CM25;52928731;Gran  Compra  75207  -  AC  50/2025;2025-06-23;2025-02-10;2025-02-10;2025-02-24;Recepción  Conforme;75207;69.070.900-7;I  MUNICIPALIDAD  DE  MAIPU;I  MUNICIPALIDAD  DE  MAIPU;AVDA.  5  DE  ABRIL  0260;Maipú;I  MUNICIPALIDAD  DE  MAIPU;1914580;PAÑAL  DE  ADULTO  EMUMED  TALLA  G  PAQUETE  DE  20  UNIDADES  REGIÓN  RM;PAÑAL  DE  ADULTO;9498;7870;17;5910;46511700;No;SUPERMERCADO  MAYORISTA  B  MÁS  SPA;SUPERMERCADO  MAYORISTA  METROPOLITANO  SPA;77.047.926-6
2239-9-LR22;5800319;Convenio  Marco  de  Artículos  de  Aseo  e  Higiene;2770-164-CM25;52928731;Gran  Compra  75207  -  AC  50/2025;2025-06-23;2025-02-10;2025-02-10;2025-02-24;Recepción  Conforme;75207;69.070.900-7;I  MUNICIPALIDAD  DE  MAIPU;I  MUNICIPALIDAD  DE  MAIPU;AVDA.  5  DE  ABRIL  0260;Maipú;I  MUNICIPALIDAD  DE  MAIPU;1914444;PAÑAL  DE  ADULTO  COTIDIAN  TALLA  M  PAQUETE  DE  36  UNIDADES  REGIÓN  RM;PAÑAL  DE  ADULTO;15237;13587;11;2800;38043600;No;PROVEEDORES  INTEGRALES  PRISA  S  A;PROVEEDORES  INTEGRALES  PRISA  S  A;96.556.940-5
2239-9-LR22;5800319;Convenio  Marco  de  Artículos  de  Aseo  e  Higiene;2770-164-CM25;52928731;Gran  Compra  75207  -  AC  50/2025;2025-06-23;2025-02-10;2025-02-10;2025-02-24;Recepción  Conforme;75207;69.070.900-7;I  MUNICIPALIDAD  DE  MAIPU;I  MUNICIPALIDAD  DE  MAIPU;AVDA.  5  DE  ABRIL  0260;Maipú;I  MUNICIPALIDAD  DE  MAIPU;1914393;PAÑAL  DE  ADULTO  COTIDIAN  TALLA  G  PAQUETE  DE  36  UNIDADES  REGIÓN  RM;PAÑAL  DE  ADULTO;15049;14900;1;5910;88059000;No;MARYUN  SEGURIDAD  INDUSTRIAL  SPA;MARYUN  SEGURIDAD  INDUSTRIAL  SPA;77.084.730-3
2239-9-LR22;5800319;Convenio  Marco  de  Artículos  de  Aseo  e  Higiene;2770-164-CM25;52928731;Gran  Compra  75207  -  AC  50/2025;2025-06-23;2025-02-10;2025-02-10;2025-02-24;Recepción  Conforme;75207;69.070.900-7;I  MUNICIPALIDAD  DE  MAIPU;I  MUNICIPALIDAD  DE  MAIPU;AVDA.  5  DE  ABRIL  0260;Maipú;I  MUNICIPALIDAD  DE  MAIPU;1914580;PAÑAL  DE  ADULTO  EMUMED  TALLA  G  PAQUETE  DE  20  UNIDADES  REGIÓN  RM;PAÑAL  DE  ADULTO;9499;8149;14;5910;48160590;No;CV  TRADING  S.A.;CV  TRADING  S.A.;78.254.990-1
2239-9-LR22;5800319;Convenio  Marco  de  Artículos  de  Aseo  e  Higiene;2770-164-CM25;52928731;Gran  Compra  75207  -  AC  50/2025;2025-06-23;2025-02-10;2025-02-10;2025-02-24;Recepción  Conforme;75207;69.070.900-7;I  MUNICIPALIDAD  DE  MAIPU;I  MUNICIPALIDAD  DE  MAIPU;AVDA.  5  DE  ABRIL  0260;Maipú;I  MUNICIPALIDAD  DE  MAIPU;1914444;PAÑAL  DE  ADULTO  COTIDIAN  TALLA  M  PAQUETE  DE  36  UNIDADES  REGIÓN  RM;PAÑAL  DE  ADULTO;14764;14764;0;2800;41339200;No;MULTINEGOCIOS  MACJ  CHILE  SPA;MULTINEGOCIOS  MACJ  CHILE  SPA;76.225.217-1
2239-9-LR22;5800319;Convenio  Marco  de  Artículos  de  Aseo  e  Higiene;2770-164-CM25;52928731;Gran  Compra  75207  -  AC  50/2025;2025-06-23;2025-02-10;2025-02-10;2025-02-24;Recepción  Conforme;75207;69.070.900-7;I  MUNICIPALIDAD  DE  MAIPU;I  MUNICIPALIDAD  DE  MAIPU;AVDA.  5  DE  ABRIL  0260;Maipú;I  MUNICIPALIDAD  DE  MAIPU;1914597;PAÑAL  DE  ADULTO  EMUMED  TALLA  M  PAQUETE  DE  20  UNIDADES  REGIÓN  RM;PAÑAL  DE  ADULTO;8962;8149;9;2800;22817200;No;CV  TRADING  S.A.;CV  TRADING  S.A.;78.254.990-1
2239-9-LR22;5800319;Convenio  Marco  de  Artículos  de  Aseo  e  Higiene;2770-164-CM25;52928731;Gran  Compra  75207  -  AC  50/2025;2025-06-23;2025-02-10;2025-02-10;2025-02-24;Recepción  Conforme;75207;69.070.900-7;I  MUNICIPALIDAD  DE  MAIPU;I  MUNICIPALIDAD  DE  MAIPU;AVDA.  5  DE  ABRIL  0260;Maipú;I  MUNICIPALIDAD  DE  MAIPU;1914444;PAÑAL  DE  ADULTO  COTIDIAN  TALLA  M  PAQUETE  DE  36  UNIDADES  REGIÓN  RM;PAÑAL  DE  ADULTO;14796;13990;5;2800;39172000;No;MARYUN  SEGURIDAD  INDUSTRIAL  SPA;MARYUN  SEGURIDAD  INDUSTRIAL  SPA;77.084.730-3
2239-11-LR24;5802370;Convenio  Marco  para  la  adquisición  de  licencias  de  software  de  ofimática  (Magento);2770-168-CM25;52946823;Orden  de  Compra  generada  por  la  Gran  Compra:  76758;2025-06-25;2025-05-05;2025-05-05;2025-05-19;Aceptada;76758;69.070.900-7;I  MUNICIPALIDAD  DE  MAIPU;I  MUNICIPALIDAD  DE  MAIPU;AVDA.  5  DE  ABRIL  0260;Maipú;I  MUNICIPALIDAD  DE  MAIPU;4193081;LICENCIA  MICROSOFT  OFFICE  365  E1  +  DEFENDER  P1  +  365  APPS  +  TEAMS  +  ENTRA  ID  P1  GAMA  2E  VALOR  ANUAL;LICENCIA;228;228;0;750;171630;Si;MSLI  Latam  Inc.;MSLI  Latam  INC;880443249
2239-11-LR24;5802370;Convenio  Marco  para  la  adquisición  de  licencias  de  software  de  ofimática  (Magento);2770-168-CM25;52946823;Orden  de  Compra  generada  por  la  Gran  Compra:  76758;2025-06-25;2025-05-05;2025-05-05;2025-05-19;Aceptada;76758;69.070.900-7;I  MUNICIPALIDAD  DE  MAIPU;I  MUNICIPALIDAD  DE  MAIPU;AVDA.  5  DE  ABRIL  0260;Maipú;I  MUNICIPALIDAD  DE  MAIPU;4193073;LICENCIA  MICROSOFT  OFFICE  365  E1  +  DEFENDER  P1  +  TEAMS  GAMA  1E  VALOR  ANUAL;LICENCIA;94;94;0;1650;155232;Si;MSLI  Latam  Inc.;MSLI  Latam  INC;880443249
2239-11-LR24;5802370;Convenio  Marco  para  la  adquisición  de  licencias  de  software  de  ofimática  (Magento);2770-168-CM25;52946823;Orden  de  Compra  generada  por  la  Gran  Compra:  76758;2025-06-25;2025-05-05;2025-05-05;2025-05-19;Aceptada;76758;69.070.900-7;I  MUNICIPALIDAD  DE  MAIPU;I  MUNICIPALIDAD  DE  MAIPU;AVDA.  5  DE  ABRIL  0260;Maipú;I  MUNICIPALIDAD  DE  MAIPU;4193095;LICENCIA  MICROSOFT  OFFICE  E3  +  DEFENDER  P1  +  TEAMS  +  ENTRA  ID  P1  +  POWER  BI  PRO  GAMA  4E  VALOR  ANUAL;LICENCIA;345;345;0;45;15530;Si;MSLI  Latam  Inc.;MSLI  Latam  INC;880443249
2239-6-LR23;5802336;Convenio  Marco  Gas  Licuado  de  Petróleo;4152-466-CM25;52889827;VALES  DE  GAS  Gran  Compra:  76870;2025-06-13;2025-05-13;2025-05-13;2025-05-28;Aceptada;76870;69.264.400-k;Municipalidad  de  Hualpén;MUNICIPALIDAD  DE  HUALPEN;PATRIA  NUEVA  1035  -  Región  del  Biobío  -  Hualpén;Hualpén;MUNICIPALIDAD  DE  HUALPEN;1945023;GAS  LICUADO  CILINDRO  MEDIANTE  VENTA  DIRECTA  DE  RECARGA  15  KG  VIII  REGIÓN;GAS  LICUADO  CILINDRO  MEDIANTE  VENTA  DIRECTA  DE  RECARGA;12398;12450;0;13500;168075000;Si;GASCO  GLP  S  A;GASCO  GLP  S.A.;96.568.740-8
2239-8-LR23;5802342;Convenio  Marco  de    Adquisición  de  Vehículos;4374-58-CM25;52905672;Adquisición  de  13  camionetas  para  SIP  y  Apoyo  logístico  Carabineros    Orden  de  Compra  generada  por  la  Gran  Compra:  76736;2025-06-25;2025-05-02;2025-05-02;2025-05-16;Recepción  Conforme;76736;72.240.400-9;Gobierno  Regional  Libertador  Bdo.  O´Higgins;GOBIERNO  REGIONAL  VI  REGION  DEL  LI  BERTADOR  B  O"HIGGINS;Plaza  Los  Héroes  S/n;Rancagua;GOBIERNO  REGIONAL  VI  REGION  DEL  LI  BERTADOR  B  O"HIGGINS;2238394;CAMIONETA  NISSAN  NAVARA  SE  4X4  MT  2025  REGIÓN  VI;CAMIONETA;29034223;26712647;8;13;347264411;No;SALINAS  Y  FABRES  SOCIEDAD  ANONIMA;SALINAS  Y  FABRES  S.  A.;91.502.000-3
2239-8-LR23;5802342;Convenio  Marco  de    Adquisición  de  Vehículos;4374-58-CM25;52905672;Adquisición  de  13  camionetas  para  SIP  y  Apoyo  logístico  Carabineros    Orden  de  Compra  generada  por  la  Gran  Compra:  76736;2025-06-25;2025-05-02;2025-05-02;2025-05-16;Recepción  Conforme;76736;72.240.400-9;Gobierno  Regional  Libertador  Bdo.  O´Higgins;GOBIERNO  REGIONAL  VI  REGION  DEL  LI  BERTADOR  B  O"HIGGINS;Plaza  Los  Héroes  S/n;Rancagua;GOBIERNO  REGIONAL  VI  REGION  DEL  LI  BERTADOR  B  O"HIGGINS;2253333;CAMIONETA  MITSUBISHI  L200  KATANA  XRT  4X4  MT  2025  REGIÓN  VI;CAMIONETA;28791000;28791000;0;13;374283000;Si;ASTARA  RETAIL  CHILE  SPA;ASTARA  RETAIL  CHILE  SPA;96.928.530-4
2239-8-LR23;5802342;Convenio  Marco  de    Adquisición  de  Vehículos;4374-58-CM25;52905672;Adquisición  de  13  camionetas  para  SIP  y  Apoyo  logístico  Carabineros    Orden  de  Compra  generada  por  la  Gran  Compra:  76736;2025-06-25;2025-05-02;2025-05-02;2025-05-16;Recepción  Conforme;76736;72.240.400-9;Gobierno  Regional  Libertador  Bdo.  O´Higgins;GOBIERNO  REGIONAL  VI  REGION  DEL  LI  BERTADOR  B  O"HIGGINS;Plaza  Los  Héroes  S/n;Rancagua;GOBIERNO  REGIONAL  VI  REGION  DEL  LI  BERTADOR  B  O"HIGGINS;2244357;CAMIONETA  FORD  RANGER  DSL  XLS  2.0  4X4  MT  2025  REGIÓN  VI;CAMIONETA;29781000;29000000;3;13;377000000;No;AUTOMOTRIZ  CORDILLERA  S.A.;AUTOMOTRIZ  CORDILLERA  S.  A.;79.853.470-K
2239-8-LR23;5802342;Convenio  Marco  de    Adquisición  de  Vehículos;4374-58-CM25;52905672;Adquisición  de  13  camionetas  para  SIP  y  Apoyo  logístico  Carabineros    Orden  de  Compra  generada  por  la  Gran  Compra:  76736;2025-06-25;2025-05-02;2025-05-02;2025-05-16;Recepción  Conforme;76736;72.240.400-9;Gobierno  Regional  Libertador  Bdo.  O´Higgins;GOBIERNO  REGIONAL  VI  REGION  DEL  LI  BERTADOR  B  O"HIGGINS;Plaza  Los  Héroes  S/n;Rancagua;GOBIERNO  REGIONAL  VI  REGION  DEL  LI  BERTADOR  B  O"HIGGINS;2250715;CAMIONETA  CHANGAN  HUNTER  COMFORT  2.0T  4X4  MT  2025  REGIÓN  VI;CAMIONETA;18546891;18035818;3;13;234465634;No;COMERCIAL  ANFRUNS  Y  COMPANIA  SPA;COMERCIAL  ANFRUNS  Y  COMPAÑÍA  SPA;86.385.500-4
2239-8-LR23;5802342;Convenio  Marco  de    Adquisición  de  Vehículos;4412-27-CM25;52860101;Orden  de  Compra  generada  por  la  Gran  Compra:  76393;2025-06-23;2025-04-10;2025-04-10;2025-04-25;Aceptada;76393;69.061.300-K;Secretaria  Comunal  de  Planificación;I  MUNICIPALIDAD  DE  QUILPUE;General  Velasquez  560;Quilpué;I.  MUNICIPALIDAD  DE  QUILPUE;2256256;SUV  TOYOTA  RAV4  LE  2.0  4X2  CVT  AT  2025  REGIÓN  V;SUV;20792353;21218487;-2;4;84873948;Si;MARITANO  Y  EBENSPERGER  LTDA;MARITANO  Y  EBENSPERGER  LIMITADA;86.519.000-K
2239-21-LR23;5802355;Convenio  Marco  de  Insumos  y  Dispositivos  Médicos  (Magento);5153-726-CM25;52368688;280150_PECHERA  CON  MANGAS  PROGRAMA  STOCK_OCI  200525;2025-06-03;2024-12-17;2024-12-17;2025-01-07;Aceptada;74389;60.910.000-1;Hospital  Clínico  Univ.  de  Chile-Insumos  Generales;UNIVERSIDAD  DE  CHILE;DR.  CARLOS  LORCA  999;Independencia;UNIVERSIDAD  DE  CHILE;2232437;MOLDE  QUIRÚRGICO  SMARTMED  PECHERA  PLÁSTICA  DESECHABLE  C/  MANGA  OJAL  Y  AMARRAS  UNIDAD;MOLDE  QUIRÚRGICO;136;132;3;1080000;142560000;No;COMERCIAL  LBF  LIMITADA;COMERCIAL  LBF  LIMITADA;93.366.000-1
2239-21-LR23;5802355;Convenio  Marco  de  Insumos  y  Dispositivos  Médicos  (Magento);5153-726-CM25;52368688;280150_PECHERA  CON  MANGAS  PROGRAMA  STOCK_OCI  200525;2025-06-03;2024-12-17;2024-12-17;2025-01-07;Aceptada;74389;60.910.000-1;Hospital  Clínico  Univ.  de  Chile-Insumos  Generales;UNIVERSIDAD  DE  CHILE;DR.  CARLOS  LORCA  999;Independencia;UNIVERSIDAD  DE  CHILE;2232329;MOLDE  QUIRÚRGICO  MUNCARE  PECHERA  PLÁSTICA  DESECHABLE  C/  MANGA.  OJAL  Y  AMARRAS  UNIDAD;MOLDE  QUIRÚRGICO;126;116;8;1080000;125280000;No;MUNNICH  PHARMA  MEDICAL  SPA;GUILLERMO  HARDING  Y  CIA  LTDA;80.447.400-5
2239-21-LR23;5802355;Convenio  Marco  de  Insumos  y  Dispositivos  Médicos  (Magento);5153-726-CM25;52368688;280150_PECHERA  CON  MANGAS  PROGRAMA  STOCK_OCI  200525;2025-06-03;2024-12-17;2024-12-17;2025-01-07;Aceptada;74389;60.910.000-1;Hospital  Clínico  Univ.  de  Chile-Insumos  Generales;UNIVERSIDAD  DE  CHILE;DR.  CARLOS  LORCA  999;Independencia;UNIVERSIDAD  DE  CHILE;2232231;MOLDE  QUIRÚRGICO  BLUNDING  PECHERA  PLÁSTICA  DESECHABLE  CON  MANGA  Y  AMARRAS  UNIDAD;MOLDE  QUIRÚRGICO;136;118;13;1080000;127440000;No;BLUNDING  S  A;BLUNDING  S.  A.;79.744.580-0
2239-21-LR23;5802355;Convenio  Marco  de  Insumos  y  Dispositivos  Médicos  (Magento);5153-726-CM25;52368688;280150_PECHERA  CON  MANGAS  PROGRAMA  STOCK_OCI  200525;2025-06-03;2024-12-17;2024-12-17;2025-01-07;Aceptada;74389;60.910.000-1;Hospital  Clínico  Univ.  de  Chile-Insumos  Generales;UNIVERSIDAD  DE  CHILE;DR.  CARLOS  LORCA  999;Independencia;UNIVERSIDAD  DE  CHILE;2232318;MOLDE  QUIRÚRGICO  MAYFIELD  BATA  PLÁSTICA  DESECHABLE  POLIETILENO  AZUL  UNIDAD;MOLDE  QUIRÚRGICO;180;180;0;1080000;194400000;No;PLAN  A  SPA;PLAN  A  SPA;77.883.662-9
2239-21-LR23;5802355;Convenio  Marco  de  Insumos  y  Dispositivos  Médicos  (Magento);5153-726-CM25;52368688;280150_PECHERA  CON  MANGAS  PROGRAMA  STOCK_OCI  200525;2025-06-03;2024-12-17;2024-12-17;2025-01-07;Aceptada;74389;60.910.000-1;Hospital  Clínico  Univ.  de  Chile-Insumos  Generales;UNIVERSIDAD  DE  CHILE;DR.  CARLOS  LORCA  999;Independencia;UNIVERSIDAD  DE  CHILE;2232255;MOLDE  QUIRÚRGICO  CRANBERRY  PECHERA  PLÁSTICA  AAPECHOJ  MANGA  LARGA  C/OJAL.  TIRAS  AJUSTE  CINTURA  UNIDAD;MOLDE  QUIRÚRGICO;136;118;13;1080000;127440000;No;REUTTER  S  A;REUTTER  S.  A.;81.210.400-4
2239-21-LR23;5802355;Convenio  Marco  de  Insumos  y  Dispositivos  Médicos  (Magento);5153-726-CM25;52368688;280150_PECHERA  CON  MANGAS  PROGRAMA  STOCK_OCI  200525;2025-06-03;2024-12-17;2024-12-17;2025-01-07;Aceptada;74389;60.910.000-1;Hospital  Clínico  Univ.  de  Chile-Insumos  Generales;UNIVERSIDAD  DE  CHILE;DR.  CARLOS  LORCA  999;Independencia;UNIVERSIDAD  DE  CHILE;2232268;MOLDE  QUIRÚRGICO  DISPOMEDICA  PECHERA  PLÁSTICA  DESECHABLE  CON  MANGA  Y  AMARRAS  100  UNIDADES;MOLDE  QUIRÚRGICO;12588;126;99;1080000;136080000;No;HOSPITALIA  PRODUCTOS  MEDICOS  SPA;HOSPITALIA  PRODUCTOS  MEDICOS  SPA;78.233.420-4
2239-21-LR23;5802355;Convenio  Marco  de  Insumos  y  Dispositivos  Médicos  (Magento);5153-726-CM25;52368688;280150_PECHERA  CON  MANGAS  PROGRAMA  STOCK_OCI  200525;2025-06-03;2024-12-17;2024-12-17;2025-01-07;Aceptada;74389;60.910.000-1;Hospital  Clínico  Univ.  de  Chile-Insumos  Generales;UNIVERSIDAD  DE  CHILE;DR.  CARLOS  LORCA  999;Independencia;UNIVERSIDAD  DE  CHILE;2232430;MOLDE  QUIRÚRGICO  SANEX  BATA  QUIRÚRGICA  UNIDAD;MOLDE  QUIRÚRGICO;1608;111;93;1080000;119880000;Si;COMERCIAL  HQT  SPA;COMERCIAL  HQT  SPA;76.399.126-1
2239-21-LR23;5802355;Convenio  Marco  de  Insumos  y  Dispositivos  Médicos  (Magento);5153-726-CM25;52368688;280150_PECHERA  CON  MANGAS  PROGRAMA  STOCK_OCI  200525;2025-06-03;2024-12-17;2024-12-17;2025-01-07;Aceptada;74389;60.910.000-1;Hospital  Clínico  Univ.  de  Chile-Insumos  Generales;UNIVERSIDAD  DE  CHILE;DR.  CARLOS  LORCA  999;Independencia;UNIVERSIDAD  DE  CHILE;2232342;MOLDE  QUIRÚRGICO  NEMO  BATA  PLÁSTICA  DESECHABLE  POLIETILENO  AZUL  UNIDAD;MOLDE  QUIRÚRGICO;131;121;8;1080000;130680000;No;NEMO  CHILE  S.A.;NEMO  CHILE  S.  A.;76.215.260-6
2239-8-LR23;5802342;Convenio  Marco  de    Adquisición  de  Vehículos;5240-112-CM25;52669135;ADQUISICIÓN  DE  VEHÍCULOS  COLOR  FÁBRICA  PARA  CARABINEROS  DE  CHILE;2025-06-11;2025-02-18;2025-02-18;2025-03-04;Recepción  Conforme;75442;61.938.500-4;Direccion  de  Compras  Publicas  de  Carabineros;DIRECCION  DE  LOGISTICA  DE  CARABINEROS;Av.  Lib.  Bernardo  OHiggins  N°  1449,torre  7,PISO  11;Santiago;DIRECCION  DE  LOGISTICA  DE  CARABINEROS;2240551;SUV  MG  ZX  1.5L  DLX  MT  2025  REGIÓN  RM;SUV;11462941;11165042;3;24;267961008;No;SERVIMAQ  SPA;SERVIMAQ  SPA;79.649.970-2
2239-8-LR23;5802342;Convenio  Marco  de    Adquisición  de  Vehículos;5240-112-CM25;52669135;ADQUISICIÓN  DE  VEHÍCULOS  COLOR  FÁBRICA  PARA  CARABINEROS  DE  CHILE;2025-06-11;2025-02-18;2025-02-18;2025-03-04;Recepción  Conforme;75442;61.938.500-4;Direccion  de  Compras  Publicas  de  Carabineros;DIRECCION  DE  LOGISTICA  DE  CARABINEROS;Av.  Lib.  Bernardo  OHiggins  N°  1449,torre  7,PISO  11;Santiago;DIRECCION  DE  LOGISTICA  DE  CARABINEROS;2256289;SUV  TOYOTA  RAIZE  1.2  MT  GAS  MT  2025  REGIÓN  RM;SUV;10540000;10535443;0;24;252850632;No;KOVACS  SPA;KOVACS  SPA;80.522.900-4
2239-8-LR23;5802342;Convenio  Marco  de    Adquisición  de  Vehículos;5240-112-CM25;52669135;ADQUISICIÓN  DE  VEHÍCULOS  COLOR  FÁBRICA  PARA  CARABINEROS  DE  CHILE;2025-06-11;2025-02-18;2025-02-18;2025-03-04;Recepción  Conforme;75442;61.938.500-4;Direccion  de  Compras  Publicas  de  Carabineros;DIRECCION  DE  LOGISTICA  DE  CARABINEROS;Av.  Lib.  Bernardo  OHiggins  N°  1449,torre  7,PISO  11;Santiago;DIRECCION  DE  LOGISTICA  DE  CARABINEROS;2246225;SUV  GAC  GS3  POWER  1.5T  MT  GS  2025  REGIÓN  RM;SUV;9824370;9824370;0;24;235784880;Si;ASTARA  RETAIL  CHILE  SPA;ASTARA  RETAIL  CHILE  SPA;96.928.530-4
2239-8-LR23;5802342;Convenio  Marco  de    Adquisición  de  Vehículos;5240-112-CM25;52669135;ADQUISICIÓN  DE  VEHÍCULOS  COLOR  FÁBRICA  PARA  CARABINEROS  DE  CHILE;2025-06-11;2025-02-18;2025-02-18;2025-03-04;Recepción  Conforme;75442;61.938.500-4;Direccion  de  Compras  Publicas  de  Carabineros;DIRECCION  DE  LOGISTICA  DE  CARABINEROS;Av.  Lib.  Bernardo  OHiggins  N°  1449,torre  7,PISO  11;Santiago;DIRECCION  DE  LOGISTICA  DE  CARABINEROS;2241248;SUV  NISSAN  KICKS  SENSE  MT  2025  REGIÓN  RM;SUV;13590000;12852588;5;24;308462112;No;KOVACS  SPA;KOVACS  SPA;80.522.900-4
2239-8-LR23;5802342;Convenio  Marco  de    Adquisición  de  Vehículos;5240-112-CM25;52669135;ADQUISICIÓN  DE  VEHÍCULOS  COLOR  FÁBRICA  PARA  CARABINEROS  DE  CHILE;2025-06-11;2025-02-18;2025-02-18;2025-03-04;Recepción  Conforme;75442;61.938.500-4;Direccion  de  Compras  Publicas  de  Carabineros;DIRECCION  DE  LOGISTICA  DE  CARABINEROS;Av.  Lib.  Bernardo  OHiggins  N°  1449,torre  7,PISO  11;Santiago;DIRECCION  DE  LOGISTICA  DE  CARABINEROS;2241282;SUV  NISSAN  KICKS  ADVANCE  CVT  AT  2025  REGIÓN  RM;SUV;16190000;15990000;1;24;383760000;No;KOVACS  SPA;KOVACS  SPA;80.522.900-4
2239-8-LR23;5802342;Convenio  Marco  de    Adquisición  de  Vehículos;5240-112-CM25;52669135;ADQUISICIÓN  DE  VEHÍCULOS  COLOR  FÁBRICA  PARA  CARABINEROS  DE  CHILE;2025-06-11;2025-02-18;2025-02-18;2025-03-04;Recepción  Conforme;75442;61.938.500-4;Direccion  de  Compras  Publicas  de  Carabineros;DIRECCION  DE  LOGISTICA  DE  CARABINEROS;Av.  Lib.  Bernardo  OHiggins  N°  1449,torre  7,PISO  11;Santiago;DIRECCION  DE  LOGISTICA  DE  CARABINEROS;2241690;SUV  KIA  SELTOS  EX  1.5L  6MT  2025  REGIÓN  RM;SUV;14664706;14664706;0;24;351952944;No;POMPEYO  CARRASCO  SPA;POMPEYO  CARRASCO  SPA;81.318.700-0
2239-8-LR23;5802342;Convenio  Marco  de    Adquisición  de  Vehículos;5240-112-CM25;52669135;ADQUISICIÓN  DE  VEHÍCULOS  COLOR  FÁBRICA  PARA  CARABINEROS  DE  CHILE;2025-06-11;2025-02-18;2025-02-18;2025-03-04;Recepción  Conforme;75442;61.938.500-4;Direccion  de  Compras  Publicas  de  Carabineros;DIRECCION  DE  LOGISTICA  DE  CARABINEROS;Av.  Lib.  Bernardo  OHiggins  N°  1449,torre  7,PISO  11;Santiago;DIRECCION  DE  LOGISTICA  DE  CARABINEROS;2242132;SUV  DFSK  SUV  500  1.5  LUXURY  CVT  AT  2025  REGIÓN  RM;SUV;11080588;10915966;1;24;261983184;No;SERVIMAQ  SPA;SERVIMAQ  SPA;79.649.970-2
2239-8-LR23;5802342;Convenio  Marco  de    Adquisición  de  Vehículos;5240-112-CM25;52669135;ADQUISICIÓN  DE  VEHÍCULOS  COLOR  FÁBRICA  PARA  CARABINEROS  DE  CHILE;2025-06-11;2025-02-18;2025-02-18;2025-03-04;Recepción  Conforme;75442;61.938.500-4;Direccion  de  Compras  Publicas  de  Carabineros;DIRECCION  DE  LOGISTICA  DE  CARABINEROS;Av.  Lib.  Bernardo  OHiggins  N°  1449,torre  7,PISO  11;Santiago;DIRECCION  DE  LOGISTICA  DE  CARABINEROS;2254150;SUV  CHEVROLET  GROOVE  1.5L  LTZ  MT  R  MT  2025  REGIÓN  VII;SUV;11290000;11251464;0;24;270035136;No;KOVACS  SPA;KOVACS  SPA;80.522.900-4
2239-8-LR23;5802342;Convenio  Marco  de    Adquisición  de  Vehículos;5240-112-CM25;52669135;ADQUISICIÓN  DE  VEHÍCULOS  COLOR  FÁBRICA  PARA  CARABINEROS  DE  CHILE;2025-06-11;2025-02-18;2025-02-18;2025-03-04;Recepción  Conforme;75442;61.938.500-4;Direccion  de  Compras  Publicas  de  Carabineros;DIRECCION  DE  LOGISTICA  DE  CARABINEROS;Av.  Lib.  Bernardo  OHiggins  N°  1449,torre  7,PISO  11;Santiago;DIRECCION  DE  LOGISTICA  DE  CARABINEROS;2255391;SUV  CHEVROLET  GROOVE  1.5L  PREMIER  R  MT  2025  REGIÓN  VII;SUV;12290000;12176882;1;24;292245168;No;KOVACS  SPA;KOVACS  SPA;80.522.900-4
2239-8-LR23;5802342;Convenio  Marco  de    Adquisición  de  Vehículos;5240-98-CM25;52590721;ADQUISICION  DE  VEHICULOS  COLOR  FABRICA  PARA  CARABINEROS  DE  CHILE;2025-06-16;2025-02-28;2025-02-28;2025-03-14;Recepción  Conforme;75658;61.938.500-4;Direccion  de  Compras  Publicas  de  Carabineros;DIRECCION  DE  LOGISTICA  DE  CARABINEROS;Av.  Lib.  Bernardo  OHiggins  N°  1449,torre  7,PISO  11;Santiago;DIRECCION  DE  LOGISTICA  DE  CARABINEROS;2245222;CAMIONETA  MAXUS  T60  DX  E6  4X4  MT  2025  REGIÓN  RM;CAMIONETA;20046800;20046800;0;3;60140400;No;AUTOMOTRIZ  CORDILLERA  S.A.;AUTOMOTRIZ  CORDILLERA  S.  A.;79.853.470-K
2239-8-LR23;5802342;Convenio  Marco  de    Adquisición  de  Vehículos;5240-98-CM25;52590721;ADQUISICION  DE  VEHICULOS  COLOR  FABRICA  PARA  CARABINEROS  DE  CHILE;2025-06-16;2025-02-28;2025-02-28;2025-03-14;Recepción  Conforme;75658;61.938.500-4;Direccion  de  Compras  Publicas  de  Carabineros;DIRECCION  DE  LOGISTICA  DE  CARABINEROS;Av.  Lib.  Bernardo  OHiggins  N°  1449,torre  7,PISO  11;Santiago;DIRECCION  DE  LOGISTICA  DE  CARABINEROS;2254725;CAMIONETA  TOYOTA  HILUX  DX  2.4  4X4  MT  2025  REGIÓN  RM;CAMIONETA;28190000;27490000;2;3;82470000;No;KOVACS  SPA;KOVACS  SPA;80.522.900-4
2239-8-LR23;5802342;Convenio  Marco  de    Adquisición  de  Vehículos;5240-98-CM25;52590721;ADQUISICION  DE  VEHICULOS  COLOR  FABRICA  PARA  CARABINEROS  DE  CHILE;2025-06-16;2025-02-28;2025-02-28;2025-03-14;Recepción  Conforme;75658;61.938.500-4;Direccion  de  Compras  Publicas  de  Carabineros;DIRECCION  DE  LOGISTICA  DE  CARABINEROS;Av.  Lib.  Bernardo  OHiggins  N°  1449,torre  7,PISO  11;Santiago;DIRECCION  DE  LOGISTICA  DE  CARABINEROS;2253331;CAMIONETA  MITSUBISHI  L200  KATANA  XRT  4X4  MT  2025  REGIÓN  RM;CAMIONETA;28791000;28791000;0;3;86373000;No;ASTARA  RETAIL  CHILE  SPA;ASTARA  RETAIL  CHILE  SPA;96.928.530-4
2239-8-LR23;5802342;Convenio  Marco  de    Adquisición  de  Vehículos;5240-98-CM25;52590721;ADQUISICION  DE  VEHICULOS  COLOR  FABRICA  PARA  CARABINEROS  DE  CHILE;2025-06-16;2025-02-28;2025-02-28;2025-03-14;Recepción  Conforme;75658;61.938.500-4;Direccion  de  Compras  Publicas  de  Carabineros;DIRECCION  DE  LOGISTICA  DE  CARABINEROS;Av.  Lib.  Bernardo  OHiggins  N°  1449,torre  7,PISO  11;Santiago;DIRECCION  DE  LOGISTICA  DE  CARABINEROS;2250254;CAMIONETA  GREAT  WALL  POER  4X4  ELITE  PANT  MT  2025  REGIÓN  RM;CAMIONETA;19218800;19218800;0;3;57656400;No;COMERCIAL  ANFRUNS  Y  COMPANIA  SPA;COMERCIAL  ANFRUNS  Y  COMPAÑÍA  SPA;86.385.500-4
2239-8-LR23;5802342;Convenio  Marco  de    Adquisición  de  Vehículos;5240-98-CM25;52590721;ADQUISICION  DE  VEHICULOS  COLOR  FABRICA  PARA  CARABINEROS  DE  CHILE;2025-06-16;2025-02-28;2025-02-28;2025-03-14;Recepción  Conforme;75658;61.938.500-4;Direccion  de  Compras  Publicas  de  Carabineros;DIRECCION  DE  LOGISTICA  DE  CARABINEROS;Av.  Lib.  Bernardo  OHiggins  N°  1449,torre  7,PISO  11;Santiago;DIRECCION  DE  LOGISTICA  DE  CARABINEROS;2042909;CAMIONETA  CHEVROLET  COLORADO  LT  4X4  MT  2024  REGIÓN  V;CAMIONETA;29283909;27490000;6;3;82470000;No;KOVACS  SPA;KOVACS  SPA;80.522.900-4
2239-8-LR23;5802342;Convenio  Marco  de    Adquisición  de  Vehículos;5240-98-CM25;52590721;ADQUISICION  DE  VEHICULOS  COLOR  FABRICA  PARA  CARABINEROS  DE  CHILE;2025-06-16;2025-02-28;2025-02-28;2025-03-14;Recepción  Conforme;75658;61.938.500-4;Direccion  de  Compras  Publicas  de  Carabineros;DIRECCION  DE  LOGISTICA  DE  CARABINEROS;Av.  Lib.  Bernardo  OHiggins  N°  1449,torre  7,PISO  11;Santiago;DIRECCION  DE  LOGISTICA  DE  CARABINEROS;2244219;CAMIONETA  DFSK  D1  LUXURY  4X4  MT  2025  REGIÓN  RM;CAMIONETA;16461900;15818300;4;3;47454900;Si;SERVIMAQ  SPA;SERVIMAQ  SPA;79.649.970-2
2239-1-LR24;5802359;CONVENIO  MARCO  PARA  COMPUTADORES  PORTÁTILES  DESKTOP  Y  AIO;552975-509-CM25;52869540;PEDIDO  15220  Gran  Compra  de  Computadores  ID  76600;2025-06-30;2025-04-22;2025-04-22;2025-05-07;Aceptada;76600;69.070.301-7;CDSP;CORP  DE  DESARROLLO  SOCIAL  DE  PROVIDENCIA;Miguel  Claro  32;Providencia;CORP  DE  DESARROLLO  SOCIAL  DE  PROVIDENCIA;2227945;LAPTOP  HP  ELITEBOOK  640  G10  WINDOWS  11  PRO  INTEL  CORE  I7-1370P  16  GB  1  TB  GAMA  2E;LAPTOP;893;884;1;6;5305;No;LECHNER  S.A;LECHNER  S.A.;78.114.650-1
2239-1-LR24;5802359;CONVENIO  MARCO  PARA  COMPUTADORES  PORTÁTILES  DESKTOP  Y  AIO;552975-509-CM25;52869540;PEDIDO  15220  Gran  Compra  de  Computadores  ID  76600;2025-06-30;2025-04-22;2025-04-22;2025-05-07;Aceptada;76600;69.070.301-7;CDSP;CORP  DE  DESARROLLO  SOCIAL  DE  PROVIDENCIA;Miguel  Claro  32;Providencia;CORP  DE  DESARROLLO  SOCIAL  DE  PROVIDENCIA;2227941;LAPTOP  LENOVO  THINKPAD  L14  WINDOWS  11  PRO  AMD  RYZEN  7  PRO  7730U  16  GB  1  TB  GAMA  2E;LAPTOP;765;748;2;6;4488;Si;SOCIEDAD  COMERCIAL  FORTEZA  Y  COMPANIA  LIMITADA;SOCIEDAD  COMERCIAL  FORTEZA  Y  COMPANIA  LIMITADA;76.367.430-4
2239-1-LR24;5802359;CONVENIO  MARCO  PARA  COMPUTADORES  PORTÁTILES  DESKTOP  Y  AIO;552975-509-CM25;52869540;PEDIDO  15220  Gran  Compra  de  Computadores  ID  76600;2025-06-30;2025-04-22;2025-04-22;2025-05-07;Aceptada;76600;69.070.301-7;CDSP;CORP  DE  DESARROLLO  SOCIAL  DE  PROVIDENCIA;Miguel  Claro  32;Providencia;CORP  DE  DESARROLLO  SOCIAL  DE  PROVIDENCIA;2227931;LAPTOP  LENOVO  THINKBOOK  14  WINDOWS  11  PRO  AMD  RYZEN  7  7730U  16  GB  1  TB  GAMA  3;LAPTOP;588;549;7;6;3297;No;REPARACIONES  BBCC  LIMITADA;REPARACIONES  BBCC  LIMITADA;76.376.530-k
2239-1-LR24;5802359;CONVENIO  MARCO  PARA  COMPUTADORES  PORTÁTILES  DESKTOP  Y  AIO;552975-509-CM25;52869540;PEDIDO  15220  Gran  Compra  de  Computadores  ID  76600;2025-06-30;2025-04-22;2025-04-22;2025-05-07;Aceptada;76600;69.070.301-7;CDSP;CORP  DE  DESARROLLO  SOCIAL  DE  PROVIDENCIA;Miguel  Claro  32;Providencia;CORP  DE  DESARROLLO  SOCIAL  DE  PROVIDENCIA;2227931;LAPTOP  LENOVO  THINKBOOK  14  WINDOWS  11  PRO  AMD  RYZEN  7  7730U  16  GB  1  TB  GAMA  3;LAPTOP;588;549;7;6;3297;No;REPARACIONES  BBCC  LIMITADA;REPARACIONES  BBCC  LIMITADA;76.376.530-k
2239-1-LR24;5802359;CONVENIO  MARCO  PARA  COMPUTADORES  PORTÁTILES  DESKTOP  Y  AIO;552975-509-CM25;52869540;PEDIDO  15220  Gran  Compra  de  Computadores  ID  76600;2025-06-30;2025-04-22;2025-04-22;2025-05-07;Aceptada;76600;69.070.301-7;CDSP;CORP  DE  DESARROLLO  SOCIAL  DE  PROVIDENCIA;Miguel  Claro  32;Providencia;CORP  DE  DESARROLLO  SOCIAL  DE  PROVIDENCIA;2227932;LAPTOP  HP  PROBOOK  445  WINDOWS  11  PRO  AMD  RYZEN  7  7730U  16  GB  1  TB  GAMA  3;LAPTOP;675;676;0;52;35158;No;COMERCIALIZADORA  SANTA  CATALINA  SPA;COMERCIALIZADORA  SANTA  CATALINA  SPA;77.474.803-2
2239-1-LR24;5802359;CONVENIO  MARCO  PARA  COMPUTADORES  PORTÁTILES  DESKTOP  Y  AIO;552975-509-CM25;52869540;PEDIDO  15220  Gran  Compra  de  Computadores  ID  76600;2025-06-30;2025-04-22;2025-04-22;2025-05-07;Aceptada;76600;69.070.301-7;CDSP;CORP  DE  DESARROLLO  SOCIAL  DE  PROVIDENCIA;Miguel  Claro  32;Providencia;CORP  DE  DESARROLLO  SOCIAL  DE  PROVIDENCIA;2227931;LAPTOP  LENOVO  THINKBOOK  14  WINDOWS  11  PRO  AMD  RYZEN  7  7730U  16  GB  1  TB  GAMA  3;LAPTOP;572;550;4;52;28600;No;SOCIEDAD  COMERCIAL  FORTEZA  Y  COMPANIA  LIMITADA;SOCIEDAD  COMERCIAL  FORTEZA  Y  COMPANIA  LIMITADA;76.367.430-4
2239-1-LR24;5802359;CONVENIO  MARCO  PARA  COMPUTADORES  PORTÁTILES  DESKTOP  Y  AIO;552975-509-CM25;52869540;PEDIDO  15220  Gran  Compra  de  Computadores  ID  76600;2025-06-30;2025-04-22;2025-04-22;2025-05-07;Aceptada;76600;69.070.301-7;CDSP;CORP  DE  DESARROLLO  SOCIAL  DE  PROVIDENCIA;Miguel  Claro  32;Providencia;CORP  DE  DESARROLLO  SOCIAL  DE  PROVIDENCIA;2227941;LAPTOP  LENOVO  THINKPAD  L14  WINDOWS  11  PRO  AMD  RYZEN  7  PRO  7730U  16  GB  1  TB  GAMA  2E;LAPTOP;770;723;6;6;4343;No;BOOKCOMPUTER  COMERCIALIZADORA  SPA;BOOKCOMPUTER  COMERCIALIZADORA  SPA;77.108.316-1
2239-1-LR24;5802359;CONVENIO  MARCO  PARA  COMPUTADORES  PORTÁTILES  DESKTOP  Y  AIO;552975-509-CM25;52869540;PEDIDO  15220  Gran  Compra  de  Computadores  ID  76600;2025-06-30;2025-04-22;2025-04-22;2025-05-07;Aceptada;76600;69.070.301-7;CDSP;CORP  DE  DESARROLLO  SOCIAL  DE  PROVIDENCIA;Miguel  Claro  32;Providencia;CORP  DE  DESARROLLO  SOCIAL  DE  PROVIDENCIA;2227958;ALL  IN  ONE  LENOVO  THINKCENTRE  NEO  50A  24  WINDOWS  11  PRO  INTEL  CORE  I7-13700H  16  GB  1TB  GAMA  3;ALL  IN  ONE;725;696;4;44;30636;No;COMERCIALIZADORA  SP  DIGITAL  SPA;COMERCIALIZADORA  SP  DIGITAL  SPA;76.799.430-3
2239-1-LR24;5802359;CONVENIO  MARCO  PARA  COMPUTADORES  PORTÁTILES  DESKTOP  Y  AIO;552975-509-CM25;52869540;PEDIDO  15220  Gran  Compra  de  Computadores  ID  76600;2025-06-30;2025-04-22;2025-04-22;2025-05-07;Aceptada;76600;69.070.301-7;CDSP;CORP  DE  DESARROLLO  SOCIAL  DE  PROVIDENCIA;Miguel  Claro  32;Providencia;CORP  DE  DESARROLLO  SOCIAL  DE  PROVIDENCIA;2227958;ALL  IN  ONE  LENOVO  THINKCENTRE  NEO  50A  24  WINDOWS  11  PRO  INTEL  CORE  I7-13700H  16  GB  1TB  GAMA  3;ALL  IN  ONE;715;685;4;44;30140;Si;SOCIEDAD  COMERCIAL  FORTEZA  Y  COMPANIA  LIMITADA;SOCIEDAD  COMERCIAL  FORTEZA  Y  COMPANIA  LIMITADA;76.367.430-4
2239-1-LR24;5802359;CONVENIO  MARCO  PARA  COMPUTADORES  PORTÁTILES  DESKTOP  Y  AIO;552975-509-CM25;52869540;PEDIDO  15220  Gran  Compra  de  Computadores  ID  76600;2025-06-30;2025-04-22;2025-04-22;2025-05-07;Aceptada;76600;69.070.301-7;CDSP;CORP  DE  DESARROLLO  SOCIAL  DE  PROVIDENCIA;Miguel  Claro  32;Providencia;CORP  DE  DESARROLLO  SOCIAL  DE  PROVIDENCIA;2227941;LAPTOP  LENOVO  THINKPAD  L14  WINDOWS  11  PRO  AMD  RYZEN  7  PRO  7730U  16  GB  1  TB  GAMA  2E;LAPTOP;770;756;2;6;4539;No;COMERCIALIZADORA  SP  DIGITAL  SPA;COMERCIALIZADORA  SP  DIGITAL  SPA;76.799.430-3
2239-1-LR24;5802359;CONVENIO  MARCO  PARA  COMPUTADORES  PORTÁTILES  DESKTOP  Y  AIO;552975-509-CM25;52869540;PEDIDO  15220  Gran  Compra  de  Computadores  ID  76600;2025-06-30;2025-04-22;2025-04-22;2025-05-07;Aceptada;76600;69.070.301-7;CDSP;CORP  DE  DESARROLLO  SOCIAL  DE  PROVIDENCIA;Miguel  Claro  32;Providencia;CORP  DE  DESARROLLO  SOCIAL  DE  PROVIDENCIA;2227958;ALL  IN  ONE  LENOVO  THINKCENTRE  NEO  50A  24  WINDOWS  11  PRO  INTEL  CORE  I7-13700H  16  GB  1TB  GAMA  3;ALL  IN  ONE;726;689;5;44;30319;No;BOOKCOMPUTER  COMERCIALIZADORA  SPA;BOOKCOMPUTER  COMERCIALIZADORA  SPA;77.108.316-1
2239-1-LR24;5802359;CONVENIO  MARCO  PARA  COMPUTADORES  PORTÁTILES  DESKTOP  Y  AIO;552975-509-CM25;52869540;PEDIDO  15220  Gran  Compra  de  Computadores  ID  76600;2025-06-30;2025-04-22;2025-04-22;2025-05-07;Aceptada;76600;69.070.301-7;CDSP;CORP  DE  DESARROLLO  SOCIAL  DE  PROVIDENCIA;Miguel  Claro  32;Providencia;CORP  DE  DESARROLLO  SOCIAL  DE  PROVIDENCIA;2227931;LAPTOP  LENOVO  THINKBOOK  14  WINDOWS  11  PRO  AMD  RYZEN  7  7730U  16  GB  1  TB  GAMA  3;LAPTOP;573;550;4;52;28644;No;BOOKCOMPUTER  COMERCIALIZADORA  SPA;BOOKCOMPUTER  COMERCIALIZADORA  SPA;77.108.316-1
2239-1-LR24;5802359;CONVENIO  MARCO  PARA  COMPUTADORES  PORTÁTILES  DESKTOP  Y  AIO;552975-509-CM25;52869540;PEDIDO  15220  Gran  Compra  de  Computadores  ID  76600;2025-06-30;2025-04-22;2025-04-22;2025-05-07;Aceptada;76600;69.070.301-7;CDSP;CORP  DE  DESARROLLO  SOCIAL  DE  PROVIDENCIA;Miguel  Claro  32;Providencia;CORP  DE  DESARROLLO  SOCIAL  DE  PROVIDENCIA;2227933;LAPTOP  ACER  TMP  214-55-13CL  WINDOWS  11  PRO  INTEL  CORE  I7-1270P  16  GB  1  TB  GAMA  3;LAPTOP;709;709;0;52;36868;No;NET  NOW  TECNOLOGIA  Y  COMPUTACION  S  A;NET  NOW  TECNOLOGÍA  Y  COMPUTACIÓN  S.A.;78.112.170-3
2239-1-LR24;5802359;CONVENIO  MARCO  PARA  COMPUTADORES  PORTÁTILES  DESKTOP  Y  AIO;552975-509-CM25;52869540;PEDIDO  15220  Gran  Compra  de  Computadores  ID  76600;2025-06-30;2025-04-22;2025-04-22;2025-05-07;Aceptada;76600;69.070.301-7;CDSP;CORP  DE  DESARROLLO  SOCIAL  DE  PROVIDENCIA;Miguel  Claro  32;Providencia;CORP  DE  DESARROLLO  SOCIAL  DE  PROVIDENCIA;2227959;ALL  IN  ONE  HP  PROONE  440  G9  WINDOWS  11  PRO  INTEL  CORE  I7-12700  16  GB  1TB  GAMA  3;ALL  IN  ONE;765;750;2;44;33028;No;LECHNER  S.A;LECHNER  S.A.;78.114.650-1
2239-1-LR24;5802359;CONVENIO  MARCO  PARA  COMPUTADORES  PORTÁTILES  DESKTOP  Y  AIO;552975-509-CM25;52869540;PEDIDO  15220  Gran  Compra  de  Computadores  ID  76600;2025-06-30;2025-04-22;2025-04-22;2025-05-07;Aceptada;76600;69.070.301-7;CDSP;CORP  DE  DESARROLLO  SOCIAL  DE  PROVIDENCIA;Miguel  Claro  32;Providencia;CORP  DE  DESARROLLO  SOCIAL  DE  PROVIDENCIA;2227961;ALL  IN  ONE  ACER  VZ2694G-CCL  WINDOWS  11  PRO  INTEL  CORE  I7-13700H  16  GB  1TB  GAMA  3;ALL  IN  ONE;820;769;6;44;33836;No;NET  NOW  TECNOLOGIA  Y  COMPUTACION  S  A;NET  NOW  TECNOLOGÍA  Y  COMPUTACIÓN  S.A.;78.112.170-3
2239-1-LR24;5802359;CONVENIO  MARCO  PARA  COMPUTADORES  PORTÁTILES  DESKTOP  Y  AIO;552975-509-CM25;52869540;PEDIDO  15220  Gran  Compra  de  Computadores  ID  76600;2025-06-30;2025-04-22;2025-04-22;2025-05-07;Aceptada;76600;69.070.301-7;CDSP;CORP  DE  DESARROLLO  SOCIAL  DE  PROVIDENCIA;Miguel  Claro  32;Providencia;CORP  DE  DESARROLLO  SOCIAL  DE  PROVIDENCIA;2227932;LAPTOP  HP  PROBOOK  445  WINDOWS  11  PRO  AMD  RYZEN  7  7730U  16  GB  1  TB  GAMA  3;LAPTOP;675;675;0;52;35108;No;LECHNER  S.A;LECHNER  S.A.;78.114.650-1
2239-1-LR24;5802359;CONVENIO  MARCO  PARA  COMPUTADORES  PORTÁTILES  DESKTOP  Y  AIO;552975-509-CM25;52869540;PEDIDO  15220  Gran  Compra  de  Computadores  ID  76600;2025-06-30;2025-04-22;2025-04-22;2025-05-07;Aceptada;76600;69.070.301-7;CDSP;CORP  DE  DESARROLLO  SOCIAL  DE  PROVIDENCIA;Miguel  Claro  32;Providencia;CORP  DE  DESARROLLO  SOCIAL  DE  PROVIDENCIA;2227945;LAPTOP  HP  ELITEBOOK  640  G10  WINDOWS  11  PRO  INTEL  CORE  I7-1370P  16  GB  1  TB  GAMA  2E;LAPTOP;923;888;4;6;5332;No;COMERCIALIZADORA  SANTA  CATALINA  SPA;COMERCIALIZADORA  SANTA  CATALINA  SPA;77.474.803-2
2239-1-LR24;5802359;CONVENIO  MARCO  PARA  COMPUTADORES  PORTÁTILES  DESKTOP  Y  AIO;552975-509-CM25;52869540;PEDIDO  15220  Gran  Compra  de  Computadores  ID  76600;2025-06-30;2025-04-22;2025-04-22;2025-05-07;Aceptada;76600;69.070.301-7;CDSP;CORP  DE  DESARROLLO  SOCIAL  DE  PROVIDENCIA;Miguel  Claro  32;Providencia;CORP  DE  DESARROLLO  SOCIAL  DE  PROVIDENCIA;2227931;LAPTOP  LENOVO  THINKBOOK  14  WINDOWS  11  PRO  AMD  RYZEN  7  7730U  16  GB  1  TB  GAMA  3;LAPTOP;584;559;4;52;29087;No;COMERCIALIZADORA  SP  DIGITAL  SPA;COMERCIALIZADORA  SP  DIGITAL  SPA;76.799.430-3
2239-1-LR24;5802359;CONVENIO  MARCO  PARA  COMPUTADORES  PORTÁTILES  DESKTOP  Y  AIO;552975-509-CM25;52869540;PEDIDO  15220  Gran  Compra  de  Computadores  ID  76600;2025-06-30;2025-04-22;2025-04-22;2025-05-07;Aceptada;76600;69.070.301-7;CDSP;CORP  DE  DESARROLLO  SOCIAL  DE  PROVIDENCIA;Miguel  Claro  32;Providencia;CORP  DE  DESARROLLO  SOCIAL  DE  PROVIDENCIA;2227958;ALL  IN  ONE  LENOVO  THINKCENTRE  NEO  50A  24  WINDOWS  11  PRO  INTEL  CORE  I7-13700H  16  GB  1TB  GAMA  3;ALL  IN  ONE;725;687;5;44;30257;No;REPARACIONES  BBCC  LIMITADA;REPARACIONES  BBCC  LIMITADA;76.376.530-k
2239-1-LR24;5802359;CONVENIO  MARCO  PARA  COMPUTADORES  PORTÁTILES  DESKTOP  Y  AIO;552975-509-CM25;52869540;PEDIDO  15220  Gran  Compra  de  Computadores  ID  76600;2025-06-30;2025-04-22;2025-04-22;2025-05-07;Aceptada;76600;69.070.301-7;CDSP;CORP  DE  DESARROLLO  SOCIAL  DE  PROVIDENCIA;Miguel  Claro  32;Providencia;CORP  DE  DESARROLLO  SOCIAL  DE  PROVIDENCIA;2227959;ALL  IN  ONE  HP  PROONE  440  G9  WINDOWS  11  PRO  INTEL  CORE  I7-12700  16  GB  1TB  GAMA  3;ALL  IN  ONE;787;752;4;44;33125;No;COMERCIALIZADORA  SANTA  CATALINA  SPA;COMERCIALIZADORA  SANTA  CATALINA  SPA;77.474.803-2
2239-2-LR23;5802330;Convenio  Marco  Artículos  de  Escritorio  y  Papelería;558869-109-CM25;52842448;Orden  de  Compra  generada  por  la  Gran  Compra:  76801;2025-06-06;2025-05-07;2025-05-07;2025-05-22;Aceptada;76801;71.102.600-2;ADQUISICIONES  -  DIRECC  ADMIN  Y  FINANZAS;CORP  MUNICIPAL  DE  DESARROLLO  SOCIAL  DE  A;AVENIDA  ARGENTINA  1595  –  II  PISO;Antofagasta;CORP  MUNICIPAL  DE  DESARROLLO  SOCIAL  DE  A;2013810;PAPEL  IMPRESIÓN  PREMIER  RESMA  HOJA  TAMAÑO  CARTA  COLOR  BLANCO  500  HOJAS  UNIDAD  REGIÓN  II;PAPEL  IMPRESIÓN;3840;3110;19;15650;48671500;No;COMERCIALIZADORA  SAN  JERONIMO  SPA;COMERCIALIZADORA  SAN  JERONIMO  SPA;77.610.393-4
2239-2-LR23;5802330;Convenio  Marco  Artículos  de  Escritorio  y  Papelería;558869-109-CM25;52842448;Orden  de  Compra  generada  por  la  Gran  Compra:  76801;2025-06-06;2025-05-07;2025-05-07;2025-05-22;Aceptada;76801;71.102.600-2;ADQUISICIONES  -  DIRECC  ADMIN  Y  FINANZAS;CORP  MUNICIPAL  DE  DESARROLLO  SOCIAL  DE  A;AVENIDA  ARGENTINA  1595  –  II  PISO;Antofagasta;CORP  MUNICIPAL  DE  DESARROLLO  SOCIAL  DE  A;2013827;PAPEL  IMPRESIÓN  PREMIER  RESMA  HOJA  TAMAÑO  OFICIO  COLOR  BLANCO  500  HOJAS  UNIDAD  REGIÓN  II;PAPEL  IMPRESIÓN;3699;3685;0;16870;62165950;No;PROVEEDORES  INTEGRALES  DEL  NORTE  S.A.;PROVEEDORES  INTEGRALES  DEL  NORTE  S.A.;76.213.681-3
2239-2-LR23;5802330;Convenio  Marco  Artículos  de  Escritorio  y  Papelería;558869-109-CM25;52842448;Orden  de  Compra  generada  por  la  Gran  Compra:  76801;2025-06-06;2025-05-07;2025-05-07;2025-05-22;Aceptada;76801;71.102.600-2;ADQUISICIONES  -  DIRECC  ADMIN  Y  FINANZAS;CORP  MUNICIPAL  DE  DESARROLLO  SOCIAL  DE  A;AVENIDA  ARGENTINA  1595  –  II  PISO;Antofagasta;CORP  MUNICIPAL  DE  DESARROLLO  SOCIAL  DE  A;2013487;PAPEL  IMPRESIÓN  EQUALIT  RESMA  HOJA  TAMAÑO  OFICIO  COLOR  BLANCO  500  HOJAS  UNIDAD  REGIÓN  II;PAPEL  IMPRESIÓN;3928;4050;-3;16870;68323500;No;PROVEEDORES  INTEGRALES  DEL  NORTE  S.A.;PROVEEDORES  INTEGRALES  DEL  NORTE  S.A.;76.213.681-3
2239-2-LR23;5802330;Convenio  Marco  Artículos  de  Escritorio  y  Papelería;558869-109-CM25;52842448;Orden  de  Compra  generada  por  la  Gran  Compra:  76801;2025-06-06;2025-05-07;2025-05-07;2025-05-22;Aceptada;76801;71.102.600-2;ADQUISICIONES  -  DIRECC  ADMIN  Y  FINANZAS;CORP  MUNICIPAL  DE  DESARROLLO  SOCIAL  DE  A;AVENIDA  ARGENTINA  1595  –  II  PISO;Antofagasta;CORP  MUNICIPAL  DE  DESARROLLO  SOCIAL  DE  A;2013402;PAPEL  IMPRESIÓN  DIMERC  RESMA  HOJA  TAMAÑO  CARTA  COLOR  BLANCO  500  HOJAS  UNIDAD  REGIÓN  II;PAPEL  IMPRESIÓN;3011;2670;11;15650;41785500;Si;DIMERC  S  A;DIMERC  S.  A.;96.670.840-9
2239-2-LR23;5802330;Convenio  Marco  Artículos  de  Escritorio  y  Papelería;558869-109-CM25;52842448;Orden  de  Compra  generada  por  la  Gran  Compra:  76801;2025-06-06;2025-05-07;2025-05-07;2025-05-22;Aceptada;76801;71.102.600-2;ADQUISICIONES  -  DIRECC  ADMIN  Y  FINANZAS;CORP  MUNICIPAL  DE  DESARROLLO  SOCIAL  DE  A;AVENIDA  ARGENTINA  1595  –  II  PISO;Antofagasta;CORP  MUNICIPAL  DE  DESARROLLO  SOCIAL  DE  A;2013861;PAPEL  IMPRESIÓN  PRISA  RESMA  HOJA  TAMAÑO  OFICIO  COLOR  BLANCO  500  HOJAS  UNIDAD  REGIÓN  II;PAPEL  IMPRESIÓN;3536;2979;16;16870;50255730;No;PROVEEDORES  INTEGRALES  PRISA  S  A;PROVEEDORES  INTEGRALES  PRISA  S  A;96.556.940-5
2239-2-LR23;5802330;Convenio  Marco  Artículos  de  Escritorio  y  Papelería;558869-109-CM25;52842448;Orden  de  Compra  generada  por  la  Gran  Compra:  76801;2025-06-06;2025-05-07;2025-05-07;2025-05-22;Aceptada;76801;71.102.600-2;ADQUISICIONES  -  DIRECC  ADMIN  Y  FINANZAS;CORP  MUNICIPAL  DE  DESARROLLO  SOCIAL  DE  A;AVENIDA  ARGENTINA  1595  –  II  PISO;Antofagasta;CORP  MUNICIPAL  DE  DESARROLLO  SOCIAL  DE  A;2013810;PAPEL  IMPRESIÓN  PREMIER  RESMA  HOJA  TAMAÑO  CARTA  COLOR  BLANCO  500  HOJAS  UNIDAD  REGIÓN  II;PAPEL  IMPRESIÓN;3833;3130;18;15650;48984500;No;PROVEEDORES  INTEGRALES  DEL  NORTE  S.A.;PROVEEDORES  INTEGRALES  DEL  NORTE  S.A.;76.213.681-3
2239-2-LR23;5802330;Convenio  Marco  Artículos  de  Escritorio  y  Papelería;558869-109-CM25;52842448;Orden  de  Compra  generada  por  la  Gran  Compra:  76801;2025-06-06;2025-05-07;2025-05-07;2025-05-22;Aceptada;76801;71.102.600-2;ADQUISICIONES  -  DIRECC  ADMIN  Y  FINANZAS;CORP  MUNICIPAL  DE  DESARROLLO  SOCIAL  DE  A;AVENIDA  ARGENTINA  1595  –  II  PISO;Antofagasta;CORP  MUNICIPAL  DE  DESARROLLO  SOCIAL  DE  A;2013470;PAPEL  IMPRESIÓN  EQUALIT  RESMA  HOJA  TAMAÑO  CARTA  COLOR  BLANCO  500  HOJAS  UNIDAD  REGIÓN  II;PAPEL  IMPRESIÓN;3898;3400;13;15650;53210000;No;SOCIEDAD  SOLUCIONES  INTEGRALES  SPA;SOCIEDAD  SOLUCIONES  INTEGRALES  SPA;76.540.457-6
2239-2-LR23;5802330;Convenio  Marco  Artículos  de  Escritorio  y  Papelería;558869-109-CM25;52842448;Orden  de  Compra  generada  por  la  Gran  Compra:  76801;2025-06-06;2025-05-07;2025-05-07;2025-05-22;Aceptada;76801;71.102.600-2;ADQUISICIONES  -  DIRECC  ADMIN  Y  FINANZAS;CORP  MUNICIPAL  DE  DESARROLLO  SOCIAL  DE  A;AVENIDA  ARGENTINA  1595  –  II  PISO;Antofagasta;CORP  MUNICIPAL  DE  DESARROLLO  SOCIAL  DE  A;2013419;PAPEL  IMPRESIÓN  DIMERC  RESMA  HOJA  TAMAÑO  OFICIO  COLOR  BLANCO  500  HOJAS  UNIDAD  REGIÓN  II;PAPEL  IMPRESIÓN;3328;3160;5;16870;53309200;Si;DIMERC  S  A;DIMERC  S.  A.;96.670.840-9
2239-2-LR23;5802330;Convenio  Marco  Artículos  de  Escritorio  y  Papelería;558869-109-CM25;52842448;Orden  de  Compra  generada  por  la  Gran  Compra:  76801;2025-06-06;2025-05-07;2025-05-07;2025-05-22;Aceptada;76801;71.102.600-2;ADQUISICIONES  -  DIRECC  ADMIN  Y  FINANZAS;CORP  MUNICIPAL  DE  DESARROLLO  SOCIAL  DE  A;AVENIDA  ARGENTINA  1595  –  II  PISO;Antofagasta;CORP  MUNICIPAL  DE  DESARROLLO  SOCIAL  DE  A;2013827;PAPEL  IMPRESIÓN  PREMIER  RESMA  HOJA  TAMAÑO  OFICIO  COLOR  BLANCO  500  HOJAS  UNIDAD  REGIÓN  II;PAPEL  IMPRESIÓN;4347;3590;17;16870;60563300;No;COMERCIALIZADORA  SAN  JERONIMO  SPA;COMERCIALIZADORA  SAN  JERONIMO  SPA;77.610.393-4
2239-2-LR23;5802330;Convenio  Marco  Artículos  de  Escritorio  y  Papelería;558869-109-CM25;52842448;Orden  de  Compra  generada  por  la  Gran  Compra:  76801;2025-06-06;2025-05-07;2025-05-07;2025-05-22;Aceptada;76801;71.102.600-2;ADQUISICIONES  -  DIRECC  ADMIN  Y  FINANZAS;CORP  MUNICIPAL  DE  DESARROLLO  SOCIAL  DE  A;AVENIDA  ARGENTINA  1595  –  II  PISO;Antofagasta;CORP  MUNICIPAL  DE  DESARROLLO  SOCIAL  DE  A;2013708;PAPEL  IMPRESIÓN  OVELLA  RESMA  HOJA  TAMAÑO  CARTA  COLOR  BLANCO  500  HOJAS  UNIDAD  REGIÓN  II;PAPEL  IMPRESIÓN;3441;3441;0;15650;53851650;No;ARTEL  S.A.;ARTEL  S.A.I.C;92.642.000-3
2239-2-LR23;5802330;Convenio  Marco  Artículos  de  Escritorio  y  Papelería;558869-109-CM25;52842448;Orden  de  Compra  generada  por  la  Gran  Compra:  76801;2025-06-06;2025-05-07;2025-05-07;2025-05-22;Aceptada;76801;71.102.600-2;ADQUISICIONES  -  DIRECC  ADMIN  Y  FINANZAS;CORP  MUNICIPAL  DE  DESARROLLO  SOCIAL  DE  A;AVENIDA  ARGENTINA  1595  –  II  PISO;Antofagasta;CORP  MUNICIPAL  DE  DESARROLLO  SOCIAL  DE  A;2013844;PAPEL  IMPRESIÓN  PRISA  RESMA  HOJA  TAMAÑO  CARTA  COLOR  BLANCO  500  HOJAS  UNIDAD  REGIÓN  II;PAPEL  IMPRESIÓN;3151;2790;11;15650;43663500;No;PROVEEDORES  INTEGRALES  DEL  NORTE  S.A.;PROVEEDORES  INTEGRALES  DEL  NORTE  S.A.;76.213.681-3
2239-2-LR23;5802330;Convenio  Marco  Artículos  de  Escritorio  y  Papelería;558869-109-CM25;52842448;Orden  de  Compra  generada  por  la  Gran  Compra:  76801;2025-06-06;2025-05-07;2025-05-07;2025-05-22;Aceptada;76801;71.102.600-2;ADQUISICIONES  -  DIRECC  ADMIN  Y  FINANZAS;CORP  MUNICIPAL  DE  DESARROLLO  SOCIAL  DE  A;AVENIDA  ARGENTINA  1595  –  II  PISO;Antofagasta;CORP  MUNICIPAL  DE  DESARROLLO  SOCIAL  DE  A;2013708;PAPEL  IMPRESIÓN  OVELLA  RESMA  HOJA  TAMAÑO  CARTA  COLOR  BLANCO  500  HOJAS  UNIDAD  REGIÓN  II;PAPEL  IMPRESIÓN;3830;2860;25;15650;44759000;No;DISTRIBUIDORA  PAPELES  INDUSTRIALES  SPA;Distribuidora  Papeles  Industriales  S.A.;93.558.000-5
2239-2-LR23;5802330;Convenio  Marco  Artículos  de  Escritorio  y  Papelería;558869-109-CM25;52842448;Orden  de  Compra  generada  por  la  Gran  Compra:  76801;2025-06-06;2025-05-07;2025-05-07;2025-05-22;Aceptada;76801;71.102.600-2;ADQUISICIONES  -  DIRECC  ADMIN  Y  FINANZAS;CORP  MUNICIPAL  DE  DESARROLLO  SOCIAL  DE  A;AVENIDA  ARGENTINA  1595  –  II  PISO;Antofagasta;CORP  MUNICIPAL  DE  DESARROLLO  SOCIAL  DE  A;2013487;PAPEL  IMPRESIÓN  EQUALIT  RESMA  HOJA  TAMAÑO  OFICIO  COLOR  BLANCO  500  HOJAS  UNIDAD  REGIÓN  II;PAPEL  IMPRESIÓN;4532;3700;18;16870;62419000;No;SOCIEDAD  SOLUCIONES  INTEGRALES  SPA;SOCIEDAD  SOLUCIONES  INTEGRALES  SPA;76.540.457-6
2239-2-LR23;5802330;Convenio  Marco  Artículos  de  Escritorio  y  Papelería;558869-109-CM25;52842448;Orden  de  Compra  generada  por  la  Gran  Compra:  76801;2025-06-06;2025-05-07;2025-05-07;2025-05-22;Aceptada;76801;71.102.600-2;ADQUISICIONES  -  DIRECC  ADMIN  Y  FINANZAS;CORP  MUNICIPAL  DE  DESARROLLO  SOCIAL  DE  A;AVENIDA  ARGENTINA  1595  –  II  PISO;Antofagasta;CORP  MUNICIPAL  DE  DESARROLLO  SOCIAL  DE  A;2013470;PAPEL  IMPRESIÓN  EQUALIT  RESMA  HOJA  TAMAÑO  CARTA  COLOR  BLANCO  500  HOJAS  UNIDAD  REGIÓN  II;PAPEL  IMPRESIÓN;3428;3435;0;15650;53757750;No;PROVEEDORES  INTEGRALES  DEL  NORTE  S.A.;PROVEEDORES  INTEGRALES  DEL  NORTE  S.A.;76.213.681-3
2239-2-LR23;5802330;Convenio  Marco  Artículos  de  Escritorio  y  Papelería;558869-109-CM25;52842448;Orden  de  Compra  generada  por  la  Gran  Compra:  76801;2025-06-06;2025-05-07;2025-05-07;2025-05-22;Aceptada;76801;71.102.600-2;ADQUISICIONES  -  DIRECC  ADMIN  Y  FINANZAS;CORP  MUNICIPAL  DE  DESARROLLO  SOCIAL  DE  A;AVENIDA  ARGENTINA  1595  –  II  PISO;Antofagasta;CORP  MUNICIPAL  DE  DESARROLLO  SOCIAL  DE  A;2013861;PAPEL  IMPRESIÓN  PRISA  RESMA  HOJA  TAMAÑO  OFICIO  COLOR  BLANCO  500  HOJAS  UNIDAD  REGIÓN  II;PAPEL  IMPRESIÓN;3699;3190;14;16870;53815300;No;PROVEEDORES  INTEGRALES  DEL  NORTE  S.A.;PROVEEDORES  INTEGRALES  DEL  NORTE  S.A.;76.213.681-3
2239-2-LR23;5802330;Convenio  Marco  Artículos  de  Escritorio  y  Papelería;558869-109-CM25;52842448;Orden  de  Compra  generada  por  la  Gran  Compra:  76801;2025-06-06;2025-05-07;2025-05-07;2025-05-22;Aceptada;76801;71.102.600-2;ADQUISICIONES  -  DIRECC  ADMIN  Y  FINANZAS;CORP  MUNICIPAL  DE  DESARROLLO  SOCIAL  DE  A;AVENIDA  ARGENTINA  1595  –  II  PISO;Antofagasta;CORP  MUNICIPAL  DE  DESARROLLO  SOCIAL  DE  A;2013844;PAPEL  IMPRESIÓN  PRISA  RESMA  HOJA  TAMAÑO  CARTA  COLOR  BLANCO  500  HOJAS  UNIDAD  REGIÓN  II;PAPEL  IMPRESIÓN;3011;2579;14;15650;40361350;No;PROVEEDORES  INTEGRALES  PRISA  S  A;PROVEEDORES  INTEGRALES  PRISA  S  A;96.556.940-5
2239-2-LR23;5802330;Convenio  Marco  Artículos  de  Escritorio  y  Papelería;558869-109-CM25;52842448;Orden  de  Compra  generada  por  la  Gran  Compra:  76801;2025-06-06;2025-05-07;2025-05-07;2025-05-22;Aceptada;76801;71.102.600-2;ADQUISICIONES  -  DIRECC  ADMIN  Y  FINANZAS;CORP  MUNICIPAL  DE  DESARROLLO  SOCIAL  DE  A;AVENIDA  ARGENTINA  1595  –  II  PISO;Antofagasta;CORP  MUNICIPAL  DE  DESARROLLO  SOCIAL  DE  A;2013725;PAPEL  IMPRESIÓN  OVELLA  RESMA  HOJA  TAMAÑO  OFICIO  COLOR  BLANCO  500  HOJAS  UNIDAD  REGIÓN  II;PAPEL  IMPRESIÓN;4525;3330;26;16870;56177100;No;DISTRIBUIDORA  PAPELES  INDUSTRIALES  SPA;Distribuidora  Papeles  Industriales  S.A.;93.558.000-5
2239-2-LR23;5802330;Convenio  Marco  Artículos  de  Escritorio  y  Papelería;558869-109-CM25;52842448;Orden  de  Compra  generada  por  la  Gran  Compra:  76801;2025-06-06;2025-05-07;2025-05-07;2025-05-22;Aceptada;76801;71.102.600-2;ADQUISICIONES  -  DIRECC  ADMIN  Y  FINANZAS;CORP  MUNICIPAL  DE  DESARROLLO  SOCIAL  DE  A;AVENIDA  ARGENTINA  1595  –  II  PISO;Antofagasta;CORP  MUNICIPAL  DE  DESARROLLO  SOCIAL  DE  A;2013725;PAPEL  IMPRESIÓN  OVELLA  RESMA  HOJA  TAMAÑO  OFICIO  COLOR  BLANCO  500  HOJAS  UNIDAD  REGIÓN  II;PAPEL  IMPRESIÓN;4233;4233;0;16870;71410710;No;ARTEL  S.A.;ARTEL  S.A.I.C;92.642.000-3
2239-9-LR22;5800319;Convenio  Marco  de  Artículos  de  Aseo  e  Higiene;707422-80-CM25;52692249;Orden  de  Compra  generada  por  la  Gran  Compra:  76422;2025-06-04;2025-04-11;2025-04-14;2025-04-29;Recepción  Conforme;76422;70.574.900-0;Regional  Bio-Bio;FUNDACION  EDUCACIONAL  PARA  EL  DESAROLLO  INTEGRAL  DE  LA  NIÑEZ;Diagonal  Pedro  Aguirre  Cerda  Nº  1225;Concepción;FUNDACION  EDUCACIONAL  PARA  EL  DESAROLLO  INTEGRAL  DE  LA  NIÑEZ;1889628;BOLSA  DE  BASURA  VIRUTEX  EXTRA  GRANDE  80X120  140  L  ROLLO  X  10  UNIDADES  REGIÓN  VIII;BOLSA  DE  BASURA;1391;1391;0;13456;18717296;No;DIMERC  S  A;DIMERC  S.  A.;96.670.840-9
2239-9-LR22;5800319;Convenio  Marco  de  Artículos  de  Aseo  e  Higiene;707422-80-CM25;52692249;Orden  de  Compra  generada  por  la  Gran  Compra:  76422;2025-06-04;2025-04-11;2025-04-14;2025-04-29;Recepción  Conforme;76422;70.574.900-0;Regional  Bio-Bio;FUNDACION  EDUCACIONAL  PARA  EL  DESAROLLO  INTEGRAL  DE  LA  NIÑEZ;Diagonal  Pedro  Aguirre  Cerda  Nº  1225;Concepción;FUNDACION  EDUCACIONAL  PARA  EL  DESAROLLO  INTEGRAL  DE  LA  NIÑEZ;1889628;BOLSA  DE  BASURA  VIRUTEX  EXTRA  GRANDE  80X120  140  L  ROLLO  X  10  UNIDADES  REGIÓN  VIII;BOLSA  DE  BASURA;1397;1228;12;13456;16523968;Si;SOLUCIONES  INTEGRALES  DE  LIMPIEZA  SPA;SOLUCIONES  INTEGRALES  DE  LIMPIEZA  LIMITADA;89.842.300-K
2239-9-LR22;5800319;Convenio  Marco  de  Artículos  de  Aseo  e  Higiene;707422-80-CM25;52692249;Orden  de  Compra  generada  por  la  Gran  Compra:  76422;2025-06-04;2025-04-11;2025-04-14;2025-04-29;Recepción  Conforme;76422;70.574.900-0;Regional  Bio-Bio;FUNDACION  EDUCACIONAL  PARA  EL  DESAROLLO  INTEGRAL  DE  LA  NIÑEZ;Diagonal  Pedro  Aguirre  Cerda  Nº  1225;Concepción;FUNDACION  EDUCACIONAL  PARA  EL  DESAROLLO  INTEGRAL  DE  LA  NIÑEZ;1906509;GUANTES  DE  LIMPIEZA  IMPEKE  MULTIUSO  GAMUZADO  TALLA  L  PAR  REGIÓN  VIII;GUANTES  DE  LIMPIEZA;754;572;24;1565;895180;Si;SOLUCIONES  INTEGRALES  DE  LIMPIEZA  SPA;SOLUCIONES  INTEGRALES  DE  LIMPIEZA  LIMITADA;89.842.300-K
2239-9-LR22;5800319;Convenio  Marco  de  Artículos  de  Aseo  e  Higiene;707422-80-CM25;52692249;Orden  de  Compra  generada  por  la  Gran  Compra:  76422;2025-06-04;2025-04-11;2025-04-14;2025-04-29;Recepción  Conforme;76422;70.574.900-0;Regional  Bio-Bio;FUNDACION  EDUCACIONAL  PARA  EL  DESAROLLO  INTEGRAL  DE  LA  NIÑEZ;Diagonal  Pedro  Aguirre  Cerda  Nº  1225;Concepción;FUNDACION  EDUCACIONAL  PARA  EL  DESAROLLO  INTEGRAL  DE  LA  NIÑEZ;1906492;GUANTES  DE  LIMPIEZA  IMPEKE  MULTIUSO  FLOCADO  TALLA  S  PAR  REGIÓN  VIII;GUANTES  DE  LIMPIEZA;795;638;20;1565;998470;No;COMERCIAL  MUNOZ  Y  COMPANIA  LIMITADA;COMERCIAL  MUNOZ  Y  COMPANIA  LIMITADA;78.906.980-8
2239-9-LR22;5800319;Convenio  Marco  de  Artículos  de  Aseo  e  Higiene;707422-80-CM25;52692249;Orden  de  Compra  generada  por  la  Gran  Compra:  76422;2025-06-04;2025-04-11;2025-04-14;2025-04-29;Recepción  Conforme;76422;70.574.900-0;Regional  Bio-Bio;FUNDACION  EDUCACIONAL  PARA  EL  DESAROLLO  INTEGRAL  DE  LA  NIÑEZ;Diagonal  Pedro  Aguirre  Cerda  Nº  1225;Concepción;FUNDACION  EDUCACIONAL  PARA  EL  DESAROLLO  INTEGRAL  DE  LA  NIÑEZ;1889016;BOLSA  DE  BASURA  IMPEKE  PEQUEÑA  50X70  30  L  ROLLO  X  10  UNIDADES  REGIÓN  VIII;BOLSA  DE  BASURA;349;300;14;31664;9499200;No;COMERCIAL  MUNOZ  Y  COMPANIA  LIMITADA;COMERCIAL  MUNOZ  Y  COMPANIA  LIMITADA;78.906.980-8
2239-9-LR22;5800319;Convenio  Marco  de  Artículos  de  Aseo  e  Higiene;707422-80-CM25;52692249;Orden  de  Compra  generada  por  la  Gran  Compra:  76422;2025-06-04;2025-04-11;2025-04-14;2025-04-29;Recepción  Conforme;76422;70.574.900-0;Regional  Bio-Bio;FUNDACION  EDUCACIONAL  PARA  EL  DESAROLLO  INTEGRAL  DE  LA  NIÑEZ;Diagonal  Pedro  Aguirre  Cerda  Nº  1225;Concepción;FUNDACION  EDUCACIONAL  PARA  EL  DESAROLLO  INTEGRAL  DE  LA  NIÑEZ;1896581;CLORO  CONCENTRADO  IMPEKE  5%  2000  ML  UNIDAD  REGIÓN  VIII;CLORO  CONCENTRADO;1274;1092;14;7936;8666112;Si;SOLUCIONES  INTEGRALES  DE  LIMPIEZA  SPA;SOLUCIONES  INTEGRALES  DE  LIMPIEZA  LIMITADA;89.842.300-K
2239-9-LR22;5800319;Convenio  Marco  de  Artículos  de  Aseo  e  Higiene;707422-80-CM25;52692249;Orden  de  Compra  generada  por  la  Gran  Compra:  76422;2025-06-04;2025-04-11;2025-04-14;2025-04-29;Recepción  Conforme;76422;70.574.900-0;Regional  Bio-Bio;FUNDACION  EDUCACIONAL  PARA  EL  DESAROLLO  INTEGRAL  DE  LA  NIÑEZ;Diagonal  Pedro  Aguirre  Cerda  Nº  1225;Concepción;FUNDACION  EDUCACIONAL  PARA  EL  DESAROLLO  INTEGRAL  DE  LA  NIÑEZ;1896581;CLORO  CONCENTRADO  IMPEKE  5%  2000  ML  UNIDAD  REGIÓN  VIII;CLORO  CONCENTRADO;1194;1194;0;7936;9475584;No;DIMERC  S  A;DIMERC  S.  A.;96.670.840-9
2239-9-LR22;5800319;Convenio  Marco  de  Artículos  de  Aseo  e  Higiene;707422-80-CM25;52692249;Orden  de  Compra  generada  por  la  Gran  Compra:  76422;2025-06-04;2025-04-11;2025-04-14;2025-04-29;Recepción  Conforme;76422;70.574.900-0;Regional  Bio-Bio;FUNDACION  EDUCACIONAL  PARA  EL  DESAROLLO  INTEGRAL  DE  LA  NIÑEZ;Diagonal  Pedro  Aguirre  Cerda  Nº  1225;Concepción;FUNDACION  EDUCACIONAL  PARA  EL  DESAROLLO  INTEGRAL  DE  LA  NIÑEZ;1890427;BOLSA  DE  BASURA  VIRUTEX  EXTRA  GRANDE  80X120  140  L  ROLLO  X  10  UNIDADES  REGIÓN  VIII;BOLSA  DE  BASURA;1909;1800;6;13456;24220800;No;CASTILLA  Y  ARAGON  SPA;CASTILLA  Y  ARAGON  SPA;96.989.530-7
2239-9-LR22;5800319;Convenio  Marco  de  Artículos  de  Aseo  e  Higiene;707422-80-CM25;52692249;Orden  de  Compra  generada  por  la  Gran  Compra:  76422;2025-06-04;2025-04-11;2025-04-14;2025-04-29;Recepción  Conforme;76422;70.574.900-0;Regional  Bio-Bio;FUNDACION  EDUCACIONAL  PARA  EL  DESAROLLO  INTEGRAL  DE  LA  NIÑEZ;Diagonal  Pedro  Aguirre  Cerda  Nº  1225;Concepción;FUNDACION  EDUCACIONAL  PARA  EL  DESAROLLO  INTEGRAL  DE  LA  NIÑEZ;1887979;BOLSA  DE  BASURA  CLEAN  PEQUEÑA  50X70  30  L  ROLLO  X  10  UNIDADES  REGIÓN  VIII;BOLSA  DE  BASURA;355;355;0;31664;11240720;No;CASTILLA  Y  ARAGON  SPA;CASTILLA  Y  ARAGON  SPA;96.989.530-7
2239-9-LR22;5800319;Convenio  Marco  de  Artículos  de  Aseo  e  Higiene;707422-80-CM25;52692249;Orden  de  Compra  generada  por  la  Gran  Compra:  76422;2025-06-04;2025-04-11;2025-04-14;2025-04-29;Recepción  Conforme;76422;70.574.900-0;Regional  Bio-Bio;FUNDACION  EDUCACIONAL  PARA  EL  DESAROLLO  INTEGRAL  DE  LA  NIÑEZ;Diagonal  Pedro  Aguirre  Cerda  Nº  1225;Concepción;FUNDACION  EDUCACIONAL  PARA  EL  DESAROLLO  INTEGRAL  DE  LA  NIÑEZ;1902038;ESCOBILLÓN  VIRUTEX  PRO  USO  INTERIOR  FIBRA  MEDIA  MANGO  METÁLICO  30  CM  UNIDAD  REGIÓN  VIII;ESCOBILLÓN;1881;1683;11;826;1390158;No;COMERCIAL  MUNOZ  Y  COMPANIA  LIMITADA;COMERCIAL  MUNOZ  Y  COMPANIA  LIMITADA;78.906.980-8
2239-9-LR22;5800319;Convenio  Marco  de  Artículos  de  Aseo  e  Higiene;707422-80-CM25;52692249;Orden  de  Compra  generada  por  la  Gran  Compra:  76422;2025-06-04;2025-04-11;2025-04-14;2025-04-29;Recepción  Conforme;76422;70.574.900-0;Regional  Bio-Bio;FUNDACION  EDUCACIONAL  PARA  EL  DESAROLLO  INTEGRAL  DE  LA  NIÑEZ;Diagonal  Pedro  Aguirre  Cerda  Nº  1225;Concepción;FUNDACION  EDUCACIONAL  PARA  EL  DESAROLLO  INTEGRAL  DE  LA  NIÑEZ;1889016;BOLSA  DE  BASURA  IMPEKE  PEQUEÑA  50X70  30  L  ROLLO  X  10  UNIDADES  REGIÓN  VIII;BOLSA  DE  BASURA;324;277;15;31664;8770928;No;PROVEEDORES  INTEGRALES  PRISA  S  A;PROVEEDORES  INTEGRALES  PRISA  S  A;96.556.940-5
2239-9-LR22;5800319;Convenio  Marco  de  Artículos  de  Aseo  e  Higiene;707422-80-CM25;52692249;Orden  de  Compra  generada  por  la  Gran  Compra:  76422;2025-06-04;2025-04-11;2025-04-14;2025-04-29;Recepción  Conforme;76422;70.574.900-0;Regional  Bio-Bio;FUNDACION  EDUCACIONAL  PARA  EL  DESAROLLO  INTEGRAL  DE  LA  NIÑEZ;Diagonal  Pedro  Aguirre  Cerda  Nº  1225;Concepción;FUNDACION  EDUCACIONAL  PARA  EL  DESAROLLO  INTEGRAL  DE  LA  NIÑEZ;1906543;GUANTES  DE  LIMPIEZA  IMPEKE  MULTIUSO  GAMUZADO  TALLA  S  PAR  REGIÓN  VIII;GUANTES  DE  LIMPIEZA;748;740;1;1565;1158100;No;CASTILLA  Y  ARAGON  SPA;CASTILLA  Y  ARAGON  SPA;96.989.530-7
2239-9-LR22;5800319;Convenio  Marco  de  Artículos  de  Aseo  e  Higiene;707422-80-CM25;52692249;Orden  de  Compra  generada  por  la  Gran  Compra:  76422;2025-06-04;2025-04-11;2025-04-14;2025-04-29;Recepción  Conforme;76422;70.574.900-0;Regional  Bio-Bio;FUNDACION  EDUCACIONAL  PARA  EL  DESAROLLO  INTEGRAL  DE  LA  NIÑEZ;Diagonal  Pedro  Aguirre  Cerda  Nº  1225;Concepción;FUNDACION  EDUCACIONAL  PARA  EL  DESAROLLO  INTEGRAL  DE  LA  NIÑEZ;1896581;CLORO  CONCENTRADO  IMPEKE  5%  2000  ML  UNIDAD  REGIÓN  VIII;CLORO  CONCENTRADO;1193;1175;2;7936;9324800;No;PROVEEDORES  INTEGRALES  PRISA  S  A;PROVEEDORES  INTEGRALES  PRISA  S  A;96.556.940-5
2239-9-LR22;5800319;Convenio  Marco  de  Artículos  de  Aseo  e  Higiene;707422-80-CM25;52692249;Orden  de  Compra  generada  por  la  Gran  Compra:  76422;2025-06-04;2025-04-11;2025-04-14;2025-04-29;Recepción  Conforme;76422;70.574.900-0;Regional  Bio-Bio;FUNDACION  EDUCACIONAL  PARA  EL  DESAROLLO  INTEGRAL  DE  LA  NIÑEZ;Diagonal  Pedro  Aguirre  Cerda  Nº  1225;Concepción;FUNDACION  EDUCACIONAL  PARA  EL  DESAROLLO  INTEGRAL  DE  LA  NIÑEZ;1889016;BOLSA  DE  BASURA  IMPEKE  PEQUEÑA  50X70  30  L  ROLLO  X  10  UNIDADES  REGIÓN  VIII;BOLSA  DE  BASURA;294;294;0;31664;9309216;No;DIMERC  S  A;DIMERC  S.  A.;96.670.840-9
2239-9-LR22;5800319;Convenio  Marco  de  Artículos  de  Aseo  e  Higiene;707422-80-CM25;52692249;Orden  de  Compra  generada  por  la  Gran  Compra:  76422;2025-06-04;2025-04-11;2025-04-14;2025-04-29;Recepción  Conforme;76422;70.574.900-0;Regional  Bio-Bio;FUNDACION  EDUCACIONAL  PARA  EL  DESAROLLO  INTEGRAL  DE  LA  NIÑEZ;Diagonal  Pedro  Aguirre  Cerda  Nº  1225;Concepción;FUNDACION  EDUCACIONAL  PARA  EL  DESAROLLO  INTEGRAL  DE  LA  NIÑEZ;1902038;ESCOBILLÓN  VIRUTEX  PRO  USO  INTERIOR  FIBRA  MEDIA  MANGO  METÁLICO  30  CM  UNIDAD  REGIÓN  VIII;ESCOBILLÓN;1691;1261;25;826;1041586;No;PROVEEDORES  INTEGRALES  PRISA  S  A;PROVEEDORES  INTEGRALES  PRISA  S  A;96.556.940-5
2239-9-LR22;5800319;Convenio  Marco  de  Artículos  de  Aseo  e  Higiene;707422-80-CM25;52692249;Orden  de  Compra  generada  por  la  Gran  Compra:  76422;2025-06-04;2025-04-11;2025-04-14;2025-04-29;Recepción  Conforme;76422;70.574.900-0;Regional  Bio-Bio;FUNDACION  EDUCACIONAL  PARA  EL  DESAROLLO  INTEGRAL  DE  LA  NIÑEZ;Diagonal  Pedro  Aguirre  Cerda  Nº  1225;Concepción;FUNDACION  EDUCACIONAL  PARA  EL  DESAROLLO  INTEGRAL  DE  LA  NIÑEZ;1889016;BOLSA  DE  BASURA  IMPEKE  PEQUEÑA  50X70  30  L  ROLLO  X  10  UNIDADES  REGIÓN  VIII;BOLSA  DE  BASURA;324;273;16;31664;8644272;Si;SOLUCIONES  INTEGRALES  DE  LIMPIEZA  SPA;SOLUCIONES  INTEGRALES  DE  LIMPIEZA  LIMITADA;89.842.300-K
2239-9-LR22;5800319;Convenio  Marco  de  Artículos  de  Aseo  e  Higiene;707422-80-CM25;52692249;Orden  de  Compra  generada  por  la  Gran  Compra:  76422;2025-06-04;2025-04-11;2025-04-14;2025-04-29;Recepción  Conforme;76422;70.574.900-0;Regional  Bio-Bio;FUNDACION  EDUCACIONAL  PARA  EL  DESAROLLO  INTEGRAL  DE  LA  NIÑEZ;Diagonal  Pedro  Aguirre  Cerda  Nº  1225;Concepción;FUNDACION  EDUCACIONAL  PARA  EL  DESAROLLO  INTEGRAL  DE  LA  NIÑEZ;1890546;BOLSA  DE  BASURA  VIRUTEX  PRO  EXTRA  GRANDE  80X120  140  L  ROLLO  X  10  UNIDADES  REGIÓN  VIII;BOLSA  DE  BASURA;1422;1363;4;13456;18340528;No;COMERCIAL  MUNOZ  Y  COMPANIA  LIMITADA;COMERCIAL  MUNOZ  Y  COMPANIA  LIMITADA;78.906.980-8
2239-9-LR22;5800319;Convenio  Marco  de  Artículos  de  Aseo  e  Higiene;707422-80-CM25;52692249;Orden  de  Compra  generada  por  la  Gran  Compra:  76422;2025-06-04;2025-04-11;2025-04-14;2025-04-29;Recepción  Conforme;76422;70.574.900-0;Regional  Bio-Bio;FUNDACION  EDUCACIONAL  PARA  EL  DESAROLLO  INTEGRAL  DE  LA  NIÑEZ;Diagonal  Pedro  Aguirre  Cerda  Nº  1225;Concepción;FUNDACION  EDUCACIONAL  PARA  EL  DESAROLLO  INTEGRAL  DE  LA  NIÑEZ;1906509;GUANTES  DE  LIMPIEZA  IMPEKE  MULTIUSO  GAMUZADO  TALLA  L  PAR  REGIÓN  VIII;GUANTES  DE  LIMPIEZA;743;599;19;1565;937435;No;PROVEEDORES  INTEGRALES  PRISA  S  A;PROVEEDORES  INTEGRALES  PRISA  S  A;96.556.940-5
2239-9-LR22;5800319;Convenio  Marco  de  Artículos  de  Aseo  e  Higiene;707422-80-CM25;52692249;Orden  de  Compra  generada  por  la  Gran  Compra:  76422;2025-06-04;2025-04-11;2025-04-14;2025-04-29;Recepción  Conforme;76422;70.574.900-0;Regional  Bio-Bio;FUNDACION  EDUCACIONAL  PARA  EL  DESAROLLO  INTEGRAL  DE  LA  NIÑEZ;Diagonal  Pedro  Aguirre  Cerda  Nº  1225;Concepción;FUNDACION  EDUCACIONAL  PARA  EL  DESAROLLO  INTEGRAL  DE  LA  NIÑEZ;1912510;LÍQUIDO  LIMPIAVIDRIOS  VIRUTEX  PRO  BIDÓN  5000  CC  UNIDAD  REGIÓN  VIII;LÍQUIDO  LIMPIAVIDRIOS;5206;4664;10;115;536360;No;PROVEEDORES  INTEGRALES  PRISA  S  A;PROVEEDORES  INTEGRALES  PRISA  S  A;96.556.940-5
2239-9-LR22;5800319;Convenio  Marco  de  Artículos  de  Aseo  e  Higiene;707422-80-CM25;52692249;Orden  de  Compra  generada  por  la  Gran  Compra:  76422;2025-06-04;2025-04-11;2025-04-14;2025-04-29;Recepción  Conforme;76422;70.574.900-0;Regional  Bio-Bio;FUNDACION  EDUCACIONAL  PARA  EL  DESAROLLO  INTEGRAL  DE  LA  NIÑEZ;Diagonal  Pedro  Aguirre  Cerda  Nº  1225;Concepción;FUNDACION  EDUCACIONAL  PARA  EL  DESAROLLO  INTEGRAL  DE  LA  NIÑEZ;1906968;GUANTES  DE  LIMPIEZA  WINKLER  MULTIUSO  AFELPADO  TALLA  L  PAR  REGIÓN  VIII;GUANTES  DE  LIMPIEZA;465;340;27;4694;1595960;No;WINKLER  LIMITADA;WINKLER  LIMITADA;79.722.860-5
2239-9-LR22;5800319;Convenio  Marco  de  Artículos  de  Aseo  e  Higiene;707422-80-CM25;52692249;Orden  de  Compra  generada  por  la  Gran  Compra:  76422;2025-06-04;2025-04-11;2025-04-14;2025-04-29;Recepción  Conforme;76422;70.574.900-0;Regional  Bio-Bio;FUNDACION  EDUCACIONAL  PARA  EL  DESAROLLO  INTEGRAL  DE  LA  NIÑEZ;Diagonal  Pedro  Aguirre  Cerda  Nº  1225;Concepción;FUNDACION  EDUCACIONAL  PARA  EL  DESAROLLO  INTEGRAL  DE  LA  NIÑEZ;1896581;CLORO  CONCENTRADO  IMPEKE  5%  2000  ML  UNIDAD  REGIÓN  VIII;CLORO  CONCENTRADO;1361;1218;11;7936;9666048;No;COMERCIAL  MUNOZ  Y  COMPANIA  LIMITADA;COMERCIAL  MUNOZ  Y  COMPANIA  LIMITADA;78.906.980-8
2239-9-LR22;5800319;Convenio  Marco  de  Artículos  de  Aseo  e  Higiene;707422-80-CM25;52692249;Orden  de  Compra  generada  por  la  Gran  Compra:  76422;2025-06-04;2025-04-11;2025-04-14;2025-04-29;Recepción  Conforme;76422;70.574.900-0;Regional  Bio-Bio;FUNDACION  EDUCACIONAL  PARA  EL  DESAROLLO  INTEGRAL  DE  LA  NIÑEZ;Diagonal  Pedro  Aguirre  Cerda  Nº  1225;Concepción;FUNDACION  EDUCACIONAL  PARA  EL  DESAROLLO  INTEGRAL  DE  LA  NIÑEZ;1906475;GUANTES  DE  LIMPIEZA  IMPEKE  MULTIUSO  FLOCADO  TALLA  M  PAR  REGIÓN  VIII;GUANTES  DE  LIMPIEZA;797;638;20;4694;2994772;No;COMERCIAL  MUNOZ  Y  COMPANIA  LIMITADA;COMERCIAL  MUNOZ  Y  COMPANIA  LIMITADA;78.906.980-8
2239-9-LR22;5800319;Convenio  Marco  de  Artículos  de  Aseo  e  Higiene;707422-80-CM25;52692249;Orden  de  Compra  generada  por  la  Gran  Compra:  76422;2025-06-04;2025-04-11;2025-04-14;2025-04-29;Recepción  Conforme;76422;70.574.900-0;Regional  Bio-Bio;FUNDACION  EDUCACIONAL  PARA  EL  DESAROLLO  INTEGRAL  DE  LA  NIÑEZ;Diagonal  Pedro  Aguirre  Cerda  Nº  1225;Concepción;FUNDACION  EDUCACIONAL  PARA  EL  DESAROLLO  INTEGRAL  DE  LA  NIÑEZ;1921775;PAPEL  HIGIÉNICO  TORK  ALTO  METRAJE  DOBLE  HOJA  6  ROLLOS  250  M  1  PAQUETE  REGIÓN  VIII;PAPEL  HIGIÉNICO;15654;11468;27;1664;19082752;No;PROVEEDORES  INTEGRALES  PRISA  S  A;PROVEEDORES  INTEGRALES  PRISA  S  A;96.556.940-5
2239-9-LR22;5800319;Convenio  Marco  de  Artículos  de  Aseo  e  Higiene;707422-80-CM25;52692249;Orden  de  Compra  generada  por  la  Gran  Compra:  76422;2025-06-04;2025-04-11;2025-04-14;2025-04-29;Recepción  Conforme;76422;70.574.900-0;Regional  Bio-Bio;FUNDACION  EDUCACIONAL  PARA  EL  DESAROLLO  INTEGRAL  DE  LA  NIÑEZ;Diagonal  Pedro  Aguirre  Cerda  Nº  1225;Concepción;FUNDACION  EDUCACIONAL  PARA  EL  DESAROLLO  INTEGRAL  DE  LA  NIÑEZ;1902038;ESCOBILLÓN  VIRUTEX  PRO  USO  INTERIOR  FIBRA  MEDIA  MANGO  METÁLICO  30  CM  UNIDAD  REGIÓN  VIII;ESCOBILLÓN;1741;1259;28;826;1039934;Si;SOLUCIONES  INTEGRALES  DE  LIMPIEZA  SPA;SOLUCIONES  INTEGRALES  DE  LIMPIEZA  LIMITADA;89.842.300-K
2239-9-LR22;5800319;Convenio  Marco  de  Artículos  de  Aseo  e  Higiene;707422-80-CM25;52692249;Orden  de  Compra  generada  por  la  Gran  Compra:  76422;2025-06-04;2025-04-11;2025-04-14;2025-04-29;Recepción  Conforme;76422;70.574.900-0;Regional  Bio-Bio;FUNDACION  EDUCACIONAL  PARA  EL  DESAROLLO  INTEGRAL  DE  LA  NIÑEZ;Diagonal  Pedro  Aguirre  Cerda  Nº  1225;Concepción;FUNDACION  EDUCACIONAL  PARA  EL  DESAROLLO  INTEGRAL  DE  LA  NIÑEZ;1889016;BOLSA  DE  BASURA  IMPEKE  PEQUEÑA  50X70  30  L  ROLLO  X  10  UNIDADES  REGIÓN  VIII;BOLSA  DE  BASURA;281;292;-4;31664;9245888;No;MG  PUBLICIDAD  Y  EVENTOS  SPA;MG  PUBLICIDAD  Y  EVENTOS  SPA;76.202.065-3
2239-9-LR22;5800319;Convenio  Marco  de  Artículos  de  Aseo  e  Higiene;707422-80-CM25;52692249;Orden  de  Compra  generada  por  la  Gran  Compra:  76422;2025-06-04;2025-04-11;2025-04-14;2025-04-29;Recepción  Conforme;76422;70.574.900-0;Regional  Bio-Bio;FUNDACION  EDUCACIONAL  PARA  EL  DESAROLLO  INTEGRAL  DE  LA  NIÑEZ;Diagonal  Pedro  Aguirre  Cerda  Nº  1225;Concepción;FUNDACION  EDUCACIONAL  PARA  EL  DESAROLLO  INTEGRAL  DE  LA  NIÑEZ;1918290;PAÑO  ABSORBENTE  MULTIUSO  VIRUTEX  CELULOSA  PAQUETE  DE  6  UNIDADES  REGIÓN  VIII;PAÑO  ABSORBENTE  MULTIUSO;2413;2413;0;3912;9439656;No;DIMERC  S  A;DIMERC  S.  A.;96.670.840-9
2239-9-LR22;5800319;Convenio  Marco  de  Artículos  de  Aseo  e  Higiene;707422-80-CM25;52692249;Orden  de  Compra  generada  por  la  Gran  Compra:  76422;2025-06-04;2025-04-11;2025-04-14;2025-04-29;Recepción  Conforme;76422;70.574.900-0;Regional  Bio-Bio;FUNDACION  EDUCACIONAL  PARA  EL  DESAROLLO  INTEGRAL  DE  LA  NIÑEZ;Diagonal  Pedro  Aguirre  Cerda  Nº  1225;Concepción;FUNDACION  EDUCACIONAL  PARA  EL  DESAROLLO  INTEGRAL  DE  LA  NIÑEZ;1890695;BOLSA  DE  BASURA  WINKLER  EXTRA  GRANDE  80X120  140  L  ROLLO  X  10  UNIDADES  REGIÓN  RM;BOLSA  DE  BASURA;1488;1000;33;13456;13456000;No;WINKLER  LIMITADA;WINKLER  LIMITADA;79.722.860-5
2239-9-LR22;5800319;Convenio  Marco  de  Artículos  de  Aseo  e  Higiene;707422-80-CM25;52692249;Orden  de  Compra  generada  por  la  Gran  Compra:  76422;2025-06-04;2025-04-11;2025-04-14;2025-04-29;Recepción  Conforme;76422;70.574.900-0;Regional  Bio-Bio;FUNDACION  EDUCACIONAL  PARA  EL  DESAROLLO  INTEGRAL  DE  LA  NIÑEZ;Diagonal  Pedro  Aguirre  Cerda  Nº  1225;Concepción;FUNDACION  EDUCACIONAL  PARA  EL  DESAROLLO  INTEGRAL  DE  LA  NIÑEZ;1906543;GUANTES  DE  LIMPIEZA  IMPEKE  MULTIUSO  GAMUZADO  TALLA  S  PAR  REGIÓN  VIII;GUANTES  DE  LIMPIEZA;751;580;23;1565;907700;No;PROVEEDORES  INTEGRALES  PRISA  S  A;PROVEEDORES  INTEGRALES  PRISA  S  A;96.556.940-5
2239-9-LR22;5800319;Convenio  Marco  de  Artículos  de  Aseo  e  Higiene;707422-80-CM25;52692249;Orden  de  Compra  generada  por  la  Gran  Compra:  76422;2025-06-04;2025-04-11;2025-04-14;2025-04-29;Recepción  Conforme;76422;70.574.900-0;Regional  Bio-Bio;FUNDACION  EDUCACIONAL  PARA  EL  DESAROLLO  INTEGRAL  DE  LA  NIÑEZ;Diagonal  Pedro  Aguirre  Cerda  Nº  1225;Concepción;FUNDACION  EDUCACIONAL  PARA  EL  DESAROLLO  INTEGRAL  DE  LA  NIÑEZ;1906526;GUANTES  DE  LIMPIEZA  IMPEKE  MULTIUSO  GAMUZADO  TALLA  M  PAR  REGIÓN  VIII;GUANTES  DE  LIMPIEZA;729;729;0;4694;3421926;No;DIMERC  S  A;DIMERC  S.  A.;96.670.840-9
2239-9-LR22;5800319;Convenio  Marco  de  Artículos  de  Aseo  e  Higiene;707422-80-CM25;52692249;Orden  de  Compra  generada  por  la  Gran  Compra:  76422;2025-06-04;2025-04-11;2025-04-14;2025-04-29;Recepción  Conforme;76422;70.574.900-0;Regional  Bio-Bio;FUNDACION  EDUCACIONAL  PARA  EL  DESAROLLO  INTEGRAL  DE  LA  NIÑEZ;Diagonal  Pedro  Aguirre  Cerda  Nº  1225;Concepción;FUNDACION  EDUCACIONAL  PARA  EL  DESAROLLO  INTEGRAL  DE  LA  NIÑEZ;1890783;BOLSA  DE  BASURA  WINKLER  PEQUEÑA  50X70  30  L  ROLLO  X  10  UNIDADES  REGIÓN  VII;BOLSA  DE  BASURA;340;290;15;31664;9182560;No;WINKLER  LIMITADA;WINKLER  LIMITADA;79.722.860-5
2239-9-LR22;5800319;Convenio  Marco  de  Artículos  de  Aseo  e  Higiene;707422-80-CM25;52692249;Orden  de  Compra  generada  por  la  Gran  Compra:  76422;2025-06-04;2025-04-11;2025-04-14;2025-04-29;Recepción  Conforme;76422;70.574.900-0;Regional  Bio-Bio;FUNDACION  EDUCACIONAL  PARA  EL  DESAROLLO  INTEGRAL  DE  LA  NIÑEZ;Diagonal  Pedro  Aguirre  Cerda  Nº  1225;Concepción;FUNDACION  EDUCACIONAL  PARA  EL  DESAROLLO  INTEGRAL  DE  LA  NIÑEZ;1906033;GUANTES  DE  LIMPIEZA  AVALCO  MULTIUSO  GAMUZADO  TALLA  L  PAR  REGIÓN  VIII;GUANTES  DE  LIMPIEZA;596;590;1;1565;923350;No;MG  PUBLICIDAD  Y  EVENTOS  SPA;MG  PUBLICIDAD  Y  EVENTOS  SPA;76.202.065-3
2239-9-LR22;5800319;Convenio  Marco  de  Artículos  de  Aseo  e  Higiene;707422-80-CM25;52692249;Orden  de  Compra  generada  por  la  Gran  Compra:  76422;2025-06-04;2025-04-11;2025-04-14;2025-04-29;Recepción  Conforme;76422;70.574.900-0;Regional  Bio-Bio;FUNDACION  EDUCACIONAL  PARA  EL  DESAROLLO  INTEGRAL  DE  LA  NIÑEZ;Diagonal  Pedro  Aguirre  Cerda  Nº  1225;Concepción;FUNDACION  EDUCACIONAL  PARA  EL  DESAROLLO  INTEGRAL  DE  LA  NIÑEZ;1889628;BOLSA  DE  BASURA  VIRUTEX  EXTRA  GRANDE  80X120  140  L  ROLLO  X  10  UNIDADES  REGIÓN  VIII;BOLSA  DE  BASURA;1525;1243;18;13456;16725808;No;PROVEEDORES  INTEGRALES  PRISA  S  A;PROVEEDORES  INTEGRALES  PRISA  S  A;96.556.940-5
2239-9-LR22;5800319;Convenio  Marco  de  Artículos  de  Aseo  e  Higiene;707422-80-CM25;52692249;Orden  de  Compra  generada  por  la  Gran  Compra:  76422;2025-06-04;2025-04-11;2025-04-14;2025-04-29;Recepción  Conforme;76422;70.574.900-0;Regional  Bio-Bio;FUNDACION  EDUCACIONAL  PARA  EL  DESAROLLO  INTEGRAL  DE  LA  NIÑEZ;Diagonal  Pedro  Aguirre  Cerda  Nº  1225;Concepción;FUNDACION  EDUCACIONAL  PARA  EL  DESAROLLO  INTEGRAL  DE  LA  NIÑEZ;1907104;GUANTES  DE  LIMPIEZA  WINKLER  MULTIUSO  GAMUZADO  TALLA  S  PAR  REGIÓN  VIII;GUANTES  DE  LIMPIEZA;713;590;17;1565;923350;No;MG  PUBLICIDAD  Y  EVENTOS  SPA;MG  PUBLICIDAD  Y  EVENTOS  SPA;76.202.065-3
2239-9-LR22;5800319;Convenio  Marco  de  Artículos  de  Aseo  e  Higiene;707422-80-CM25;52692249;Orden  de  Compra  generada  por  la  Gran  Compra:  76422;2025-06-04;2025-04-11;2025-04-14;2025-04-29;Recepción  Conforme;76422;70.574.900-0;Regional  Bio-Bio;FUNDACION  EDUCACIONAL  PARA  EL  DESAROLLO  INTEGRAL  DE  LA  NIÑEZ;Diagonal  Pedro  Aguirre  Cerda  Nº  1225;Concepción;FUNDACION  EDUCACIONAL  PARA  EL  DESAROLLO  INTEGRAL  DE  LA  NIÑEZ;1906543;GUANTES  DE  LIMPIEZA  IMPEKE  MULTIUSO  GAMUZADO  TALLA  S  PAR  REGIÓN  VIII;GUANTES  DE  LIMPIEZA;765;765;0;1565;1197225;No;DIMERC  S  A;DIMERC  S.  A.;96.670.840-9
2239-9-LR22;5800319;Convenio  Marco  de  Artículos  de  Aseo  e  Higiene;707422-80-CM25;52692249;Orden  de  Compra  generada  por  la  Gran  Compra:  76422;2025-06-04;2025-04-11;2025-04-14;2025-04-29;Recepción  Conforme;76422;70.574.900-0;Regional  Bio-Bio;FUNDACION  EDUCACIONAL  PARA  EL  DESAROLLO  INTEGRAL  DE  LA  NIÑEZ;Diagonal  Pedro  Aguirre  Cerda  Nº  1225;Concepción;FUNDACION  EDUCACIONAL  PARA  EL  DESAROLLO  INTEGRAL  DE  LA  NIÑEZ;1918290;PAÑO  ABSORBENTE  MULTIUSO  VIRUTEX  CELULOSA  PAQUETE  DE  6  UNIDADES  REGIÓN  VIII;PAÑO  ABSORBENTE  MULTIUSO;2420;2702;-12;3912;10570224;No;PROVEEDORES  INTEGRALES  PRISA  S  A;PROVEEDORES  INTEGRALES  PRISA  S  A;96.556.940-5
2239-9-LR22;5800319;Convenio  Marco  de  Artículos  de  Aseo  e  Higiene;707422-80-CM25;52692249;Orden  de  Compra  generada  por  la  Gran  Compra:  76422;2025-06-04;2025-04-11;2025-04-14;2025-04-29;Recepción  Conforme;76422;70.574.900-0;Regional  Bio-Bio;FUNDACION  EDUCACIONAL  PARA  EL  DESAROLLO  INTEGRAL  DE  LA  NIÑEZ;Diagonal  Pedro  Aguirre  Cerda  Nº  1225;Concepción;FUNDACION  EDUCACIONAL  PARA  EL  DESAROLLO  INTEGRAL  DE  LA  NIÑEZ;1922676;SERVILLETAS  DESECHABLES  AVALCO  CÓCTEL  HOJA  SIMPLE  200  UNIDADES  1  PAQUETE  REGIÓN  VIII;SERVILLETAS  DESECHABLES;747;680;9;15000;10200000;No;MG  PUBLICIDAD  Y  EVENTOS  SPA;MG  PUBLICIDAD  Y  EVENTOS  SPA;76.202.065-3
2239-9-LR22;5800319;Convenio  Marco  de  Artículos  de  Aseo  e  Higiene;707422-80-CM25;52692249;Orden  de  Compra  generada  por  la  Gran  Compra:  76422;2025-06-04;2025-04-11;2025-04-14;2025-04-29;Recepción  Conforme;76422;70.574.900-0;Regional  Bio-Bio;FUNDACION  EDUCACIONAL  PARA  EL  DESAROLLO  INTEGRAL  DE  LA  NIÑEZ;Diagonal  Pedro  Aguirre  Cerda  Nº  1225;Concepción;FUNDACION  EDUCACIONAL  PARA  EL  DESAROLLO  INTEGRAL  DE  LA  NIÑEZ;1898366;DESENGRASANTE  COCINA  WINKLER  MULTIUSO  CREMA  ANTIGRASA  750  ML  UNIDAD  REGIÓN  VIII;DESENGRASANTE  COCINA;1170;990;15;1848;1829520;No;WINKLER  LIMITADA;WINKLER  LIMITADA;79.722.860-5
2239-9-LR22;5800319;Convenio  Marco  de  Artículos  de  Aseo  e  Higiene;707422-80-CM25;52692249;Orden  de  Compra  generada  por  la  Gran  Compra:  76422;2025-06-04;2025-04-11;2025-04-14;2025-04-29;Recepción  Conforme;76422;70.574.900-0;Regional  Bio-Bio;FUNDACION  EDUCACIONAL  PARA  EL  DESAROLLO  INTEGRAL  DE  LA  NIÑEZ;Diagonal  Pedro  Aguirre  Cerda  Nº  1225;Concepción;FUNDACION  EDUCACIONAL  PARA  EL  DESAROLLO  INTEGRAL  DE  LA  NIÑEZ;1918290;PAÑO  ABSORBENTE  MULTIUSO  VIRUTEX  CELULOSA  PAQUETE  DE  6  UNIDADES  REGIÓN  VIII;PAÑO  ABSORBENTE  MULTIUSO;2781;2600;7;3912;10171200;No;CASTILLA  Y  ARAGON  SPA;CASTILLA  Y  ARAGON  SPA;96.989.530-7
2239-9-LR22;5800319;Convenio  Marco  de  Artículos  de  Aseo  e  Higiene;707422-80-CM25;52692249;Orden  de  Compra  generada  por  la  Gran  Compra:  76422;2025-06-04;2025-04-11;2025-04-14;2025-04-29;Recepción  Conforme;76422;70.574.900-0;Regional  Bio-Bio;FUNDACION  EDUCACIONAL  PARA  EL  DESAROLLO  INTEGRAL  DE  LA  NIÑEZ;Diagonal  Pedro  Aguirre  Cerda  Nº  1225;Concepción;FUNDACION  EDUCACIONAL  PARA  EL  DESAROLLO  INTEGRAL  DE  LA  NIÑEZ;1932981;JABÓN  ELITE  NEUTRO-GLICERINA  LÍQUIDO  BIDÓN  5  L  UNIDAD  REGIÓN  VIII;JABÓN;6030;6030;0;1000;6030000;No;DIMERC  S  A;DIMERC  S.  A.;96.670.840-9
2239-9-LR22;5800319;Convenio  Marco  de  Artículos  de  Aseo  e  Higiene;707422-80-CM25;52692249;Orden  de  Compra  generada  por  la  Gran  Compra:  76422;2025-06-04;2025-04-11;2025-04-14;2025-04-29;Recepción  Conforme;76422;70.574.900-0;Regional  Bio-Bio;FUNDACION  EDUCACIONAL  PARA  EL  DESAROLLO  INTEGRAL  DE  LA  NIÑEZ;Diagonal  Pedro  Aguirre  Cerda  Nº  1225;Concepción;FUNDACION  EDUCACIONAL  PARA  EL  DESAROLLO  INTEGRAL  DE  LA  NIÑEZ;1906968;GUANTES  DE  LIMPIEZA  WINKLER  MULTIUSO  AFELPADO  TALLA  L  PAR  REGIÓN  VIII;GUANTES  DE  LIMPIEZA;465;340;27;4694;1595960;No;WINKLER  LIMITADA;WINKLER  LIMITADA;79.722.860-5
2239-9-LR22;5800319;Convenio  Marco  de  Artículos  de  Aseo  e  Higiene;707422-80-CM25;52692249;Orden  de  Compra  generada  por  la  Gran  Compra:  76422;2025-06-04;2025-04-11;2025-04-14;2025-04-29;Recepción  Conforme;76422;70.574.900-0;Regional  Bio-Bio;FUNDACION  EDUCACIONAL  PARA  EL  DESAROLLO  INTEGRAL  DE  LA  NIÑEZ;Diagonal  Pedro  Aguirre  Cerda  Nº  1225;Concepción;FUNDACION  EDUCACIONAL  PARA  EL  DESAROLLO  INTEGRAL  DE  LA  NIÑEZ;1889628;BOLSA  DE  BASURA  VIRUTEX  EXTRA  GRANDE  80X120  140  L  ROLLO  X  10  UNIDADES  REGIÓN  VIII;BOLSA  DE  BASURA;1385;1385;0;13456;18636560;No;MG  PUBLICIDAD  Y  EVENTOS  SPA;MG  PUBLICIDAD  Y  EVENTOS  SPA;76.202.065-3
2239-9-LR22;5800319;Convenio  Marco  de  Artículos  de  Aseo  e  Higiene;707422-80-CM25;52692249;Orden  de  Compra  generada  por  la  Gran  Compra:  76422;2025-06-04;2025-04-11;2025-04-14;2025-04-29;Recepción  Conforme;76422;70.574.900-0;Regional  Bio-Bio;FUNDACION  EDUCACIONAL  PARA  EL  DESAROLLO  INTEGRAL  DE  LA  NIÑEZ;Diagonal  Pedro  Aguirre  Cerda  Nº  1225;Concepción;FUNDACION  EDUCACIONAL  PARA  EL  DESAROLLO  INTEGRAL  DE  LA  NIÑEZ;1918647;PAÑO  ABSORBENTE  MULTIUSO  WINKLER  CELULOSA  PAQUETE  DE  6  UNIDADES  REGIÓN  VIII;PAÑO  ABSORBENTE  MULTIUSO;2445;1500;39;3912;5868000;No;WINKLER  LIMITADA;WINKLER  LIMITADA;79.722.860-5
2239-9-LR22;5800319;Convenio  Marco  de  Artículos  de  Aseo  e  Higiene;707422-80-CM25;52692249;Orden  de  Compra  generada  por  la  Gran  Compra:  76422;2025-06-04;2025-04-11;2025-04-14;2025-04-29;Recepción  Conforme;76422;70.574.900-0;Regional  Bio-Bio;FUNDACION  EDUCACIONAL  PARA  EL  DESAROLLO  INTEGRAL  DE  LA  NIÑEZ;Diagonal  Pedro  Aguirre  Cerda  Nº  1225;Concepción;FUNDACION  EDUCACIONAL  PARA  EL  DESAROLLO  INTEGRAL  DE  LA  NIÑEZ;1896581;CLORO  CONCENTRADO  IMPEKE  5%  2000  ML  UNIDAD  REGIÓN  VIII;CLORO  CONCENTRADO;1158;1158;0;7936;9189888;No;MG  PUBLICIDAD  Y  EVENTOS  SPA;MG  PUBLICIDAD  Y  EVENTOS  SPA;76.202.065-3
2239-9-LR22;5800319;Convenio  Marco  de  Artículos  de  Aseo  e  Higiene;707422-80-CM25;52692249;Orden  de  Compra  generada  por  la  Gran  Compra:  76422;2025-06-04;2025-04-11;2025-04-14;2025-04-29;Recepción  Conforme;76422;70.574.900-0;Regional  Bio-Bio;FUNDACION  EDUCACIONAL  PARA  EL  DESAROLLO  INTEGRAL  DE  LA  NIÑEZ;Diagonal  Pedro  Aguirre  Cerda  Nº  1225;Concepción;FUNDACION  EDUCACIONAL  PARA  EL  DESAROLLO  INTEGRAL  DE  LA  NIÑEZ;1923220;SERVILLETAS  DESECHABLES  NOVA  CÓCTEL  HOJA  SIMPLE  200  UNIDADES  1  PAQUETE  REGIÓN  VIII;SERVILLETAS  DESECHABLES;1268;1268;0;15000;19020000;No;DIMERC  S  A;DIMERC  S.  A.;96.670.840-9
2239-9-LR22;5800319;Convenio  Marco  de  Artículos  de  Aseo  e  Higiene;707422-80-CM25;52692249;Orden  de  Compra  generada  por  la  Gran  Compra:  76422;2025-06-04;2025-04-11;2025-04-14;2025-04-29;Recepción  Conforme;76422;70.574.900-0;Regional  Bio-Bio;FUNDACION  EDUCACIONAL  PARA  EL  DESAROLLO  INTEGRAL  DE  LA  NIÑEZ;Diagonal  Pedro  Aguirre  Cerda  Nº  1225;Concepción;FUNDACION  EDUCACIONAL  PARA  EL  DESAROLLO  INTEGRAL  DE  LA  NIÑEZ;1918290;PAÑO  ABSORBENTE  MULTIUSO  VIRUTEX  CELULOSA  PAQUETE  DE  6  UNIDADES  REGIÓN  VIII;PAÑO  ABSORBENTE  MULTIUSO;2422;1580;35;3912;6180960;Si;SOLUCIONES  INTEGRALES  DE  LIMPIEZA  SPA;SOLUCIONES  INTEGRALES  DE  LIMPIEZA  LIMITADA;89.842.300-K
2239-9-LR22;5800319;Convenio  Marco  de  Artículos  de  Aseo  e  Higiene;707422-80-CM25;52692249;Orden  de  Compra  generada  por  la  Gran  Compra:  76422;2025-06-04;2025-04-11;2025-04-14;2025-04-29;Recepción  Conforme;76422;70.574.900-0;Regional  Bio-Bio;FUNDACION  EDUCACIONAL  PARA  EL  DESAROLLO  INTEGRAL  DE  LA  NIÑEZ;Diagonal  Pedro  Aguirre  Cerda  Nº  1225;Concepción;FUNDACION  EDUCACIONAL  PARA  EL  DESAROLLO  INTEGRAL  DE  LA  NIÑEZ;1900593;ESCOBILLÓN  AVALCO  USO  INTERIOR  FIBRA  MEDIA  MANGO  METÁLICO  30  CM  UNIDAD  REGIÓN  VIII;ESCOBILLÓN;1320;1290;2;826;1065540;No;MG  PUBLICIDAD  Y  EVENTOS  SPA;MG  PUBLICIDAD  Y  EVENTOS  SPA;76.202.065-3
2239-9-LR22;5800319;Convenio  Marco  de  Artículos  de  Aseo  e  Higiene;707422-80-CM25;52692249;Orden  de  Compra  generada  por  la  Gran  Compra:  76422;2025-06-04;2025-04-11;2025-04-14;2025-04-29;Recepción  Conforme;76422;70.574.900-0;Regional  Bio-Bio;FUNDACION  EDUCACIONAL  PARA  EL  DESAROLLO  INTEGRAL  DE  LA  NIÑEZ;Diagonal  Pedro  Aguirre  Cerda  Nº  1225;Concepción;FUNDACION  EDUCACIONAL  PARA  EL  DESAROLLO  INTEGRAL  DE  LA  NIÑEZ;1906526;GUANTES  DE  LIMPIEZA  IMPEKE  MULTIUSO  GAMUZADO  TALLA  M  PAR  REGIÓN  VIII;GUANTES  DE  LIMPIEZA;754;572;24;4694;2684968;Si;SOLUCIONES  INTEGRALES  DE  LIMPIEZA  SPA;SOLUCIONES  INTEGRALES  DE  LIMPIEZA  LIMITADA;89.842.300-K
2239-9-LR22;5800319;Convenio  Marco  de  Artículos  de  Aseo  e  Higiene;707422-80-CM25;52692249;Orden  de  Compra  generada  por  la  Gran  Compra:  76422;2025-06-04;2025-04-11;2025-04-14;2025-04-29;Recepción  Conforme;76422;70.574.900-0;Regional  Bio-Bio;FUNDACION  EDUCACIONAL  PARA  EL  DESAROLLO  INTEGRAL  DE  LA  NIÑEZ;Diagonal  Pedro  Aguirre  Cerda  Nº  1225;Concepción;FUNDACION  EDUCACIONAL  PARA  EL  DESAROLLO  INTEGRAL  DE  LA  NIÑEZ;1896796;CLORO  CONCENTRADO  WINKLER  6%  2000  ML  UNIDAD  REGIÓN  IV;CLORO  CONCENTRADO;1295;1050;19;7936;8332800;No;WINKLER  LIMITADA;WINKLER  LIMITADA;79.722.860-5
2239-9-LR22;5800319;Convenio  Marco  de  Artículos  de  Aseo  e  Higiene;707422-80-CM25;52692249;Orden  de  Compra  generada  por  la  Gran  Compra:  76422;2025-06-04;2025-04-11;2025-04-14;2025-04-29;Recepción  Conforme;76422;70.574.900-0;Regional  Bio-Bio;FUNDACION  EDUCACIONAL  PARA  EL  DESAROLLO  INTEGRAL  DE  LA  NIÑEZ;Diagonal  Pedro  Aguirre  Cerda  Nº  1225;Concepción;FUNDACION  EDUCACIONAL  PARA  EL  DESAROLLO  INTEGRAL  DE  LA  NIÑEZ;1918953;PAÑUELOS  DESECHABLES  ELITE  PROFESSIONAL  FACIAL  DOBLE  HOJA  21X14  CM  42  CAJAS  50  UNIDADES  REGIÓN  VIII;PAÑUELOS  DESECHABLES;21173;20125;5;664;13363000;No;COMERCIAL  MUNOZ  Y  COMPANIA  LIMITADA;COMERCIAL  MUNOZ  Y  COMPANIA  LIMITADA;78.906.980-8
2239-9-LR22;5800319;Convenio  Marco  de  Artículos  de  Aseo  e  Higiene;707422-80-CM25;52692249;Orden  de  Compra  generada  por  la  Gran  Compra:  76422;2025-06-04;2025-04-11;2025-04-14;2025-04-29;Recepción  Conforme;76422;70.574.900-0;Regional  Bio-Bio;FUNDACION  EDUCACIONAL  PARA  EL  DESAROLLO  INTEGRAL  DE  LA  NIÑEZ;Diagonal  Pedro  Aguirre  Cerda  Nº  1225;Concepción;FUNDACION  EDUCACIONAL  PARA  EL  DESAROLLO  INTEGRAL  DE  LA  NIÑEZ;1912510;LÍQUIDO  LIMPIAVIDRIOS  VIRUTEX  PRO  BIDÓN  5000  CC  UNIDAD  REGIÓN  VIII;LÍQUIDO  LIMPIAVIDRIOS;5205;5205;0;115;598575;No;DIMERC  S  A;DIMERC  S.  A.;96.670.840-9
2239-9-LR22;5800319;Convenio  Marco  de  Artículos  de  Aseo  e  Higiene;707422-80-CM25;52692249;Orden  de  Compra  generada  por  la  Gran  Compra:  76422;2025-06-04;2025-04-11;2025-04-14;2025-04-29;Recepción  Conforme;76422;70.574.900-0;Regional  Bio-Bio;FUNDACION  EDUCACIONAL  PARA  EL  DESAROLLO  INTEGRAL  DE  LA  NIÑEZ;Diagonal  Pedro  Aguirre  Cerda  Nº  1225;Concepción;FUNDACION  EDUCACIONAL  PARA  EL  DESAROLLO  INTEGRAL  DE  LA  NIÑEZ;1921775;PAPEL  HIGIÉNICO  TORK  ALTO  METRAJE  DOBLE  HOJA  6  ROLLOS  250  M  1  PAQUETE  REGIÓN  VIII;PAPEL  HIGIÉNICO;16136;11288;30;1664;18783232;Si;SOLUCIONES  INTEGRALES  DE  LIMPIEZA  SPA;SOLUCIONES  INTEGRALES  DE  LIMPIEZA  LIMITADA;89.842.300-K
2239-9-LR22;5800319;Convenio  Marco  de  Artículos  de  Aseo  e  Higiene;707422-80-CM25;52692249;Orden  de  Compra  generada  por  la  Gran  Compra:  76422;2025-06-04;2025-04-11;2025-04-14;2025-04-29;Recepción  Conforme;76422;70.574.900-0;Regional  Bio-Bio;FUNDACION  EDUCACIONAL  PARA  EL  DESAROLLO  INTEGRAL  DE  LA  NIÑEZ;Diagonal  Pedro  Aguirre  Cerda  Nº  1225;Concepción;FUNDACION  EDUCACIONAL  PARA  EL  DESAROLLO  INTEGRAL  DE  LA  NIÑEZ;1923475;SERVILLETAS  DESECHABLES  TORK  CÓCTEL  HOJA  SIMPLE  200  UNIDADES  1  PAQUETE  REGIÓN  VIII;SERVILLETAS  DESECHABLES;924;808;13;15000;12120000;Si;SOLUCIONES  INTEGRALES  DE  LIMPIEZA  SPA;SOLUCIONES  INTEGRALES  DE  LIMPIEZA  LIMITADA;89.842.300-K
2239-9-LR22;5800319;Convenio  Marco  de  Artículos  de  Aseo  e  Higiene;707422-80-CM25;52692249;Orden  de  Compra  generada  por  la  Gran  Compra:  76422;2025-06-04;2025-04-11;2025-04-14;2025-04-29;Recepción  Conforme;76422;70.574.900-0;Regional  Bio-Bio;FUNDACION  EDUCACIONAL  PARA  EL  DESAROLLO  INTEGRAL  DE  LA  NIÑEZ;Diagonal  Pedro  Aguirre  Cerda  Nº  1225;Concepción;FUNDACION  EDUCACIONAL  PARA  EL  DESAROLLO  INTEGRAL  DE  LA  NIÑEZ;1902123;ESCOBILLÓN  VIRUTEX  PRO  USO  INTERIOR  FIBRA  SUAVE  MANGO  METÁLICO  33  CM  UNIDAD  REGIÓN  VIII;ESCOBILLÓN;2007;1950;3;826;1610700;No;CASTILLA  Y  ARAGON  SPA;CASTILLA  Y  ARAGON  SPA;96.989.530-7
2239-9-LR22;5800319;Convenio  Marco  de  Artículos  de  Aseo  e  Higiene;707422-80-CM25;52692249;Orden  de  Compra  generada  por  la  Gran  Compra:  76422;2025-06-04;2025-04-11;2025-04-14;2025-04-29;Recepción  Conforme;76422;70.574.900-0;Regional  Bio-Bio;FUNDACION  EDUCACIONAL  PARA  EL  DESAROLLO  INTEGRAL  DE  LA  NIÑEZ;Diagonal  Pedro  Aguirre  Cerda  Nº  1225;Concepción;FUNDACION  EDUCACIONAL  PARA  EL  DESAROLLO  INTEGRAL  DE  LA  NIÑEZ;1924886;TOALLA  DE  PAPEL  TECNOPAPEL  INTERFOLIADA  DOBLE  HOJA  200  UN  1  PAQUETE  REGIÓN  VIII;TOALLA  DE  PAPEL;1080;1185;-10;115000;136275000;No;MG  PUBLICIDAD  Y  EVENTOS  SPA;MG  PUBLICIDAD  Y  EVENTOS  SPA;76.202.065-3
2239-9-LR22;5800319;Convenio  Marco  de  Artículos  de  Aseo  e  Higiene;707422-80-CM25;52692249;Orden  de  Compra  generada  por  la  Gran  Compra:  76422;2025-06-04;2025-04-11;2025-04-14;2025-04-29;Recepción  Conforme;76422;70.574.900-0;Regional  Bio-Bio;FUNDACION  EDUCACIONAL  PARA  EL  DESAROLLO  INTEGRAL  DE  LA  NIÑEZ;Diagonal  Pedro  Aguirre  Cerda  Nº  1225;Concepción;FUNDACION  EDUCACIONAL  PARA  EL  DESAROLLO  INTEGRAL  DE  LA  NIÑEZ;1924036;TOALLA  DE  PAPEL  ELITE  PROFESSIONAL  INTERFOLIADA  DOBLE  HOJA  200  UN  1  PAQUETE  REGIÓN  VIII;TOALLA  DE  PAPEL;1148;1090;5;115000;125350000;No;MARYUN  SEGURIDAD  INDUSTRIAL  SPA;MARYUN  SEGURIDAD  INDUSTRIAL  SPA;77.084.730-3
2239-9-LR22;5800319;Convenio  Marco  de  Artículos  de  Aseo  e  Higiene;707422-80-CM25;52692249;Orden  de  Compra  generada  por  la  Gran  Compra:  76422;2025-06-04;2025-04-11;2025-04-14;2025-04-29;Recepción  Conforme;76422;70.574.900-0;Regional  Bio-Bio;FUNDACION  EDUCACIONAL  PARA  EL  DESAROLLO  INTEGRAL  DE  LA  NIÑEZ;Diagonal  Pedro  Aguirre  Cerda  Nº  1225;Concepción;FUNDACION  EDUCACIONAL  PARA  EL  DESAROLLO  INTEGRAL  DE  LA  NIÑEZ;1912528;LÍQUIDO  LIMPIAVIDRIOS  WINKLER  BIDÓN  5000  CC  UNIDAD  REGIÓN  X;LÍQUIDO  LIMPIAVIDRIOS;3713;3000;19;115;345000;No;WINKLER  LIMITADA;WINKLER  LIMITADA;79.722.860-5
2239-9-LR22;5800319;Convenio  Marco  de  Artículos  de  Aseo  e  Higiene;707422-80-CM25;52692249;Orden  de  Compra  generada  por  la  Gran  Compra:  76422;2025-06-04;2025-04-11;2025-04-14;2025-04-29;Recepción  Conforme;76422;70.574.900-0;Regional  Bio-Bio;FUNDACION  EDUCACIONAL  PARA  EL  DESAROLLO  INTEGRAL  DE  LA  NIÑEZ;Diagonal  Pedro  Aguirre  Cerda  Nº  1225;Concepción;FUNDACION  EDUCACIONAL  PARA  EL  DESAROLLO  INTEGRAL  DE  LA  NIÑEZ;1902038;ESCOBILLÓN  VIRUTEX  PRO  USO  INTERIOR  FIBRA  MEDIA  MANGO  METÁLICO  30  CM  UNIDAD  REGIÓN  VIII;ESCOBILLÓN;1718;1718;0;826;1419068;No;DIMERC  S  A;DIMERC  S.  A.;96.670.840-9
2239-9-LR22;5800319;Convenio  Marco  de  Artículos  de  Aseo  e  Higiene;707422-80-CM25;52692249;Orden  de  Compra  generada  por  la  Gran  Compra:  76422;2025-06-04;2025-04-11;2025-04-14;2025-04-29;Recepción  Conforme;76422;70.574.900-0;Regional  Bio-Bio;FUNDACION  EDUCACIONAL  PARA  EL  DESAROLLO  INTEGRAL  DE  LA  NIÑEZ;Diagonal  Pedro  Aguirre  Cerda  Nº  1225;Concepción;FUNDACION  EDUCACIONAL  PARA  EL  DESAROLLO  INTEGRAL  DE  LA  NIÑEZ;1918953;PAÑUELOS  DESECHABLES  ELITE  PROFESSIONAL  FACIAL  DOBLE  HOJA  21X14  CM  42  CAJAS  50  UNIDADES  REGIÓN  VIII;PAÑUELOS  DESECHABLES;21139;18732;11;664;12438048;No;DIMERC  S  A;DIMERC  S.  A.;96.670.840-9
2239-9-LR22;5800319;Convenio  Marco  de  Artículos  de  Aseo  e  Higiene;707422-80-CM25;52692249;Orden  de  Compra  generada  por  la  Gran  Compra:  76422;2025-06-04;2025-04-11;2025-04-14;2025-04-29;Recepción  Conforme;76422;70.574.900-0;Regional  Bio-Bio;FUNDACION  EDUCACIONAL  PARA  EL  DESAROLLO  INTEGRAL  DE  LA  NIÑEZ;Diagonal  Pedro  Aguirre  Cerda  Nº  1225;Concepción;FUNDACION  EDUCACIONAL  PARA  EL  DESAROLLO  INTEGRAL  DE  LA  NIÑEZ;1896581;CLORO  CONCENTRADO  IMPEKE  5%  2000  ML  UNIDAD  REGIÓN  VIII;CLORO  CONCENTRADO;1214;1214;0;7936;9634304;No;CASTILLA  Y  ARAGON  SPA;CASTILLA  Y  ARAGON  SPA;96.989.530-7
2239-9-LR22;5800319;Convenio  Marco  de  Artículos  de  Aseo  e  Higiene;707422-80-CM25;52692249;Orden  de  Compra  generada  por  la  Gran  Compra:  76422;2025-06-04;2025-04-11;2025-04-14;2025-04-29;Recepción  Conforme;76422;70.574.900-0;Regional  Bio-Bio;FUNDACION  EDUCACIONAL  PARA  EL  DESAROLLO  INTEGRAL  DE  LA  NIÑEZ;Diagonal  Pedro  Aguirre  Cerda  Nº  1225;Concepción;FUNDACION  EDUCACIONAL  PARA  EL  DESAROLLO  INTEGRAL  DE  LA  NIÑEZ;1924036;TOALLA  DE  PAPEL  ELITE  PROFESSIONAL  INTERFOLIADA  DOBLE  HOJA  200  UN  1  PAQUETE  REGIÓN  VIII;TOALLA  DE  PAPEL;1324;995;25;115000;114425000;Si;SOLUCIONES  INTEGRALES  DE  LIMPIEZA  SPA;SOLUCIONES  INTEGRALES  DE  LIMPIEZA  LIMITADA;89.842.300-K
2239-9-LR22;5800319;Convenio  Marco  de  Artículos  de  Aseo  e  Higiene;707422-80-CM25;52692249;Orden  de  Compra  generada  por  la  Gran  Compra:  76422;2025-06-04;2025-04-11;2025-04-14;2025-04-29;Recepción  Conforme;76422;70.574.900-0;Regional  Bio-Bio;FUNDACION  EDUCACIONAL  PARA  EL  DESAROLLO  INTEGRAL  DE  LA  NIÑEZ;Diagonal  Pedro  Aguirre  Cerda  Nº  1225;Concepción;FUNDACION  EDUCACIONAL  PARA  EL  DESAROLLO  INTEGRAL  DE  LA  NIÑEZ;1906509;GUANTES  DE  LIMPIEZA  IMPEKE  MULTIUSO  GAMUZADO  TALLA  L  PAR  REGIÓN  VIII;GUANTES  DE  LIMPIEZA;754;754;0;1565;1180010;No;DIMERC  S  A;DIMERC  S.  A.;96.670.840-9
2239-9-LR22;5800319;Convenio  Marco  de  Artículos  de  Aseo  e  Higiene;707422-80-CM25;52692249;Orden  de  Compra  generada  por  la  Gran  Compra:  76422;2025-06-04;2025-04-11;2025-04-14;2025-04-29;Recepción  Conforme;76422;70.574.900-0;Regional  Bio-Bio;FUNDACION  EDUCACIONAL  PARA  EL  DESAROLLO  INTEGRAL  DE  LA  NIÑEZ;Diagonal  Pedro  Aguirre  Cerda  Nº  1225;Concepción;FUNDACION  EDUCACIONAL  PARA  EL  DESAROLLO  INTEGRAL  DE  LA  NIÑEZ;1906458;GUANTES  DE  LIMPIEZA  IMPEKE  MULTIUSO  FLOCADO  TALLA  L  PAR  REGIÓN  VIII;GUANTES  DE  LIMPIEZA;797;659;17;1565;1031335;No;COMERCIAL  MUNOZ  Y  COMPANIA  LIMITADA;COMERCIAL  MUNOZ  Y  COMPANIA  LIMITADA;78.906.980-8
2239-9-LR22;5800319;Convenio  Marco  de  Artículos  de  Aseo  e  Higiene;707422-80-CM25;52692249;Orden  de  Compra  generada  por  la  Gran  Compra:  76422;2025-06-04;2025-04-11;2025-04-14;2025-04-29;Recepción  Conforme;76422;70.574.900-0;Regional  Bio-Bio;FUNDACION  EDUCACIONAL  PARA  EL  DESAROLLO  INTEGRAL  DE  LA  NIÑEZ;Diagonal  Pedro  Aguirre  Cerda  Nº  1225;Concepción;FUNDACION  EDUCACIONAL  PARA  EL  DESAROLLO  INTEGRAL  DE  LA  NIÑEZ;1926773;TRAPERO  REUTILIZABLE  VIRUTEX  ABSORVENTE  DOBLE  C/OJAL  50X50  CM  UNIDAD  REGIÓN  VIII;TRAPERO  REUTILIZABLE;1380;1180;14;7392;8722560;No;COMERCIAL  MUNOZ  Y  COMPANIA  LIMITADA;COMERCIAL  MUNOZ  Y  COMPANIA  LIMITADA;78.906.980-8
2239-9-LR22;5800319;Convenio  Marco  de  Artículos  de  Aseo  e  Higiene;707422-80-CM25;52692249;Orden  de  Compra  generada  por  la  Gran  Compra:  76422;2025-06-04;2025-04-11;2025-04-14;2025-04-29;Recepción  Conforme;76422;70.574.900-0;Regional  Bio-Bio;FUNDACION  EDUCACIONAL  PARA  EL  DESAROLLO  INTEGRAL  DE  LA  NIÑEZ;Diagonal  Pedro  Aguirre  Cerda  Nº  1225;Concepción;FUNDACION  EDUCACIONAL  PARA  EL  DESAROLLO  INTEGRAL  DE  LA  NIÑEZ;1918953;PAÑUELOS  DESECHABLES  ELITE  PROFESSIONAL  FACIAL  DOBLE  HOJA  21X14  CM  42  CAJAS  50  UNIDADES  REGIÓN  VIII;PAÑUELOS  DESECHABLES;21151;19236;9;664;12772704;No;PROVEEDORES  INTEGRALES  PRISA  S  A;PROVEEDORES  INTEGRALES  PRISA  S  A;96.556.940-5
2239-9-LR22;5800319;Convenio  Marco  de  Artículos  de  Aseo  e  Higiene;707422-80-CM25;52692249;Orden  de  Compra  generada  por  la  Gran  Compra:  76422;2025-06-04;2025-04-11;2025-04-14;2025-04-29;Recepción  Conforme;76422;70.574.900-0;Regional  Bio-Bio;FUNDACION  EDUCACIONAL  PARA  EL  DESAROLLO  INTEGRAL  DE  LA  NIÑEZ;Diagonal  Pedro  Aguirre  Cerda  Nº  1225;Concepción;FUNDACION  EDUCACIONAL  PARA  EL  DESAROLLO  INTEGRAL  DE  LA  NIÑEZ;1919939;PAPEL  HIGIÉNICO  ECO  ROLL  ALTO  METRAJE  DOBLE  HOJA  6  ROLLOS  250  M  1  PAQUETE  REGIÓN  VIII;PAPEL  HIGIÉNICO;11451;11420;0;1664;19002880;No;CASTILLA  Y  ARAGON  SPA;CASTILLA  Y  ARAGON  SPA;96.989.530-7
2239-9-LR22;5800319;Convenio  Marco  de  Artículos  de  Aseo  e  Higiene;707422-80-CM25;52692249;Orden  de  Compra  generada  por  la  Gran  Compra:  76422;2025-06-04;2025-04-11;2025-04-14;2025-04-29;Recepción  Conforme;76422;70.574.900-0;Regional  Bio-Bio;FUNDACION  EDUCACIONAL  PARA  EL  DESAROLLO  INTEGRAL  DE  LA  NIÑEZ;Diagonal  Pedro  Aguirre  Cerda  Nº  1225;Concepción;FUNDACION  EDUCACIONAL  PARA  EL  DESAROLLO  INTEGRAL  DE  LA  NIÑEZ;1912510;LÍQUIDO  LIMPIAVIDRIOS  VIRUTEX  PRO  BIDÓN  5000  CC  UNIDAD  REGIÓN  VIII;LÍQUIDO  LIMPIAVIDRIOS;5367;4695;13;115;539925;Si;SOLUCIONES  INTEGRALES  DE  LIMPIEZA  SPA;SOLUCIONES  INTEGRALES  DE  LIMPIEZA  LIMITADA;89.842.300-K
2239-9-LR22;5800319;Convenio  Marco  de  Artículos  de  Aseo  e  Higiene;707422-80-CM25;52692249;Orden  de  Compra  generada  por  la  Gran  Compra:  76422;2025-06-04;2025-04-11;2025-04-14;2025-04-29;Recepción  Conforme;76422;70.574.900-0;Regional  Bio-Bio;FUNDACION  EDUCACIONAL  PARA  EL  DESAROLLO  INTEGRAL  DE  LA  NIÑEZ;Diagonal  Pedro  Aguirre  Cerda  Nº  1225;Concepción;FUNDACION  EDUCACIONAL  PARA  EL  DESAROLLO  INTEGRAL  DE  LA  NIÑEZ;1922081;PAPEL  HIGIÉNICO  WINKLER  ALTO  METRAJE  DOBLE  HOJA  6  ROLLOS  250  M  1  PAQUETE  REGIÓN  VIII;PAPEL  HIGIÉNICO;11221;10500;6;1664;17472000;No;WINKLER  LIMITADA;WINKLER  LIMITADA;79.722.860-5
2239-9-LR22;5800319;Convenio  Marco  de  Artículos  de  Aseo  e  Higiene;707422-80-CM25;52692249;Orden  de  Compra  generada  por  la  Gran  Compra:  76422;2025-06-04;2025-04-11;2025-04-14;2025-04-29;Recepción  Conforme;76422;70.574.900-0;Regional  Bio-Bio;FUNDACION  EDUCACIONAL  PARA  EL  DESAROLLO  INTEGRAL  DE  LA  NIÑEZ;Diagonal  Pedro  Aguirre  Cerda  Nº  1225;Concepción;FUNDACION  EDUCACIONAL  PARA  EL  DESAROLLO  INTEGRAL  DE  LA  NIÑEZ;1923475;SERVILLETAS  DESECHABLES  TORK  CÓCTEL  HOJA  SIMPLE  200  UNIDADES  1  PAQUETE  REGIÓN  VIII;SERVILLETAS  DESECHABLES;937;935;0;15000;14025000;No;CASTILLA  Y  ARAGON  SPA;CASTILLA  Y  ARAGON  SPA;96.989.530-7
2239-9-LR22;5800319;Convenio  Marco  de  Artículos  de  Aseo  e  Higiene;707422-80-CM25;52692249;Orden  de  Compra  generada  por  la  Gran  Compra:  76422;2025-06-04;2025-04-11;2025-04-14;2025-04-29;Recepción  Conforme;76422;70.574.900-0;Regional  Bio-Bio;FUNDACION  EDUCACIONAL  PARA  EL  DESAROLLO  INTEGRAL  DE  LA  NIÑEZ;Diagonal  Pedro  Aguirre  Cerda  Nº  1225;Concepción;FUNDACION  EDUCACIONAL  PARA  EL  DESAROLLO  INTEGRAL  DE  LA  NIÑEZ;1906543;GUANTES  DE  LIMPIEZA  IMPEKE  MULTIUSO  GAMUZADO  TALLA  S  PAR  REGIÓN  VIII;GUANTES  DE  LIMPIEZA;754;572;24;1565;895180;Si;SOLUCIONES  INTEGRALES  DE  LIMPIEZA  SPA;SOLUCIONES  INTEGRALES  DE  LIMPIEZA  LIMITADA;89.842.300-K
2239-9-LR22;5800319;Convenio  Marco  de  Artículos  de  Aseo  e  Higiene;707422-80-CM25;52692249;Orden  de  Compra  generada  por  la  Gran  Compra:  76422;2025-06-04;2025-04-11;2025-04-14;2025-04-29;Recepción  Conforme;76422;70.574.900-0;Regional  Bio-Bio;FUNDACION  EDUCACIONAL  PARA  EL  DESAROLLO  INTEGRAL  DE  LA  NIÑEZ;Diagonal  Pedro  Aguirre  Cerda  Nº  1225;Concepción;FUNDACION  EDUCACIONAL  PARA  EL  DESAROLLO  INTEGRAL  DE  LA  NIÑEZ;1926875;TRAPERO  REUTILIZABLE  VIRUTEX  PRO  ABSORVENTE  DOBLE  C/OJAL  50X50  CM  UNIDAD  REGIÓN  VIII;TRAPERO  REUTILIZABLE;1134;1132;0;7392;8367744;No;CASTILLA  Y  ARAGON  SPA;CASTILLA  Y  ARAGON  SPA;96.989.530-7
2239-9-LR22;5800319;Convenio  Marco  de  Artículos  de  Aseo  e  Higiene;707422-80-CM25;52692249;Orden  de  Compra  generada  por  la  Gran  Compra:  76422;2025-06-04;2025-04-11;2025-04-14;2025-04-29;Recepción  Conforme;76422;70.574.900-0;Regional  Bio-Bio;FUNDACION  EDUCACIONAL  PARA  EL  DESAROLLO  INTEGRAL  DE  LA  NIÑEZ;Diagonal  Pedro  Aguirre  Cerda  Nº  1225;Concepción;FUNDACION  EDUCACIONAL  PARA  EL  DESAROLLO  INTEGRAL  DE  LA  NIÑEZ;1926875;TRAPERO  REUTILIZABLE  VIRUTEX  PRO  ABSORVENTE  DOBLE  C/OJAL  50X50  CM  UNIDAD  REGIÓN  VIII;TRAPERO  REUTILIZABLE;1270;1052;17;7392;7776384;No;PROVEEDORES  INTEGRALES  PRISA  S  A;PROVEEDORES  INTEGRALES  PRISA  S  A;96.556.940-5
2239-9-LR22;5800319;Convenio  Marco  de  Artículos  de  Aseo  e  Higiene;707422-80-CM25;52692249;Orden  de  Compra  generada  por  la  Gran  Compra:  76422;2025-06-04;2025-04-11;2025-04-14;2025-04-29;Recepción  Conforme;76422;70.574.900-0;Regional  Bio-Bio;FUNDACION  EDUCACIONAL  PARA  EL  DESAROLLO  INTEGRAL  DE  LA  NIÑEZ;Diagonal  Pedro  Aguirre  Cerda  Nº  1225;Concepción;FUNDACION  EDUCACIONAL  PARA  EL  DESAROLLO  INTEGRAL  DE  LA  NIÑEZ;1926875;TRAPERO  REUTILIZABLE  VIRUTEX  PRO  ABSORVENTE  DOBLE  C/OJAL  50X50  CM  UNIDAD  REGIÓN  VIII;TRAPERO  REUTILIZABLE;1133;1039;8;7392;7680288;Si;SOLUCIONES  INTEGRALES  DE  LIMPIEZA  SPA;SOLUCIONES  INTEGRALES  DE  LIMPIEZA  LIMITADA;89.842.300-K
2239-9-LR22;5800319;Convenio  Marco  de  Artículos  de  Aseo  e  Higiene;707422-80-CM25;52692249;Orden  de  Compra  generada  por  la  Gran  Compra:  76422;2025-06-04;2025-04-11;2025-04-14;2025-04-29;Recepción  Conforme;76422;70.574.900-0;Regional  Bio-Bio;FUNDACION  EDUCACIONAL  PARA  EL  DESAROLLO  INTEGRAL  DE  LA  NIÑEZ;Diagonal  Pedro  Aguirre  Cerda  Nº  1225;Concepción;FUNDACION  EDUCACIONAL  PARA  EL  DESAROLLO  INTEGRAL  DE  LA  NIÑEZ;1912425;LÍQUIDO  LIMPIAVIDRIOS  TREMEX  BIDÓN  5000  CC  UNIDAD  REGIÓN  VIII;LÍQUIDO  LIMPIAVIDRIOS;3946;3946;0;115;453790;No;MG  PUBLICIDAD  Y  EVENTOS  SPA;MG  PUBLICIDAD  Y  EVENTOS  SPA;76.202.065-3
2239-9-LR22;5800319;Convenio  Marco  de  Artículos  de  Aseo  e  Higiene;707422-80-CM25;52692249;Orden  de  Compra  generada  por  la  Gran  Compra:  76422;2025-06-04;2025-04-11;2025-04-14;2025-04-29;Recepción  Conforme;76422;70.574.900-0;Regional  Bio-Bio;FUNDACION  EDUCACIONAL  PARA  EL  DESAROLLO  INTEGRAL  DE  LA  NIÑEZ;Diagonal  Pedro  Aguirre  Cerda  Nº  1225;Concepción;FUNDACION  EDUCACIONAL  PARA  EL  DESAROLLO  INTEGRAL  DE  LA  NIÑEZ;1924036;TOALLA  DE  PAPEL  ELITE  PROFESSIONAL  INTERFOLIADA  DOBLE  HOJA  200  UN  1  PAQUETE  REGIÓN  VIII;TOALLA  DE  PAPEL;1329;1158;13;115000;133170000;No;COMERCIAL  MUNOZ  Y  COMPANIA  LIMITADA;COMERCIAL  MUNOZ  Y  COMPANIA  LIMITADA;78.906.980-8
2239-9-LR22;5800319;Convenio  Marco  de  Artículos  de  Aseo  e  Higiene;707422-80-CM25;52692249;Orden  de  Compra  generada  por  la  Gran  Compra:  76422;2025-06-04;2025-04-11;2025-04-14;2025-04-29;Recepción  Conforme;76422;70.574.900-0;Regional  Bio-Bio;FUNDACION  EDUCACIONAL  PARA  EL  DESAROLLO  INTEGRAL  DE  LA  NIÑEZ;Diagonal  Pedro  Aguirre  Cerda  Nº  1225;Concepción;FUNDACION  EDUCACIONAL  PARA  EL  DESAROLLO  INTEGRAL  DE  LA  NIÑEZ;1906526;GUANTES  DE  LIMPIEZA  IMPEKE  MULTIUSO  GAMUZADO  TALLA  M  PAR  REGIÓN  VIII;GUANTES  DE  LIMPIEZA;703;699;1;4694;3281106;No;CASTILLA  Y  ARAGON  SPA;CASTILLA  Y  ARAGON  SPA;96.989.530-7
2239-9-LR22;5800319;Convenio  Marco  de  Artículos  de  Aseo  e  Higiene;707422-80-CM25;52692249;Orden  de  Compra  generada  por  la  Gran  Compra:  76422;2025-06-04;2025-04-11;2025-04-14;2025-04-29;Recepción  Conforme;76422;70.574.900-0;Regional  Bio-Bio;FUNDACION  EDUCACIONAL  PARA  EL  DESAROLLO  INTEGRAL  DE  LA  NIÑEZ;Diagonal  Pedro  Aguirre  Cerda  Nº  1225;Concepción;FUNDACION  EDUCACIONAL  PARA  EL  DESAROLLO  INTEGRAL  DE  LA  NIÑEZ;1924036;TOALLA  DE  PAPEL  ELITE  PROFESSIONAL  INTERFOLIADA  DOBLE  HOJA  200  UN  1  PAQUETE  REGIÓN  VIII;TOALLA  DE  PAPEL;1442;1197;17;115000;137655000;No;PROVEEDORES  INTEGRALES  PRISA  S  A;PROVEEDORES  INTEGRALES  PRISA  S  A;96.556.940-5
2239-9-LR22;5800319;Convenio  Marco  de  Artículos  de  Aseo  e  Higiene;707422-80-CM25;52692249;Orden  de  Compra  generada  por  la  Gran  Compra:  76422;2025-06-04;2025-04-11;2025-04-14;2025-04-29;Recepción  Conforme;76422;70.574.900-0;Regional  Bio-Bio;FUNDACION  EDUCACIONAL  PARA  EL  DESAROLLO  INTEGRAL  DE  LA  NIÑEZ;Diagonal  Pedro  Aguirre  Cerda  Nº  1225;Concepción;FUNDACION  EDUCACIONAL  PARA  EL  DESAROLLO  INTEGRAL  DE  LA  NIÑEZ;1907087;GUANTES  DE  LIMPIEZA  WINKLER  MULTIUSO  GAMUZADO  TALLA  M  PAR  REGIÓN  VIII;GUANTES  DE  LIMPIEZA;695;590;15;4694;2769460;No;MG  PUBLICIDAD  Y  EVENTOS  SPA;MG  PUBLICIDAD  Y  EVENTOS  SPA;76.202.065-3
2239-9-LR22;5800319;Convenio  Marco  de  Artículos  de  Aseo  e  Higiene;707422-80-CM25;52692249;Orden  de  Compra  generada  por  la  Gran  Compra:  76422;2025-06-04;2025-04-11;2025-04-14;2025-04-29;Recepción  Conforme;76422;70.574.900-0;Regional  Bio-Bio;FUNDACION  EDUCACIONAL  PARA  EL  DESAROLLO  INTEGRAL  DE  LA  NIÑEZ;Diagonal  Pedro  Aguirre  Cerda  Nº  1225;Concepción;FUNDACION  EDUCACIONAL  PARA  EL  DESAROLLO  INTEGRAL  DE  LA  NIÑEZ;1906509;GUANTES  DE  LIMPIEZA  IMPEKE  MULTIUSO  GAMUZADO  TALLA  L  PAR  REGIÓN  VIII;GUANTES  DE  LIMPIEZA;726;723;0;1565;1131495;No;CASTILLA  Y  ARAGON  SPA;CASTILLA  Y  ARAGON  SPA;96.989.530-7
2239-9-LR22;5800319;Convenio  Marco  de  Artículos  de  Aseo  e  Higiene;707422-80-CM25;52692249;Orden  de  Compra  generada  por  la  Gran  Compra:  76422;2025-06-04;2025-04-11;2025-04-14;2025-04-29;Recepción  Conforme;76422;70.574.900-0;Regional  Bio-Bio;FUNDACION  EDUCACIONAL  PARA  EL  DESAROLLO  INTEGRAL  DE  LA  NIÑEZ;Diagonal  Pedro  Aguirre  Cerda  Nº  1225;Concepción;FUNDACION  EDUCACIONAL  PARA  EL  DESAROLLO  INTEGRAL  DE  LA  NIÑEZ;1932658;JABÓN  TREMEX  NEUTRO-GLICERINA  LÍQUIDO  BIDÓN  5  L  UNIDAD  REGIÓN  VIII;JABÓN;5873;4874;17;1000;4874000;No;PROVEEDORES  INTEGRALES  PRISA  S  A;PROVEEDORES  INTEGRALES  PRISA  S  A;96.556.940-5
2239-9-LR22;5800319;Convenio  Marco  de  Artículos  de  Aseo  e  Higiene;707422-80-CM25;52692249;Orden  de  Compra  generada  por  la  Gran  Compra:  76422;2025-06-04;2025-04-11;2025-04-14;2025-04-29;Recepción  Conforme;76422;70.574.900-0;Regional  Bio-Bio;FUNDACION  EDUCACIONAL  PARA  EL  DESAROLLO  INTEGRAL  DE  LA  NIÑEZ;Diagonal  Pedro  Aguirre  Cerda  Nº  1225;Concepción;FUNDACION  EDUCACIONAL  PARA  EL  DESAROLLO  INTEGRAL  DE  LA  NIÑEZ;1920041;PAPEL  HIGIÉNICO  ELITE  ALTO  METRAJE  DOBLE  HOJA  6  ROLLOS  250  M  1  PAQUETE  REGIÓN  VIII;PAPEL  HIGIÉNICO;11040;11388;-3;1664;18949632;No;MARYUN  SEGURIDAD  INDUSTRIAL  SPA;MARYUN  SEGURIDAD  INDUSTRIAL  SPA;77.084.730-3
2239-9-LR22;5800319;Convenio  Marco  de  Artículos  de  Aseo  e  Higiene;707422-80-CM25;52692249;Orden  de  Compra  generada  por  la  Gran  Compra:  76422;2025-06-04;2025-04-11;2025-04-14;2025-04-29;Recepción  Conforme;76422;70.574.900-0;Regional  Bio-Bio;FUNDACION  EDUCACIONAL  PARA  EL  DESAROLLO  INTEGRAL  DE  LA  NIÑEZ;Diagonal  Pedro  Aguirre  Cerda  Nº  1225;Concepción;FUNDACION  EDUCACIONAL  PARA  EL  DESAROLLO  INTEGRAL  DE  LA  NIÑEZ;1920041;PAPEL  HIGIÉNICO  ELITE  ALTO  METRAJE  DOBLE  HOJA  6  ROLLOS  250  M  1  PAQUETE  REGIÓN  VIII;PAPEL  HIGIÉNICO;11035;11280;-2;1664;18769920;No;MG  PUBLICIDAD  Y  EVENTOS  SPA;MG  PUBLICIDAD  Y  EVENTOS  SPA;76.202.065-3
2239-9-LR22;5800319;Convenio  Marco  de  Artículos  de  Aseo  e  Higiene;707422-80-CM25;52692249;Orden  de  Compra  generada  por  la  Gran  Compra:  76422;2025-06-04;2025-04-11;2025-04-14;2025-04-29;Recepción  Conforme;76422;70.574.900-0;Regional  Bio-Bio;FUNDACION  EDUCACIONAL  PARA  EL  DESAROLLO  INTEGRAL  DE  LA  NIÑEZ;Diagonal  Pedro  Aguirre  Cerda  Nº  1225;Concepción;FUNDACION  EDUCACIONAL  PARA  EL  DESAROLLO  INTEGRAL  DE  LA  NIÑEZ;1945378;DESENGRASANTE  COCINA  TREMEX  MULTIUSO  CREMA  ANTIGRASA  750  ML  UNIDAD  REGIÓN  VIII;DESENGRASANTE  COCINA;1363;1363;0;1848;2518824;No;MG  PUBLICIDAD  Y  EVENTOS  SPA;MG  PUBLICIDAD  Y  EVENTOS  SPA;76.202.065-3
2239-9-LR22;5800319;Convenio  Marco  de  Artículos  de  Aseo  e  Higiene;707422-80-CM25;52692249;Orden  de  Compra  generada  por  la  Gran  Compra:  76422;2025-06-04;2025-04-11;2025-04-14;2025-04-29;Recepción  Conforme;76422;70.574.900-0;Regional  Bio-Bio;FUNDACION  EDUCACIONAL  PARA  EL  DESAROLLO  INTEGRAL  DE  LA  NIÑEZ;Diagonal  Pedro  Aguirre  Cerda  Nº  1225;Concepción;FUNDACION  EDUCACIONAL  PARA  EL  DESAROLLO  INTEGRAL  DE  LA  NIÑEZ;1945378;DESENGRASANTE  COCINA  TREMEX  MULTIUSO  CREMA  ANTIGRASA  750  ML  UNIDAD  REGIÓN  VIII;DESENGRASANTE  COCINA;1760;1750;1;1848;3234000;No;CASTILLA  Y  ARAGON  SPA;CASTILLA  Y  ARAGON  SPA;96.989.530-7
2239-9-LR22;5800319;Convenio  Marco  de  Artículos  de  Aseo  e  Higiene;707422-80-CM25;52692249;Orden  de  Compra  generada  por  la  Gran  Compra:  76422;2025-06-04;2025-04-11;2025-04-14;2025-04-29;Recepción  Conforme;76422;70.574.900-0;Regional  Bio-Bio;FUNDACION  EDUCACIONAL  PARA  EL  DESAROLLO  INTEGRAL  DE  LA  NIÑEZ;Diagonal  Pedro  Aguirre  Cerda  Nº  1225;Concepción;FUNDACION  EDUCACIONAL  PARA  EL  DESAROLLO  INTEGRAL  DE  LA  NIÑEZ;1927045;TRAPERO  REUTILIZABLE  WINKLER  ABSORVENTE  DOBLE  C/OJAL  50X50  CM  UNIDAD  REGIÓN  VIII;TRAPERO  REUTILIZABLE;1170;690;41;7392;5100480;No;WINKLER  LIMITADA;WINKLER  LIMITADA;79.722.860-5
2239-9-LR22;5800319;Convenio  Marco  de  Artículos  de  Aseo  e  Higiene;707422-80-CM25;52692249;Orden  de  Compra  generada  por  la  Gran  Compra:  76422;2025-06-04;2025-04-11;2025-04-14;2025-04-29;Recepción  Conforme;76422;70.574.900-0;Regional  Bio-Bio;FUNDACION  EDUCACIONAL  PARA  EL  DESAROLLO  INTEGRAL  DE  LA  NIÑEZ;Diagonal  Pedro  Aguirre  Cerda  Nº  1225;Concepción;FUNDACION  EDUCACIONAL  PARA  EL  DESAROLLO  INTEGRAL  DE  LA  NIÑEZ;1918290;PAÑO  ABSORBENTE  MULTIUSO  VIRUTEX  CELULOSA  PAQUETE  DE  6  UNIDADES  REGIÓN  VIII;PAÑO  ABSORBENTE  MULTIUSO;2346;1800;23;3912;7041600;No;COMERCIAL  MUNOZ  Y  COMPANIA  LIMITADA;COMERCIAL  MUNOZ  Y  COMPANIA  LIMITADA;78.906.980-8
2239-9-LR22;5800319;Convenio  Marco  de  Artículos  de  Aseo  e  Higiene;707422-80-CM25;52692249;Orden  de  Compra  generada  por  la  Gran  Compra:  76422;2025-06-04;2025-04-11;2025-04-14;2025-04-29;Recepción  Conforme;76422;70.574.900-0;Regional  Bio-Bio;FUNDACION  EDUCACIONAL  PARA  EL  DESAROLLO  INTEGRAL  DE  LA  NIÑEZ;Diagonal  Pedro  Aguirre  Cerda  Nº  1225;Concepción;FUNDACION  EDUCACIONAL  PARA  EL  DESAROLLO  INTEGRAL  DE  LA  NIÑEZ;1912119;LÍQUIDO  LIMPIAVIDRIOS  MR  ROB  BIDÓN  5000  CC  UNIDAD  REGIÓN  VIII;LÍQUIDO  LIMPIAVIDRIOS;2784;115;96;115;13225;No;CASTILLA  Y  ARAGON  SPA;CASTILLA  Y  ARAGON  SPA;96.989.530-7
2239-9-LR22;5800319;Convenio  Marco  de  Artículos  de  Aseo  e  Higiene;707422-80-CM25;52692249;Orden  de  Compra  generada  por  la  Gran  Compra:  76422;2025-06-04;2025-04-11;2025-04-14;2025-04-29;Recepción  Conforme;76422;70.574.900-0;Regional  Bio-Bio;FUNDACION  EDUCACIONAL  PARA  EL  DESAROLLO  INTEGRAL  DE  LA  NIÑEZ;Diagonal  Pedro  Aguirre  Cerda  Nº  1225;Concepción;FUNDACION  EDUCACIONAL  PARA  EL  DESAROLLO  INTEGRAL  DE  LA  NIÑEZ;1906526;GUANTES  DE  LIMPIEZA  IMPEKE  MULTIUSO  GAMUZADO  TALLA  M  PAR  REGIÓN  VIII;GUANTES  DE  LIMPIEZA;728;580;20;4694;2722520;No;PROVEEDORES  INTEGRALES  PRISA  S  A;PROVEEDORES  INTEGRALES  PRISA  S  A;96.556.940-5
2239-9-LR22;5800319;Convenio  Marco  de  Artículos  de  Aseo  e  Higiene;707422-80-CM25;52692249;Orden  de  Compra  generada  por  la  Gran  Compra:  76422;2025-06-04;2025-04-11;2025-04-14;2025-04-29;Recepción  Conforme;76422;70.574.900-0;Regional  Bio-Bio;FUNDACION  EDUCACIONAL  PARA  EL  DESAROLLO  INTEGRAL  DE  LA  NIÑEZ;Diagonal  Pedro  Aguirre  Cerda  Nº  1225;Concepción;FUNDACION  EDUCACIONAL  PARA  EL  DESAROLLO  INTEGRAL  DE  LA  NIÑEZ;1945378;DESENGRASANTE  COCINA  TREMEX  MULTIUSO  CREMA  ANTIGRASA  750  ML  UNIDAD  REGIÓN  VIII;DESENGRASANTE  COCINA;1773;1339;24;1848;2474472;Si;SOLUCIONES  INTEGRALES  DE  LIMPIEZA  SPA;SOLUCIONES  INTEGRALES  DE  LIMPIEZA  LIMITADA;89.842.300-K
2239-9-LR22;5800319;Convenio  Marco  de  Artículos  de  Aseo  e  Higiene;707422-80-CM25;52692249;Orden  de  Compra  generada  por  la  Gran  Compra:  76422;2025-06-04;2025-04-11;2025-04-14;2025-04-29;Recepción  Conforme;76422;70.574.900-0;Regional  Bio-Bio;FUNDACION  EDUCACIONAL  PARA  EL  DESAROLLO  INTEGRAL  DE  LA  NIÑEZ;Diagonal  Pedro  Aguirre  Cerda  Nº  1225;Concepción;FUNDACION  EDUCACIONAL  PARA  EL  DESAROLLO  INTEGRAL  DE  LA  NIÑEZ;1918443;PAÑO  ABSORBENTE  MULTIUSO  VIRUTEX  PRO  RESISTENTE  AL  CLORO  PAQUETE  DE  6  UNIDADES  REGIÓN  VIII;PAÑO  ABSORBENTE  MULTIUSO;1699;2346;-38;3912;9177552;No;MG  PUBLICIDAD  Y  EVENTOS  SPA;MG  PUBLICIDAD  Y  EVENTOS  SPA;76.202.065-3
2239-9-LR22;5800319;Convenio  Marco  de  Artículos  de  Aseo  e  Higiene;707422-80-CM25;52692249;Orden  de  Compra  generada  por  la  Gran  Compra:  76422;2025-06-04;2025-04-11;2025-04-14;2025-04-29;Recepción  Conforme;76422;70.574.900-0;Regional  Bio-Bio;FUNDACION  EDUCACIONAL  PARA  EL  DESAROLLO  INTEGRAL  DE  LA  NIÑEZ;Diagonal  Pedro  Aguirre  Cerda  Nº  1225;Concepción;FUNDACION  EDUCACIONAL  PARA  EL  DESAROLLO  INTEGRAL  DE  LA  NIÑEZ;1923475;SERVILLETAS  DESECHABLES  TORK  CÓCTEL  HOJA  SIMPLE  200  UNIDADES  1  PAQUETE  REGIÓN  VIII;SERVILLETAS  DESECHABLES;861;925;-7;15000;13875000;No;MARYUN  SEGURIDAD  INDUSTRIAL  SPA;MARYUN  SEGURIDAD  INDUSTRIAL  SPA;77.084.730-3
2239-9-LR22;5800319;Convenio  Marco  de  Artículos  de  Aseo  e  Higiene;707422-80-CM25;52692249;Orden  de  Compra  generada  por  la  Gran  Compra:  76422;2025-06-04;2025-04-11;2025-04-14;2025-04-29;Recepción  Conforme;76422;70.574.900-0;Regional  Bio-Bio;FUNDACION  EDUCACIONAL  PARA  EL  DESAROLLO  INTEGRAL  DE  LA  NIÑEZ;Diagonal  Pedro  Aguirre  Cerda  Nº  1225;Concepción;FUNDACION  EDUCACIONAL  PARA  EL  DESAROLLO  INTEGRAL  DE  LA  NIÑEZ;1912510;LÍQUIDO  LIMPIAVIDRIOS  VIRUTEX  PRO  BIDÓN  5000  CC  UNIDAD  REGIÓN  VIII;LÍQUIDO  LIMPIAVIDRIOS;6256;5435;13;115;625025;No;COMERCIAL  MUNOZ  Y  COMPANIA  LIMITADA;COMERCIAL  MUNOZ  Y  COMPANIA  LIMITADA;78.906.980-8
2239-9-LR22;5800319;Convenio  Marco  de  Artículos  de  Aseo  e  Higiene;707422-80-CM25;52692249;Orden  de  Compra  generada  por  la  Gran  Compra:  76422;2025-06-04;2025-04-11;2025-04-14;2025-04-29;Recepción  Conforme;76422;70.574.900-0;Regional  Bio-Bio;FUNDACION  EDUCACIONAL  PARA  EL  DESAROLLO  INTEGRAL  DE  LA  NIÑEZ;Diagonal  Pedro  Aguirre  Cerda  Nº  1225;Concepción;FUNDACION  EDUCACIONAL  PARA  EL  DESAROLLO  INTEGRAL  DE  LA  NIÑEZ;1933185;JABÓN  WINKLER  AROMATICO  LÍQUIDO  BIDÓN  5  L  UNIDAD  REGIÓN  VIII;JABÓN;5017;3900;22;1000;3900000;No;WINKLER  LIMITADA;WINKLER  LIMITADA;79.722.860-5
2239-9-LR22;5800319;Convenio  Marco  de  Artículos  de  Aseo  e  Higiene;707422-80-CM25;52692249;Orden  de  Compra  generada  por  la  Gran  Compra:  76422;2025-06-04;2025-04-11;2025-04-14;2025-04-29;Recepción  Conforme;76422;70.574.900-0;Regional  Bio-Bio;FUNDACION  EDUCACIONAL  PARA  EL  DESAROLLO  INTEGRAL  DE  LA  NIÑEZ;Diagonal  Pedro  Aguirre  Cerda  Nº  1225;Concepción;FUNDACION  EDUCACIONAL  PARA  EL  DESAROLLO  INTEGRAL  DE  LA  NIÑEZ;1920041;PAPEL  HIGIÉNICO  ELITE  ALTO  METRAJE  DOBLE  HOJA  6  ROLLOS  250  M  1  PAQUETE  REGIÓN  VIII;PAPEL  HIGIÉNICO;12397;12397;0;1664;20628608;No;DIMERC  S  A;DIMERC  S.  A.;96.670.840-9
2239-9-LR22;5800319;Convenio  Marco  de  Artículos  de  Aseo  e  Higiene;707422-80-CM25;52692249;Orden  de  Compra  generada  por  la  Gran  Compra:  76422;2025-06-04;2025-04-11;2025-04-14;2025-04-29;Recepción  Conforme;76422;70.574.900-0;Regional  Bio-Bio;FUNDACION  EDUCACIONAL  PARA  EL  DESAROLLO  INTEGRAL  DE  LA  NIÑEZ;Diagonal  Pedro  Aguirre  Cerda  Nº  1225;Concepción;FUNDACION  EDUCACIONAL  PARA  EL  DESAROLLO  INTEGRAL  DE  LA  NIÑEZ;1924036;TOALLA  DE  PAPEL  ELITE  PROFESSIONAL  INTERFOLIADA  DOBLE  HOJA  200  UN  1  PAQUETE  REGIÓN  VIII;TOALLA  DE  PAPEL;1310;1000;24;115000;115000000;No;DIMERC  S  A;DIMERC  S.  A.;96.670.840-9
2239-9-LR22;5800319;Convenio  Marco  de  Artículos  de  Aseo  e  Higiene;707422-80-CM25;52692249;Orden  de  Compra  generada  por  la  Gran  Compra:  76422;2025-06-04;2025-04-11;2025-04-14;2025-04-29;Recepción  Conforme;76422;70.574.900-0;Regional  Bio-Bio;FUNDACION  EDUCACIONAL  PARA  EL  DESAROLLO  INTEGRAL  DE  LA  NIÑEZ;Diagonal  Pedro  Aguirre  Cerda  Nº  1225;Concepción;FUNDACION  EDUCACIONAL  PARA  EL  DESAROLLO  INTEGRAL  DE  LA  NIÑEZ;1918953;PAÑUELOS  DESECHABLES  ELITE  PROFESSIONAL  FACIAL  DOBLE  HOJA  21X14  CM  42  CAJAS  50  UNIDADES  REGIÓN  VIII;PAÑUELOS  DESECHABLES;21177;17889;16;664;11878296;Si;SOLUCIONES  INTEGRALES  DE  LIMPIEZA  SPA;SOLUCIONES  INTEGRALES  DE  LIMPIEZA  LIMITADA;89.842.300-K
2239-9-LR22;5800319;Convenio  Marco  de  Artículos  de  Aseo  e  Higiene;707422-80-CM25;52692249;Orden  de  Compra  generada  por  la  Gran  Compra:  76422;2025-06-04;2025-04-11;2025-04-14;2025-04-29;Recepción  Conforme;76422;70.574.900-0;Regional  Bio-Bio;FUNDACION  EDUCACIONAL  PARA  EL  DESAROLLO  INTEGRAL  DE  LA  NIÑEZ;Diagonal  Pedro  Aguirre  Cerda  Nº  1225;Concepción;FUNDACION  EDUCACIONAL  PARA  EL  DESAROLLO  INTEGRAL  DE  LA  NIÑEZ;1925157;TOALLA  DE  PAPEL  WINKLER  INTERFOLIADA  DOBLE  HOJA  200  UN  1  PAQUETE  REGIÓN  VII;TOALLA  DE  PAPEL;1086;890;18;115000;102350000;No;WINKLER  LIMITADA;WINKLER  LIMITADA;79.722.860-5
2239-9-LR22;5800319;Convenio  Marco  de  Artículos  de  Aseo  e  Higiene;707422-80-CM25;52692249;Orden  de  Compra  generada  por  la  Gran  Compra:  76422;2025-06-04;2025-04-11;2025-04-14;2025-04-29;Recepción  Conforme;76422;70.574.900-0;Regional  Bio-Bio;FUNDACION  EDUCACIONAL  PARA  EL  DESAROLLO  INTEGRAL  DE  LA  NIÑEZ;Diagonal  Pedro  Aguirre  Cerda  Nº  1225;Concepción;FUNDACION  EDUCACIONAL  PARA  EL  DESAROLLO  INTEGRAL  DE  LA  NIÑEZ;1923475;SERVILLETAS  DESECHABLES  TORK  CÓCTEL  HOJA  SIMPLE  200  UNIDADES  1  PAQUETE  REGIÓN  VIII;SERVILLETAS  DESECHABLES;964;751;22;15000;11265000;No;COMERCIAL  MUNOZ  Y  COMPANIA  LIMITADA;COMERCIAL  MUNOZ  Y  COMPANIA  LIMITADA;78.906.980-8
2239-9-LR22;5800319;Convenio  Marco  de  Artículos  de  Aseo  e  Higiene;707422-80-CM25;52692249;Orden  de  Compra  generada  por  la  Gran  Compra:  76422;2025-06-04;2025-04-11;2025-04-14;2025-04-29;Recepción  Conforme;76422;70.574.900-0;Regional  Bio-Bio;FUNDACION  EDUCACIONAL  PARA  EL  DESAROLLO  INTEGRAL  DE  LA  NIÑEZ;Diagonal  Pedro  Aguirre  Cerda  Nº  1225;Concepción;FUNDACION  EDUCACIONAL  PARA  EL  DESAROLLO  INTEGRAL  DE  LA  NIÑEZ;1932658;JABÓN  TREMEX  NEUTRO-GLICERINA  LÍQUIDO  BIDÓN  5  L  UNIDAD  REGIÓN  VIII;JABÓN;5521;5128;7;1000;5128000;Si;SOLUCIONES  INTEGRALES  DE  LIMPIEZA  SPA;SOLUCIONES  INTEGRALES  DE  LIMPIEZA  LIMITADA;89.842.300-K
2239-9-LR22;5800319;Convenio  Marco  de  Artículos  de  Aseo  e  Higiene;707422-80-CM25;52692249;Orden  de  Compra  generada  por  la  Gran  Compra:  76422;2025-06-04;2025-04-11;2025-04-14;2025-04-29;Recepción  Conforme;76422;70.574.900-0;Regional  Bio-Bio;FUNDACION  EDUCACIONAL  PARA  EL  DESAROLLO  INTEGRAL  DE  LA  NIÑEZ;Diagonal  Pedro  Aguirre  Cerda  Nº  1225;Concepción;FUNDACION  EDUCACIONAL  PARA  EL  DESAROLLO  INTEGRAL  DE  LA  NIÑEZ;1923475;SERVILLETAS  DESECHABLES  TORK  CÓCTEL  HOJA  SIMPLE  200  UNIDADES  1  PAQUETE  REGIÓN  VIII;SERVILLETAS  DESECHABLES;922;684;26;15000;10260000;No;PROVEEDORES  INTEGRALES  PRISA  S  A;PROVEEDORES  INTEGRALES  PRISA  S  A;96.556.940-5
2239-9-LR22;5800319;Convenio  Marco  de  Artículos  de  Aseo  e  Higiene;707422-80-CM25;52692249;Orden  de  Compra  generada  por  la  Gran  Compra:  76422;2025-06-04;2025-04-11;2025-04-14;2025-04-29;Recepción  Conforme;76422;70.574.900-0;Regional  Bio-Bio;FUNDACION  EDUCACIONAL  PARA  EL  DESAROLLO  INTEGRAL  DE  LA  NIÑEZ;Diagonal  Pedro  Aguirre  Cerda  Nº  1225;Concepción;FUNDACION  EDUCACIONAL  PARA  EL  DESAROLLO  INTEGRAL  DE  LA  NIÑEZ;1932658;JABÓN  TREMEX  NEUTRO-GLICERINA  LÍQUIDO  BIDÓN  5  L  UNIDAD  REGIÓN  VIII;JABÓN;6504;5190;20;1000;5190000;No;COMERCIAL  MUNOZ  Y  COMPANIA  LIMITADA;COMERCIAL  MUNOZ  Y  COMPANIA  LIMITADA;78.906.980-8
2239-9-LR22;5800319;Convenio  Marco  de  Artículos  de  Aseo  e  Higiene;707422-80-CM25;52692249;Orden  de  Compra  generada  por  la  Gran  Compra:  76422;2025-06-04;2025-04-11;2025-04-14;2025-04-29;Recepción  Conforme;76422;70.574.900-0;Regional  Bio-Bio;FUNDACION  EDUCACIONAL  PARA  EL  DESAROLLO  INTEGRAL  DE  LA  NIÑEZ;Diagonal  Pedro  Aguirre  Cerda  Nº  1225;Concepción;FUNDACION  EDUCACIONAL  PARA  EL  DESAROLLO  INTEGRAL  DE  LA  NIÑEZ;1921775;PAPEL  HIGIÉNICO  TORK  ALTO  METRAJE  DOBLE  HOJA  6  ROLLOS  250  M  1  PAQUETE  REGIÓN  VIII;PAPEL  HIGIÉNICO;16412;12615;23;1664;20991360;No;COMERCIAL  MUNOZ  Y  COMPANIA  LIMITADA;COMERCIAL  MUNOZ  Y  COMPANIA  LIMITADA;78.906.980-8
2239-9-LR22;5800319;Convenio  Marco  de  Artículos  de  Aseo  e  Higiene;707422-80-CM25;52692249;Orden  de  Compra  generada  por  la  Gran  Compra:  76422;2025-06-04;2025-04-11;2025-04-14;2025-04-29;Recepción  Conforme;76422;70.574.900-0;Regional  Bio-Bio;FUNDACION  EDUCACIONAL  PARA  EL  DESAROLLO  INTEGRAL  DE  LA  NIÑEZ;Diagonal  Pedro  Aguirre  Cerda  Nº  1225;Concepción;FUNDACION  EDUCACIONAL  PARA  EL  DESAROLLO  INTEGRAL  DE  LA  NIÑEZ;1945378;DESENGRASANTE  COCINA  TREMEX  MULTIUSO  CREMA  ANTIGRASA  750  ML  UNIDAD  REGIÓN  VIII;DESENGRASANTE  COCINA;1726;1175;32;1848;2171400;No;COMERCIAL  MUNOZ  Y  COMPANIA  LIMITADA;COMERCIAL  MUNOZ  Y  COMPANIA  LIMITADA;78.906.980-8
2239-9-LR22;5800319;Convenio  Marco  de  Artículos  de  Aseo  e  Higiene;707422-80-CM25;52692249;Orden  de  Compra  generada  por  la  Gran  Compra:  76422;2025-06-04;2025-04-11;2025-04-14;2025-04-29;Recepción  Conforme;76422;70.574.900-0;Regional  Bio-Bio;FUNDACION  EDUCACIONAL  PARA  EL  DESAROLLO  INTEGRAL  DE  LA  NIÑEZ;Diagonal  Pedro  Aguirre  Cerda  Nº  1225;Concepción;FUNDACION  EDUCACIONAL  PARA  EL  DESAROLLO  INTEGRAL  DE  LA  NIÑEZ;1932658;JABÓN  TREMEX  NEUTRO-GLICERINA  LÍQUIDO  BIDÓN  5  L  UNIDAD  REGIÓN  VIII;JABÓN;5157;5158;0;1000;5158000;No;MG  PUBLICIDAD  Y  EVENTOS  SPA;MG  PUBLICIDAD  Y  EVENTOS  SPA;76.202.065-3
2239-9-LR22;5800319;Convenio  Marco  de  Artículos  de  Aseo  e  Higiene;707422-80-CM25;52692249;Orden  de  Compra  generada  por  la  Gran  Compra:  76422;2025-06-04;2025-04-11;2025-04-14;2025-04-29;Recepción  Conforme;76422;70.574.900-0;Regional  Bio-Bio;FUNDACION  EDUCACIONAL  PARA  EL  DESAROLLO  INTEGRAL  DE  LA  NIÑEZ;Diagonal  Pedro  Aguirre  Cerda  Nº  1225;Concepción;FUNDACION  EDUCACIONAL  PARA  EL  DESAROLLO  INTEGRAL  DE  LA  NIÑEZ;1918953;PAÑUELOS  DESECHABLES  ELITE  PROFESSIONAL  FACIAL  DOBLE  HOJA  21X14  CM  42  CAJAS  50  UNIDADES  REGIÓN  VIII;PAÑUELOS  DESECHABLES;20528;20990;-2;664;13937360;No;MG  PUBLICIDAD  Y  EVENTOS  SPA;MG  PUBLICIDAD  Y  EVENTOS  SPA;76.202.065-3
2239-9-LR22;5800319;Convenio  Marco  de  Artículos  de  Aseo  e  Higiene;707422-80-CM25;52692249;Orden  de  Compra  generada  por  la  Gran  Compra:  76422;2025-06-04;2025-04-11;2025-04-14;2025-04-29;Recepción  Conforme;76422;70.574.900-0;Regional  Bio-Bio;FUNDACION  EDUCACIONAL  PARA  EL  DESAROLLO  INTEGRAL  DE  LA  NIÑEZ;Diagonal  Pedro  Aguirre  Cerda  Nº  1225;Concepción;FUNDACION  EDUCACIONAL  PARA  EL  DESAROLLO  INTEGRAL  DE  LA  NIÑEZ;1945378;DESENGRASANTE  COCINA  TREMEX  MULTIUSO  CREMA  ANTIGRASA  750  ML  UNIDAD  REGIÓN  VIII;DESENGRASANTE  COCINA;1764;1764;0;1848;3259872;No;DIMERC  S  A;DIMERC  S.  A.;96.670.840-9
2239-9-LR22;5800319;Convenio  Marco  de  Artículos  de  Aseo  e  Higiene;707422-80-CM25;52692249;Orden  de  Compra  generada  por  la  Gran  Compra:  76422;2025-06-04;2025-04-11;2025-04-14;2025-04-29;Recepción  Conforme;76422;70.574.900-0;Regional  Bio-Bio;FUNDACION  EDUCACIONAL  PARA  EL  DESAROLLO  INTEGRAL  DE  LA  NIÑEZ;Diagonal  Pedro  Aguirre  Cerda  Nº  1225;Concepción;FUNDACION  EDUCACIONAL  PARA  EL  DESAROLLO  INTEGRAL  DE  LA  NIÑEZ;1927045;TRAPERO  REUTILIZABLE  WINKLER  ABSORVENTE  DOBLE  C/OJAL  50X50  CM  UNIDAD  REGIÓN  VIII;TRAPERO  REUTILIZABLE;984;1050;-7;7392;7761600;No;MG  PUBLICIDAD  Y  EVENTOS  SPA;MG  PUBLICIDAD  Y  EVENTOS  SPA;76.202.065-3
2239-9-LR22;5800319;Convenio  Marco  de  Artículos  de  Aseo  e  Higiene;707422-80-CM25;52692249;Orden  de  Compra  generada  por  la  Gran  Compra:  76422;2025-06-04;2025-04-11;2025-04-14;2025-04-29;Recepción  Conforme;76422;70.574.900-0;Regional  Bio-Bio;FUNDACION  EDUCACIONAL  PARA  EL  DESAROLLO  INTEGRAL  DE  LA  NIÑEZ;Diagonal  Pedro  Aguirre  Cerda  Nº  1225;Concepción;FUNDACION  EDUCACIONAL  PARA  EL  DESAROLLO  INTEGRAL  DE  LA  NIÑEZ;1945378;DESENGRASANTE  COCINA  TREMEX  MULTIUSO  CREMA  ANTIGRASA  750  ML  UNIDAD  REGIÓN  VIII;DESENGRASANTE  COCINA;1771;1244;30;1848;2298912;No;PROVEEDORES  INTEGRALES  PRISA  S  A;PROVEEDORES  INTEGRALES  PRISA  S  A;96.556.940-5
2239-9-LR22;5800319;Convenio  Marco  de  Artículos  de  Aseo  e  Higiene;707422-80-CM25;52692249;Orden  de  Compra  generada  por  la  Gran  Compra:  76422;2025-06-04;2025-04-11;2025-04-14;2025-04-29;Recepción  Conforme;76422;70.574.900-0;Regional  Bio-Bio;FUNDACION  EDUCACIONAL  PARA  EL  DESAROLLO  INTEGRAL  DE  LA  NIÑEZ;Diagonal  Pedro  Aguirre  Cerda  Nº  1225;Concepción;FUNDACION  EDUCACIONAL  PARA  EL  DESAROLLO  INTEGRAL  DE  LA  NIÑEZ;1918953;PAÑUELOS  DESECHABLES  ELITE  PROFESSIONAL  FACIAL  DOBLE  HOJA  21X14  CM  42  CAJAS  50  UNIDADES  REGIÓN  VIII;PAÑUELOS  DESECHABLES;20906;20902;0;664;13878928;No;CASTILLA  Y  ARAGON  SPA;CASTILLA  Y  ARAGON  SPA;96.989.530-7
2239-9-LR22;5800319;Convenio  Marco  de  Artículos  de  Aseo  e  Higiene;707422-80-CM25;52692249;Orden  de  Compra  generada  por  la  Gran  Compra:  76422;2025-06-04;2025-04-11;2025-04-14;2025-04-29;Recepción  Conforme;76422;70.574.900-0;Regional  Bio-Bio;FUNDACION  EDUCACIONAL  PARA  EL  DESAROLLO  INTEGRAL  DE  LA  NIÑEZ;Diagonal  Pedro  Aguirre  Cerda  Nº  1225;Concepción;FUNDACION  EDUCACIONAL  PARA  EL  DESAROLLO  INTEGRAL  DE  LA  NIÑEZ;1933083;JABÓN  ECOSAFE  NEUTRO-GLICERINA  LÍQUIDO  BIDÓN  5  L  UNIDAD  REGIÓN  VIII;JABÓN;6579;6575;0;1000;6575000;No;CASTILLA  Y  ARAGON  SPA;CASTILLA  Y  ARAGON  SPA;96.989.530-7
2239-9-LR22;5800319;Convenio  Marco  de  Artículos  de  Aseo  e  Higiene;707422-80-CM25;52692249;Orden  de  Compra  generada  por  la  Gran  Compra:  76422;2025-06-04;2025-04-11;2025-04-14;2025-04-29;Recepción  Conforme;76422;70.574.900-0;Regional  Bio-Bio;FUNDACION  EDUCACIONAL  PARA  EL  DESAROLLO  INTEGRAL  DE  LA  NIÑEZ;Diagonal  Pedro  Aguirre  Cerda  Nº  1225;Concepción;FUNDACION  EDUCACIONAL  PARA  EL  DESAROLLO  INTEGRAL  DE  LA  NIÑEZ;1918953;PAÑUELOS  DESECHABLES  ELITE  PROFESSIONAL  FACIAL  DOBLE  HOJA  21X14  CM  42  CAJAS  50  UNIDADES  REGIÓN  VIII;PAÑUELOS  DESECHABLES;20908;18350;12;664;12184400;No;MARYUN  SEGURIDAD  INDUSTRIAL  SPA;MARYUN  SEGURIDAD  INDUSTRIAL  SPA;77.084.730-3
2239-9-LR22;5800319;Convenio  Marco  de  Artículos  de  Aseo  e  Higiene;707422-80-CM25;52692249;Orden  de  Compra  generada  por  la  Gran  Compra:  76422;2025-06-04;2025-04-11;2025-04-14;2025-04-29;Recepción  Conforme;76422;70.574.900-0;Regional  Bio-Bio;FUNDACION  EDUCACIONAL  PARA  EL  DESAROLLO  INTEGRAL  DE  LA  NIÑEZ;Diagonal  Pedro  Aguirre  Cerda  Nº  1225;Concepción;FUNDACION  EDUCACIONAL  PARA  EL  DESAROLLO  INTEGRAL  DE  LA  NIÑEZ;1921775;PAPEL  HIGIÉNICO  TORK  ALTO  METRAJE  DOBLE  HOJA  6  ROLLOS  250  M  1  PAQUETE  REGIÓN  VIII;PAPEL  HIGIÉNICO;16137;16135;0;1664;26848640;No;COMERCIAL  CASTRO  Y  CASTRO  LIMITADA;COMERCIAL  CASTRO  Y  CASTRO  LIMITADA;78.456.070-8
2239-9-LR22;5800319;Convenio  Marco  de  Artículos  de  Aseo  e  Higiene;707422-80-CM25;52692249;Orden  de  Compra  generada  por  la  Gran  Compra:  76422;2025-06-04;2025-04-11;2025-04-14;2025-04-29;Recepción  Conforme;76422;70.574.900-0;Regional  Bio-Bio;FUNDACION  EDUCACIONAL  PARA  EL  DESAROLLO  INTEGRAL  DE  LA  NIÑEZ;Diagonal  Pedro  Aguirre  Cerda  Nº  1225;Concepción;FUNDACION  EDUCACIONAL  PARA  EL  DESAROLLO  INTEGRAL  DE  LA  NIÑEZ;1924648;TOALLA  DE  PAPEL  PROPAPER  INTERFOLIADA  DOBLE  HOJA  200  UN  1  PAQUETE  REGIÓN  VIII;TOALLA  DE  PAPEL;1036;1036;0;115000;119140000;No;CASTILLA  Y  ARAGON  SPA;CASTILLA  Y  ARAGON  SPA;96.989.530-7
2239-9-LR22;5800319;Convenio  Marco  de  Artículos  de  Aseo  e  Higiene;707422-80-CM25;52692249;Orden  de  Compra  generada  por  la  Gran  Compra:  76422;2025-06-04;2025-04-11;2025-04-14;2025-04-29;Recepción  Conforme;76422;70.574.900-0;Regional  Bio-Bio;FUNDACION  EDUCACIONAL  PARA  EL  DESAROLLO  INTEGRAL  DE  LA  NIÑEZ;Diagonal  Pedro  Aguirre  Cerda  Nº  1225;Concepción;FUNDACION  EDUCACIONAL  PARA  EL  DESAROLLO  INTEGRAL  DE  LA  NIÑEZ;1926875;TRAPERO  REUTILIZABLE  VIRUTEX  PRO  ABSORVENTE  DOBLE  C/OJAL  50X50  CM  UNIDAD  REGIÓN  VIII;TRAPERO  REUTILIZABLE;1262;1262;0;7392;9328704;No;DIMERC  S  A;DIMERC  S.  A.;96.670.840-9
2239-21-LR23;5802355;Convenio  Marco  de  Insumos  y  Dispositivos  Médicos  (Magento);886954-11788-CM25;52626313;Orden  de  Compra  generada  por  la  Gran  Compra:  75512;2025-06-03;2025-02-20;2025-03-17;2025-03-31;Recepción  Conforme;75512;61.602.189-3;Abastecimiento  Insumos;HOSPITAL  GUILLERMO  GRANT  BENAVENTE  DE  CO;San  Martin  1436;Concepción;HOSPITAL  GUILLERMO  GRANT  BENAVENTE  DE  CO;2233983;TROCAR  QUIRÚRGICO  MINDRAY  CIRUGÍA  ENDOSCÓPICA  AGUJA  DE  VERRES.  TROCARES  Y  CAMISAS  KIT  UNIDAD;TROCAR  QUIRÚRGICO;58406;52565;10;9600;504624000;No;DOLPHIN  MEDICAL  SPA;DOLPHIN  MEDICAL  SPA;77.783.690-0
2239-21-LR23;5802355;Convenio  Marco  de  Insumos  y  Dispositivos  Médicos  (Magento);886954-11788-CM25;52626313;Orden  de  Compra  generada  por  la  Gran  Compra:  75512;2025-06-03;2025-02-20;2025-03-17;2025-03-31;Recepción  Conforme;75512;61.602.189-3;Abastecimiento  Insumos;HOSPITAL  GUILLERMO  GRANT  BENAVENTE  DE  CO;San  Martin  1436;Concepción;HOSPITAL  GUILLERMO  GRANT  BENAVENTE  DE  CO;2233803;TAPA  DE  OBTURACIÓN  BD  ANTIREFLUJO  MZ1000  MAXZERO  CAJA  UNIDAD;TAPA  DE  OBTURACIÓN;621;630;-1;843000;531090000;No;MUNNICH  PHARMA  MEDICAL  SPA;GUILLERMO  HARDING  Y  CIA  LTDA;80.447.400-5
2239-21-LR23;5802355;Convenio  Marco  de  Insumos  y  Dispositivos  Médicos  (Magento);886954-11788-CM25;52626313;Orden  de  Compra  generada  por  la  Gran  Compra:  75512;2025-06-03;2025-02-20;2025-03-17;2025-03-31;Recepción  Conforme;75512;61.602.189-3;Abastecimiento  Insumos;HOSPITAL  GUILLERMO  GRANT  BENAVENTE  DE  CO;San  Martin  1436;Concepción;HOSPITAL  GUILLERMO  GRANT  BENAVENTE  DE  CO;2233871;TAPA  DE  OBTURACIÓN  NEMO  ANTIREFLUJO  CAJA  UNIDAD;TAPA  DE  OBTURACIÓN;594;519;13;843000;437517000;No;NEMO  CHILE  S.A.;NEMO  CHILE  S.  A.;76.215.260-6
2239-21-LR23;5802355;Convenio  Marco  de  Insumos  y  Dispositivos  Médicos  (Magento);886954-11788-CM25;52626313;Orden  de  Compra  generada  por  la  Gran  Compra:  75512;2025-06-03;2025-02-20;2025-03-17;2025-03-31;Recepción  Conforme;75512;61.602.189-3;Abastecimiento  Insumos;HOSPITAL  GUILLERMO  GRANT  BENAVENTE  DE  CO;San  Martin  1436;Concepción;HOSPITAL  GUILLERMO  GRANT  BENAVENTE  DE  CO;2229765;CATÉTER  VENOSO  CENTRAL  HA  HIPO-ALER  TRIPLE  LUMEN  7  FR  X  20  CM  UNIDAD;CATÉTER  VENOSO  CENTRAL;18932;18000;5;12150;218700000;No;ISI-MED  SPA;ISI-MED  SPA;77.430.568-8
2239-21-LR23;5802355;Convenio  Marco  de  Insumos  y  Dispositivos  Médicos  (Magento);886954-11788-CM25;52626313;Orden  de  Compra  generada  por  la  Gran  Compra:  75512;2025-06-03;2025-02-20;2025-03-17;2025-03-31;Recepción  Conforme;75512;61.602.189-3;Abastecimiento  Insumos;HOSPITAL  GUILLERMO  GRANT  BENAVENTE  DE  CO;San  Martin  1436;Concepción;HOSPITAL  GUILLERMO  GRANT  BENAVENTE  DE  CO;2233877;TAPA  DE  OBTURACIÓN  NMB  MEDICAL  ANTIREFLUJO  CAJA  UNIDAD;TAPA  DE  OBTURACIÓN;795;450;43;843000;379350000;No;INTRAMEDICAL  CHILE  SPA;INTRAMEDICAL  CHILE  SPA;77.587.511-9
2239-21-LR23;5802355;Convenio  Marco  de  Insumos  y  Dispositivos  Médicos  (Magento);886954-11788-CM25;52626313;Orden  de  Compra  generada  por  la  Gran  Compra:  75512;2025-06-03;2025-02-20;2025-03-17;2025-03-31;Recepción  Conforme;75512;61.602.189-3;Abastecimiento  Insumos;HOSPITAL  GUILLERMO  GRANT  BENAVENTE  DE  CO;San  Martin  1436;Concepción;HOSPITAL  GUILLERMO  GRANT  BENAVENTE  DE  CO;2229764;CATÉTER  VENOSO  CENTRAL  HA  HIPO-ALER  TRIPLE  LUMEN  7  FR  X  20  CM  10  UNIDADES;CATÉTER  VENOSO  CENTRAL;189316;180000;5;12150;-2107967296;No;ISI-MED  SPA;ISI-MED  SPA;77.430.568-8
2239-21-LR23;5802355;Convenio  Marco  de  Insumos  y  Dispositivos  Médicos  (Magento);886954-11788-CM25;52626313;Orden  de  Compra  generada  por  la  Gran  Compra:  75512;2025-06-03;2025-02-20;2025-03-17;2025-03-31;Recepción  Conforme;75512;61.602.189-3;Abastecimiento  Insumos;HOSPITAL  GUILLERMO  GRANT  BENAVENTE  DE  CO;San  Martin  1436;Concepción;HOSPITAL  GUILLERMO  GRANT  BENAVENTE  DE  CO;2233803;TAPA  DE  OBTURACIÓN  BD  ANTIREFLUJO  MZ1000  MAXZERO  CAJA  UNIDAD;TAPA  DE  OBTURACIÓN;735;685;7;843000;577455000;Si;DROGUERIA  HOFMANN  LIMITADA  Y  COMPANIA  SOCIEDAD  EN  COMANDITA  POR  ACCION;DROGUERIA  HOFMANN  SAC;92.288.000-k
2239-21-LR23;5802355;Convenio  Marco  de  Insumos  y  Dispositivos  Médicos  (Magento);886954-11788-CM25;52626313;Orden  de  Compra  generada  por  la  Gran  Compra:  75512;2025-06-03;2025-02-20;2025-03-17;2025-03-31;Recepción  Conforme;75512;61.602.189-3;Abastecimiento  Insumos;HOSPITAL  GUILLERMO  GRANT  BENAVENTE  DE  CO;San  Martin  1436;Concepción;HOSPITAL  GUILLERMO  GRANT  BENAVENTE  DE  CO;2233980;TROCAR  QUIRÚRGICO  KANGJI  CON  DOBLE  REDUCTOR  SIN  CUCHILLA  12  X  100  MM  UNIDAD;TROCAR  QUIRÚRGICO;15105;16000;-6;9600;153600000;No;IMPORTADORA  Y  COMERCIALIZADORA  HOFMANN  MEDICAL  LIMITADA;IMPORTADORA  Y  COMERCIALIZADORA  HOFMANN  MEDICAL  LIMITADA;76.695.020-5
2239-21-LR23;5802355;Convenio  Marco  de  Insumos  y  Dispositivos  Médicos  (Magento);886954-11788-CM25;52626313;Orden  de  Compra  generada  por  la  Gran  Compra:  75512;2025-06-03;2025-02-20;2025-03-17;2025-03-31;Recepción  Conforme;75512;61.602.189-3;Abastecimiento  Insumos;HOSPITAL  GUILLERMO  GRANT  BENAVENTE  DE  CO;San  Martin  1436;Concepción;HOSPITAL  GUILLERMO  GRANT  BENAVENTE  DE  CO;2233978;TROCAR  QUIRÚRGICO  KANGJI  CIRUGÍA  ENDOSCÓPICA  AGUJA  DE  VERRES.  TROCARES  Y  CAMISAS  KIT  UNIDAD;TROCAR  QUIRÚRGICO;56392;51300;9;9600;492480000;Si;DROGUERIA  HOFMANN  LIMITADA  Y  COMPANIA  SOCIEDAD  EN  COMANDITA  POR  ACCION;DROGUERIA  HOFMANN  SAC;92.288.000-k
2239-21-LR23;5802355;Convenio  Marco  de  Insumos  y  Dispositivos  Médicos  (Magento);886954-11788-CM25;52626313;Orden  de  Compra  generada  por  la  Gran  Compra:  75512;2025-06-03;2025-02-20;2025-03-17;2025-03-31;Recepción  Conforme;75512;61.602.189-3;Abastecimiento  Insumos;HOSPITAL  GUILLERMO  GRANT  BENAVENTE  DE  CO;San  Martin  1436;Concepción;HOSPITAL  GUILLERMO  GRANT  BENAVENTE  DE  CO;2233858;TAPA  DE  OBTURACIÓN  MAXZERO  ANTIREFLUJO  CAJA  100  UNIDADES;TAPA  DE  OBTURACIÓN;81567;78000;4;843000;1329490560;No;HOSPITALIA  PRODUCTOS  MEDICOS  SPA;HOSPITALIA  PRODUCTOS  MEDICOS  SPA;78.233.420-4
2239-8-LR23;5802342;Convenio  Marco  de    Adquisición  de  Vehículos;975-120-CM25;52554138;CAMIONETAS  4X4  Gran  Compra:  75756;2025-06-16;2025-03-10;2025-03-25;2025-04-08;Aceptada;75756;61.202.000-0;Dirección  de  Obras  Hidráulicas  -  MOP;MINISTERIO  DE  OBRAS  PUBLICAS  DIREC  CION  GRAL  DE  OO  PP  DCYF;SANTIAGO;Santiago;MINISTERIO  DE  OBRAS  PUBLICAS  DIREC  CION  GRAL  DE  OO  PP  DCYF;2254759;CAMIONETA  TOYOTA  HILUX  SR  2.8  4X4  MT  2025  REGIÓN  RM;CAMIONETA;33723529;33219100;1;5;166095500;No;AUTOMOTRIZ  PORTILLO  SUR  LIMITADA;AUTOMOTRIZ  PORTILLO  SUR  LTDA;76.296.863-0
2239-8-LR23;5802342;Convenio  Marco  de    Adquisición  de  Vehículos;975-120-CM25;52554138;CAMIONETAS  4X4  Gran  Compra:  75756;2025-06-16;2025-03-10;2025-03-25;2025-04-08;Aceptada;75756;61.202.000-0;Dirección  de  Obras  Hidráulicas  -  MOP;MINISTERIO  DE  OBRAS  PUBLICAS  DIREC  CION  GRAL  DE  OO  PP  DCYF;SANTIAGO;Santiago;MINISTERIO  DE  OBRAS  PUBLICAS  DIREC  CION  GRAL  DE  OO  PP  DCYF;2254759;CAMIONETA  TOYOTA  HILUX  SR  2.8  4X4  MT  2025  REGIÓN  RM;CAMIONETA;34098235;33164898;3;5;165824490;Si;MARITANO  Y  EBENSPERGER  LTDA;MARITANO  Y  EBENSPERGER  LIMITADA;86.519.000-K
2239-8-LR23;5802342;Convenio  Marco  de    Adquisición  de  Vehículos;975-120-CM25;52554138;CAMIONETAS  4X4  Gran  Compra:  75756;2025-06-16;2025-03-10;2025-03-25;2025-04-08;Aceptada;75756;61.202.000-0;Dirección  de  Obras  Hidráulicas  -  MOP;MINISTERIO  DE  OBRAS  PUBLICAS  DIREC  CION  GRAL  DE  OO  PP  DCYF;SANTIAGO;Santiago;MINISTERIO  DE  OBRAS  PUBLICAS  DIREC  CION  GRAL  DE  OO  PP  DCYF;2254759;CAMIONETA  TOYOTA  HILUX  SR  2.8  4X4  MT  2025  REGIÓN  RM;CAMIONETA;34490000;33723530;2;5;168617650;No;KOVACS  SPA;KOVACS  SPA;80.522.900-4
