NroLicitacionPublica;IdConvenioMarco;ConvenioMarco;CodigoOC;PorId;NombreOC;FechaEnvioOC;FechaCreacionGC;FechaInvitacion;FechaFinInvitacion;EstadoOC;IdGranCompra;RutUnidadCompra;UnidadCompra;RazonSocialComprador;DireccionUnidadCompra;ComunaUnidadCompra;Institucion;IdProductoCM;NombreProducto;TipoProducto;PrecioTienda;PrecioOfertaEspecial;DescuentoAplicado;CantidadFinal;PrecioOfertaFinal;Adjudicado;RazonSocialSucursal;NombreProveedor;RutProveedor
2239-8-LR23;5802342;Convenio  Marco  de    Adquisición  de  Vehículos;1018-80-CM25;52462552;ADQUISICION  DE  CAMIONETAS  4X4;2025-04-30;1900-01-01;2025-02-26;2025-03-12;Aceptada;75596;61.202.000-0;Dirección  de  Arquitectura  -  MOP;MINISTERIO  DE  OBRAS  PUBLICAS  DIREC  CION  GRAL  DE  OO  PP  DCYF;Morandé  N°  59,  9°  piso;Santiago;MINISTERIO  DE  OBRAS  PUBLICAS  DIREC  CION  GRAL  DE  OO  PP  DCYF;2245256;CAMIONETA  MAXUS  T60  E6  GL  4X4  MT  2025  REGIÓN  RM;CAMIONETA;20330000;19328046;5;5;96640230;No;COMERCIAL  MOTORES  DE  LOS  ANDES  SPA;COMERCIAL  MOTORES  DE  LOS  ANDES  SPA;76.005.909-9
2239-8-LR23;5802342;Convenio  Marco  de    Adquisición  de  Vehículos;1018-80-CM25;52462552;ADQUISICION  DE  CAMIONETAS  4X4;2025-04-30;1900-01-01;2025-02-26;2025-03-12;Aceptada;75596;61.202.000-0;Dirección  de  Arquitectura  -  MOP;MINISTERIO  DE  OBRAS  PUBLICAS  DIREC  CION  GRAL  DE  OO  PP  DCYF;Morandé  N°  59,  9°  piso;Santiago;MINISTERIO  DE  OBRAS  PUBLICAS  DIREC  CION  GRAL  DE  OO  PP  DCYF;2244916;CAMIONETA  JMC  VIGUS  PLUS  4X4  MT  2025  REGIÓN  RM;CAMIONETA;17991000;17991000;0;5;89955000;Si;ASTARA  RETAIL  CHILE  SPA;ASTARA  RETAIL  CHILE  SPA;96.928.530-4
2239-1-LR24;5802359;CONVENIO  MARCO  PARA  COMPUTADORES  PORTÁTILES  DESKTOP  Y  AIO;1106245-47-CM25;52609152;TPG  ADQUISICIÓN  EQUIPOS  COMPUTACIONALES  PARA  EL  CFT  DE  LA  REGIÓN  METROPOLITANA;2025-04-28;2025-04-07;2025-04-07;2025-04-22;Aceptada;76274;62.000.750-1;CENTRO  DE  FORMACION  TECNICA  DE  LA  REGION  METROPOLI;CENTRO  DE  FORMACION  TECNICA  DE  LA  REGION  METROPOLITANA  DE  SANTIAGO;Península  2035,  Peñalolén;Santiago;CENTRO  DE  FORMACION  TECNICA  DE  LA  REGION  METROPOLITANA  DE  SANTIAGO;2227933;LAPTOP  ACER  TMP  214-55-13CL  WINDOWS  11  PRO  INTEL  CORE  I7-1270P  16  GB  1  TB  GAMA  3;LAPTOP;709;709;0;73;51757;No;NET  NOW  TECNOLOGIA  Y  COMPUTACION  S  A;NET  NOW  TECNOLOGÍA  Y  COMPUTACIÓN  S.A.;78.112.170-3
2239-1-LR24;5802359;CONVENIO  MARCO  PARA  COMPUTADORES  PORTÁTILES  DESKTOP  Y  AIO;1106245-47-CM25;52609152;TPG  ADQUISICIÓN  EQUIPOS  COMPUTACIONALES  PARA  EL  CFT  DE  LA  REGIÓN  METROPOLITANA;2025-04-28;2025-04-07;2025-04-07;2025-04-22;Aceptada;76274;62.000.750-1;CENTRO  DE  FORMACION  TECNICA  DE  LA  REGION  METROPOLI;CENTRO  DE  FORMACION  TECNICA  DE  LA  REGION  METROPOLITANA  DE  SANTIAGO;Península  2035,  Peñalolén;Santiago;CENTRO  DE  FORMACION  TECNICA  DE  LA  REGION  METROPOLITANA  DE  SANTIAGO;2227922;LAPTOP  HP  PROBOOK  445  WINDOWS  11  PRO  AMD  RYZEN  3  7330U  8  GB  512  GB  GAMA  1;LAPTOP;453;451;0;240;108448;No;LECHNER  S.A;LECHNER  S.A.;78.114.650-1
2239-1-LR24;5802359;CONVENIO  MARCO  PARA  COMPUTADORES  PORTÁTILES  DESKTOP  Y  AIO;1106245-47-CM25;52609152;TPG  ADQUISICIÓN  EQUIPOS  COMPUTACIONALES  PARA  EL  CFT  DE  LA  REGIÓN  METROPOLITANA;2025-04-28;2025-04-07;2025-04-07;2025-04-22;Aceptada;76274;62.000.750-1;CENTRO  DE  FORMACION  TECNICA  DE  LA  REGION  METROPOLI;CENTRO  DE  FORMACION  TECNICA  DE  LA  REGION  METROPOLITANA  DE  SANTIAGO;Península  2035,  Peñalolén;Santiago;CENTRO  DE  FORMACION  TECNICA  DE  LA  REGION  METROPOLITANA  DE  SANTIAGO;2227932;LAPTOP  HP  PROBOOK  445  WINDOWS  11  PRO  AMD  RYZEN  7  7730U  16  GB  1  TB  GAMA  3;LAPTOP;675;675;0;73;49302;No;LECHNER  S.A;LECHNER  S.A.;78.114.650-1
2239-1-LR24;5802359;CONVENIO  MARCO  PARA  COMPUTADORES  PORTÁTILES  DESKTOP  Y  AIO;1106245-47-CM25;52609152;TPG  ADQUISICIÓN  EQUIPOS  COMPUTACIONALES  PARA  EL  CFT  DE  LA  REGIÓN  METROPOLITANA;2025-04-28;2025-04-07;2025-04-07;2025-04-22;Aceptada;76274;62.000.750-1;CENTRO  DE  FORMACION  TECNICA  DE  LA  REGION  METROPOLI;CENTRO  DE  FORMACION  TECNICA  DE  LA  REGION  METROPOLITANA  DE  SANTIAGO;Península  2035,  Peñalolén;Santiago;CENTRO  DE  FORMACION  TECNICA  DE  LA  REGION  METROPOLITANA  DE  SANTIAGO;2227931;LAPTOP  LENOVO  THINKBOOK  14  WINDOWS  11  PRO  AMD  RYZEN  7  7730U  16  GB  1  TB  GAMA  3;LAPTOP;584;557;5;73;40684;Si;COMERCIALIZADORA  SP  DIGITAL  SPA;COMERCIALIZADORA  SP  DIGITAL  SPA;76.799.430-3
2239-1-LR24;5802359;CONVENIO  MARCO  PARA  COMPUTADORES  PORTÁTILES  DESKTOP  Y  AIO;1106245-47-CM25;52609152;TPG  ADQUISICIÓN  EQUIPOS  COMPUTACIONALES  PARA  EL  CFT  DE  LA  REGIÓN  METROPOLITANA;2025-04-28;2025-04-07;2025-04-07;2025-04-22;Aceptada;76274;62.000.750-1;CENTRO  DE  FORMACION  TECNICA  DE  LA  REGION  METROPOLI;CENTRO  DE  FORMACION  TECNICA  DE  LA  REGION  METROPOLITANA  DE  SANTIAGO;Península  2035,  Peñalolén;Santiago;CENTRO  DE  FORMACION  TECNICA  DE  LA  REGION  METROPOLITANA  DE  SANTIAGO;2227990;MONITOR  SAMSUNG  24"  MONITOR  T45F  FHD  100HZ  PIVOTEABLE  GAMA  1;MONITOR;94;90;4;17;1545;Si;COMERCIALIZADORA  SP  DIGITAL  SPA;COMERCIALIZADORA  SP  DIGITAL  SPA;76.799.430-3
2239-1-LR24;5802359;CONVENIO  MARCO  PARA  COMPUTADORES  PORTÁTILES  DESKTOP  Y  AIO;1106245-47-CM25;52609152;TPG  ADQUISICIÓN  EQUIPOS  COMPUTACIONALES  PARA  EL  CFT  DE  LA  REGIÓN  METROPOLITANA;2025-04-28;2025-04-07;2025-04-07;2025-04-22;Aceptada;76274;62.000.750-1;CENTRO  DE  FORMACION  TECNICA  DE  LA  REGION  METROPOLI;CENTRO  DE  FORMACION  TECNICA  DE  LA  REGION  METROPOLITANA  DE  SANTIAGO;Península  2035,  Peñalolén;Santiago;CENTRO  DE  FORMACION  TECNICA  DE  LA  REGION  METROPOLITANA  DE  SANTIAGO;2227987;MONITOR  ACER  V247Y  23,8  PULGADAS  GAMA  1;MONITOR;78;78;0;17;1326;No;NET  NOW  TECNOLOGIA  Y  COMPUTACION  S  A;NET  NOW  TECNOLOGÍA  Y  COMPUTACIÓN  S.A.;78.112.170-3
2239-1-LR24;5802359;CONVENIO  MARCO  PARA  COMPUTADORES  PORTÁTILES  DESKTOP  Y  AIO;1106245-47-CM25;52609152;TPG  ADQUISICIÓN  EQUIPOS  COMPUTACIONALES  PARA  EL  CFT  DE  LA  REGIÓN  METROPOLITANA;2025-04-28;2025-04-07;2025-04-07;2025-04-22;Aceptada;76274;62.000.750-1;CENTRO  DE  FORMACION  TECNICA  DE  LA  REGION  METROPOLI;CENTRO  DE  FORMACION  TECNICA  DE  LA  REGION  METROPOLITANA  DE  SANTIAGO;Península  2035,  Peñalolén;Santiago;CENTRO  DE  FORMACION  TECNICA  DE  LA  REGION  METROPOLITANA  DE  SANTIAGO;2227920;LAPTOP  LENOVO  THINKBOOK  14  WINDOWS  11  PRO  AMD  RYZEN  3  7330U  8  GB  512  GB  GAMA  1;LAPTOP;463;418;10;240;100557;No;REPARACIONES  BBCC  LIMITADA;REPARACIONES  BBCC  LIMITADA;76.376.530-k
2239-1-LR24;5802359;CONVENIO  MARCO  PARA  COMPUTADORES  PORTÁTILES  DESKTOP  Y  AIO;1106245-47-CM25;52609152;TPG  ADQUISICIÓN  EQUIPOS  COMPUTACIONALES  PARA  EL  CFT  DE  LA  REGIÓN  METROPOLITANA;2025-04-28;2025-04-07;2025-04-07;2025-04-22;Aceptada;76274;62.000.750-1;CENTRO  DE  FORMACION  TECNICA  DE  LA  REGION  METROPOLI;CENTRO  DE  FORMACION  TECNICA  DE  LA  REGION  METROPOLITANA  DE  SANTIAGO;Península  2035,  Peñalolén;Santiago;CENTRO  DE  FORMACION  TECNICA  DE  LA  REGION  METROPOLITANA  DE  SANTIAGO;2227931;LAPTOP  LENOVO  THINKBOOK  14  WINDOWS  11  PRO  AMD  RYZEN  7  7730U  16  GB  1  TB  GAMA  3;LAPTOP;588;540;8;73;39444;No;REPARACIONES  BBCC  LIMITADA;REPARACIONES  BBCC  LIMITADA;76.376.530-k
2239-1-LR24;5802359;CONVENIO  MARCO  PARA  COMPUTADORES  PORTÁTILES  DESKTOP  Y  AIO;1106245-47-CM25;52609152;TPG  ADQUISICIÓN  EQUIPOS  COMPUTACIONALES  PARA  EL  CFT  DE  LA  REGIÓN  METROPOLITANA;2025-04-28;2025-04-07;2025-04-07;2025-04-22;Aceptada;76274;62.000.750-1;CENTRO  DE  FORMACION  TECNICA  DE  LA  REGION  METROPOLI;CENTRO  DE  FORMACION  TECNICA  DE  LA  REGION  METROPOLITANA  DE  SANTIAGO;Península  2035,  Peñalolén;Santiago;CENTRO  DE  FORMACION  TECNICA  DE  LA  REGION  METROPOLITANA  DE  SANTIAGO;2227990;MONITOR  SAMSUNG  24"  MONITOR  T45F  FHD  100HZ  PIVOTEABLE  GAMA  1;MONITOR;91;91;1;17;1550;No;COMPUTACION  E  INGENIERIA  S  A;COMPUTACION  E  INGENIERIA  S.A.;96.693.120-5
2239-1-LR24;5802359;CONVENIO  MARCO  PARA  COMPUTADORES  PORTÁTILES  DESKTOP  Y  AIO;1106245-47-CM25;52609152;TPG  ADQUISICIÓN  EQUIPOS  COMPUTACIONALES  PARA  EL  CFT  DE  LA  REGIÓN  METROPOLITANA;2025-04-28;2025-04-07;2025-04-07;2025-04-22;Aceptada;76274;62.000.750-1;CENTRO  DE  FORMACION  TECNICA  DE  LA  REGION  METROPOLI;CENTRO  DE  FORMACION  TECNICA  DE  LA  REGION  METROPOLITANA  DE  SANTIAGO;Península  2035,  Peñalolén;Santiago;CENTRO  DE  FORMACION  TECNICA  DE  LA  REGION  METROPOLITANA  DE  SANTIAGO;2227920;LAPTOP  LENOVO  THINKBOOK  14  WINDOWS  11  PRO  AMD  RYZEN  3  7330U  8  GB  512  GB  GAMA  1;LAPTOP;463;434;6;240;104388;Si;COMERCIALIZADORA  SP  DIGITAL  SPA;COMERCIALIZADORA  SP  DIGITAL  SPA;76.799.430-3
2239-1-LR24;5802359;CONVENIO  MARCO  PARA  COMPUTADORES  PORTÁTILES  DESKTOP  Y  AIO;1106245-47-CM25;52609152;TPG  ADQUISICIÓN  EQUIPOS  COMPUTACIONALES  PARA  EL  CFT  DE  LA  REGIÓN  METROPOLITANA;2025-04-28;2025-04-07;2025-04-07;2025-04-22;Aceptada;76274;62.000.750-1;CENTRO  DE  FORMACION  TECNICA  DE  LA  REGION  METROPOLI;CENTRO  DE  FORMACION  TECNICA  DE  LA  REGION  METROPOLITANA  DE  SANTIAGO;Península  2035,  Peñalolén;Santiago;CENTRO  DE  FORMACION  TECNICA  DE  LA  REGION  METROPOLITANA  DE  SANTIAGO;2227923;LAPTOP  ACER  TMP  214-55-11CL  WINDOWS  11  PRO  INTEL  CORE  I3-1315U  8  GB  512  GB  GAMA  1;LAPTOP;484;439;9;240;105360;No;NET  NOW  TECNOLOGIA  Y  COMPUTACION  S  A;NET  NOW  TECNOLOGÍA  Y  COMPUTACIÓN  S.A.;78.112.170-3
2239-1-LR24;5802359;CONVENIO  MARCO  PARA  COMPUTADORES  PORTÁTILES  DESKTOP  Y  AIO;1106245-47-CM25;52609152;TPG  ADQUISICIÓN  EQUIPOS  COMPUTACIONALES  PARA  EL  CFT  DE  LA  REGIÓN  METROPOLITANA;2025-04-28;2025-04-07;2025-04-07;2025-04-22;Aceptada;76274;62.000.750-1;CENTRO  DE  FORMACION  TECNICA  DE  LA  REGION  METROPOLI;CENTRO  DE  FORMACION  TECNICA  DE  LA  REGION  METROPOLITANA  DE  SANTIAGO;Península  2035,  Peñalolén;Santiago;CENTRO  DE  FORMACION  TECNICA  DE  LA  REGION  METROPOLITANA  DE  SANTIAGO;2227921;LAPTOP  HP  PROBOOK  445  WINDOWS  11  PRO  AMD  RYZEN  3  7330U  8  GB  512GB  GAMA  1;LAPTOP;456;441;3;240;105960;No;COMPUTACION  E  INGENIERIA  S  A;COMPUTACION  E  INGENIERIA  S.A.;96.693.120-5
2239-1-LR24;5802359;CONVENIO  MARCO  PARA  COMPUTADORES  PORTÁTILES  DESKTOP  Y  AIO;1106245-47-CM25;52609152;TPG  ADQUISICIÓN  EQUIPOS  COMPUTACIONALES  PARA  EL  CFT  DE  LA  REGIÓN  METROPOLITANA;2025-04-28;2025-04-07;2025-04-07;2025-04-22;Aceptada;76274;62.000.750-1;CENTRO  DE  FORMACION  TECNICA  DE  LA  REGION  METROPOLI;CENTRO  DE  FORMACION  TECNICA  DE  LA  REGION  METROPOLITANA  DE  SANTIAGO;Península  2035,  Peñalolén;Santiago;CENTRO  DE  FORMACION  TECNICA  DE  LA  REGION  METROPOLITANA  DE  SANTIAGO;2227990;MONITOR  SAMSUNG  24"  MONITOR  T45F  FHD  100HZ  PIVOTEABLE  GAMA  1;MONITOR;91;91;0;17;1553;No;LECHNER  S.A;LECHNER  S.A.;78.114.650-1
2239-1-LR24;5802359;CONVENIO  MARCO  PARA  COMPUTADORES  PORTÁTILES  DESKTOP  Y  AIO;1106245-47-CM25;52609152;TPG  ADQUISICIÓN  EQUIPOS  COMPUTACIONALES  PARA  EL  CFT  DE  LA  REGIÓN  METROPOLITANA;2025-04-28;2025-04-07;2025-04-07;2025-04-22;Aceptada;76274;62.000.750-1;CENTRO  DE  FORMACION  TECNICA  DE  LA  REGION  METROPOLI;CENTRO  DE  FORMACION  TECNICA  DE  LA  REGION  METROPOLITANA  DE  SANTIAGO;Península  2035,  Peñalolén;Santiago;CENTRO  DE  FORMACION  TECNICA  DE  LA  REGION  METROPOLITANA  DE  SANTIAGO;2227932;LAPTOP  HP  PROBOOK  445  WINDOWS  11  PRO  AMD  RYZEN  7  7730U  16  GB  1  TB  GAMA  3;LAPTOP;665;665;0;73;48563;No;COMPUTACION  E  INGENIERIA  S  A;COMPUTACION  E  INGENIERIA  S.A.;96.693.120-5
2239-9-LR22;5800319;Convenio  Marco  de  Artículos  de  Aseo  e  Higiene;1214102-665-CM25;52483112;(MJR)  INSUMOS  TISSUE  PARA  CENTROS  CODEP  (Gran  Compra:  75633);2025-04-24;1900-01-01;2025-02-26;2025-03-12;Solicitud  de  Cancelación;75633;70.835.200-4;Adquisiciones;CORP  MUNICIPAL  DE  DESARROLLO  SOCIAL  DE  PUDAHUEL;San  Francisco  8630;Pudahuel;CORP  MUNICIPAL  DE  DESARROLLO  SOCIAL  DE  PUDAHUEL;1923981;TOALLA  DE  PAPEL  ELITE  PROFESSIONAL  DOBLE  HOJA  200  M  2  ROLLOS  REGIÓN  RM;TOALLA  DE  PAPEL;8120;7790;4;10029;78125910;Si;COMERCIAL  DASA  SPA;COMERCIAL  DASA  SPA;76.525.922-3
2239-9-LR22;5800319;Convenio  Marco  de  Artículos  de  Aseo  e  Higiene;1214102-665-CM25;52483112;(MJR)  INSUMOS  TISSUE  PARA  CENTROS  CODEP  (Gran  Compra:  75633);2025-04-24;1900-01-01;2025-02-26;2025-03-12;Solicitud  de  Cancelación;75633;70.835.200-4;Adquisiciones;CORP  MUNICIPAL  DE  DESARROLLO  SOCIAL  DE  PUDAHUEL;San  Francisco  8630;Pudahuel;CORP  MUNICIPAL  DE  DESARROLLO  SOCIAL  DE  PUDAHUEL;1923981;TOALLA  DE  PAPEL  ELITE  PROFESSIONAL  DOBLE  HOJA  200  M  2  ROLLOS  REGIÓN  RM;TOALLA  DE  PAPEL;10449;10449;0;10029;104793021;No;COMERCIALIZADORA    E  INMOBILIARIA    FORBES    SPA;COMERCIALIZADORA  E  INMOBILIARIA  FORBES  SPA;76.774.294-0
2239-9-LR22;5800319;Convenio  Marco  de  Artículos  de  Aseo  e  Higiene;1214102-665-CM25;52483112;(MJR)  INSUMOS  TISSUE  PARA  CENTROS  CODEP  (Gran  Compra:  75633);2025-04-24;1900-01-01;2025-02-26;2025-03-12;Solicitud  de  Cancelación;75633;70.835.200-4;Adquisiciones;CORP  MUNICIPAL  DE  DESARROLLO  SOCIAL  DE  PUDAHUEL;San  Francisco  8630;Pudahuel;CORP  MUNICIPAL  DE  DESARROLLO  SOCIAL  DE  PUDAHUEL;1920054;PAPEL  HIGIÉNICO  ELITE  ALTO  METRAJE  HOJA  SIMPLE  4  ROLLOS  500  M  1  PAQUETE  REGIÓN  RM;PAPEL  HIGIÉNICO;8034;7448;7;3469;25837112;No;COMERCIALIZADORA  DE  ART  DE  PROTECCION  Y  SEGURIDAD  INDUSTRIAL  MANQUEHUE;COMERCIALIZADORA  DE  ART  DE  PROTECCION  Y  SEGURIDAD  INDUSTRIAL  MANQUEHUE;86.887.200-4
2239-9-LR22;5800319;Convenio  Marco  de  Artículos  de  Aseo  e  Higiene;1214102-665-CM25;52483112;(MJR)  INSUMOS  TISSUE  PARA  CENTROS  CODEP  (Gran  Compra:  75633);2025-04-24;1900-01-01;2025-02-26;2025-03-12;Solicitud  de  Cancelación;75633;70.835.200-4;Adquisiciones;CORP  MUNICIPAL  DE  DESARROLLO  SOCIAL  DE  PUDAHUEL;San  Francisco  8630;Pudahuel;CORP  MUNICIPAL  DE  DESARROLLO  SOCIAL  DE  PUDAHUEL;1920054;PAPEL  HIGIÉNICO  ELITE  ALTO  METRAJE  HOJA  SIMPLE  4  ROLLOS  500  M  1  PAQUETE  REGIÓN  RM;PAPEL  HIGIÉNICO;8064;7448;8;3469;25837112;No;PROVEEDORES  INTEGRALES  PRISA  S  A;PROVEEDORES  INTEGRALES  PRISA  S  A;96.556.940-5
2239-9-LR22;5800319;Convenio  Marco  de  Artículos  de  Aseo  e  Higiene;1214102-665-CM25;52483112;(MJR)  INSUMOS  TISSUE  PARA  CENTROS  CODEP  (Gran  Compra:  75633);2025-04-24;1900-01-01;2025-02-26;2025-03-12;Solicitud  de  Cancelación;75633;70.835.200-4;Adquisiciones;CORP  MUNICIPAL  DE  DESARROLLO  SOCIAL  DE  PUDAHUEL;San  Francisco  8630;Pudahuel;CORP  MUNICIPAL  DE  DESARROLLO  SOCIAL  DE  PUDAHUEL;1924032;TOALLA  DE  PAPEL  ELITE  PROFESSIONAL  INTERFOLIADA  DOBLE  HOJA  200  UN  1  PAQUETE  REGIÓN  RM;TOALLA  DE  PAPEL;1151;1170;-2;18610;21773700;No;COMERCIAL  FASIT  LIMITADA;COMERCIAL  FASIT  LIMITADA;76.607.224-0
2239-9-LR22;5800319;Convenio  Marco  de  Artículos  de  Aseo  e  Higiene;1214102-665-CM25;52483112;(MJR)  INSUMOS  TISSUE  PARA  CENTROS  CODEP  (Gran  Compra:  75633);2025-04-24;1900-01-01;2025-02-26;2025-03-12;Solicitud  de  Cancelación;75633;70.835.200-4;Adquisiciones;CORP  MUNICIPAL  DE  DESARROLLO  SOCIAL  DE  PUDAHUEL;San  Francisco  8630;Pudahuel;CORP  MUNICIPAL  DE  DESARROLLO  SOCIAL  DE  PUDAHUEL;1946891;TOALLA  DE  PAPEL  ELITE  SABANILLA  PLUS  48  METROS  2  ROLLOS  UNIDAD  REGIÓN  RM;TOALLA  DE  PAPEL;6307;4523;28;8807;39834061;No;PROVEEDORES  INTEGRALES  PRISA  S  A;PROVEEDORES  INTEGRALES  PRISA  S  A;96.556.940-5
2239-9-LR22;5800319;Convenio  Marco  de  Artículos  de  Aseo  e  Higiene;1214102-665-CM25;52483112;(MJR)  INSUMOS  TISSUE  PARA  CENTROS  CODEP  (Gran  Compra:  75633);2025-04-24;1900-01-01;2025-02-26;2025-03-12;Solicitud  de  Cancelación;75633;70.835.200-4;Adquisiciones;CORP  MUNICIPAL  DE  DESARROLLO  SOCIAL  DE  PUDAHUEL;San  Francisco  8630;Pudahuel;CORP  MUNICIPAL  DE  DESARROLLO  SOCIAL  DE  PUDAHUEL;1925018;TOALLA  DE  PAPEL  TORK  DOBLE  HOJA  200  M  2  ROLLOS  REGIÓN  RM;TOALLA  DE  PAPEL;10114;8390;17;10029;84143310;No;SERVICIOS  INTEGRADOS  SIDAPT  LIMITADA;SERVICIOS  INTEGRADOS  SIDAPT  LIMITADA;76.299.358-9
2239-9-LR22;5800319;Convenio  Marco  de  Artículos  de  Aseo  e  Higiene;1214102-665-CM25;52483112;(MJR)  INSUMOS  TISSUE  PARA  CENTROS  CODEP  (Gran  Compra:  75633);2025-04-24;1900-01-01;2025-02-26;2025-03-12;Solicitud  de  Cancelación;75633;70.835.200-4;Adquisiciones;CORP  MUNICIPAL  DE  DESARROLLO  SOCIAL  DE  PUDAHUEL;San  Francisco  8630;Pudahuel;CORP  MUNICIPAL  DE  DESARROLLO  SOCIAL  DE  PUDAHUEL;1920054;PAPEL  HIGIÉNICO  ELITE  ALTO  METRAJE  HOJA  SIMPLE  4  ROLLOS  500  M  1  PAQUETE  REGIÓN  RM;PAPEL  HIGIÉNICO;8466;6350;25;3469;22028150;Si;COMERCIAL  DASA  SPA;COMERCIAL  DASA  SPA;76.525.922-3
2239-9-LR22;5800319;Convenio  Marco  de  Artículos  de  Aseo  e  Higiene;1214102-665-CM25;52483112;(MJR)  INSUMOS  TISSUE  PARA  CENTROS  CODEP  (Gran  Compra:  75633);2025-04-24;1900-01-01;2025-02-26;2025-03-12;Solicitud  de  Cancelación;75633;70.835.200-4;Adquisiciones;CORP  MUNICIPAL  DE  DESARROLLO  SOCIAL  DE  PUDAHUEL;San  Francisco  8630;Pudahuel;CORP  MUNICIPAL  DE  DESARROLLO  SOCIAL  DE  PUDAHUEL;1924032;TOALLA  DE  PAPEL  ELITE  PROFESSIONAL  INTERFOLIADA  DOBLE  HOJA  200  UN  1  PAQUETE  REGIÓN  RM;TOALLA  DE  PAPEL;1194;1194;0;18610;22220340;No;ROLAND  VORWERK  Y  COMPANIA  LIMITADA;ROLAND  VORWERK  Y  COMPANIA  LIMITADA;78.178.530-k
2239-9-LR22;5800319;Convenio  Marco  de  Artículos  de  Aseo  e  Higiene;1214102-665-CM25;52483112;(MJR)  INSUMOS  TISSUE  PARA  CENTROS  CODEP  (Gran  Compra:  75633);2025-04-24;1900-01-01;2025-02-26;2025-03-12;Solicitud  de  Cancelación;75633;70.835.200-4;Adquisiciones;CORP  MUNICIPAL  DE  DESARROLLO  SOCIAL  DE  PUDAHUEL;San  Francisco  8630;Pudahuel;CORP  MUNICIPAL  DE  DESARROLLO  SOCIAL  DE  PUDAHUEL;1920054;PAPEL  HIGIÉNICO  ELITE  ALTO  METRAJE  HOJA  SIMPLE  4  ROLLOS  500  M  1  PAQUETE  REGIÓN  RM;PAPEL  HIGIÉNICO;8035;8035;0;3469;27873415;No;COMERCIALIZADORA    E  INMOBILIARIA    FORBES    SPA;COMERCIALIZADORA  E  INMOBILIARIA  FORBES  SPA;76.774.294-0
2239-9-LR22;5800319;Convenio  Marco  de  Artículos  de  Aseo  e  Higiene;1214102-665-CM25;52483112;(MJR)  INSUMOS  TISSUE  PARA  CENTROS  CODEP  (Gran  Compra:  75633);2025-04-24;1900-01-01;2025-02-26;2025-03-12;Solicitud  de  Cancelación;75633;70.835.200-4;Adquisiciones;CORP  MUNICIPAL  DE  DESARROLLO  SOCIAL  DE  PUDAHUEL;San  Francisco  8630;Pudahuel;CORP  MUNICIPAL  DE  DESARROLLO  SOCIAL  DE  PUDAHUEL;1921788;PAPEL  HIGIÉNICO  TORK  ALTO  METRAJE  HOJA  SIMPLE  4  ROLLOS  500  M  1  PAQUETE  REGIÓN  RM;PAPEL  HIGIÉNICO;9444;9233;2;3469;32029277;No;SUPERMERCADO  MAYORISTA  B  MÁS  SPA;SUPERMERCADO  MAYORISTA  METROPOLITANO  SPA;77.047.926-6
2239-9-LR22;5800319;Convenio  Marco  de  Artículos  de  Aseo  e  Higiene;1214102-665-CM25;52483112;(MJR)  INSUMOS  TISSUE  PARA  CENTROS  CODEP  (Gran  Compra:  75633);2025-04-24;1900-01-01;2025-02-26;2025-03-12;Solicitud  de  Cancelación;75633;70.835.200-4;Adquisiciones;CORP  MUNICIPAL  DE  DESARROLLO  SOCIAL  DE  PUDAHUEL;San  Francisco  8630;Pudahuel;CORP  MUNICIPAL  DE  DESARROLLO  SOCIAL  DE  PUDAHUEL;1920054;PAPEL  HIGIÉNICO  ELITE  ALTO  METRAJE  HOJA  SIMPLE  4  ROLLOS  500  M  1  PAQUETE  REGIÓN  RM;PAPEL  HIGIÉNICO;8316;7444;10;3469;25823236;No;ROLAND  VORWERK  Y  COMPANIA  LIMITADA;ROLAND  VORWERK  Y  COMPANIA  LIMITADA;78.178.530-k
2239-9-LR22;5800319;Convenio  Marco  de  Artículos  de  Aseo  e  Higiene;1214102-665-CM25;52483112;(MJR)  INSUMOS  TISSUE  PARA  CENTROS  CODEP  (Gran  Compra:  75633);2025-04-24;1900-01-01;2025-02-26;2025-03-12;Solicitud  de  Cancelación;75633;70.835.200-4;Adquisiciones;CORP  MUNICIPAL  DE  DESARROLLO  SOCIAL  DE  PUDAHUEL;San  Francisco  8630;Pudahuel;CORP  MUNICIPAL  DE  DESARROLLO  SOCIAL  DE  PUDAHUEL;1924032;TOALLA  DE  PAPEL  ELITE  PROFESSIONAL  INTERFOLIADA  DOBLE  HOJA  200  UN  1  PAQUETE  REGIÓN  RM;TOALLA  DE  PAPEL;1148;1405;-22;18610;26147050;No;MARYUN  SEGURIDAD  INDUSTRIAL  SPA;MARYUN  SEGURIDAD  INDUSTRIAL  SPA;77.084.730-3
2239-9-LR22;5800319;Convenio  Marco  de  Artículos  de  Aseo  e  Higiene;1214102-665-CM25;52483112;(MJR)  INSUMOS  TISSUE  PARA  CENTROS  CODEP  (Gran  Compra:  75633);2025-04-24;1900-01-01;2025-02-26;2025-03-12;Solicitud  de  Cancelación;75633;70.835.200-4;Adquisiciones;CORP  MUNICIPAL  DE  DESARROLLO  SOCIAL  DE  PUDAHUEL;San  Francisco  8630;Pudahuel;CORP  MUNICIPAL  DE  DESARROLLO  SOCIAL  DE  PUDAHUEL;1921686;PAPEL  HIGIÉNICO  TECNOROLL  ALTO  METRAJE  HOJA  SIMPLE  4  ROLLOS  500  M  1  PAQUETE  REGIÓN  RM;PAPEL  HIGIÉNICO;8627;8171;5;3469;28345199;No;SURTI  VENTAS  S.A.;SURTI  VENTAS  S.A.;76.462.500-5
2239-9-LR22;5800319;Convenio  Marco  de  Artículos  de  Aseo  e  Higiene;1214102-665-CM25;52483112;(MJR)  INSUMOS  TISSUE  PARA  CENTROS  CODEP  (Gran  Compra:  75633);2025-04-24;1900-01-01;2025-02-26;2025-03-12;Solicitud  de  Cancelación;75633;70.835.200-4;Adquisiciones;CORP  MUNICIPAL  DE  DESARROLLO  SOCIAL  DE  PUDAHUEL;San  Francisco  8630;Pudahuel;CORP  MUNICIPAL  DE  DESARROLLO  SOCIAL  DE  PUDAHUEL;1923981;TOALLA  DE  PAPEL  ELITE  PROFESSIONAL  DOBLE  HOJA  200  M  2  ROLLOS  REGIÓN  RM;TOALLA  DE  PAPEL;10243;8500;17;10029;85246500;No;DIMERC  S  A;DIMERC  S.  A.;96.670.840-9
2239-9-LR22;5800319;Convenio  Marco  de  Artículos  de  Aseo  e  Higiene;1214102-665-CM25;52483112;(MJR)  INSUMOS  TISSUE  PARA  CENTROS  CODEP  (Gran  Compra:  75633);2025-04-24;1900-01-01;2025-02-26;2025-03-12;Solicitud  de  Cancelación;75633;70.835.200-4;Adquisiciones;CORP  MUNICIPAL  DE  DESARROLLO  SOCIAL  DE  PUDAHUEL;San  Francisco  8630;Pudahuel;CORP  MUNICIPAL  DE  DESARROLLO  SOCIAL  DE  PUDAHUEL;1920054;PAPEL  HIGIÉNICO  ELITE  ALTO  METRAJE  HOJA  SIMPLE  4  ROLLOS  500  M  1  PAQUETE  REGIÓN  RM;PAPEL  HIGIÉNICO;6588;8015;-22;3469;27804035;No;MARYUN  SEGURIDAD  INDUSTRIAL  SPA;MARYUN  SEGURIDAD  INDUSTRIAL  SPA;77.084.730-3
2239-9-LR22;5800319;Convenio  Marco  de  Artículos  de  Aseo  e  Higiene;1214102-665-CM25;52483112;(MJR)  INSUMOS  TISSUE  PARA  CENTROS  CODEP  (Gran  Compra:  75633);2025-04-24;1900-01-01;2025-02-26;2025-03-12;Solicitud  de  Cancelación;75633;70.835.200-4;Adquisiciones;CORP  MUNICIPAL  DE  DESARROLLO  SOCIAL  DE  PUDAHUEL;San  Francisco  8630;Pudahuel;CORP  MUNICIPAL  DE  DESARROLLO  SOCIAL  DE  PUDAHUEL;1943606;TOALLA  DE  PAPEL  TORK  SABANILLA  UNIVERSAL  48  M  BOLSA  2  ROLLOS  REGIÓN  RM;TOALLA  DE  PAPEL;6066;3490;42;8807;30736430;No;SERVICIOS  INTEGRADOS  SIDAPT  LIMITADA;SERVICIOS  INTEGRADOS  SIDAPT  LIMITADA;76.299.358-9
2239-9-LR22;5800319;Convenio  Marco  de  Artículos  de  Aseo  e  Higiene;1214102-665-CM25;52483112;(MJR)  INSUMOS  TISSUE  PARA  CENTROS  CODEP  (Gran  Compra:  75633);2025-04-24;1900-01-01;2025-02-26;2025-03-12;Solicitud  de  Cancelación;75633;70.835.200-4;Adquisiciones;CORP  MUNICIPAL  DE  DESARROLLO  SOCIAL  DE  PUDAHUEL;San  Francisco  8630;Pudahuel;CORP  MUNICIPAL  DE  DESARROLLO  SOCIAL  DE  PUDAHUEL;1920054;PAPEL  HIGIÉNICO  ELITE  ALTO  METRAJE  HOJA  SIMPLE  4  ROLLOS  500  M  1  PAQUETE  REGIÓN  RM;PAPEL  HIGIÉNICO;8312;7350;12;3469;25497150;No;DIMERC  S  A;DIMERC  S.  A.;96.670.840-9
2239-9-LR22;5800319;Convenio  Marco  de  Artículos  de  Aseo  e  Higiene;1214102-665-CM25;52483112;(MJR)  INSUMOS  TISSUE  PARA  CENTROS  CODEP  (Gran  Compra:  75633);2025-04-24;1900-01-01;2025-02-26;2025-03-12;Solicitud  de  Cancelación;75633;70.835.200-4;Adquisiciones;CORP  MUNICIPAL  DE  DESARROLLO  SOCIAL  DE  PUDAHUEL;San  Francisco  8630;Pudahuel;CORP  MUNICIPAL  DE  DESARROLLO  SOCIAL  DE  PUDAHUEL;1921788;PAPEL  HIGIÉNICO  TORK  ALTO  METRAJE  HOJA  SIMPLE  4  ROLLOS  500  M  1  PAQUETE  REGIÓN  RM;PAPEL  HIGIÉNICO;9713;7690;21;3469;26676610;No;SERVICIOS  INTEGRADOS  SIDAPT  LIMITADA;SERVICIOS  INTEGRADOS  SIDAPT  LIMITADA;76.299.358-9
2239-9-LR22;5800319;Convenio  Marco  de  Artículos  de  Aseo  e  Higiene;1214102-665-CM25;52483112;(MJR)  INSUMOS  TISSUE  PARA  CENTROS  CODEP  (Gran  Compra:  75633);2025-04-24;1900-01-01;2025-02-26;2025-03-12;Solicitud  de  Cancelación;75633;70.835.200-4;Adquisiciones;CORP  MUNICIPAL  DE  DESARROLLO  SOCIAL  DE  PUDAHUEL;San  Francisco  8630;Pudahuel;CORP  MUNICIPAL  DE  DESARROLLO  SOCIAL  DE  PUDAHUEL;1920224;PAPEL  HIGIÉNICO  ELITE  PROFESSIONAL  ALTO  METRAJE  HOJA  SIMPLE  4  ROLLOS  500  M  1  PAQUETE  REGIÓN  RM;PAPEL  HIGIÉNICO;9341;7907;15;3469;27429383;No;SURTI  VENTAS  S.A.;SURTI  VENTAS  S.A.;76.462.500-5
2239-9-LR22;5800319;Convenio  Marco  de  Artículos  de  Aseo  e  Higiene;1214102-665-CM25;52483112;(MJR)  INSUMOS  TISSUE  PARA  CENTROS  CODEP  (Gran  Compra:  75633);2025-04-24;1900-01-01;2025-02-26;2025-03-12;Solicitud  de  Cancelación;75633;70.835.200-4;Adquisiciones;CORP  MUNICIPAL  DE  DESARROLLO  SOCIAL  DE  PUDAHUEL;San  Francisco  8630;Pudahuel;CORP  MUNICIPAL  DE  DESARROLLO  SOCIAL  DE  PUDAHUEL;1924032;TOALLA  DE  PAPEL  ELITE  PROFESSIONAL  INTERFOLIADA  DOBLE  HOJA  200  UN  1  PAQUETE  REGIÓN  RM;TOALLA  DE  PAPEL;1353;1290;5;18610;24006900;No;SURTI  VENTAS  S.A.;SURTI  VENTAS  S.A.;76.462.500-5
2239-9-LR22;5800319;Convenio  Marco  de  Artículos  de  Aseo  e  Higiene;1214102-665-CM25;52483112;(MJR)  INSUMOS  TISSUE  PARA  CENTROS  CODEP  (Gran  Compra:  75633);2025-04-24;1900-01-01;2025-02-26;2025-03-12;Solicitud  de  Cancelación;75633;70.835.200-4;Adquisiciones;CORP  MUNICIPAL  DE  DESARROLLO  SOCIAL  DE  PUDAHUEL;San  Francisco  8630;Pudahuel;CORP  MUNICIPAL  DE  DESARROLLO  SOCIAL  DE  PUDAHUEL;1923981;TOALLA  DE  PAPEL  ELITE  PROFESSIONAL  DOBLE  HOJA  200  M  2  ROLLOS  REGIÓN  RM;TOALLA  DE  PAPEL;9544;8687;9;10029;87121923;No;COMERCIALIZADORA  DE  ART  DE  PROTECCION  Y  SEGURIDAD  INDUSTRIAL  MANQUEHUE;COMERCIALIZADORA  DE  ART  DE  PROTECCION  Y  SEGURIDAD  INDUSTRIAL  MANQUEHUE;86.887.200-4
2239-9-LR22;5800319;Convenio  Marco  de  Artículos  de  Aseo  e  Higiene;1214102-665-CM25;52483112;(MJR)  INSUMOS  TISSUE  PARA  CENTROS  CODEP  (Gran  Compra:  75633);2025-04-24;1900-01-01;2025-02-26;2025-03-12;Solicitud  de  Cancelación;75633;70.835.200-4;Adquisiciones;CORP  MUNICIPAL  DE  DESARROLLO  SOCIAL  DE  PUDAHUEL;San  Francisco  8630;Pudahuel;CORP  MUNICIPAL  DE  DESARROLLO  SOCIAL  DE  PUDAHUEL;1943606;TOALLA  DE  PAPEL  TORK  SABANILLA  UNIVERSAL  48  M  BOLSA  2  ROLLOS  REGIÓN  RM;TOALLA  DE  PAPEL;5320;4807;10;8807;42335249;No;SUPERMERCADO  MAYORISTA  B  MÁS  SPA;SUPERMERCADO  MAYORISTA  METROPOLITANO  SPA;77.047.926-6
2239-9-LR22;5800319;Convenio  Marco  de  Artículos  de  Aseo  e  Higiene;1214102-665-CM25;52483112;(MJR)  INSUMOS  TISSUE  PARA  CENTROS  CODEP  (Gran  Compra:  75633);2025-04-24;1900-01-01;2025-02-26;2025-03-12;Solicitud  de  Cancelación;75633;70.835.200-4;Adquisiciones;CORP  MUNICIPAL  DE  DESARROLLO  SOCIAL  DE  PUDAHUEL;San  Francisco  8630;Pudahuel;CORP  MUNICIPAL  DE  DESARROLLO  SOCIAL  DE  PUDAHUEL;1923981;TOALLA  DE  PAPEL  ELITE  PROFESSIONAL  DOBLE  HOJA  200  M  2  ROLLOS  REGIÓN  RM;TOALLA  DE  PAPEL;11969;8590;28;10029;86149110;No;MG  PUBLICIDAD  Y  EVENTOS  SPA;MG  PUBLICIDAD  Y  EVENTOS  SPA;76.202.065-3
2239-9-LR22;5800319;Convenio  Marco  de  Artículos  de  Aseo  e  Higiene;1214102-665-CM25;52483112;(MJR)  INSUMOS  TISSUE  PARA  CENTROS  CODEP  (Gran  Compra:  75633);2025-04-24;1900-01-01;2025-02-26;2025-03-12;Solicitud  de  Cancelación;75633;70.835.200-4;Adquisiciones;CORP  MUNICIPAL  DE  DESARROLLO  SOCIAL  DE  PUDAHUEL;San  Francisco  8630;Pudahuel;CORP  MUNICIPAL  DE  DESARROLLO  SOCIAL  DE  PUDAHUEL;1925052;TOALLA  DE  PAPEL  TORK  INTERFOLIADA  DOBLE  HOJA  200  UN  1  PAQUETE  REGIÓN  RM;TOALLA  DE  PAPEL;1229;1050;15;18610;19540500;No;SERVICIOS  INTEGRADOS  SIDAPT  LIMITADA;SERVICIOS  INTEGRADOS  SIDAPT  LIMITADA;76.299.358-9
2239-9-LR22;5800319;Convenio  Marco  de  Artículos  de  Aseo  e  Higiene;1214102-665-CM25;52483112;(MJR)  INSUMOS  TISSUE  PARA  CENTROS  CODEP  (Gran  Compra:  75633);2025-04-24;1900-01-01;2025-02-26;2025-03-12;Solicitud  de  Cancelación;75633;70.835.200-4;Adquisiciones;CORP  MUNICIPAL  DE  DESARROLLO  SOCIAL  DE  PUDAHUEL;San  Francisco  8630;Pudahuel;CORP  MUNICIPAL  DE  DESARROLLO  SOCIAL  DE  PUDAHUEL;1920054;PAPEL  HIGIÉNICO  ELITE  ALTO  METRAJE  HOJA  SIMPLE  4  ROLLOS  500  M  1  PAQUETE  REGIÓN  RM;PAPEL  HIGIÉNICO;9897;7147;28;3469;24792943;No;COMERCIAL  FASIT  LIMITADA;COMERCIAL  FASIT  LIMITADA;76.607.224-0
2239-9-LR22;5800319;Convenio  Marco  de  Artículos  de  Aseo  e  Higiene;1214102-665-CM25;52483112;(MJR)  INSUMOS  TISSUE  PARA  CENTROS  CODEP  (Gran  Compra:  75633);2025-04-24;1900-01-01;2025-02-26;2025-03-12;Solicitud  de  Cancelación;75633;70.835.200-4;Adquisiciones;CORP  MUNICIPAL  DE  DESARROLLO  SOCIAL  DE  PUDAHUEL;San  Francisco  8630;Pudahuel;CORP  MUNICIPAL  DE  DESARROLLO  SOCIAL  DE  PUDAHUEL;1923981;TOALLA  DE  PAPEL  ELITE  PROFESSIONAL  DOBLE  HOJA  200  M  2  ROLLOS  REGIÓN  RM;TOALLA  DE  PAPEL;9551;9455;1;10029;94824195;No;MARYUN  SEGURIDAD  INDUSTRIAL  SPA;MARYUN  SEGURIDAD  INDUSTRIAL  SPA;77.084.730-3
2239-9-LR22;5800319;Convenio  Marco  de  Artículos  de  Aseo  e  Higiene;1214102-665-CM25;52483112;(MJR)  INSUMOS  TISSUE  PARA  CENTROS  CODEP  (Gran  Compra:  75633);2025-04-24;1900-01-01;2025-02-26;2025-03-12;Solicitud  de  Cancelación;75633;70.835.200-4;Adquisiciones;CORP  MUNICIPAL  DE  DESARROLLO  SOCIAL  DE  PUDAHUEL;San  Francisco  8630;Pudahuel;CORP  MUNICIPAL  DE  DESARROLLO  SOCIAL  DE  PUDAHUEL;1920224;PAPEL  HIGIÉNICO  ELITE  PROFESSIONAL  ALTO  METRAJE  HOJA  SIMPLE  4  ROLLOS  500  M  1  PAQUETE  REGIÓN  RM;PAPEL  HIGIÉNICO;9686;8290;14;3469;28758010;No;MG  PUBLICIDAD  Y  EVENTOS  SPA;MG  PUBLICIDAD  Y  EVENTOS  SPA;76.202.065-3
2239-9-LR22;5800319;Convenio  Marco  de  Artículos  de  Aseo  e  Higiene;1214102-665-CM25;52483112;(MJR)  INSUMOS  TISSUE  PARA  CENTROS  CODEP  (Gran  Compra:  75633);2025-04-24;1900-01-01;2025-02-26;2025-03-12;Solicitud  de  Cancelación;75633;70.835.200-4;Adquisiciones;CORP  MUNICIPAL  DE  DESARROLLO  SOCIAL  DE  PUDAHUEL;San  Francisco  8630;Pudahuel;CORP  MUNICIPAL  DE  DESARROLLO  SOCIAL  DE  PUDAHUEL;1925018;TOALLA  DE  PAPEL  TORK  DOBLE  HOJA  200  M  2  ROLLOS  REGIÓN  RM;TOALLA  DE  PAPEL;9233;9818;-6;10029;98464722;No;SUPERMERCADO  MAYORISTA  B  MÁS  SPA;SUPERMERCADO  MAYORISTA  METROPOLITANO  SPA;77.047.926-6
2239-9-LR22;5800319;Convenio  Marco  de  Artículos  de  Aseo  e  Higiene;1214102-665-CM25;52483112;(MJR)  INSUMOS  TISSUE  PARA  CENTROS  CODEP  (Gran  Compra:  75633);2025-04-24;1900-01-01;2025-02-26;2025-03-12;Solicitud  de  Cancelación;75633;70.835.200-4;Adquisiciones;CORP  MUNICIPAL  DE  DESARROLLO  SOCIAL  DE  PUDAHUEL;San  Francisco  8630;Pudahuel;CORP  MUNICIPAL  DE  DESARROLLO  SOCIAL  DE  PUDAHUEL;1924032;TOALLA  DE  PAPEL  ELITE  PROFESSIONAL  INTERFOLIADA  DOBLE  HOJA  200  UN  1  PAQUETE  REGIÓN  RM;TOALLA  DE  PAPEL;1312;1200;9;18610;22332000;No;DIMERC  S  A;DIMERC  S.  A.;96.670.840-9
2239-9-LR22;5800319;Convenio  Marco  de  Artículos  de  Aseo  e  Higiene;1214102-665-CM25;52483112;(MJR)  INSUMOS  TISSUE  PARA  CENTROS  CODEP  (Gran  Compra:  75633);2025-04-24;1900-01-01;2025-02-26;2025-03-12;Solicitud  de  Cancelación;75633;70.835.200-4;Adquisiciones;CORP  MUNICIPAL  DE  DESARROLLO  SOCIAL  DE  PUDAHUEL;San  Francisco  8630;Pudahuel;CORP  MUNICIPAL  DE  DESARROLLO  SOCIAL  DE  PUDAHUEL;1946891;TOALLA  DE  PAPEL  ELITE  SABANILLA  PLUS  48  METROS  2  ROLLOS  UNIDAD  REGIÓN  RM;TOALLA  DE  PAPEL;4722;5260;-11;8807;46324820;No;MARYUN  SEGURIDAD  INDUSTRIAL  SPA;MARYUN  SEGURIDAD  INDUSTRIAL  SPA;77.084.730-3
2239-9-LR22;5800319;Convenio  Marco  de  Artículos  de  Aseo  e  Higiene;1214102-665-CM25;52483112;(MJR)  INSUMOS  TISSUE  PARA  CENTROS  CODEP  (Gran  Compra:  75633);2025-04-24;1900-01-01;2025-02-26;2025-03-12;Solicitud  de  Cancelación;75633;70.835.200-4;Adquisiciones;CORP  MUNICIPAL  DE  DESARROLLO  SOCIAL  DE  PUDAHUEL;San  Francisco  8630;Pudahuel;CORP  MUNICIPAL  DE  DESARROLLO  SOCIAL  DE  PUDAHUEL;1946891;TOALLA  DE  PAPEL  ELITE  SABANILLA  PLUS  48  METROS  2  ROLLOS  UNIDAD  REGIÓN  RM;TOALLA  DE  PAPEL;4721;4721;0;8807;41577847;No;COMERCIALIZADORA    E  INMOBILIARIA    FORBES    SPA;COMERCIALIZADORA  E  INMOBILIARIA  FORBES  SPA;76.774.294-0
2239-9-LR22;5800319;Convenio  Marco  de  Artículos  de  Aseo  e  Higiene;1214102-665-CM25;52483112;(MJR)  INSUMOS  TISSUE  PARA  CENTROS  CODEP  (Gran  Compra:  75633);2025-04-24;1900-01-01;2025-02-26;2025-03-12;Solicitud  de  Cancelación;75633;70.835.200-4;Adquisiciones;CORP  MUNICIPAL  DE  DESARROLLO  SOCIAL  DE  PUDAHUEL;San  Francisco  8630;Pudahuel;CORP  MUNICIPAL  DE  DESARROLLO  SOCIAL  DE  PUDAHUEL;1925052;TOALLA  DE  PAPEL  TORK  INTERFOLIADA  DOBLE  HOJA  200  UN  1  PAQUETE  REGIÓN  RM;TOALLA  DE  PAPEL;1160;1159;0;18610;21568990;No;SUPERMERCADO  MAYORISTA  B  MÁS  SPA;SUPERMERCADO  MAYORISTA  METROPOLITANO  SPA;77.047.926-6
2239-9-LR22;5800319;Convenio  Marco  de  Artículos  de  Aseo  e  Higiene;1214102-665-CM25;52483112;(MJR)  INSUMOS  TISSUE  PARA  CENTROS  CODEP  (Gran  Compra:  75633);2025-04-24;1900-01-01;2025-02-26;2025-03-12;Solicitud  de  Cancelación;75633;70.835.200-4;Adquisiciones;CORP  MUNICIPAL  DE  DESARROLLO  SOCIAL  DE  PUDAHUEL;San  Francisco  8630;Pudahuel;CORP  MUNICIPAL  DE  DESARROLLO  SOCIAL  DE  PUDAHUEL;1923981;TOALLA  DE  PAPEL  ELITE  PROFESSIONAL  DOBLE  HOJA  200  M  2  ROLLOS  REGIÓN  RM;TOALLA  DE  PAPEL;9531;8416;12;10029;84404064;No;COMERCIAL  FASIT  LIMITADA;COMERCIAL  FASIT  LIMITADA;76.607.224-0
2239-9-LR22;5800319;Convenio  Marco  de  Artículos  de  Aseo  e  Higiene;1214102-665-CM25;52483112;(MJR)  INSUMOS  TISSUE  PARA  CENTROS  CODEP  (Gran  Compra:  75633);2025-04-24;1900-01-01;2025-02-26;2025-03-12;Solicitud  de  Cancelación;75633;70.835.200-4;Adquisiciones;CORP  MUNICIPAL  DE  DESARROLLO  SOCIAL  DE  PUDAHUEL;San  Francisco  8630;Pudahuel;CORP  MUNICIPAL  DE  DESARROLLO  SOCIAL  DE  PUDAHUEL;1924032;TOALLA  DE  PAPEL  ELITE  PROFESSIONAL  INTERFOLIADA  DOBLE  HOJA  200  UN  1  PAQUETE  REGIÓN  RM;TOALLA  DE  PAPEL;1084;1170;-8;18610;21773700;No;MG  PUBLICIDAD  Y  EVENTOS  SPA;MG  PUBLICIDAD  Y  EVENTOS  SPA;76.202.065-3
2239-9-LR22;5800319;Convenio  Marco  de  Artículos  de  Aseo  e  Higiene;1214102-665-CM25;52483112;(MJR)  INSUMOS  TISSUE  PARA  CENTROS  CODEP  (Gran  Compra:  75633);2025-04-24;1900-01-01;2025-02-26;2025-03-12;Solicitud  de  Cancelación;75633;70.835.200-4;Adquisiciones;CORP  MUNICIPAL  DE  DESARROLLO  SOCIAL  DE  PUDAHUEL;San  Francisco  8630;Pudahuel;CORP  MUNICIPAL  DE  DESARROLLO  SOCIAL  DE  PUDAHUEL;1923981;TOALLA  DE  PAPEL  ELITE  PROFESSIONAL  DOBLE  HOJA  200  M  2  ROLLOS  REGIÓN  RM;TOALLA  DE  PAPEL;11973;8539;29;10029;85637631;No;PROVEEDORES  INTEGRALES  PRISA  S  A;PROVEEDORES  INTEGRALES  PRISA  S  A;96.556.940-5
2239-9-LR22;5800319;Convenio  Marco  de  Artículos  de  Aseo  e  Higiene;1214102-665-CM25;52483112;(MJR)  INSUMOS  TISSUE  PARA  CENTROS  CODEP  (Gran  Compra:  75633);2025-04-24;1900-01-01;2025-02-26;2025-03-12;Solicitud  de  Cancelación;75633;70.835.200-4;Adquisiciones;CORP  MUNICIPAL  DE  DESARROLLO  SOCIAL  DE  PUDAHUEL;San  Francisco  8630;Pudahuel;CORP  MUNICIPAL  DE  DESARROLLO  SOCIAL  DE  PUDAHUEL;1946891;TOALLA  DE  PAPEL  ELITE  SABANILLA  PLUS  48  METROS  2  ROLLOS  UNIDAD  REGIÓN  RM;TOALLA  DE  PAPEL;6170;4390;29;8807;38662730;No;MG  PUBLICIDAD  Y  EVENTOS  SPA;MG  PUBLICIDAD  Y  EVENTOS  SPA;76.202.065-3
2239-9-LR22;5800319;Convenio  Marco  de  Artículos  de  Aseo  e  Higiene;1214102-665-CM25;52483112;(MJR)  INSUMOS  TISSUE  PARA  CENTROS  CODEP  (Gran  Compra:  75633);2025-04-24;1900-01-01;2025-02-26;2025-03-12;Solicitud  de  Cancelación;75633;70.835.200-4;Adquisiciones;CORP  MUNICIPAL  DE  DESARROLLO  SOCIAL  DE  PUDAHUEL;San  Francisco  8630;Pudahuel;CORP  MUNICIPAL  DE  DESARROLLO  SOCIAL  DE  PUDAHUEL;1924032;TOALLA  DE  PAPEL  ELITE  PROFESSIONAL  INTERFOLIADA  DOBLE  HOJA  200  UN  1  PAQUETE  REGIÓN  RM;TOALLA  DE  PAPEL;1348;1348;0;18610;25086280;No;COMERCIALIZADORA    E  INMOBILIARIA    FORBES    SPA;COMERCIALIZADORA  E  INMOBILIARIA  FORBES  SPA;76.774.294-0
2239-9-LR22;5800319;Convenio  Marco  de  Artículos  de  Aseo  e  Higiene;1214102-665-CM25;52483112;(MJR)  INSUMOS  TISSUE  PARA  CENTROS  CODEP  (Gran  Compra:  75633);2025-04-24;1900-01-01;2025-02-26;2025-03-12;Solicitud  de  Cancelación;75633;70.835.200-4;Adquisiciones;CORP  MUNICIPAL  DE  DESARROLLO  SOCIAL  DE  PUDAHUEL;San  Francisco  8630;Pudahuel;CORP  MUNICIPAL  DE  DESARROLLO  SOCIAL  DE  PUDAHUEL;1924032;TOALLA  DE  PAPEL  ELITE  PROFESSIONAL  INTERFOLIADA  DOBLE  HOJA  200  UN  1  PAQUETE  REGIÓN  RM;TOALLA  DE  PAPEL;1405;1215;14;18610;22611150;No;COMERCIALIZADORA  DE  ART  DE  PROTECCION  Y  SEGURIDAD  INDUSTRIAL  MANQUEHUE;COMERCIALIZADORA  DE  ART  DE  PROTECCION  Y  SEGURIDAD  INDUSTRIAL  MANQUEHUE;86.887.200-4
2239-9-LR22;5800319;Convenio  Marco  de  Artículos  de  Aseo  e  Higiene;1214102-665-CM25;52483112;(MJR)  INSUMOS  TISSUE  PARA  CENTROS  CODEP  (Gran  Compra:  75633);2025-04-24;1900-01-01;2025-02-26;2025-03-12;Solicitud  de  Cancelación;75633;70.835.200-4;Adquisiciones;CORP  MUNICIPAL  DE  DESARROLLO  SOCIAL  DE  PUDAHUEL;San  Francisco  8630;Pudahuel;CORP  MUNICIPAL  DE  DESARROLLO  SOCIAL  DE  PUDAHUEL;1946891;TOALLA  DE  PAPEL  ELITE  SABANILLA  PLUS  48  METROS  2  ROLLOS  UNIDAD  REGIÓN  RM;TOALLA  DE  PAPEL;7137;4450;38;8807;39191150;No;DIMERC  S  A;DIMERC  S.  A.;96.670.840-9
2239-9-LR22;5800319;Convenio  Marco  de  Artículos  de  Aseo  e  Higiene;1214102-665-CM25;52483112;(MJR)  INSUMOS  TISSUE  PARA  CENTROS  CODEP  (Gran  Compra:  75633);2025-04-24;1900-01-01;2025-02-26;2025-03-12;Solicitud  de  Cancelación;75633;70.835.200-4;Adquisiciones;CORP  MUNICIPAL  DE  DESARROLLO  SOCIAL  DE  PUDAHUEL;San  Francisco  8630;Pudahuel;CORP  MUNICIPAL  DE  DESARROLLO  SOCIAL  DE  PUDAHUEL;1946891;TOALLA  DE  PAPEL  ELITE  SABANILLA  PLUS  48  METROS  2  ROLLOS  UNIDAD  REGIÓN  RM;TOALLA  DE  PAPEL;7148;4522;37;8807;39825254;No;ROLAND  VORWERK  Y  COMPANIA  LIMITADA;ROLAND  VORWERK  Y  COMPANIA  LIMITADA;78.178.530-k
2239-9-LR22;5800319;Convenio  Marco  de  Artículos  de  Aseo  e  Higiene;1214102-665-CM25;52483112;(MJR)  INSUMOS  TISSUE  PARA  CENTROS  CODEP  (Gran  Compra:  75633);2025-04-24;1900-01-01;2025-02-26;2025-03-12;Solicitud  de  Cancelación;75633;70.835.200-4;Adquisiciones;CORP  MUNICIPAL  DE  DESARROLLO  SOCIAL  DE  PUDAHUEL;San  Francisco  8630;Pudahuel;CORP  MUNICIPAL  DE  DESARROLLO  SOCIAL  DE  PUDAHUEL;1923981;TOALLA  DE  PAPEL  ELITE  PROFESSIONAL  DOBLE  HOJA  200  M  2  ROLLOS  REGIÓN  RM;TOALLA  DE  PAPEL;10121;8733;14;10029;87583257;No;ROLAND  VORWERK  Y  COMPANIA  LIMITADA;ROLAND  VORWERK  Y  COMPANIA  LIMITADA;78.178.530-k
2239-9-LR22;5800319;Convenio  Marco  de  Artículos  de  Aseo  e  Higiene;1214102-665-CM25;52483112;(MJR)  INSUMOS  TISSUE  PARA  CENTROS  CODEP  (Gran  Compra:  75633);2025-04-24;1900-01-01;2025-02-26;2025-03-12;Solicitud  de  Cancelación;75633;70.835.200-4;Adquisiciones;CORP  MUNICIPAL  DE  DESARROLLO  SOCIAL  DE  PUDAHUEL;San  Francisco  8630;Pudahuel;CORP  MUNICIPAL  DE  DESARROLLO  SOCIAL  DE  PUDAHUEL;1924882;TOALLA  DE  PAPEL  TECNOPAPEL  INTERFOLIADA  DOBLE  HOJA  200  UN  1  PAQUETE  REGIÓN  RM;TOALLA  DE  PAPEL;1245;900;28;18610;16749000;No;SURTI  VENTAS  S.A.;SURTI  VENTAS  S.A.;76.462.500-5
2239-9-LR22;5800319;Convenio  Marco  de  Artículos  de  Aseo  e  Higiene;1214102-665-CM25;52483112;(MJR)  INSUMOS  TISSUE  PARA  CENTROS  CODEP  (Gran  Compra:  75633);2025-04-24;1900-01-01;2025-02-26;2025-03-12;Solicitud  de  Cancelación;75633;70.835.200-4;Adquisiciones;CORP  MUNICIPAL  DE  DESARROLLO  SOCIAL  DE  PUDAHUEL;San  Francisco  8630;Pudahuel;CORP  MUNICIPAL  DE  DESARROLLO  SOCIAL  DE  PUDAHUEL;1924032;TOALLA  DE  PAPEL  ELITE  PROFESSIONAL  INTERFOLIADA  DOBLE  HOJA  200  UN  1  PAQUETE  REGIÓN  RM;TOALLA  DE  PAPEL;1377;1215;12;18610;22611150;No;PROVEEDORES  INTEGRALES  PRISA  S  A;PROVEEDORES  INTEGRALES  PRISA  S  A;96.556.940-5
2239-9-LR22;5800319;Convenio  Marco  de  Artículos  de  Aseo  e  Higiene;1214102-665-CM25;52483112;(MJR)  INSUMOS  TISSUE  PARA  CENTROS  CODEP  (Gran  Compra:  75633);2025-04-24;1900-01-01;2025-02-26;2025-03-12;Solicitud  de  Cancelación;75633;70.835.200-4;Adquisiciones;CORP  MUNICIPAL  DE  DESARROLLO  SOCIAL  DE  PUDAHUEL;San  Francisco  8630;Pudahuel;CORP  MUNICIPAL  DE  DESARROLLO  SOCIAL  DE  PUDAHUEL;1943606;TOALLA  DE  PAPEL  TORK  SABANILLA  UNIVERSAL  48  M  BOLSA  2  ROLLOS  REGIÓN  RM;TOALLA  DE  PAPEL;6074;3999;34;8807;35219193;No;SURTI  VENTAS  S.A.;SURTI  VENTAS  S.A.;76.462.500-5
2239-9-LR22;5800319;Convenio  Marco  de  Artículos  de  Aseo  e  Higiene;1214102-665-CM25;52483112;(MJR)  INSUMOS  TISSUE  PARA  CENTROS  CODEP  (Gran  Compra:  75633);2025-04-24;1900-01-01;2025-02-26;2025-03-12;Solicitud  de  Cancelación;75633;70.835.200-4;Adquisiciones;CORP  MUNICIPAL  DE  DESARROLLO  SOCIAL  DE  PUDAHUEL;San  Francisco  8630;Pudahuel;CORP  MUNICIPAL  DE  DESARROLLO  SOCIAL  DE  PUDAHUEL;1924916;TOALLA  DE  PAPEL  TECNOROLL  DOBLE  HOJA  200  M  2  ROLLOS  REGIÓN  RM;TOALLA  DE  PAPEL;7922;6829;14;10029;68488041;No;SURTI  VENTAS  S.A.;SURTI  VENTAS  S.A.;76.462.500-5
2239-9-LR22;5800319;Convenio  Marco  de  Artículos  de  Aseo  e  Higiene;1214102-665-CM25;52483112;(MJR)  INSUMOS  TISSUE  PARA  CENTROS  CODEP  (Gran  Compra:  75633);2025-04-24;1900-01-01;2025-02-26;2025-03-12;Solicitud  de  Cancelación;75633;70.835.200-4;Adquisiciones;CORP  MUNICIPAL  DE  DESARROLLO  SOCIAL  DE  PUDAHUEL;San  Francisco  8630;Pudahuel;CORP  MUNICIPAL  DE  DESARROLLO  SOCIAL  DE  PUDAHUEL;1946891;TOALLA  DE  PAPEL  ELITE  SABANILLA  PLUS  48  METROS  2  ROLLOS  UNIDAD  REGIÓN  RM;TOALLA  DE  PAPEL;7143;4802;33;8807;42291214;No;SURTI  VENTAS  S.A.;SURTI  VENTAS  S.A.;76.462.500-5
2239-9-LR22;5800319;Convenio  Marco  de  Artículos  de  Aseo  e  Higiene;1214102-665-CM25;52483112;(MJR)  INSUMOS  TISSUE  PARA  CENTROS  CODEP  (Gran  Compra:  75633);2025-04-24;1900-01-01;2025-02-26;2025-03-12;Solicitud  de  Cancelación;75633;70.835.200-4;Adquisiciones;CORP  MUNICIPAL  DE  DESARROLLO  SOCIAL  DE  PUDAHUEL;San  Francisco  8630;Pudahuel;CORP  MUNICIPAL  DE  DESARROLLO  SOCIAL  DE  PUDAHUEL;1924389;TOALLA  DE  PAPEL  OVELLA  DOBLE  HOJA  200  M  2  ROLLOS  REGIÓN  RM;TOALLA  DE  PAPEL;8590;8358;3;10029;83822382;No;DISTRIBUIDORA  PAPELES  INDUSTRIALES  SPA;Distribuidora  Papeles  Industriales  S.A.;93.558.000-5
2239-9-LR22;5800319;Convenio  Marco  de  Artículos  de  Aseo  e  Higiene;1214102-665-CM25;52483112;(MJR)  INSUMOS  TISSUE  PARA  CENTROS  CODEP  (Gran  Compra:  75633);2025-04-24;1900-01-01;2025-02-26;2025-03-12;Solicitud  de  Cancelación;75633;70.835.200-4;Adquisiciones;CORP  MUNICIPAL  DE  DESARROLLO  SOCIAL  DE  PUDAHUEL;San  Francisco  8630;Pudahuel;CORP  MUNICIPAL  DE  DESARROLLO  SOCIAL  DE  PUDAHUEL;1923981;TOALLA  DE  PAPEL  ELITE  PROFESSIONAL  DOBLE  HOJA  200  M  2  ROLLOS  REGIÓN  RM;TOALLA  DE  PAPEL;10232;9277;9;10029;93039033;No;SURTI  VENTAS  S.A.;SURTI  VENTAS  S.A.;76.462.500-5
2239-9-LR22;5800319;Convenio  Marco  de  Artículos  de  Aseo  e  Higiene;1214102-665-CM25;52483112;(MJR)  INSUMOS  TISSUE  PARA  CENTROS  CODEP  (Gran  Compra:  75633);2025-04-24;1900-01-01;2025-02-26;2025-03-12;Solicitud  de  Cancelación;75633;70.835.200-4;Adquisiciones;CORP  MUNICIPAL  DE  DESARROLLO  SOCIAL  DE  PUDAHUEL;San  Francisco  8630;Pudahuel;CORP  MUNICIPAL  DE  DESARROLLO  SOCIAL  DE  PUDAHUEL;1946891;TOALLA  DE  PAPEL  ELITE  SABANILLA  PLUS  48  METROS  2  ROLLOS  UNIDAD  REGIÓN  RM;TOALLA  DE  PAPEL;4720;4523;4;8807;39834061;No;COMERCIALIZADORA  DE  ART  DE  PROTECCION  Y  SEGURIDAD  INDUSTRIAL  MANQUEHUE;COMERCIALIZADORA  DE  ART  DE  PROTECCION  Y  SEGURIDAD  INDUSTRIAL  MANQUEHUE;86.887.200-4
2239-9-LR22;5800319;Convenio  Marco  de  Artículos  de  Aseo  e  Higiene;1214102-665-CM25;52483112;(MJR)  INSUMOS  TISSUE  PARA  CENTROS  CODEP  (Gran  Compra:  75633);2025-04-24;1900-01-01;2025-02-26;2025-03-12;Solicitud  de  Cancelación;75633;70.835.200-4;Adquisiciones;CORP  MUNICIPAL  DE  DESARROLLO  SOCIAL  DE  PUDAHUEL;San  Francisco  8630;Pudahuel;CORP  MUNICIPAL  DE  DESARROLLO  SOCIAL  DE  PUDAHUEL;1924032;TOALLA  DE  PAPEL  ELITE  PROFESSIONAL  INTERFOLIADA  DOBLE  HOJA  200  UN  1  PAQUETE  REGIÓN  RM;TOALLA  DE  PAPEL;1324;1040;21;18610;19354400;Si;COMERCIAL  DASA  SPA;COMERCIAL  DASA  SPA;76.525.922-3
2239-9-LR22;5800319;Convenio  Marco  de  Artículos  de  Aseo  e  Higiene;1214102-665-CM25;52483112;(MJR)  INSUMOS  TISSUE  PARA  CENTROS  CODEP  (Gran  Compra:  75633);2025-04-24;1900-01-01;2025-02-26;2025-03-12;Solicitud  de  Cancelación;75633;70.835.200-4;Adquisiciones;CORP  MUNICIPAL  DE  DESARROLLO  SOCIAL  DE  PUDAHUEL;San  Francisco  8630;Pudahuel;CORP  MUNICIPAL  DE  DESARROLLO  SOCIAL  DE  PUDAHUEL;1946891;TOALLA  DE  PAPEL  ELITE  SABANILLA  PLUS  48  METROS  2  ROLLOS  UNIDAD  REGIÓN  RM;TOALLA  DE  PAPEL;5175;4357;16;8807;38372099;No;COMERCIAL  FASIT  LIMITADA;COMERCIAL  FASIT  LIMITADA;76.607.224-0
2239-9-LR22;5800319;Convenio  Marco  de  Artículos  de  Aseo  e  Higiene;1214102-665-CM25;52483112;(MJR)  INSUMOS  TISSUE  PARA  CENTROS  CODEP  (Gran  Compra:  75633);2025-04-24;1900-01-01;2025-02-26;2025-03-12;Solicitud  de  Cancelación;75633;70.835.200-4;Adquisiciones;CORP  MUNICIPAL  DE  DESARROLLO  SOCIAL  DE  PUDAHUEL;San  Francisco  8630;Pudahuel;CORP  MUNICIPAL  DE  DESARROLLO  SOCIAL  DE  PUDAHUEL;1946891;TOALLA  DE  PAPEL  ELITE  SABANILLA  PLUS  48  METROS  2  ROLLOS  UNIDAD  REGIÓN  RM;TOALLA  DE  PAPEL;5016;4190;16;8807;36901330;Si;COMERCIAL  DASA  SPA;COMERCIAL  DASA  SPA;76.525.922-3
2239-9-LR22;5800319;Convenio  Marco  de  Artículos  de  Aseo  e  Higiene;1221016-204-CM25;52575575;Orden  de  Compra  generada  por  la  Gran  Compra:  75924;2025-04-22;2025-03-17;2025-03-19;2025-04-03;Recepción  Conforme;75924;71.378.000-6;Corporación  de  Desarrollo  de  La  Reina;Corporación  de  Desarrollo  de  La  Reina;;La  Reina;Corporación  de  Desarrollo  de  La  Reina;1887975;BOLSA  DE  BASURA  CLEAN  PEQUEÑA  50X70  30  L  ROLLO  X  10  UNIDADES  REGIÓN  RM;BOLSA  DE  BASURA;367;365;1;650;237250;Si;CASTILLA  Y  ARAGON  SPA;CASTILLA  Y  ARAGON  SPA;96.989.530-7
2239-9-LR22;5800319;Convenio  Marco  de  Artículos  de  Aseo  e  Higiene;1221016-204-CM25;52575575;Orden  de  Compra  generada  por  la  Gran  Compra:  75924;2025-04-22;2025-03-17;2025-03-19;2025-04-03;Recepción  Conforme;75924;71.378.000-6;Corporación  de  Desarrollo  de  La  Reina;Corporación  de  Desarrollo  de  La  Reina;;La  Reina;Corporación  de  Desarrollo  de  La  Reina;1903751;ESPONJA  VIRUTEX  ACANALADA  C/FIBRA  ABRASIVA  UNIDAD  REGIÓN  RM;ESPONJA;319;300;6;350;105000;No;COMERCIAL  RED  OFFICE  LIMITADA;COMERCIAL  RED  OFFICE  LIMITADA;77.012.870-6
2239-9-LR22;5800319;Convenio  Marco  de  Artículos  de  Aseo  e  Higiene;1221016-204-CM25;52575575;Orden  de  Compra  generada  por  la  Gran  Compra:  75924;2025-04-22;2025-03-17;2025-03-19;2025-04-03;Recepción  Conforme;75924;71.378.000-6;Corporación  de  Desarrollo  de  La  Reina;Corporación  de  Desarrollo  de  La  Reina;;La  Reina;Corporación  de  Desarrollo  de  La  Reina;1895608;CERA  PARA  PISOS  TREMEX  LÍQUIDA  BIDÓN  5  L  AUTO  BRILLO  INCOLORA  UNIDAD  REGIÓN  RM;CERA  PARA  PISOS;7845;7840;0;30;235200;Si;CASTILLA  Y  ARAGON  SPA;CASTILLA  Y  ARAGON  SPA;96.989.530-7
2239-9-LR22;5800319;Convenio  Marco  de  Artículos  de  Aseo  e  Higiene;1221016-204-CM25;52575575;Orden  de  Compra  generada  por  la  Gran  Compra:  75924;2025-04-22;2025-03-17;2025-03-19;2025-04-03;Recepción  Conforme;75924;71.378.000-6;Corporación  de  Desarrollo  de  La  Reina;Corporación  de  Desarrollo  de  La  Reina;;La  Reina;Corporación  de  Desarrollo  de  La  Reina;1887958;BOLSA  DE  BASURA  CLEAN  MEDIANA  70X90  70  L  ROLLO  X  10  UNIDADES  REGIÓN  RM;BOLSA  DE  BASURA;531;530;0;4012;2126360;Si;CASTILLA  Y  ARAGON  SPA;CASTILLA  Y  ARAGON  SPA;96.989.530-7
2239-9-LR22;5800319;Convenio  Marco  de  Artículos  de  Aseo  e  Higiene;1221016-204-CM25;52575575;Orden  de  Compra  generada  por  la  Gran  Compra:  75924;2025-04-22;2025-03-17;2025-03-19;2025-04-03;Recepción  Conforme;75924;71.378.000-6;Corporación  de  Desarrollo  de  La  Reina;Corporación  de  Desarrollo  de  La  Reina;;La  Reina;Corporación  de  Desarrollo  de  La  Reina;1889012;BOLSA  DE  BASURA  IMPEKE  PEQUEÑA  50X70  30  L  ROLLO  X  10  UNIDADES  REGIÓN  RM;BOLSA  DE  BASURA;349;345;1;4012;1384140;No;ECOLES  SPA;ECOLES  SPA;77.087.242-1
2239-9-LR22;5800319;Convenio  Marco  de  Artículos  de  Aseo  e  Higiene;1221016-204-CM25;52575575;Orden  de  Compra  generada  por  la  Gran  Compra:  75924;2025-04-22;2025-03-17;2025-03-19;2025-04-03;Recepción  Conforme;75924;71.378.000-6;Corporación  de  Desarrollo  de  La  Reina;Corporación  de  Desarrollo  de  La  Reina;;La  Reina;Corporación  de  Desarrollo  de  La  Reina;1897172;CLORO  TRADICIONAL  IMPEKE  2,62%  4000  ML  UNIDAD  REGIÓN  RM;CLORO  TRADICIONAL;2240;2238;0;41;91758;Si;CASTILLA  Y  ARAGON  SPA;CASTILLA  Y  ARAGON  SPA;96.989.530-7
2239-9-LR22;5800319;Convenio  Marco  de  Artículos  de  Aseo  e  Higiene;1221016-204-CM25;52575575;Orden  de  Compra  generada  por  la  Gran  Compra:  75924;2025-04-22;2025-03-17;2025-03-19;2025-04-03;Recepción  Conforme;75924;71.378.000-6;Corporación  de  Desarrollo  de  La  Reina;Corporación  de  Desarrollo  de  La  Reina;;La  Reina;Corporación  de  Desarrollo  de  La  Reina;1888995;BOLSA  DE  BASURA  IMPEKE  MEDIANA  70X90  70  L  ROLLO  X  10  UNIDADES  REGIÓN  RM;BOLSA  DE  BASURA;518;438;15;4012;1757256;No;COMERCIAL  RED  OFFICE  LIMITADA;COMERCIAL  RED  OFFICE  LIMITADA;77.012.870-6
2239-9-LR22;5800319;Convenio  Marco  de  Artículos  de  Aseo  e  Higiene;1221016-204-CM25;52575575;Orden  de  Compra  generada  por  la  Gran  Compra:  75924;2025-04-22;2025-03-17;2025-03-19;2025-04-03;Recepción  Conforme;75924;71.378.000-6;Corporación  de  Desarrollo  de  La  Reina;Corporación  de  Desarrollo  de  La  Reina;;La  Reina;Corporación  de  Desarrollo  de  La  Reina;1888995;BOLSA  DE  BASURA  IMPEKE  MEDIANA  70X90  70  L  ROLLO  X  10  UNIDADES  REGIÓN  RM;BOLSA  DE  BASURA;549;548;0;4012;2198576;No;ECOLES  SPA;ECOLES  SPA;77.087.242-1
2239-9-LR22;5800319;Convenio  Marco  de  Artículos  de  Aseo  e  Higiene;1221016-204-CM25;52575575;Orden  de  Compra  generada  por  la  Gran  Compra:  75924;2025-04-22;2025-03-17;2025-03-19;2025-04-03;Recepción  Conforme;75924;71.378.000-6;Corporación  de  Desarrollo  de  La  Reina;Corporación  de  Desarrollo  de  La  Reina;;La  Reina;Corporación  de  Desarrollo  de  La  Reina;1890763;BOLSA  DE  BASURA  WINKLER  PEQUEÑA  50X70  30  L  PLANA  PAQUETE  X  10  UNIDADES  REGIÓN  RM;BOLSA  DE  BASURA;372;300;19;650;195000;No;WINKLER  LIMITADA;WINKLER  LIMITADA;79.722.860-5
2239-9-LR22;5800319;Convenio  Marco  de  Artículos  de  Aseo  e  Higiene;1221016-204-CM25;52575575;Orden  de  Compra  generada  por  la  Gran  Compra:  75924;2025-04-22;2025-03-17;2025-03-19;2025-04-03;Recepción  Conforme;75924;71.378.000-6;Corporación  de  Desarrollo  de  La  Reina;Corporación  de  Desarrollo  de  La  Reina;;La  Reina;Corporación  de  Desarrollo  de  La  Reina;1889012;BOLSA  DE  BASURA  IMPEKE  PEQUEÑA  50X70  30  L  ROLLO  X  10  UNIDADES  REGIÓN  RM;BOLSA  DE  BASURA;331;310;6;650;201500;No;COMERCIAL  RED  OFFICE  LIMITADA;COMERCIAL  RED  OFFICE  LIMITADA;77.012.870-6
2239-9-LR22;5800319;Convenio  Marco  de  Artículos  de  Aseo  e  Higiene;1221016-204-CM25;52575575;Orden  de  Compra  generada  por  la  Gran  Compra:  75924;2025-04-22;2025-03-17;2025-03-19;2025-04-03;Recepción  Conforme;75924;71.378.000-6;Corporación  de  Desarrollo  de  La  Reina;Corporación  de  Desarrollo  de  La  Reina;;La  Reina;Corporación  de  Desarrollo  de  La  Reina;1890661;BOLSA  DE  BASURA  WINKLER  CARGA  PESADA  110X120  200  L  ROLLO  X  10  UNIDADES  REGIÓN  RM;BOLSA  DE  BASURA;3010;2500;17;450;1125000;No;WINKLER  LIMITADA;WINKLER  LIMITADA;79.722.860-5
2239-9-LR22;5800319;Convenio  Marco  de  Artículos  de  Aseo  e  Higiene;1221016-204-CM25;52575575;Orden  de  Compra  generada  por  la  Gran  Compra:  75924;2025-04-22;2025-03-17;2025-03-19;2025-04-03;Recepción  Conforme;75924;71.378.000-6;Corporación  de  Desarrollo  de  La  Reina;Corporación  de  Desarrollo  de  La  Reina;;La  Reina;Corporación  de  Desarrollo  de  La  Reina;1894333;CERA  PARA  PISOS  NEO  CHILE  LÍQUIDA  BIDÓN  5  L  AUTOBRILLO  AMARILLA  UNIDAD  REGIÓN  RM;CERA  PARA  PISOS;7654;7650;0;42;321300;Si;CASTILLA  Y  ARAGON  SPA;CASTILLA  Y  ARAGON  SPA;96.989.530-7
2239-9-LR22;5800319;Convenio  Marco  de  Artículos  de  Aseo  e  Higiene;1221016-204-CM25;52575575;Orden  de  Compra  generada  por  la  Gran  Compra:  75924;2025-04-22;2025-03-17;2025-03-19;2025-04-03;Recepción  Conforme;75924;71.378.000-6;Corporación  de  Desarrollo  de  La  Reina;Corporación  de  Desarrollo  de  La  Reina;;La  Reina;Corporación  de  Desarrollo  de  La  Reina;1896221;CERA  PARA  PISOS  WINKLER  LÍQUIDA  BIDÓN  5  L  AUTO  BRILLO  ROJA  UNIDAD  REGIÓN  V;CERA  PARA  PISOS;9853;9000;9;46;414000;No;WINKLER  LIMITADA;WINKLER  LIMITADA;79.722.860-5
2239-9-LR22;5800319;Convenio  Marco  de  Artículos  de  Aseo  e  Higiene;1221016-204-CM25;52575575;Orden  de  Compra  generada  por  la  Gran  Compra:  75924;2025-04-22;2025-03-17;2025-03-19;2025-04-03;Recepción  Conforme;75924;71.378.000-6;Corporación  de  Desarrollo  de  La  Reina;Corporación  de  Desarrollo  de  La  Reina;;La  Reina;Corporación  de  Desarrollo  de  La  Reina;1887839;BOLSA  DE  BASURA  CLEAN  CARGA  PESADA  110X120  200  L  ROLLO  X  10  UNIDADES  REGIÓN  RM;BOLSA  DE  BASURA;2913;2910;0;450;1309500;Si;CASTILLA  Y  ARAGON  SPA;CASTILLA  Y  ARAGON  SPA;96.989.530-7
2239-9-LR22;5800319;Convenio  Marco  de  Artículos  de  Aseo  e  Higiene;1221016-204-CM25;52575575;Orden  de  Compra  generada  por  la  Gran  Compra:  75924;2025-04-22;2025-03-17;2025-03-19;2025-04-03;Recepción  Conforme;75924;71.378.000-6;Corporación  de  Desarrollo  de  La  Reina;Corporación  de  Desarrollo  de  La  Reina;;La  Reina;Corporación  de  Desarrollo  de  La  Reina;1888978;BOLSA  DE  BASURA  IMPEKE  GRANDE  80X110  120  L  ROLLO  X  10  UNIDADES  REGIÓN  RM;BOLSA  DE  BASURA;878;790;10;1457;1151030;No;SERVICIOS  INTEGRADOS  SIDAPT  LIMITADA;SERVICIOS  INTEGRADOS  SIDAPT  LIMITADA;76.299.358-9
2239-9-LR22;5800319;Convenio  Marco  de  Artículos  de  Aseo  e  Higiene;1221016-204-CM25;52575575;Orden  de  Compra  generada  por  la  Gran  Compra:  75924;2025-04-22;2025-03-17;2025-03-19;2025-04-03;Recepción  Conforme;75924;71.378.000-6;Corporación  de  Desarrollo  de  La  Reina;Corporación  de  Desarrollo  de  La  Reina;;La  Reina;Corporación  de  Desarrollo  de  La  Reina;1890389;BOLSA  DE  BASURA  TREMEX  MEDIANA  70X90  70  L  ROLLO  X  10  UNIDADES  REGIÓN  RM;BOLSA  DE  BASURA;702;650;7;4012;2607800;No;COMERCIAL  MYC  LIMITADA;COMERCIAL  MYC  LTDA.;77.008.207-2
2239-9-LR22;5800319;Convenio  Marco  de  Artículos  de  Aseo  e  Higiene;1221016-204-CM25;52575575;Orden  de  Compra  generada  por  la  Gran  Compra:  75924;2025-04-22;2025-03-17;2025-03-19;2025-04-03;Recepción  Conforme;75924;71.378.000-6;Corporación  de  Desarrollo  de  La  Reina;Corporación  de  Desarrollo  de  La  Reina;;La  Reina;Corporación  de  Desarrollo  de  La  Reina;1890695;BOLSA  DE  BASURA  WINKLER  EXTRA  GRANDE  80X120  140  L  ROLLO  X  10  UNIDADES  REGIÓN  RM;BOLSA  DE  BASURA;1488;1000;33;1457;1457000;No;WINKLER  LIMITADA;WINKLER  LIMITADA;79.722.860-5
2239-9-LR22;5800319;Convenio  Marco  de  Artículos  de  Aseo  e  Higiene;1221016-204-CM25;52575575;Orden  de  Compra  generada  por  la  Gran  Compra:  75924;2025-04-22;2025-03-17;2025-03-19;2025-04-03;Recepción  Conforme;75924;71.378.000-6;Corporación  de  Desarrollo  de  La  Reina;Corporación  de  Desarrollo  de  La  Reina;;La  Reina;Corporación  de  Desarrollo  de  La  Reina;1906964;GUANTES  DE  LIMPIEZA  WINKLER  MULTIUSO  AFELPADO  TALLA  L  PAR  REGIÓN  RM;GUANTES  DE  LIMPIEZA;465;340;27;530;180200;No;WINKLER  LIMITADA;WINKLER  LIMITADA;79.722.860-5
2239-9-LR22;5800319;Convenio  Marco  de  Artículos  de  Aseo  e  Higiene;1221016-204-CM25;52575575;Orden  de  Compra  generada  por  la  Gran  Compra:  75924;2025-04-22;2025-03-17;2025-03-19;2025-04-03;Recepción  Conforme;75924;71.378.000-6;Corporación  de  Desarrollo  de  La  Reina;Corporación  de  Desarrollo  de  La  Reina;;La  Reina;Corporación  de  Desarrollo  de  La  Reina;1902136;ESCOBILLÓN  VIRUTEX  USO  EXTERIOR  FIBRA  DURA  MANGO  METÁLICO  36  CM  UNIDAD  REGIÓN  RM;ESCOBILLÓN;3252;2682;18;312;836784;No;COMERCIAL  RED  OFFICE  LIMITADA;COMERCIAL  RED  OFFICE  LIMITADA;77.012.870-6
2239-9-LR22;5800319;Convenio  Marco  de  Artículos  de  Aseo  e  Higiene;1221016-204-CM25;52575575;Orden  de  Compra  generada  por  la  Gran  Compra:  75924;2025-04-22;2025-03-17;2025-03-19;2025-04-03;Recepción  Conforme;75924;71.378.000-6;Corporación  de  Desarrollo  de  La  Reina;Corporación  de  Desarrollo  de  La  Reina;;La  Reina;Corporación  de  Desarrollo  de  La  Reina;1888978;BOLSA  DE  BASURA  IMPEKE  GRANDE  80X110  120  L  ROLLO  X  10  UNIDADES  REGIÓN  RM;BOLSA  DE  BASURA;850;744;12;1457;1084008;No;COMERCIAL  RED  OFFICE  LIMITADA;COMERCIAL  RED  OFFICE  LIMITADA;77.012.870-6
2239-9-LR22;5800319;Convenio  Marco  de  Artículos  de  Aseo  e  Higiene;1221016-204-CM25;52575575;Orden  de  Compra  generada  por  la  Gran  Compra:  75924;2025-04-22;2025-03-17;2025-03-19;2025-04-03;Recepción  Conforme;75924;71.378.000-6;Corporación  de  Desarrollo  de  La  Reina;Corporación  de  Desarrollo  de  La  Reina;;La  Reina;Corporación  de  Desarrollo  de  La  Reina;1897070;CLORO  TRADICIONAL  DOÑA  FRESIA  3%  1000  ML  UNIDAD  REGIÓN  RM;CLORO  TRADICIONAL;717;710;1;68;48280;Si;CASTILLA  Y  ARAGON  SPA;CASTILLA  Y  ARAGON  SPA;96.989.530-7
2239-9-LR22;5800319;Convenio  Marco  de  Artículos  de  Aseo  e  Higiene;1221016-204-CM25;52575575;Orden  de  Compra  generada  por  la  Gran  Compra:  75924;2025-04-22;2025-03-17;2025-03-19;2025-04-03;Recepción  Conforme;75924;71.378.000-6;Corporación  de  Desarrollo  de  La  Reina;Corporación  de  Desarrollo  de  La  Reina;;La  Reina;Corporación  de  Desarrollo  de  La  Reina;1911384;LIMPIADOR  DE  PISOS  WINKLER  DESINFECTANTE  BOTELLA  900  ML  UNIDAD  REGIÓN  RM;LIMPIADOR  DE  PISOS;886;800;10;60;48000;No;WINKLER  LIMITADA;WINKLER  LIMITADA;79.722.860-5
2239-9-LR22;5800319;Convenio  Marco  de  Artículos  de  Aseo  e  Higiene;1221016-204-CM25;52575575;Orden  de  Compra  generada  por  la  Gran  Compra:  75924;2025-04-22;2025-03-17;2025-03-19;2025-04-03;Recepción  Conforme;75924;71.378.000-6;Corporación  de  Desarrollo  de  La  Reina;Corporación  de  Desarrollo  de  La  Reina;;La  Reina;Corporación  de  Desarrollo  de  La  Reina;1888995;BOLSA  DE  BASURA  IMPEKE  MEDIANA  70X90  70  L  ROLLO  X  10  UNIDADES  REGIÓN  RM;BOLSA  DE  BASURA;549;548;0;4012;2198576;No;SERVICIOS  INTEGRADOS  SIDAPT  LIMITADA;SERVICIOS  INTEGRADOS  SIDAPT  LIMITADA;76.299.358-9
2239-9-LR22;5800319;Convenio  Marco  de  Artículos  de  Aseo  e  Higiene;1221016-204-CM25;52575575;Orden  de  Compra  generada  por  la  Gran  Compra:  75924;2025-04-22;2025-03-17;2025-03-19;2025-04-03;Recepción  Conforme;75924;71.378.000-6;Corporación  de  Desarrollo  de  La  Reina;Corporación  de  Desarrollo  de  La  Reina;;La  Reina;Corporación  de  Desarrollo  de  La  Reina;1896271;CERA  PARA  PISOS  WINKLER  LÍQUIDA  BIDÓN  5  L  EMULSIÓN  ACRÍLICA  INCOLORA  UNIDAD  REGIÓN  RM;CERA  PARA  PISOS;9853;9000;9;30;270000;No;WINKLER  LIMITADA;WINKLER  LIMITADA;79.722.860-5
2239-9-LR22;5800319;Convenio  Marco  de  Artículos  de  Aseo  e  Higiene;1221016-204-CM25;52575575;Orden  de  Compra  generada  por  la  Gran  Compra:  75924;2025-04-22;2025-03-17;2025-03-19;2025-04-03;Recepción  Conforme;75924;71.378.000-6;Corporación  de  Desarrollo  de  La  Reina;Corporación  de  Desarrollo  de  La  Reina;;La  Reina;Corporación  de  Desarrollo  de  La  Reina;1894299;CERA  PARA  PISOS  NEO  CHILE  LÍQUIDA  BIDÓN  5  L  AUTO  BRILLO  NEGRA  UNIDAD  REGIÓN  RM;CERA  PARA  PISOS;7654;7650;0;20;153000;Si;CASTILLA  Y  ARAGON  SPA;CASTILLA  Y  ARAGON  SPA;96.989.530-7
2239-9-LR22;5800319;Convenio  Marco  de  Artículos  de  Aseo  e  Higiene;1221016-204-CM25;52575575;Orden  de  Compra  generada  por  la  Gran  Compra:  75924;2025-04-22;2025-03-17;2025-03-19;2025-04-03;Recepción  Conforme;75924;71.378.000-6;Corporación  de  Desarrollo  de  La  Reina;Corporación  de  Desarrollo  de  La  Reina;;La  Reina;Corporación  de  Desarrollo  de  La  Reina;1890474;BOLSA  DE  BASURA  VIRUTEX  PAPELERO  50X55  18  L  ROLLO  X  20  UNIDADES  REGIÓN  RM;BOLSA  DE  BASURA;481;480;0;624;299520;No;COMERCIAL  RED  OFFICE  LIMITADA;COMERCIAL  RED  OFFICE  LIMITADA;77.012.870-6
2239-9-LR22;5800319;Convenio  Marco  de  Artículos  de  Aseo  e  Higiene;1221016-204-CM25;52575575;Orden  de  Compra  generada  por  la  Gran  Compra:  75924;2025-04-22;2025-03-17;2025-03-19;2025-04-03;Recepción  Conforme;75924;71.378.000-6;Corporación  de  Desarrollo  de  La  Reina;Corporación  de  Desarrollo  de  La  Reina;;La  Reina;Corporación  de  Desarrollo  de  La  Reina;1895676;CERA  PARA  PISOS  TREMEX  LÍQUIDA  BIDÓN  5  L  EMULSIÓN  ACRÍLICA  ROJA  UNIDAD  REGIÓN  RM;CERA  PARA  PISOS;7101;7100;0;46;326600;No;COMERCIAL  RED  OFFICE  LIMITADA;COMERCIAL  RED  OFFICE  LIMITADA;77.012.870-6
2239-9-LR22;5800319;Convenio  Marco  de  Artículos  de  Aseo  e  Higiene;1221016-204-CM25;52575575;Orden  de  Compra  generada  por  la  Gran  Compra:  75924;2025-04-22;2025-03-17;2025-03-19;2025-04-03;Recepción  Conforme;75924;71.378.000-6;Corporación  de  Desarrollo  de  La  Reina;Corporación  de  Desarrollo  de  La  Reina;;La  Reina;Corporación  de  Desarrollo  de  La  Reina;1909276;LAVALOZAS  CONCENTRADO  LAVADO  MANUAL  TREMEX  ANTIGRASA  CÍTRICO  5000  ML  UNIDAD  REGIÓN  RM;LAVALOZAS  CONCENTRADO  LAVADO  MANUAL;5653;5040;11;247;1244880;No;COMERCIAL  MYC  LIMITADA;COMERCIAL  MYC  LTDA.;77.008.207-2
2239-9-LR22;5800319;Convenio  Marco  de  Artículos  de  Aseo  e  Higiene;1221016-204-CM25;52575575;Orden  de  Compra  generada  por  la  Gran  Compra:  75924;2025-04-22;2025-03-17;2025-03-19;2025-04-03;Recepción  Conforme;75924;71.378.000-6;Corporación  de  Desarrollo  de  La  Reina;Corporación  de  Desarrollo  de  La  Reina;;La  Reina;Corporación  de  Desarrollo  de  La  Reina;1897257;CLORO  TRADICIONAL  WINKLER  3%  1000  ML  UNIDAD  REGIÓN  RM;CLORO  TRADICIONAL;744;680;9;68;46240;No;WINKLER  LIMITADA;WINKLER  LIMITADA;79.722.860-5
2239-9-LR22;5800319;Convenio  Marco  de  Artículos  de  Aseo  e  Higiene;1221016-204-CM25;52575575;Orden  de  Compra  generada  por  la  Gran  Compra:  75924;2025-04-22;2025-03-17;2025-03-19;2025-04-03;Recepción  Conforme;75924;71.378.000-6;Corporación  de  Desarrollo  de  La  Reina;Corporación  de  Desarrollo  de  La  Reina;;La  Reina;Corporación  de  Desarrollo  de  La  Reina;1890474;BOLSA  DE  BASURA  VIRUTEX  PAPELERO  50X55  18  L  ROLLO  X  20  UNIDADES  REGIÓN  RM;BOLSA  DE  BASURA;479;690;-44;520;358800;No;MARYUN  SEGURIDAD  INDUSTRIAL  SPA;MARYUN  SEGURIDAD  INDUSTRIAL  SPA;77.084.730-3
2239-9-LR22;5800319;Convenio  Marco  de  Artículos  de  Aseo  e  Higiene;1221016-204-CM25;52575575;Orden  de  Compra  generada  por  la  Gran  Compra:  75924;2025-04-22;2025-03-17;2025-03-19;2025-04-03;Recepción  Conforme;75924;71.378.000-6;Corporación  de  Desarrollo  de  La  Reina;Corporación  de  Desarrollo  de  La  Reina;;La  Reina;Corporación  de  Desarrollo  de  La  Reina;1897563;DESENGRASANTE  COCINA  EXCELL  ANTIGRASA  USO  PROFESIONAL  5000  ML  UNIDAD  REGIÓN  RM;DESENGRASANTE  COCINA;7482;7480;0;8;59840;Si;CASTILLA  Y  ARAGON  SPA;CASTILLA  Y  ARAGON  SPA;96.989.530-7
2239-9-LR22;5800319;Convenio  Marco  de  Artículos  de  Aseo  e  Higiene;1221016-204-CM25;52575575;Orden  de  Compra  generada  por  la  Gran  Compra:  75924;2025-04-22;2025-03-17;2025-03-19;2025-04-03;Recepción  Conforme;75924;71.378.000-6;Corporación  de  Desarrollo  de  La  Reina;Corporación  de  Desarrollo  de  La  Reina;;La  Reina;Corporación  de  Desarrollo  de  La  Reina;1890610;BOLSA  DE  BASURA  VIRUTEX  PRO  PAPELERO  50X55  18  L  ROLLO  X  20  UNIDADES  REGIÓN  RM;BOLSA  DE  BASURA;495;495;0;520;257400;Si;CASTILLA  Y  ARAGON  SPA;CASTILLA  Y  ARAGON  SPA;96.989.530-7
2239-9-LR22;5800319;Convenio  Marco  de  Artículos  de  Aseo  e  Higiene;1221016-204-CM25;52575575;Orden  de  Compra  generada  por  la  Gran  Compra:  75924;2025-04-22;2025-03-17;2025-03-19;2025-04-03;Recepción  Conforme;75924;71.378.000-6;Corporación  de  Desarrollo  de  La  Reina;Corporación  de  Desarrollo  de  La  Reina;;La  Reina;Corporación  de  Desarrollo  de  La  Reina;1895982;CERA  PARA  PISOS  VIRGINIA  LÍQUIDA  BIDÓN  5  L  PISO  MADERA  ROJA  UNIDAD  REGIÓN  RM;CERA  PARA  PISOS;9239;9239;0;46;424994;Si;CASTILLA  Y  ARAGON  SPA;CASTILLA  Y  ARAGON  SPA;96.989.530-7
2239-9-LR22;5800319;Convenio  Marco  de  Artículos  de  Aseo  e  Higiene;1221016-204-CM25;52575575;Orden  de  Compra  generada  por  la  Gran  Compra:  75924;2025-04-22;2025-03-17;2025-03-19;2025-04-03;Recepción  Conforme;75924;71.378.000-6;Corporación  de  Desarrollo  de  La  Reina;Corporación  de  Desarrollo  de  La  Reina;;La  Reina;Corporación  de  Desarrollo  de  La  Reina;1911112;LIMPIADOR  DE  PISOS  TREMEX  CONCENTRADO  MULTIUSO  BIDÓN  5000  ML  UNIDAD  REGIÓN  RM;LIMPIADOR  DE  PISOS;3421;3150;8;610;1921500;No;COMERCIAL  MYC  LIMITADA;COMERCIAL  MYC  LTDA.;77.008.207-2
2239-9-LR22;5800319;Convenio  Marco  de  Artículos  de  Aseo  e  Higiene;1221016-204-CM25;52575575;Orden  de  Compra  generada  por  la  Gran  Compra:  75924;2025-04-22;2025-03-17;2025-03-19;2025-04-03;Recepción  Conforme;75924;71.378.000-6;Corporación  de  Desarrollo  de  La  Reina;Corporación  de  Desarrollo  de  La  Reina;;La  Reina;Corporación  de  Desarrollo  de  La  Reina;1909786;LIMPIADOR  DE  PISOS  DOÑA  FRESIA  CONCENTRADO  MULTIUSO  BIDÓN  5000  ML  UNIDAD  REGIÓN  RM;LIMPIADOR  DE  PISOS;2230;2228;0;610;1359080;Si;CASTILLA  Y  ARAGON  SPA;CASTILLA  Y  ARAGON  SPA;96.989.530-7
2239-9-LR22;5800319;Convenio  Marco  de  Artículos  de  Aseo  e  Higiene;1221016-204-CM25;52575575;Orden  de  Compra  generada  por  la  Gran  Compra:  75924;2025-04-22;2025-03-17;2025-03-19;2025-04-03;Recepción  Conforme;75924;71.378.000-6;Corporación  de  Desarrollo  de  La  Reina;Corporación  de  Desarrollo  de  La  Reina;;La  Reina;Corporación  de  Desarrollo  de  La  Reina;1888978;BOLSA  DE  BASURA  IMPEKE  GRANDE  80X110  120  L  ROLLO  X  10  UNIDADES  REGIÓN  RM;BOLSA  DE  BASURA;899;898;0;4012;3602776;No;ECOLES  SPA;ECOLES  SPA;77.087.242-1
2239-9-LR22;5800319;Convenio  Marco  de  Artículos  de  Aseo  e  Higiene;1221016-204-CM25;52575575;Orden  de  Compra  generada  por  la  Gran  Compra:  75924;2025-04-22;2025-03-17;2025-03-19;2025-04-03;Recepción  Conforme;75924;71.378.000-6;Corporación  de  Desarrollo  de  La  Reina;Corporación  de  Desarrollo  de  La  Reina;;La  Reina;Corporación  de  Desarrollo  de  La  Reina;1906930;GUANTES  DE  LIMPIEZA  VIRUTEX  MULTIUSO  GAMUZADO  TALLA  L  PAR  REGIÓN  RM;GUANTES  DE  LIMPIEZA;733;1920;-162;530;1017600;No;MARYUN  SEGURIDAD  INDUSTRIAL  SPA;MARYUN  SEGURIDAD  INDUSTRIAL  SPA;77.084.730-3
2239-9-LR22;5800319;Convenio  Marco  de  Artículos  de  Aseo  e  Higiene;1221016-204-CM25;52575575;Orden  de  Compra  generada  por  la  Gran  Compra:  75924;2025-04-22;2025-03-17;2025-03-19;2025-04-03;Recepción  Conforme;75924;71.378.000-6;Corporación  de  Desarrollo  de  La  Reina;Corporación  de  Desarrollo  de  La  Reina;;La  Reina;Corporación  de  Desarrollo  de  La  Reina;1918507;PAÑO  ABSORBENTE  MULTIUSO  VIRUTEX  RESISTENTE  AL  CLORO  PAQUETE  DE  UNIDAD  REGIÓN  RM;PAÑO  ABSORBENTE  MULTIUSO;216;325;-50;330;107250;No;MARYUN  SEGURIDAD  INDUSTRIAL  SPA;MARYUN  SEGURIDAD  INDUSTRIAL  SPA;77.084.730-3
2239-9-LR22;5800319;Convenio  Marco  de  Artículos  de  Aseo  e  Higiene;1221016-204-CM25;52575575;Orden  de  Compra  generada  por  la  Gran  Compra:  75924;2025-04-22;2025-03-17;2025-03-19;2025-04-03;Recepción  Conforme;75924;71.378.000-6;Corporación  de  Desarrollo  de  La  Reina;Corporación  de  Desarrollo  de  La  Reina;;La  Reina;Corporación  de  Desarrollo  de  La  Reina;1889012;BOLSA  DE  BASURA  IMPEKE  PEQUEÑA  50X70  30  L  ROLLO  X  10  UNIDADES  REGIÓN  RM;BOLSA  DE  BASURA;287;286;0;650;185900;No;SERVICIOS  INTEGRADOS  SIDAPT  LIMITADA;SERVICIOS  INTEGRADOS  SIDAPT  LIMITADA;76.299.358-9
2239-9-LR22;5800319;Convenio  Marco  de  Artículos  de  Aseo  e  Higiene;1221016-204-CM25;52575575;Orden  de  Compra  generada  por  la  Gran  Compra:  75924;2025-04-22;2025-03-17;2025-03-19;2025-04-03;Recepción  Conforme;75924;71.378.000-6;Corporación  de  Desarrollo  de  La  Reina;Corporación  de  Desarrollo  de  La  Reina;;La  Reina;Corporación  de  Desarrollo  de  La  Reina;1897172;CLORO  TRADICIONAL  IMPEKE  2,62%  4000  ML  UNIDAD  REGIÓN  RM;CLORO  TRADICIONAL;1880;1870;1;621;1161270;No;SERVICIOS  INTEGRADOS  SIDAPT  LIMITADA;SERVICIOS  INTEGRADOS  SIDAPT  LIMITADA;76.299.358-9
2239-9-LR22;5800319;Convenio  Marco  de  Artículos  de  Aseo  e  Higiene;1221016-204-CM25;52575575;Orden  de  Compra  generada  por  la  Gran  Compra:  75924;2025-04-22;2025-03-17;2025-03-19;2025-04-03;Recepción  Conforme;75924;71.378.000-6;Corporación  de  Desarrollo  de  La  Reina;Corporación  de  Desarrollo  de  La  Reina;;La  Reina;Corporación  de  Desarrollo  de  La  Reina;1897121;CLORO  TRADICIONAL  IMPEKE  2,62%  1000  ML  UNIDAD  REGIÓN  RM;CLORO  TRADICIONAL;591;590;0;68;40120;No;SERVICIOS  INTEGRADOS  SIDAPT  LIMITADA;SERVICIOS  INTEGRADOS  SIDAPT  LIMITADA;76.299.358-9
2239-9-LR22;5800319;Convenio  Marco  de  Artículos  de  Aseo  e  Higiene;1221016-204-CM25;52575575;Orden  de  Compra  generada  por  la  Gran  Compra:  75924;2025-04-22;2025-03-17;2025-03-19;2025-04-03;Recepción  Conforme;75924;71.378.000-6;Corporación  de  Desarrollo  de  La  Reina;Corporación  de  Desarrollo  de  La  Reina;;La  Reina;Corporación  de  Desarrollo  de  La  Reina;1895608;CERA  PARA  PISOS  TREMEX  LÍQUIDA  BIDÓN  5  L  AUTO  BRILLO  INCOLORA  UNIDAD  REGIÓN  RM;CERA  PARA  PISOS;6968;6967;0;30;209010;No;COMERCIAL  RED  OFFICE  LIMITADA;COMERCIAL  RED  OFFICE  LIMITADA;77.012.870-6
2239-9-LR22;5800319;Convenio  Marco  de  Artículos  de  Aseo  e  Higiene;1221016-204-CM25;52575575;Orden  de  Compra  generada  por  la  Gran  Compra:  75924;2025-04-22;2025-03-17;2025-03-19;2025-04-03;Recepción  Conforme;75924;71.378.000-6;Corporación  de  Desarrollo  de  La  Reina;Corporación  de  Desarrollo  de  La  Reina;;La  Reina;Corporación  de  Desarrollo  de  La  Reina;1897124;CLORO  TRADICIONAL  IMPEKE  2,62%  1000  ML  UNIDAD  REGIÓN  VII;CLORO  TRADICIONAL;740;724;2;68;49232;No;COMERCIAL  RED  OFFICE  LIMITADA;COMERCIAL  RED  OFFICE  LIMITADA;77.012.870-6
2239-9-LR22;5800319;Convenio  Marco  de  Artículos  de  Aseo  e  Higiene;1221016-204-CM25;52575575;Orden  de  Compra  generada  por  la  Gran  Compra:  75924;2025-04-22;2025-03-17;2025-03-19;2025-04-03;Recepción  Conforme;75924;71.378.000-6;Corporación  de  Desarrollo  de  La  Reina;Corporación  de  Desarrollo  de  La  Reina;;La  Reina;Corporación  de  Desarrollo  de  La  Reina;1910449;LIMPIADOR  DE  PISOS  IMPEKE  DESINFECTANTE  BIDÓN  4000  ML  UNIDAD  REGIÓN  RM;LIMPIADOR  DE  PISOS;2927;2800;4;127;355600;No;COMERCIAL  RED  OFFICE  LIMITADA;COMERCIAL  RED  OFFICE  LIMITADA;77.012.870-6
2239-9-LR22;5800319;Convenio  Marco  de  Artículos  de  Aseo  e  Higiene;1221016-204-CM25;52575575;Orden  de  Compra  generada  por  la  Gran  Compra:  75924;2025-04-22;2025-03-17;2025-03-19;2025-04-03;Recepción  Conforme;75924;71.378.000-6;Corporación  de  Desarrollo  de  La  Reina;Corporación  de  Desarrollo  de  La  Reina;;La  Reina;Corporación  de  Desarrollo  de  La  Reina;1898515;DESODORANTE  AMBIENTAL  AROM  AEROSOL  360  CC  LAVANDA  UNIDAD  REGIÓN  RM;DESODORANTE  AMBIENTAL;1112;1111;0;556;617716;No;COMERCIAL  RED  OFFICE  LIMITADA;COMERCIAL  RED  OFFICE  LIMITADA;77.012.870-6
2239-9-LR22;5800319;Convenio  Marco  de  Artículos  de  Aseo  e  Higiene;1221016-204-CM25;52575575;Orden  de  Compra  generada  por  la  Gran  Compra:  75924;2025-04-22;2025-03-17;2025-03-19;2025-04-03;Recepción  Conforme;75924;71.378.000-6;Corporación  de  Desarrollo  de  La  Reina;Corporación  de  Desarrollo  de  La  Reina;;La  Reina;Corporación  de  Desarrollo  de  La  Reina;1890781;BOLSA  DE  BASURA  WINKLER  PEQUEÑA  50X70  30  L  ROLLO  X  10  UNIDADES  REGIÓN  V;BOLSA  DE  BASURA;340;300;12;650;195000;No;WINKLER  LIMITADA;WINKLER  LIMITADA;79.722.860-5
2239-9-LR22;5800319;Convenio  Marco  de  Artículos  de  Aseo  e  Higiene;1221016-204-CM25;52575575;Orden  de  Compra  generada  por  la  Gran  Compra:  75924;2025-04-22;2025-03-17;2025-03-19;2025-04-03;Recepción  Conforme;75924;71.378.000-6;Corporación  de  Desarrollo  de  La  Reina;Corporación  de  Desarrollo  de  La  Reina;;La  Reina;Corporación  de  Desarrollo  de  La  Reina;1898345;DESENGRASANTE  COCINA  WINKLER  ANTIGRASA  USO  PROFESIONAL  5000  ML  UNIDAD  REGIÓN  RM;DESENGRASANTE  COCINA;7015;6500;7;8;52000;No;WINKLER  LIMITADA;WINKLER  LIMITADA;79.722.860-5
2239-9-LR22;5800319;Convenio  Marco  de  Artículos  de  Aseo  e  Higiene;1221016-204-CM25;52575575;Orden  de  Compra  generada  por  la  Gran  Compra:  75924;2025-04-22;2025-03-17;2025-03-19;2025-04-03;Recepción  Conforme;75924;71.378.000-6;Corporación  de  Desarrollo  de  La  Reina;Corporación  de  Desarrollo  de  La  Reina;;La  Reina;Corporación  de  Desarrollo  de  La  Reina;1898362;DESENGRASANTE  COCINA  WINKLER  MULTIUSO  CREMA  ANTIGRASA  750  ML  UNIDAD  REGIÓN  RM;DESENGRASANTE  COCINA;1170;900;23;409;368100;No;WINKLER  LIMITADA;WINKLER  LIMITADA;79.722.860-5
2239-9-LR22;5800319;Convenio  Marco  de  Artículos  de  Aseo  e  Higiene;1221016-204-CM25;52575575;Orden  de  Compra  generada  por  la  Gran  Compra:  75924;2025-04-22;2025-03-17;2025-03-19;2025-04-03;Recepción  Conforme;75924;71.378.000-6;Corporación  de  Desarrollo  de  La  Reina;Corporación  de  Desarrollo  de  La  Reina;;La  Reina;Corporación  de  Desarrollo  de  La  Reina;1898277;DESENGRASANTE  COCINA  TREMEX  ANTIGRASA  USO  PROFESIONAL  5000  ML  UNIDAD  REGIÓN  RM;DESENGRASANTE  COCINA;5824;5300;9;110;583000;No;COMERCIAL  RED  OFFICE  LIMITADA;COMERCIAL  RED  OFFICE  LIMITADA;77.012.870-6
2239-9-LR22;5800319;Convenio  Marco  de  Artículos  de  Aseo  e  Higiene;1221016-204-CM25;52575575;Orden  de  Compra  generada  por  la  Gran  Compra:  75924;2025-04-22;2025-03-17;2025-03-19;2025-04-03;Recepción  Conforme;75924;71.378.000-6;Corporación  de  Desarrollo  de  La  Reina;Corporación  de  Desarrollo  de  La  Reina;;La  Reina;Corporación  de  Desarrollo  de  La  Reina;1916756;PAÑO  ABSORBENTE  MULTIUSO  D-WIPES  DESINFECTANTE  PAQUETE  DE  50  UNIDADES  REGIÓN  RM;PAÑO  ABSORBENTE  MULTIUSO;1429;1420;1;2020;2868400;Si;CASTILLA  Y  ARAGON  SPA;CASTILLA  Y  ARAGON  SPA;96.989.530-7
2239-9-LR22;5800319;Convenio  Marco  de  Artículos  de  Aseo  e  Higiene;1221016-204-CM25;52575575;Orden  de  Compra  generada  por  la  Gran  Compra:  75924;2025-04-22;2025-03-17;2025-03-19;2025-04-03;Recepción  Conforme;75924;71.378.000-6;Corporación  de  Desarrollo  de  La  Reina;Corporación  de  Desarrollo  de  La  Reina;;La  Reina;Corporación  de  Desarrollo  de  La  Reina;1910415;LIMPIADOR  DE  PISOS  IGENIX  DESINFECTANTE  BOTELLA  900  ML  UNIDAD  REGIÓN  RM;LIMPIADOR  DE  PISOS;920;919;0;60;55140;No;COMERCIAL  RED  OFFICE  LIMITADA;COMERCIAL  RED  OFFICE  LIMITADA;77.012.870-6
2239-9-LR22;5800319;Convenio  Marco  de  Artículos  de  Aseo  e  Higiene;1221016-204-CM25;52575575;Orden  de  Compra  generada  por  la  Gran  Compra:  75924;2025-04-22;2025-03-17;2025-03-19;2025-04-03;Recepción  Conforme;75924;71.378.000-6;Corporación  de  Desarrollo  de  La  Reina;Corporación  de  Desarrollo  de  La  Reina;;La  Reina;Corporación  de  Desarrollo  de  La  Reina;1890457;BOLSA  DE  BASURA  VIRUTEX  MEDIANA  70X90  70  L  ROLLO  X  10  UNIDADES  REGIÓN  RM;BOLSA  DE  BASURA;501;845;-69;4012;3390140;No;MARYUN  SEGURIDAD  INDUSTRIAL  SPA;MARYUN  SEGURIDAD  INDUSTRIAL  SPA;77.084.730-3
2239-9-LR22;5800319;Convenio  Marco  de  Artículos  de  Aseo  e  Higiene;1221016-204-CM25;52575575;Orden  de  Compra  generada  por  la  Gran  Compra:  75924;2025-04-22;2025-03-17;2025-03-19;2025-04-03;Recepción  Conforme;75924;71.378.000-6;Corporación  de  Desarrollo  de  La  Reina;Corporación  de  Desarrollo  de  La  Reina;;La  Reina;Corporación  de  Desarrollo  de  La  Reina;1909276;LAVALOZAS  CONCENTRADO  LAVADO  MANUAL  TREMEX  ANTIGRASA  CÍTRICO  5000  ML  UNIDAD  REGIÓN  RM;LAVALOZAS  CONCENTRADO  LAVADO  MANUAL;6831;5790;15;247;1430130;No;SERVICIOS  INTEGRADOS  SIDAPT  LIMITADA;SERVICIOS  INTEGRADOS  SIDAPT  LIMITADA;76.299.358-9
2239-9-LR22;5800319;Convenio  Marco  de  Artículos  de  Aseo  e  Higiene;1221016-204-CM25;52575575;Orden  de  Compra  generada  por  la  Gran  Compra:  75924;2025-04-22;2025-03-17;2025-03-19;2025-04-03;Recepción  Conforme;75924;71.378.000-6;Corporación  de  Desarrollo  de  La  Reina;Corporación  de  Desarrollo  de  La  Reina;;La  Reina;Corporación  de  Desarrollo  de  La  Reina;1919969;PAPEL  HIGIÉNICO  ECO  ROLL  ALTO  METRAJE  HOJA  SIMPLE  6  ROLLOS  500  M  1  PAQUETE  REGIÓN  RM;PAPEL  HIGIÉNICO;10596;10590;0;3692;39098280;Si;CASTILLA  Y  ARAGON  SPA;CASTILLA  Y  ARAGON  SPA;96.989.530-7
2239-9-LR22;5800319;Convenio  Marco  de  Artículos  de  Aseo  e  Higiene;1221016-204-CM25;52575575;Orden  de  Compra  generada  por  la  Gran  Compra:  75924;2025-04-22;2025-03-17;2025-03-19;2025-04-03;Recepción  Conforme;75924;71.378.000-6;Corporación  de  Desarrollo  de  La  Reina;Corporación  de  Desarrollo  de  La  Reina;;La  Reina;Corporación  de  Desarrollo  de  La  Reina;1890744;BOLSA  DE  BASURA  WINKLER  MEDIANA  70X90  70  L  ROLLO  X  10  UNIDADES  REGIÓN  IV;BOLSA  DE  BASURA;744;680;9;4012;2728160;No;WINKLER  LIMITADA;WINKLER  LIMITADA;79.722.860-5
2239-9-LR22;5800319;Convenio  Marco  de  Artículos  de  Aseo  e  Higiene;1221016-204-CM25;52575575;Orden  de  Compra  generada  por  la  Gran  Compra:  75924;2025-04-22;2025-03-17;2025-03-19;2025-04-03;Recepción  Conforme;75924;71.378.000-6;Corporación  de  Desarrollo  de  La  Reina;Corporación  de  Desarrollo  de  La  Reina;;La  Reina;Corporación  de  Desarrollo  de  La  Reina;1906505;GUANTES  DE  LIMPIEZA  IMPEKE  MULTIUSO  GAMUZADO  TALLA  L  PAR  REGIÓN  RM;GUANTES  DE  LIMPIEZA;661;640;3;530;339200;No;SERVICIOS  INTEGRADOS  SIDAPT  LIMITADA;SERVICIOS  INTEGRADOS  SIDAPT  LIMITADA;76.299.358-9
2239-9-LR22;5800319;Convenio  Marco  de  Artículos  de  Aseo  e  Higiene;1221016-204-CM25;52575575;Orden  de  Compra  generada  por  la  Gran  Compra:  75924;2025-04-22;2025-03-17;2025-03-19;2025-04-03;Recepción  Conforme;75924;71.378.000-6;Corporación  de  Desarrollo  de  La  Reina;Corporación  de  Desarrollo  de  La  Reina;;La  Reina;Corporación  de  Desarrollo  de  La  Reina;1897903;DESENGRASANTE  COCINA  MR  ROB  ANTIGRASA  USO  PROFESIONAL  5000  ML  UNIDAD  REGIÓN  RM;DESENGRASANTE  COCINA;3643;3640;0;110;400400;Si;CASTILLA  Y  ARAGON  SPA;CASTILLA  Y  ARAGON  SPA;96.989.530-7
2239-9-LR22;5800319;Convenio  Marco  de  Artículos  de  Aseo  e  Higiene;1221016-204-CM25;52575575;Orden  de  Compra  generada  por  la  Gran  Compra:  75924;2025-04-22;2025-03-17;2025-03-19;2025-04-03;Recepción  Conforme;75924;71.378.000-6;Corporación  de  Desarrollo  de  La  Reina;Corporación  de  Desarrollo  de  La  Reina;;La  Reina;Corporación  de  Desarrollo  de  La  Reina;1902578;ESPONJA  BETTANIN  ACANALADA  C/FIBRA  ABRASIVA  UNIDAD  REGIÓN  RM;ESPONJA;123;95;23;350;33250;No;WINKLER  LIMITADA;WINKLER  LIMITADA;79.722.860-5
2239-9-LR22;5800319;Convenio  Marco  de  Artículos  de  Aseo  e  Higiene;1221016-204-CM25;52575575;Orden  de  Compra  generada  por  la  Gran  Compra:  75924;2025-04-22;2025-03-17;2025-03-19;2025-04-03;Recepción  Conforme;75924;71.378.000-6;Corporación  de  Desarrollo  de  La  Reina;Corporación  de  Desarrollo  de  La  Reina;;La  Reina;Corporación  de  Desarrollo  de  La  Reina;1909871;LIMPIADOR  DE  PISOS  DOÑA  FRESIA  PISOS  FLOTANTES,  MADERA  O  PARQUET  BOTELLA  900  ML  UNIDAD  REGIÓN  RM;LIMPIADOR  DE  PISOS;1169;1160;1;4;4640;Si;CASTILLA  Y  ARAGON  SPA;CASTILLA  Y  ARAGON  SPA;96.989.530-7
2239-9-LR22;5800319;Convenio  Marco  de  Artículos  de  Aseo  e  Higiene;1221016-204-CM25;52575575;Orden  de  Compra  generada  por  la  Gran  Compra:  75924;2025-04-22;2025-03-17;2025-03-19;2025-04-03;Recepción  Conforme;75924;71.378.000-6;Corporación  de  Desarrollo  de  La  Reina;Corporación  de  Desarrollo  de  La  Reina;;La  Reina;Corporación  de  Desarrollo  de  La  Reina;1912608;PALA  DE  ASEO  AVALCO  PLÁSTICA  MANGO  LARGO  90  CM  UNIDAD  REGIÓN  RM;PALA  DE  ASEO;999;790;21;217;171430;No;SERVICIOS  INTEGRADOS  SIDAPT  LIMITADA;SERVICIOS  INTEGRADOS  SIDAPT  LIMITADA;76.299.358-9
2239-9-LR22;5800319;Convenio  Marco  de  Artículos  de  Aseo  e  Higiene;1221016-204-CM25;52575575;Orden  de  Compra  generada  por  la  Gran  Compra:  75924;2025-04-22;2025-03-17;2025-03-19;2025-04-03;Recepción  Conforme;75924;71.378.000-6;Corporación  de  Desarrollo  de  La  Reina;Corporación  de  Desarrollo  de  La  Reina;;La  Reina;Corporación  de  Desarrollo  de  La  Reina;1900130;DESODORANTE  AMBIENTAL  TANAX  AEROSOL  360  CC  LAVANDA  UNIDAD  REGIÓN  RM;DESODORANTE  AMBIENTAL;959;958;0;556;532648;Si;CASTILLA  Y  ARAGON  SPA;CASTILLA  Y  ARAGON  SPA;96.989.530-7
2239-9-LR22;5800319;Convenio  Marco  de  Artículos  de  Aseo  e  Higiene;1221016-204-CM25;52575575;Orden  de  Compra  generada  por  la  Gran  Compra:  75924;2025-04-22;2025-03-17;2025-03-19;2025-04-03;Recepción  Conforme;75924;71.378.000-6;Corporación  de  Desarrollo  de  La  Reina;Corporación  de  Desarrollo  de  La  Reina;;La  Reina;Corporación  de  Desarrollo  de  La  Reina;1896254;CERA  PARA  PISOS  WINKLER  LÍQUIDA  BIDÓN  5  L  EMULSIÓN  ACRÍLICA  AMARILLA  UNIDAD  REGIÓN  RM;CERA  PARA  PISOS;9853;9000;9;42;378000;No;WINKLER  LIMITADA;WINKLER  LIMITADA;79.722.860-5
2239-9-LR22;5800319;Convenio  Marco  de  Artículos  de  Aseo  e  Higiene;1221016-204-CM25;52575575;Orden  de  Compra  generada  por  la  Gran  Compra:  75924;2025-04-22;2025-03-17;2025-03-19;2025-04-03;Recepción  Conforme;75924;71.378.000-6;Corporación  de  Desarrollo  de  La  Reina;Corporación  de  Desarrollo  de  La  Reina;;La  Reina;Corporación  de  Desarrollo  de  La  Reina;1911163;LIMPIADOR  DE  PISOS  TREMEX  PISOS  FLOTANTES,  MADERA  O  PARQUET  BOTELLA  900  ML  UNIDAD  REGIÓN  RM;LIMPIADOR  DE  PISOS;1801;1640;9;4;6560;No;SERVICIOS  INTEGRADOS  SIDAPT  LIMITADA;SERVICIOS  INTEGRADOS  SIDAPT  LIMITADA;76.299.358-9
2239-9-LR22;5800319;Convenio  Marco  de  Artículos  de  Aseo  e  Higiene;1221016-204-CM25;52575575;Orden  de  Compra  generada  por  la  Gran  Compra:  75924;2025-04-22;2025-03-17;2025-03-19;2025-04-03;Recepción  Conforme;75924;71.378.000-6;Corporación  de  Desarrollo  de  La  Reina;Corporación  de  Desarrollo  de  La  Reina;;La  Reina;Corporación  de  Desarrollo  de  La  Reina;1902221;ESCOBILLÓN  VIRUTEX  USO  INTERIOR  FIBRA  SUAVE  MANGO  METÁLICO  32  CM  UNIDAD  REGIÓN  RM;ESCOBILLÓN;1930;1930;0;29;55970;Si;CASTILLA  Y  ARAGON  SPA;CASTILLA  Y  ARAGON  SPA;96.989.530-7
2239-9-LR22;5800319;Convenio  Marco  de  Artículos  de  Aseo  e  Higiene;1221016-204-CM25;52575575;Orden  de  Compra  generada  por  la  Gran  Compra:  75924;2025-04-22;2025-03-17;2025-03-19;2025-04-03;Recepción  Conforme;75924;71.378.000-6;Corporación  de  Desarrollo  de  La  Reina;Corporación  de  Desarrollo  de  La  Reina;;La  Reina;Corporación  de  Desarrollo  de  La  Reina;1898277;DESENGRASANTE  COCINA  TREMEX  ANTIGRASA  USO  PROFESIONAL  5000  ML  UNIDAD  REGIÓN  RM;DESENGRASANTE  COCINA;5824;5300;9;110;583000;No;COMERCIAL  RED  OFFICE  LIMITADA;COMERCIAL  RED  OFFICE  LIMITADA;77.012.870-6
2239-9-LR22;5800319;Convenio  Marco  de  Artículos  de  Aseo  e  Higiene;1221016-204-CM25;52575575;Orden  de  Compra  generada  por  la  Gran  Compra:  75924;2025-04-22;2025-03-17;2025-03-19;2025-04-03;Recepción  Conforme;75924;71.378.000-6;Corporación  de  Desarrollo  de  La  Reina;Corporación  de  Desarrollo  de  La  Reina;;La  Reina;Corporación  de  Desarrollo  de  La  Reina;1918252;PAÑO  ABSORBENTE  MULTIUSO  VIRUTEX  ALGODÓN  50X45  CM  UNIDAD  REGIÓN  RM;PAÑO  ABSORBENTE  MULTIUSO;631;1190;-89;300;357000;No;MARYUN  SEGURIDAD  INDUSTRIAL  SPA;MARYUN  SEGURIDAD  INDUSTRIAL  SPA;77.084.730-3
2239-9-LR22;5800319;Convenio  Marco  de  Artículos  de  Aseo  e  Higiene;1221016-204-CM25;52575575;Orden  de  Compra  generada  por  la  Gran  Compra:  75924;2025-04-22;2025-03-17;2025-03-19;2025-04-03;Recepción  Conforme;75924;71.378.000-6;Corporación  de  Desarrollo  de  La  Reina;Corporación  de  Desarrollo  de  La  Reina;;La  Reina;Corporación  de  Desarrollo  de  La  Reina;1911248;LIMPIADOR  DE  PISOS  VIRUTEX  DESINFECTANTE  BIDÓN  4000  ML  UNIDAD  REGIÓN  RM;LIMPIADOR  DE  PISOS;4178;4170;0;127;529590;Si;CASTILLA  Y  ARAGON  SPA;CASTILLA  Y  ARAGON  SPA;96.989.530-7
2239-9-LR22;5800319;Convenio  Marco  de  Artículos  de  Aseo  e  Higiene;1221016-204-CM25;52575575;Orden  de  Compra  generada  por  la  Gran  Compra:  75924;2025-04-22;2025-03-17;2025-03-19;2025-04-03;Recepción  Conforme;75924;71.378.000-6;Corporación  de  Desarrollo  de  La  Reina;Corporación  de  Desarrollo  de  La  Reina;;La  Reina;Corporación  de  Desarrollo  de  La  Reina;1890474;BOLSA  DE  BASURA  VIRUTEX  PAPELERO  50X55  18  L  ROLLO  X  20  UNIDADES  REGIÓN  RM;BOLSA  DE  BASURA;481;480;0;624;299520;No;COMERCIAL  RED  OFFICE  LIMITADA;COMERCIAL  RED  OFFICE  LIMITADA;77.012.870-6
2239-9-LR22;5800319;Convenio  Marco  de  Artículos  de  Aseo  e  Higiene;1221016-204-CM25;52575575;Orden  de  Compra  generada  por  la  Gran  Compra:  75924;2025-04-22;2025-03-17;2025-03-19;2025-04-03;Recepción  Conforme;75924;71.378.000-6;Corporación  de  Desarrollo  de  La  Reina;Corporación  de  Desarrollo  de  La  Reina;;La  Reina;Corporación  de  Desarrollo  de  La  Reina;1911231;LIMPIADOR  DE  PISOS  VIRUTEX  CONCENTRADO  MULTIUSO  BOTELLA  900  ML  UNIDAD  REGIÓN  RM;LIMPIADOR  DE  PISOS;1020;1019;0;37;37703;No;COMERCIAL  RED  OFFICE  LIMITADA;COMERCIAL  RED  OFFICE  LIMITADA;77.012.870-6
2239-9-LR22;5800319;Convenio  Marco  de  Artículos  de  Aseo  e  Higiene;1221016-204-CM25;52575575;Orden  de  Compra  generada  por  la  Gran  Compra:  75924;2025-04-22;2025-03-17;2025-03-19;2025-04-03;Recepción  Conforme;75924;71.378.000-6;Corporación  de  Desarrollo  de  La  Reina;Corporación  de  Desarrollo  de  La  Reina;;La  Reina;Corporación  de  Desarrollo  de  La  Reina;1926922;TRAPERO  REUTILIZABLE  VIRUTEX  PRO  ALGODÓN  SIMPLE  C/OJAL  50X50  CM  UNIDAD  REGIÓN  RM;TRAPERO  REUTILIZABLE;804;1050;-31;10;10500;No;MARYUN  SEGURIDAD  INDUSTRIAL  SPA;MARYUN  SEGURIDAD  INDUSTRIAL  SPA;77.084.730-3
2239-9-LR22;5800319;Convenio  Marco  de  Artículos  de  Aseo  e  Higiene;1221016-204-CM25;52575575;Orden  de  Compra  generada  por  la  Gran  Compra:  75924;2025-04-22;2025-03-17;2025-03-19;2025-04-03;Recepción  Conforme;75924;71.378.000-6;Corporación  de  Desarrollo  de  La  Reina;Corporación  de  Desarrollo  de  La  Reina;;La  Reina;Corporación  de  Desarrollo  de  La  Reina;1897291;CLORO  TRADICIONAL  WINKLER  3%  4000  ML  UNIDAD  REGIÓN  RM;CLORO  TRADICIONAL;2021;1800;11;41;73800;No;WINKLER  LIMITADA;WINKLER  LIMITADA;79.722.860-5
2239-9-LR22;5800319;Convenio  Marco  de  Artículos  de  Aseo  e  Higiene;1221016-204-CM25;52575575;Orden  de  Compra  generada  por  la  Gran  Compra:  75924;2025-04-22;2025-03-17;2025-03-19;2025-04-03;Recepción  Conforme;75924;71.378.000-6;Corporación  de  Desarrollo  de  La  Reina;Corporación  de  Desarrollo  de  La  Reina;;La  Reina;Corporación  de  Desarrollo  de  La  Reina;1918303;PAÑO  ABSORBENTE  MULTIUSO  VIRUTEX  CELULOSA  PAQUETE  DE  UNIDAD  REGIÓN  RM;PAÑO  ABSORBENTE  MULTIUSO;882;790;10;410;323900;No;SERVICIOS  INTEGRADOS  SIDAPT  LIMITADA;SERVICIOS  INTEGRADOS  SIDAPT  LIMITADA;76.299.358-9
2239-9-LR22;5800319;Convenio  Marco  de  Artículos  de  Aseo  e  Higiene;1221016-204-CM25;52575575;Orden  de  Compra  generada  por  la  Gran  Compra:  75924;2025-04-22;2025-03-17;2025-03-19;2025-04-03;Recepción  Conforme;75924;71.378.000-6;Corporación  de  Desarrollo  de  La  Reina;Corporación  de  Desarrollo  de  La  Reina;;La  Reina;Corporación  de  Desarrollo  de  La  Reina;1898481;DESINFECTANTE  SUPERFICIES  EN  AEROSOL  TANAX  ANTIBACTERIAL  420  ML  UNIDAD  REGIÓN  RM;DESINFECTANTE  SUPERFICIES  EN  AEROSOL;1926;1920;0;381;731520;Si;CASTILLA  Y  ARAGON  SPA;CASTILLA  Y  ARAGON  SPA;96.989.530-7
2239-9-LR22;5800319;Convenio  Marco  de  Artículos  de  Aseo  e  Higiene;1221016-204-CM25;52575575;Orden  de  Compra  generada  por  la  Gran  Compra:  75924;2025-04-22;2025-03-17;2025-03-19;2025-04-03;Recepción  Conforme;75924;71.378.000-6;Corporación  de  Desarrollo  de  La  Reina;Corporación  de  Desarrollo  de  La  Reina;;La  Reina;Corporación  de  Desarrollo  de  La  Reina;1903479;ESPONJA  QU  2000  ACANALADA  C/FIBRA  ABRASIVA  UNIDAD  REGIÓN  RM;ESPONJA;195;190;3;350;66500;Si;CASTILLA  Y  ARAGON  SPA;CASTILLA  Y  ARAGON  SPA;96.989.530-7
2239-9-LR22;5800319;Convenio  Marco  de  Artículos  de  Aseo  e  Higiene;1221016-204-CM25;52575575;Orden  de  Compra  generada  por  la  Gran  Compra:  75924;2025-04-22;2025-03-17;2025-03-19;2025-04-03;Recepción  Conforme;75924;71.378.000-6;Corporación  de  Desarrollo  de  La  Reina;Corporación  de  Desarrollo  de  La  Reina;;La  Reina;Corporación  de  Desarrollo  de  La  Reina;1918507;PAÑO  ABSORBENTE  MULTIUSO  VIRUTEX  RESISTENTE  AL  CLORO  PAQUETE  DE  UNIDAD  REGIÓN  RM;PAÑO  ABSORBENTE  MULTIUSO;250;247;1;330;81510;Si;CASTILLA  Y  ARAGON  SPA;CASTILLA  Y  ARAGON  SPA;96.989.530-7
2239-9-LR22;5800319;Convenio  Marco  de  Artículos  de  Aseo  e  Higiene;1221016-204-CM25;52575575;Orden  de  Compra  generada  por  la  Gran  Compra:  75924;2025-04-22;2025-03-17;2025-03-19;2025-04-03;Recepción  Conforme;75924;71.378.000-6;Corporación  de  Desarrollo  de  La  Reina;Corporación  de  Desarrollo  de  La  Reina;;La  Reina;Corporación  de  Desarrollo  de  La  Reina;1918235;PAÑO  ABSORBENTE  MULTIUSO  VIRUTEX  ALGODÓN  40X35  CM  UNIDAD  REGIÓN  RM;PAÑO  ABSORBENTE  MULTIUSO;306;305;0;106;32330;No;COMERCIAL  RED  OFFICE  LIMITADA;COMERCIAL  RED  OFFICE  LIMITADA;77.012.870-6
2239-9-LR22;5800319;Convenio  Marco  de  Artículos  de  Aseo  e  Higiene;1221016-204-CM25;52575575;Orden  de  Compra  generada  por  la  Gran  Compra:  75924;2025-04-22;2025-03-17;2025-03-19;2025-04-03;Recepción  Conforme;75924;71.378.000-6;Corporación  de  Desarrollo  de  La  Reina;Corporación  de  Desarrollo  de  La  Reina;;La  Reina;Corporación  de  Desarrollo  de  La  Reina;1909395;LAVALOZAS  CONCENTRADO  LAVADO  MANUAL  WINKLER  ANTIGRASA  CÍTRICO  5000  ML  UNIDAD  REGIÓN  RM;LAVALOZAS  CONCENTRADO  LAVADO  MANUAL;5512;4500;18;247;1111500;No;WINKLER  LIMITADA;WINKLER  LIMITADA;79.722.860-5
2239-9-LR22;5800319;Convenio  Marco  de  Artículos  de  Aseo  e  Higiene;1221016-204-CM25;52575575;Orden  de  Compra  generada  por  la  Gran  Compra:  75924;2025-04-22;2025-03-17;2025-03-19;2025-04-03;Recepción  Conforme;75924;71.378.000-6;Corporación  de  Desarrollo  de  La  Reina;Corporación  de  Desarrollo  de  La  Reina;;La  Reina;Corporación  de  Desarrollo  de  La  Reina;1896285;CERA  PARA  PISOS  WINKLER  LÍQUIDA  BIDÓN  5  L  EMULSIÓN  ACRÍLICA  NEGRA  UNIDAD  REGIÓN  III;CERA  PARA  PISOS;9853;9000;9;20;180000;No;WINKLER  LIMITADA;WINKLER  LIMITADA;79.722.860-5
2239-9-LR22;5800319;Convenio  Marco  de  Artículos  de  Aseo  e  Higiene;1221016-204-CM25;52575575;Orden  de  Compra  generada  por  la  Gran  Compra:  75924;2025-04-22;2025-03-17;2025-03-19;2025-04-03;Recepción  Conforme;75924;71.378.000-6;Corporación  de  Desarrollo  de  La  Reina;Corporación  de  Desarrollo  de  La  Reina;;La  Reina;Corporación  de  Desarrollo  de  La  Reina;1911350;LIMPIADOR  DE  PISOS  WINKLER  DESINFECTANTE  BIDÓN  4000  ML  UNIDAD  REGIÓN  RM;LIMPIADOR  DE  PISOS;3708;3000;19;127;381000;No;WINKLER  LIMITADA;WINKLER  LIMITADA;79.722.860-5
2239-9-LR22;5800319;Convenio  Marco  de  Artículos  de  Aseo  e  Higiene;1221016-204-CM25;52575575;Orden  de  Compra  generada  por  la  Gran  Compra:  75924;2025-04-22;2025-03-17;2025-03-19;2025-04-03;Recepción  Conforme;75924;71.378.000-6;Corporación  de  Desarrollo  de  La  Reina;Corporación  de  Desarrollo  de  La  Reina;;La  Reina;Corporación  de  Desarrollo  de  La  Reina;1909310;LAVALOZAS  CONCENTRADO  LAVADO  MANUAL  VIRGINIA  ANTIGRASA  CÍTRICO  5000  ML  UNIDAD  REGIÓN  RM;LAVALOZAS  CONCENTRADO  LAVADO  MANUAL;6381;6381;0;247;1576107;No;COMERCIAL  RED  OFFICE  LIMITADA;COMERCIAL  RED  OFFICE  LIMITADA;77.012.870-6
2239-9-LR22;5800319;Convenio  Marco  de  Artículos  de  Aseo  e  Higiene;1221016-204-CM25;52575575;Orden  de  Compra  generada  por  la  Gran  Compra:  75924;2025-04-22;2025-03-17;2025-03-19;2025-04-03;Recepción  Conforme;75924;71.378.000-6;Corporación  de  Desarrollo  de  La  Reina;Corporación  de  Desarrollo  de  La  Reina;;La  Reina;Corporación  de  Desarrollo  de  La  Reina;1906505;GUANTES  DE  LIMPIEZA  IMPEKE  MULTIUSO  GAMUZADO  TALLA  L  PAR  REGIÓN  RM;GUANTES  DE  LIMPIEZA;674;670;1;530;355100;Si;CASTILLA  Y  ARAGON  SPA;CASTILLA  Y  ARAGON  SPA;96.989.530-7
2239-9-LR22;5800319;Convenio  Marco  de  Artículos  de  Aseo  e  Higiene;1221016-204-CM25;52575575;Orden  de  Compra  generada  por  la  Gran  Compra:  75924;2025-04-22;2025-03-17;2025-03-19;2025-04-03;Recepción  Conforme;75924;71.378.000-6;Corporación  de  Desarrollo  de  La  Reina;Corporación  de  Desarrollo  de  La  Reina;;La  Reina;Corporación  de  Desarrollo  de  La  Reina;1918269;PAÑO  ABSORBENTE  MULTIUSO  VIRUTEX  CELULOSA  PAQUETE  DE  3  UNIDADES  REGIÓN  RM;PAÑO  ABSORBENTE  MULTIUSO;1458;1100;25;410;451000;No;COMERCIAL  RED  OFFICE  LIMITADA;COMERCIAL  RED  OFFICE  LIMITADA;77.012.870-6
2239-9-LR22;5800319;Convenio  Marco  de  Artículos  de  Aseo  e  Higiene;1221016-204-CM25;52575575;Orden  de  Compra  generada  por  la  Gran  Compra:  75924;2025-04-22;2025-03-17;2025-03-19;2025-04-03;Recepción  Conforme;75924;71.378.000-6;Corporación  de  Desarrollo  de  La  Reina;Corporación  de  Desarrollo  de  La  Reina;;La  Reina;Corporación  de  Desarrollo  de  La  Reina;1912421;LÍQUIDO  LIMPIAVIDRIOS  TREMEX  BIDÓN  5000  CC  UNIDAD  REGIÓN  RM;LÍQUIDO  LIMPIAVIDRIOS;4439;3888;12;95;369360;No;COMERCIAL  RED  OFFICE  LIMITADA;COMERCIAL  RED  OFFICE  LIMITADA;77.012.870-6
2239-9-LR22;5800319;Convenio  Marco  de  Artículos  de  Aseo  e  Higiene;1221016-204-CM25;52575575;Orden  de  Compra  generada  por  la  Gran  Compra:  75924;2025-04-22;2025-03-17;2025-03-19;2025-04-03;Recepción  Conforme;75924;71.378.000-6;Corporación  de  Desarrollo  de  La  Reina;Corporación  de  Desarrollo  de  La  Reina;;La  Reina;Corporación  de  Desarrollo  de  La  Reina;1890610;BOLSA  DE  BASURA  VIRUTEX  PRO  PAPELERO  50X55  18  L  ROLLO  X  20  UNIDADES  REGIÓN  RM;BOLSA  DE  BASURA;495;495;0;520;257400;Si;CASTILLA  Y  ARAGON  SPA;CASTILLA  Y  ARAGON  SPA;96.989.530-7
2239-9-LR22;5800319;Convenio  Marco  de  Artículos  de  Aseo  e  Higiene;1221016-204-CM25;52575575;Orden  de  Compra  generada  por  la  Gran  Compra:  75924;2025-04-22;2025-03-17;2025-03-19;2025-04-03;Recepción  Conforme;75924;71.378.000-6;Corporación  de  Desarrollo  de  La  Reina;Corporación  de  Desarrollo  de  La  Reina;;La  Reina;Corporación  de  Desarrollo  de  La  Reina;1912518;LÍQUIDO  LIMPIAVIDRIOS  WINKLER  BIDÓN  5000  CC  UNIDAD  REGIÓN  I;LÍQUIDO  LIMPIAVIDRIOS;3713;3500;6;95;332500;No;WINKLER  LIMITADA;WINKLER  LIMITADA;79.722.860-5
2239-9-LR22;5800319;Convenio  Marco  de  Artículos  de  Aseo  e  Higiene;1221016-204-CM25;52575575;Orden  de  Compra  generada  por  la  Gran  Compra:  75924;2025-04-22;2025-03-17;2025-03-19;2025-04-03;Recepción  Conforme;75924;71.378.000-6;Corporación  de  Desarrollo  de  La  Reina;Corporación  de  Desarrollo  de  La  Reina;;La  Reina;Corporación  de  Desarrollo  de  La  Reina;1927041;TRAPERO  REUTILIZABLE  WINKLER  ABSORVENTE  DOBLE  C/OJAL  50X50  CM  UNIDAD  REGIÓN  RM;TRAPERO  REUTILIZABLE;1170;800;32;700;560000;No;WINKLER  LIMITADA;WINKLER  LIMITADA;79.722.860-5
2239-9-LR22;5800319;Convenio  Marco  de  Artículos  de  Aseo  e  Higiene;1221016-204-CM25;52575575;Orden  de  Compra  generada  por  la  Gran  Compra:  75924;2025-04-22;2025-03-17;2025-03-19;2025-04-03;Recepción  Conforme;75924;71.378.000-6;Corporación  de  Desarrollo  de  La  Reina;Corporación  de  Desarrollo  de  La  Reina;;La  Reina;Corporación  de  Desarrollo  de  La  Reina;1898345;DESENGRASANTE  COCINA  WINKLER  ANTIGRASA  USO  PROFESIONAL  5000  ML  UNIDAD  REGIÓN  RM;DESENGRASANTE  COCINA;7015;6500;7;8;52000;No;WINKLER  LIMITADA;WINKLER  LIMITADA;79.722.860-5
2239-9-LR22;5800319;Convenio  Marco  de  Artículos  de  Aseo  e  Higiene;1221016-204-CM25;52575575;Orden  de  Compra  generada  por  la  Gran  Compra:  75924;2025-04-22;2025-03-17;2025-03-19;2025-04-03;Recepción  Conforme;75924;71.378.000-6;Corporación  de  Desarrollo  de  La  Reina;Corporación  de  Desarrollo  de  La  Reina;;La  Reina;Corporación  de  Desarrollo  de  La  Reina;1918388;PAÑO  ABSORBENTE  MULTIUSO  VIRUTEX  PRO  ALGODÓN  50X45  CM  UNIDAD  REGIÓN  RM;PAÑO  ABSORBENTE  MULTIUSO;665;660;1;300;198000;No;SERVICIOS  INTEGRADOS  SIDAPT  LIMITADA;SERVICIOS  INTEGRADOS  SIDAPT  LIMITADA;76.299.358-9
2239-9-LR22;5800319;Convenio  Marco  de  Artículos  de  Aseo  e  Higiene;1221016-204-CM25;52575575;Orden  de  Compra  generada  por  la  Gran  Compra:  75924;2025-04-22;2025-03-17;2025-03-19;2025-04-03;Recepción  Conforme;75924;71.378.000-6;Corporación  de  Desarrollo  de  La  Reina;Corporación  de  Desarrollo  de  La  Reina;;La  Reina;Corporación  de  Desarrollo  de  La  Reina;1903751;ESPONJA  VIRUTEX  ACANALADA  C/FIBRA  ABRASIVA  UNIDAD  REGIÓN  RM;ESPONJA;252;560;-122;350;196000;No;MARYUN  SEGURIDAD  INDUSTRIAL  SPA;MARYUN  SEGURIDAD  INDUSTRIAL  SPA;77.084.730-3
2239-9-LR22;5800319;Convenio  Marco  de  Artículos  de  Aseo  e  Higiene;1221016-204-CM25;52575575;Orden  de  Compra  generada  por  la  Gran  Compra:  75924;2025-04-22;2025-03-17;2025-03-19;2025-04-03;Recepción  Conforme;75924;71.378.000-6;Corporación  de  Desarrollo  de  La  Reina;Corporación  de  Desarrollo  de  La  Reina;;La  Reina;Corporación  de  Desarrollo  de  La  Reina;1911396;LIMPIADOR  DE  PISOS  WINKLER  PISOS  FLOTANTES,  MADERA  O  PARQUET  BOTELLA  900  ML  UNIDAD  REGIÓN  I;LIMPIADOR  DE  PISOS;2228;2000;10;10;20000;No;WINKLER  LIMITADA;WINKLER  LIMITADA;79.722.860-5
2239-9-LR22;5800319;Convenio  Marco  de  Artículos  de  Aseo  e  Higiene;1221016-204-CM25;52575575;Orden  de  Compra  generada  por  la  Gran  Compra:  75924;2025-04-22;2025-03-17;2025-03-19;2025-04-03;Recepción  Conforme;75924;71.378.000-6;Corporación  de  Desarrollo  de  La  Reina;Corporación  de  Desarrollo  de  La  Reina;;La  Reina;Corporación  de  Desarrollo  de  La  Reina;1926259;TRAPERO  REUTILIZABLE  IGENIX  DESINFECTANTE  C/  OJAL  40X60  CM  PAQUETE  10  UNIDADES  REGIÓN  RM;TRAPERO  REUTILIZABLE;1922;1790;7;60;107400;No;SERVICIOS  INTEGRADOS  SIDAPT  LIMITADA;SERVICIOS  INTEGRADOS  SIDAPT  LIMITADA;76.299.358-9
2239-9-LR22;5800319;Convenio  Marco  de  Artículos  de  Aseo  e  Higiene;1221016-204-CM25;52575575;Orden  de  Compra  generada  por  la  Gran  Compra:  75924;2025-04-22;2025-03-17;2025-03-19;2025-04-03;Recepción  Conforme;75924;71.378.000-6;Corporación  de  Desarrollo  de  La  Reina;Corporación  de  Desarrollo  de  La  Reina;;La  Reina;Corporación  de  Desarrollo  de  La  Reina;1918337;PAÑO  ABSORBENTE  MULTIUSO  VIRUTEX  DESINFECTANTE  PAQUETE  DE  50  UNIDADES  REGIÓN  RM;PAÑO  ABSORBENTE  MULTIUSO;1523;2570;-69;2020;5191400;No;MARYUN  SEGURIDAD  INDUSTRIAL  SPA;MARYUN  SEGURIDAD  INDUSTRIAL  SPA;77.084.730-3
2239-9-LR22;5800319;Convenio  Marco  de  Artículos  de  Aseo  e  Higiene;1221016-204-CM25;52575575;Orden  de  Compra  generada  por  la  Gran  Compra:  75924;2025-04-22;2025-03-17;2025-03-19;2025-04-03;Recepción  Conforme;75924;71.378.000-6;Corporación  de  Desarrollo  de  La  Reina;Corporación  de  Desarrollo  de  La  Reina;;La  Reina;Corporación  de  Desarrollo  de  La  Reina;1911163;LIMPIADOR  DE  PISOS  TREMEX  PISOS  FLOTANTES,  MADERA  O  PARQUET  BOTELLA  900  ML  UNIDAD  REGIÓN  RM;LIMPIADOR  DE  PISOS;1799;1798;0;10;17980;No;COMERCIAL  RED  OFFICE  LIMITADA;COMERCIAL  RED  OFFICE  LIMITADA;77.012.870-6
2239-9-LR22;5800319;Convenio  Marco  de  Artículos  de  Aseo  e  Higiene;1221016-204-CM25;52575575;Orden  de  Compra  generada  por  la  Gran  Compra:  75924;2025-04-22;2025-03-17;2025-03-19;2025-04-03;Recepción  Conforme;75924;71.378.000-6;Corporación  de  Desarrollo  de  La  Reina;Corporación  de  Desarrollo  de  La  Reina;;La  Reina;Corporación  de  Desarrollo  de  La  Reina;1912421;LÍQUIDO  LIMPIAVIDRIOS  TREMEX  BIDÓN  5000  CC  UNIDAD  REGIÓN  RM;LÍQUIDO  LIMPIAVIDRIOS;3948;3948;0;95;375060;No;COMERCIAL  MYC  LIMITADA;COMERCIAL  MYC  LTDA.;77.008.207-2
2239-9-LR22;5800319;Convenio  Marco  de  Artículos  de  Aseo  e  Higiene;1221016-204-CM25;52575575;Orden  de  Compra  generada  por  la  Gran  Compra:  75924;2025-04-22;2025-03-17;2025-03-19;2025-04-03;Recepción  Conforme;75924;71.378.000-6;Corporación  de  Desarrollo  de  La  Reina;Corporación  de  Desarrollo  de  La  Reina;;La  Reina;Corporación  de  Desarrollo  de  La  Reina;1918609;PAÑO  ABSORBENTE  MULTIUSO  WINKLER  ALGODÓN  40X35  CM  UNIDAD  REGIÓN  RM;PAÑO  ABSORBENTE  MULTIUSO;218;210;4;106;22260;Si;CASTILLA  Y  ARAGON  SPA;CASTILLA  Y  ARAGON  SPA;96.989.530-7
2239-9-LR22;5800319;Convenio  Marco  de  Artículos  de  Aseo  e  Higiene;1221016-204-CM25;52575575;Orden  de  Compra  generada  por  la  Gran  Compra:  75924;2025-04-22;2025-03-17;2025-03-19;2025-04-03;Recepción  Conforme;75924;71.378.000-6;Corporación  de  Desarrollo  de  La  Reina;Corporación  de  Desarrollo  de  La  Reina;;La  Reina;Corporación  de  Desarrollo  de  La  Reina;1910041;LIMPIADOR  DE  PISOS  EXCELL  PISOS  FLOTANTES,  MADERA  O  PARQUET  BOTELLA  900  ML  UNIDAD  REGIÓN  RM;LIMPIADOR  DE  PISOS;1875;1870;0;10;18700;Si;CASTILLA  Y  ARAGON  SPA;CASTILLA  Y  ARAGON  SPA;96.989.530-7
2239-9-LR22;5800319;Convenio  Marco  de  Artículos  de  Aseo  e  Higiene;1221016-204-CM25;52575575;Orden  de  Compra  generada  por  la  Gran  Compra:  75924;2025-04-22;2025-03-17;2025-03-19;2025-04-03;Recepción  Conforme;75924;71.378.000-6;Corporación  de  Desarrollo  de  La  Reina;Corporación  de  Desarrollo  de  La  Reina;;La  Reina;Corporación  de  Desarrollo  de  La  Reina;1909990;LIMPIADOR  DE  PISOS  EXCELL  CONCENTRADO  MULTIUSO  BOTELLA  900  ML  UNIDAD  REGIÓN  RM;LIMPIADOR  DE  PISOS;693;690;0;37;25530;Si;CASTILLA  Y  ARAGON  SPA;CASTILLA  Y  ARAGON  SPA;96.989.530-7
2239-9-LR22;5800319;Convenio  Marco  de  Artículos  de  Aseo  e  Higiene;1221016-204-CM25;52575575;Orden  de  Compra  generada  por  la  Gran  Compra:  75924;2025-04-22;2025-03-17;2025-03-19;2025-04-03;Recepción  Conforme;75924;71.378.000-6;Corporación  de  Desarrollo  de  La  Reina;Corporación  de  Desarrollo  de  La  Reina;;La  Reina;Corporación  de  Desarrollo  de  La  Reina;1921822;PAPEL  HIGIÉNICO  TORK  ALTO  METRAJE  HOJA  SIMPLE  6  ROLLOS  500  M  1  PAQUETE  REGIÓN  RM;PAPEL  HIGIÉNICO;14358;12400;14;3692;45780800;No;COMERCIAL  RED  OFFICE  LIMITADA;COMERCIAL  RED  OFFICE  LIMITADA;77.012.870-6
2239-9-LR22;5800319;Convenio  Marco  de  Artículos  de  Aseo  e  Higiene;1221016-204-CM25;52575575;Orden  de  Compra  generada  por  la  Gran  Compra:  75924;2025-04-22;2025-03-17;2025-03-19;2025-04-03;Recepción  Conforme;75924;71.378.000-6;Corporación  de  Desarrollo  de  La  Reina;Corporación  de  Desarrollo  de  La  Reina;;La  Reina;Corporación  de  Desarrollo  de  La  Reina;1918303;PAÑO  ABSORBENTE  MULTIUSO  VIRUTEX  CELULOSA  PAQUETE  DE  UNIDAD  REGIÓN  RM;PAÑO  ABSORBENTE  MULTIUSO;896;890;1;70;62300;Si;CASTILLA  Y  ARAGON  SPA;CASTILLA  Y  ARAGON  SPA;96.989.530-7
2239-9-LR22;5800319;Convenio  Marco  de  Artículos  de  Aseo  e  Higiene;1221016-204-CM25;52575575;Orden  de  Compra  generada  por  la  Gran  Compra:  75924;2025-04-22;2025-03-17;2025-03-19;2025-04-03;Recepción  Conforme;75924;71.378.000-6;Corporación  de  Desarrollo  de  La  Reina;Corporación  de  Desarrollo  de  La  Reina;;La  Reina;Corporación  de  Desarrollo  de  La  Reina;1897172;CLORO  TRADICIONAL  IMPEKE  2,62%  4000  ML  UNIDAD  REGIÓN  RM;CLORO  TRADICIONAL;1880;1870;1;621;1161270;No;SERVICIOS  INTEGRADOS  SIDAPT  LIMITADA;SERVICIOS  INTEGRADOS  SIDAPT  LIMITADA;76.299.358-9
2239-9-LR22;5800319;Convenio  Marco  de  Artículos  de  Aseo  e  Higiene;1221016-204-CM25;52575575;Orden  de  Compra  generada  por  la  Gran  Compra:  75924;2025-04-22;2025-03-17;2025-03-19;2025-04-03;Recepción  Conforme;75924;71.378.000-6;Corporación  de  Desarrollo  de  La  Reina;Corporación  de  Desarrollo  de  La  Reina;;La  Reina;Corporación  de  Desarrollo  de  La  Reina;1913966;PALA  DE  ASEO  WINKLER  PLÁSTICA  MANGO  LARGO  90  CM  UNIDAD  REGIÓN  IV;PALA  DE  ASEO;1835;1600;13;217;347200;No;WINKLER  LIMITADA;WINKLER  LIMITADA;79.722.860-5
2239-9-LR22;5800319;Convenio  Marco  de  Artículos  de  Aseo  e  Higiene;1221016-204-CM25;52575575;Orden  de  Compra  generada  por  la  Gran  Compra:  75924;2025-04-22;2025-03-17;2025-03-19;2025-04-03;Recepción  Conforme;75924;71.378.000-6;Corporación  de  Desarrollo  de  La  Reina;Corporación  de  Desarrollo  de  La  Reina;;La  Reina;Corporación  de  Desarrollo  de  La  Reina;1945306;BOLSA  DE  BASURA  TREMEX  GRANDE  80X110  CM  120  L  ROLLO  UNIDAD  REGIÓN  RM;BOLSA  DE  BASURA;1408;1408;0;1457;2051456;No;COMERCIAL  MYC  LIMITADA;COMERCIAL  MYC  LTDA.;77.008.207-2
2239-9-LR22;5800319;Convenio  Marco  de  Artículos  de  Aseo  e  Higiene;1221016-204-CM25;52575575;Orden  de  Compra  generada  por  la  Gran  Compra:  75924;2025-04-22;2025-03-17;2025-03-19;2025-04-03;Recepción  Conforme;75924;71.378.000-6;Corporación  de  Desarrollo  de  La  Reina;Corporación  de  Desarrollo  de  La  Reina;;La  Reina;Corporación  de  Desarrollo  de  La  Reina;1901949;ESCOBILLÓN  VIRUTEX  PRO  USO  EXTERIOR  FIBRA  DURA  MANGO  METÁLICO  35  CM  UNIDAD  REGIÓN  RM;ESCOBILLÓN;2700;2590;4;312;808080;No;SERVICIOS  INTEGRADOS  SIDAPT  LIMITADA;SERVICIOS  INTEGRADOS  SIDAPT  LIMITADA;76.299.358-9
2239-9-LR22;5800319;Convenio  Marco  de  Artículos  de  Aseo  e  Higiene;1221016-204-CM25;52575575;Orden  de  Compra  generada  por  la  Gran  Compra:  75924;2025-04-22;2025-03-17;2025-03-19;2025-04-03;Recepción  Conforme;75924;71.378.000-6;Corporación  de  Desarrollo  de  La  Reina;Corporación  de  Desarrollo  de  La  Reina;;La  Reina;Corporación  de  Desarrollo  de  La  Reina;1921822;PAPEL  HIGIÉNICO  TORK  ALTO  METRAJE  HOJA  SIMPLE  6  ROLLOS  500  M  1  PAQUETE  REGIÓN  RM;PAPEL  HIGIÉNICO;13928;12590;10;3692;46482280;No;SERVICIOS  INTEGRADOS  SIDAPT  LIMITADA;SERVICIOS  INTEGRADOS  SIDAPT  LIMITADA;76.299.358-9
2239-9-LR22;5800319;Convenio  Marco  de  Artículos  de  Aseo  e  Higiene;1221016-204-CM25;52575575;Orden  de  Compra  generada  por  la  Gran  Compra:  75924;2025-04-22;2025-03-17;2025-03-19;2025-04-03;Recepción  Conforme;75924;71.378.000-6;Corporación  de  Desarrollo  de  La  Reina;Corporación  de  Desarrollo  de  La  Reina;;La  Reina;Corporación  de  Desarrollo  de  La  Reina;1911112;LIMPIADOR  DE  PISOS  TREMEX  CONCENTRADO  MULTIUSO  BIDÓN  5000  ML  UNIDAD  REGIÓN  RM;LIMPIADOR  DE  PISOS;4302;3590;17;610;2189900;No;SERVICIOS  INTEGRADOS  SIDAPT  LIMITADA;SERVICIOS  INTEGRADOS  SIDAPT  LIMITADA;76.299.358-9
2239-9-LR22;5800319;Convenio  Marco  de  Artículos  de  Aseo  e  Higiene;1221016-204-CM25;52575575;Orden  de  Compra  generada  por  la  Gran  Compra:  75924;2025-04-22;2025-03-17;2025-03-19;2025-04-03;Recepción  Conforme;75924;71.378.000-6;Corporación  de  Desarrollo  de  La  Reina;Corporación  de  Desarrollo  de  La  Reina;;La  Reina;Corporación  de  Desarrollo  de  La  Reina;1918252;PAÑO  ABSORBENTE  MULTIUSO  VIRUTEX  ALGODÓN  50X45  CM  UNIDAD  REGIÓN  RM;PAÑO  ABSORBENTE  MULTIUSO;635;634;0;300;190200;No;COMERCIAL  RED  OFFICE  LIMITADA;COMERCIAL  RED  OFFICE  LIMITADA;77.012.870-6
2239-9-LR22;5800319;Convenio  Marco  de  Artículos  de  Aseo  e  Higiene;1221016-204-CM25;52575575;Orden  de  Compra  generada  por  la  Gran  Compra:  75924;2025-04-22;2025-03-17;2025-03-19;2025-04-03;Recepción  Conforme;75924;71.378.000-6;Corporación  de  Desarrollo  de  La  Reina;Corporación  de  Desarrollo  de  La  Reina;;La  Reina;Corporación  de  Desarrollo  de  La  Reina;1926837;TRAPERO  REUTILIZABLE  VIRUTEX  ALGODÓN  SIMPLE  C/OJAL  50X50  CM  UNIDAD  REGIÓN  RM;TRAPERO  REUTILIZABLE;878;877;0;10;8770;No;SERVICIOS  INTEGRADOS  SIDAPT  LIMITADA;SERVICIOS  INTEGRADOS  SIDAPT  LIMITADA;76.299.358-9
2239-9-LR22;5800319;Convenio  Marco  de  Artículos  de  Aseo  e  Higiene;1221016-204-CM25;52575575;Orden  de  Compra  generada  por  la  Gran  Compra:  75924;2025-04-22;2025-03-17;2025-03-19;2025-04-03;Recepción  Conforme;75924;71.378.000-6;Corporación  de  Desarrollo  de  La  Reina;Corporación  de  Desarrollo  de  La  Reina;;La  Reina;Corporación  de  Desarrollo  de  La  Reina;1923471;SERVILLETAS  DESECHABLES  TORK  CÓCTEL  HOJA  SIMPLE  200  UNIDADES  1  PAQUETE  REGIÓN  RM;SERVILLETAS  DESECHABLES;816;790;3;269;212510;No;SERVICIOS  INTEGRADOS  SIDAPT  LIMITADA;SERVICIOS  INTEGRADOS  SIDAPT  LIMITADA;76.299.358-9
2239-9-LR22;5800319;Convenio  Marco  de  Artículos  de  Aseo  e  Higiene;1221016-204-CM25;52575575;Orden  de  Compra  generada  por  la  Gran  Compra:  75924;2025-04-22;2025-03-17;2025-03-19;2025-04-03;Recepción  Conforme;75924;71.378.000-6;Corporación  de  Desarrollo  de  La  Reina;Corporación  de  Desarrollo  de  La  Reina;;La  Reina;Corporación  de  Desarrollo  de  La  Reina;1911316;LIMPIADOR  DE  PISOS  WINKLER  CONCENTRADO  MULTIUSO  BIDÓN  5000  ML  UNIDAD  REGIÓN  RM;LIMPIADOR  DE  PISOS;2678;2500;7;610;1525000;No;WINKLER  LIMITADA;WINKLER  LIMITADA;79.722.860-5
2239-9-LR22;5800319;Convenio  Marco  de  Artículos  de  Aseo  e  Higiene;1221016-204-CM25;52575575;Orden  de  Compra  generada  por  la  Gran  Compra:  75924;2025-04-22;2025-03-17;2025-03-19;2025-04-03;Recepción  Conforme;75924;71.378.000-6;Corporación  de  Desarrollo  de  La  Reina;Corporación  de  Desarrollo  de  La  Reina;;La  Reina;Corporación  de  Desarrollo  de  La  Reina;1927092;TRAPERO  REUTILIZABLE  WINKLER  ALGODÓN  SIMPLE  50X70  CM  UNIDAD  REGIÓN  RM;TRAPERO  REUTILIZABLE;850;800;6;531;424800;No;WINKLER  LIMITADA;WINKLER  LIMITADA;79.722.860-5
2239-9-LR22;5800319;Convenio  Marco  de  Artículos  de  Aseo  e  Higiene;1221016-204-CM25;52575575;Orden  de  Compra  generada  por  la  Gran  Compra:  75924;2025-04-22;2025-03-17;2025-03-19;2025-04-03;Recepción  Conforme;75924;71.378.000-6;Corporación  de  Desarrollo  de  La  Reina;Corporación  de  Desarrollo  de  La  Reina;;La  Reina;Corporación  de  Desarrollo  de  La  Reina;1920836;PAPEL  HIGIÉNICO  OVELLA  ALTO  METRAJE  HOJA  SIMPLE  6  ROLLOS  500  M  1  PAQUETE  REGIÓN  RM;PAPEL  HIGIÉNICO;12202;11493;6;3692;42432156;No;DISTRIBUIDORA  PAPELES  INDUSTRIALES  SPA;Distribuidora  Papeles  Industriales  S.A.;93.558.000-5
2239-9-LR22;5800319;Convenio  Marco  de  Artículos  de  Aseo  e  Higiene;1221016-204-CM25;52575575;Orden  de  Compra  generada  por  la  Gran  Compra:  75924;2025-04-22;2025-03-17;2025-03-19;2025-04-03;Recepción  Conforme;75924;71.378.000-6;Corporación  de  Desarrollo  de  La  Reina;Corporación  de  Desarrollo  de  La  Reina;;La  Reina;Corporación  de  Desarrollo  de  La  Reina;1910432;LIMPIADOR  DE  PISOS  IMPEKE  CONCENTRADO  MULTIUSO  BOTELLA  900  ML  UNIDAD  REGIÓN  RM;LIMPIADOR  DE  PISOS;690;690;0;60;41400;Si;CASTILLA  Y  ARAGON  SPA;CASTILLA  Y  ARAGON  SPA;96.989.530-7
2239-9-LR22;5800319;Convenio  Marco  de  Artículos  de  Aseo  e  Higiene;1221016-204-CM25;52575575;Orden  de  Compra  generada  por  la  Gran  Compra:  75924;2025-04-22;2025-03-17;2025-03-19;2025-04-03;Recepción  Conforme;75924;71.378.000-6;Corporación  de  Desarrollo  de  La  Reina;Corporación  de  Desarrollo  de  La  Reina;;La  Reina;Corporación  de  Desarrollo  de  La  Reina;1913577;PALA  DE  ASEO  VIRUTEX  PLÁSTICA  MANGO  LARGO  90  CM  UNIDAD  REGIÓN  RM;PALA  DE  ASEO;1749;1748;0;217;379316;No;COMERCIAL  RED  OFFICE  LIMITADA;COMERCIAL  RED  OFFICE  LIMITADA;77.012.870-6
2239-9-LR22;5800319;Convenio  Marco  de  Artículos  de  Aseo  e  Higiene;1221016-204-CM25;52575575;Orden  de  Compra  generada  por  la  Gran  Compra:  75924;2025-04-22;2025-03-17;2025-03-19;2025-04-03;Recepción  Conforme;75924;71.378.000-6;Corporación  de  Desarrollo  de  La  Reina;Corporación  de  Desarrollo  de  La  Reina;;La  Reina;Corporación  de  Desarrollo  de  La  Reina;1926837;TRAPERO  REUTILIZABLE  VIRUTEX  ALGODÓN  SIMPLE  C/OJAL  50X50  CM  UNIDAD  REGIÓN  RM;TRAPERO  REUTILIZABLE;878;877;0;10;8770;No;SERVICIOS  INTEGRADOS  SIDAPT  LIMITADA;SERVICIOS  INTEGRADOS  SIDAPT  LIMITADA;76.299.358-9
2239-9-LR22;5800319;Convenio  Marco  de  Artículos  de  Aseo  e  Higiene;1221016-204-CM25;52575575;Orden  de  Compra  generada  por  la  Gran  Compra:  75924;2025-04-22;2025-03-17;2025-03-19;2025-04-03;Recepción  Conforme;75924;71.378.000-6;Corporación  de  Desarrollo  de  La  Reina;Corporación  de  Desarrollo  de  La  Reina;;La  Reina;Corporación  de  Desarrollo  de  La  Reina;1921822;PAPEL  HIGIÉNICO  TORK  ALTO  METRAJE  HOJA  SIMPLE  6  ROLLOS  500  M  1  PAQUETE  REGIÓN  RM;PAPEL  HIGIÉNICO;13569;12990;4;3692;47959080;No;COMERCIAL  MYC  LIMITADA;COMERCIAL  MYC  LTDA.;77.008.207-2
2239-9-LR22;5800319;Convenio  Marco  de  Artículos  de  Aseo  e  Higiene;1221016-204-CM25;52575575;Orden  de  Compra  generada  por  la  Gran  Compra:  75924;2025-04-22;2025-03-17;2025-03-19;2025-04-03;Recepción  Conforme;75924;71.378.000-6;Corporación  de  Desarrollo  de  La  Reina;Corporación  de  Desarrollo  de  La  Reina;;La  Reina;Corporación  de  Desarrollo  de  La  Reina;1897291;CLORO  TRADICIONAL  WINKLER  3%  4000  ML  UNIDAD  REGIÓN  RM;CLORO  TRADICIONAL;2021;1800;11;41;73800;No;WINKLER  LIMITADA;WINKLER  LIMITADA;79.722.860-5
2239-9-LR22;5800319;Convenio  Marco  de  Artículos  de  Aseo  e  Higiene;1221016-204-CM25;52575575;Orden  de  Compra  generada  por  la  Gran  Compra:  75924;2025-04-22;2025-03-17;2025-03-19;2025-04-03;Recepción  Conforme;75924;71.378.000-6;Corporación  de  Desarrollo  de  La  Reina;Corporación  de  Desarrollo  de  La  Reina;;La  Reina;Corporación  de  Desarrollo  de  La  Reina;1923471;SERVILLETAS  DESECHABLES  TORK  CÓCTEL  HOJA  SIMPLE  200  UNIDADES  1  PAQUETE  REGIÓN  RM;SERVILLETAS  DESECHABLES;833;830;0;269;223270;Si;CASTILLA  Y  ARAGON  SPA;CASTILLA  Y  ARAGON  SPA;96.989.530-7
2239-9-LR22;5800319;Convenio  Marco  de  Artículos  de  Aseo  e  Higiene;1221016-204-CM25;52575575;Orden  de  Compra  generada  por  la  Gran  Compra:  75924;2025-04-22;2025-03-17;2025-03-19;2025-04-03;Recepción  Conforme;75924;71.378.000-6;Corporación  de  Desarrollo  de  La  Reina;Corporación  de  Desarrollo  de  La  Reina;;La  Reina;Corporación  de  Desarrollo  de  La  Reina;1918626;PAÑO  ABSORBENTE  MULTIUSO  WINKLER  CELULOSA  PAQUETE  DE  3  UNIDADES  REGIÓN  RM;PAÑO  ABSORBENTE  MULTIUSO;900;800;11;70;56000;No;WINKLER  LIMITADA;WINKLER  LIMITADA;79.722.860-5
2239-9-LR22;5800319;Convenio  Marco  de  Artículos  de  Aseo  e  Higiene;1221016-204-CM25;52575575;Orden  de  Compra  generada  por  la  Gran  Compra:  75924;2025-04-22;2025-03-17;2025-03-19;2025-04-03;Recepción  Conforme;75924;71.378.000-6;Corporación  de  Desarrollo  de  La  Reina;Corporación  de  Desarrollo  de  La  Reina;;La  Reina;Corporación  de  Desarrollo  de  La  Reina;1901966;ESCOBILLÓN  VIRUTEX  PRO  USO  EXTERIOR  FIBRA  DURA  MANGO  METÁLICO  36  CM  UNIDAD  REGIÓN  RM;ESCOBILLÓN;2542;2540;0;312;792480;Si;CASTILLA  Y  ARAGON  SPA;CASTILLA  Y  ARAGON  SPA;96.989.530-7
2239-9-LR22;5800319;Convenio  Marco  de  Artículos  de  Aseo  e  Higiene;1221016-204-CM25;52575575;Orden  de  Compra  generada  por  la  Gran  Compra:  75924;2025-04-22;2025-03-17;2025-03-19;2025-04-03;Recepción  Conforme;75924;71.378.000-6;Corporación  de  Desarrollo  de  La  Reina;Corporación  de  Desarrollo  de  La  Reina;;La  Reina;Corporación  de  Desarrollo  de  La  Reina;1927041;TRAPERO  REUTILIZABLE  WINKLER  ABSORVENTE  DOBLE  C/OJAL  50X50  CM  UNIDAD  REGIÓN  RM;TRAPERO  REUTILIZABLE;1170;800;32;700;560000;No;WINKLER  LIMITADA;WINKLER  LIMITADA;79.722.860-5
2239-9-LR22;5800319;Convenio  Marco  de  Artículos  de  Aseo  e  Higiene;1221016-204-CM25;52575575;Orden  de  Compra  generada  por  la  Gran  Compra:  75924;2025-04-22;2025-03-17;2025-03-19;2025-04-03;Recepción  Conforme;75924;71.378.000-6;Corporación  de  Desarrollo  de  La  Reina;Corporación  de  Desarrollo  de  La  Reina;;La  Reina;Corporación  de  Desarrollo  de  La  Reina;1911333;LIMPIADOR  DE  PISOS  WINKLER  CONCENTRADO  MULTIUSO  BOTELLA  900  ML  UNIDAD  REGIÓN  RM;LIMPIADOR  DE  PISOS;658;650;1;37;24050;No;WINKLER  LIMITADA;WINKLER  LIMITADA;79.722.860-5
2239-9-LR22;5800319;Convenio  Marco  de  Artículos  de  Aseo  e  Higiene;1221016-204-CM25;52575575;Orden  de  Compra  generada  por  la  Gran  Compra:  75924;2025-04-22;2025-03-17;2025-03-19;2025-04-03;Recepción  Conforme;75924;71.378.000-6;Corporación  de  Desarrollo  de  La  Reina;Corporación  de  Desarrollo  de  La  Reina;;La  Reina;Corporación  de  Desarrollo  de  La  Reina;1932688;JABÓN  KLAREN  AROMATICO  LÍQUIDO  BIDÓN  5  L  UNIDAD  REGIÓN  RM;JABÓN;4862;4860;0;151;733860;Si;CASTILLA  Y  ARAGON  SPA;CASTILLA  Y  ARAGON  SPA;96.989.530-7
2239-9-LR22;5800319;Convenio  Marco  de  Artículos  de  Aseo  e  Higiene;1221016-204-CM25;52575575;Orden  de  Compra  generada  por  la  Gran  Compra:  75924;2025-04-22;2025-03-17;2025-03-19;2025-04-03;Recepción  Conforme;75924;71.378.000-6;Corporación  de  Desarrollo  de  La  Reina;Corporación  de  Desarrollo  de  La  Reina;;La  Reina;Corporación  de  Desarrollo  de  La  Reina;1932841;JABÓN  TREMEX  AROMATICO  LÍQUIDO  BIDÓN  5  L  UNIDAD  REGIÓN  RM;JABÓN;4849;5200;-7;151;785200;No;COMERCIAL  RED  OFFICE  LIMITADA;COMERCIAL  RED  OFFICE  LIMITADA;77.012.870-6
2239-9-LR22;5800319;Convenio  Marco  de  Artículos  de  Aseo  e  Higiene;1221016-204-CM25;52575575;Orden  de  Compra  generada  por  la  Gran  Compra:  75924;2025-04-22;2025-03-17;2025-03-19;2025-04-03;Recepción  Conforme;75924;71.378.000-6;Corporación  de  Desarrollo  de  La  Reina;Corporación  de  Desarrollo  de  La  Reina;;La  Reina;Corporación  de  Desarrollo  de  La  Reina;1941106;TOALLA  DE  PAPEL  TORK  ADVANCE  HOJA  SIMPLE  250  M  6  ROLLOS  REGIÓN  RM;TOALLA  DE  PAPEL;42217;33990;19;1589;54010110;No;COMERCIAL  MYC  LIMITADA;COMERCIAL  MYC  LTDA.;77.008.207-2
2239-9-LR22;5800319;Convenio  Marco  de  Artículos  de  Aseo  e  Higiene;1221016-204-CM25;52575575;Orden  de  Compra  generada  por  la  Gran  Compra:  75924;2025-04-22;2025-03-17;2025-03-19;2025-04-03;Recepción  Conforme;75924;71.378.000-6;Corporación  de  Desarrollo  de  La  Reina;Corporación  de  Desarrollo  de  La  Reina;;La  Reina;Corporación  de  Desarrollo  de  La  Reina;1912115;LÍQUIDO  LIMPIAVIDRIOS  MR  ROB  BIDÓN  5000  CC  UNIDAD  REGIÓN  RM;LÍQUIDO  LIMPIAVIDRIOS;2688;2680;0;95;254600;Si;CASTILLA  Y  ARAGON  SPA;CASTILLA  Y  ARAGON  SPA;96.989.530-7
2239-9-LR22;5800319;Convenio  Marco  de  Artículos  de  Aseo  e  Higiene;1221016-204-CM25;52575575;Orden  de  Compra  generada  por  la  Gran  Compra:  75924;2025-04-22;2025-03-17;2025-03-19;2025-04-03;Recepción  Conforme;75924;71.378.000-6;Corporación  de  Desarrollo  de  La  Reina;Corporación  de  Desarrollo  de  La  Reina;;La  Reina;Corporación  de  Desarrollo  de  La  Reina;1918672;PAÑO  ABSORBENTE  MULTIUSO  WINKLER  RESISTENTE  AL  CLORO  PAQUETE  DE  UNIDAD  REGIÓN  I;PAÑO  ABSORBENTE  MULTIUSO;196;150;23;106;15900;No;WINKLER  LIMITADA;WINKLER  LIMITADA;79.722.860-5
2239-9-LR22;5800319;Convenio  Marco  de  Artículos  de  Aseo  e  Higiene;1221016-204-CM25;52575575;Orden  de  Compra  generada  por  la  Gran  Compra:  75924;2025-04-22;2025-03-17;2025-03-19;2025-04-03;Recepción  Conforme;75924;71.378.000-6;Corporación  de  Desarrollo  de  La  Reina;Corporación  de  Desarrollo  de  La  Reina;;La  Reina;Corporación  de  Desarrollo  de  La  Reina;1922111;PAPEL  HIGIÉNICO  WINKLER  ALTO  METRAJE  HOJA  SIMPLE  6  ROLLOS  500  M  1  PAQUETE  REGIÓN  RM;PAPEL  HIGIÉNICO;13073;12000;8;3692;44304000;No;WINKLER  LIMITADA;WINKLER  LIMITADA;79.722.860-5
2239-9-LR22;5800319;Convenio  Marco  de  Artículos  de  Aseo  e  Higiene;1221016-204-CM25;52575575;Orden  de  Compra  generada  por  la  Gran  Compra:  75924;2025-04-22;2025-03-17;2025-03-19;2025-04-03;Recepción  Conforme;75924;71.378.000-6;Corporación  de  Desarrollo  de  La  Reina;Corporación  de  Desarrollo  de  La  Reina;;La  Reina;Corporación  de  Desarrollo  de  La  Reina;1911163;LIMPIADOR  DE  PISOS  TREMEX  PISOS  FLOTANTES,  MADERA  O  PARQUET  BOTELLA  900  ML  UNIDAD  REGIÓN  RM;LIMPIADOR  DE  PISOS;1799;1798;0;10;17980;No;COMERCIAL  RED  OFFICE  LIMITADA;COMERCIAL  RED  OFFICE  LIMITADA;77.012.870-6
2239-9-LR22;5800319;Convenio  Marco  de  Artículos  de  Aseo  e  Higiene;1221016-204-CM25;52575575;Orden  de  Compra  generada  por  la  Gran  Compra:  75924;2025-04-22;2025-03-17;2025-03-19;2025-04-03;Recepción  Conforme;75924;71.378.000-6;Corporación  de  Desarrollo  de  La  Reina;Corporación  de  Desarrollo  de  La  Reina;;La  Reina;Corporación  de  Desarrollo  de  La  Reina;1916450;PAÑO  ABSORBENTE  MULTIUSO  CARE  UP  DESINFECTANTE  PAQUETE  DE  50  UNIDADES  REGIÓN  RM;PAÑO  ABSORBENTE  MULTIUSO;1417;1390;2;2020;2807800;No;SERVICIOS  INTEGRADOS  SIDAPT  LIMITADA;SERVICIOS  INTEGRADOS  SIDAPT  LIMITADA;76.299.358-9
2239-9-LR22;5800319;Convenio  Marco  de  Artículos  de  Aseo  e  Higiene;1221016-204-CM25;52575575;Orden  de  Compra  generada  por  la  Gran  Compra:  75924;2025-04-22;2025-03-17;2025-03-19;2025-04-03;Recepción  Conforme;75924;71.378.000-6;Corporación  de  Desarrollo  de  La  Reina;Corporación  de  Desarrollo  de  La  Reina;;La  Reina;Corporación  de  Desarrollo  de  La  Reina;1933181;JABÓN  WINKLER  AROMATICO  LÍQUIDO  BIDÓN  5  L  UNIDAD  REGIÓN  RM;JABÓN;5017;3900;22;151;588900;No;WINKLER  LIMITADA;WINKLER  LIMITADA;79.722.860-5
2239-9-LR22;5800319;Convenio  Marco  de  Artículos  de  Aseo  e  Higiene;1221016-204-CM25;52575575;Orden  de  Compra  generada  por  la  Gran  Compra:  75924;2025-04-22;2025-03-17;2025-03-19;2025-04-03;Recepción  Conforme;75924;71.378.000-6;Corporación  de  Desarrollo  de  La  Reina;Corporación  de  Desarrollo  de  La  Reina;;La  Reina;Corporación  de  Desarrollo  de  La  Reina;1926837;TRAPERO  REUTILIZABLE  VIRUTEX  ALGODÓN  SIMPLE  C/OJAL  50X50  CM  UNIDAD  REGIÓN  RM;TRAPERO  REUTILIZABLE;872;1050;-20;531;557550;No;MARYUN  SEGURIDAD  INDUSTRIAL  SPA;MARYUN  SEGURIDAD  INDUSTRIAL  SPA;77.084.730-3
2239-9-LR22;5800319;Convenio  Marco  de  Artículos  de  Aseo  e  Higiene;1221016-204-CM25;52575575;Orden  de  Compra  generada  por  la  Gran  Compra:  75924;2025-04-22;2025-03-17;2025-03-19;2025-04-03;Recepción  Conforme;75924;71.378.000-6;Corporación  de  Desarrollo  de  La  Reina;Corporación  de  Desarrollo  de  La  Reina;;La  Reina;Corporación  de  Desarrollo  de  La  Reina;1898277;DESENGRASANTE  COCINA  TREMEX  ANTIGRASA  USO  PROFESIONAL  5000  ML  UNIDAD  REGIÓN  RM;DESENGRASANTE  COCINA;5652;5652;0;110;621720;No;COMERCIAL  MYC  LIMITADA;COMERCIAL  MYC  LTDA.;77.008.207-2
2239-9-LR22;5800319;Convenio  Marco  de  Artículos  de  Aseo  e  Higiene;1221016-204-CM25;52575575;Orden  de  Compra  generada  por  la  Gran  Compra:  75924;2025-04-22;2025-03-17;2025-03-19;2025-04-03;Recepción  Conforme;75924;71.378.000-6;Corporación  de  Desarrollo  de  La  Reina;Corporación  de  Desarrollo  de  La  Reina;;La  Reina;Corporación  de  Desarrollo  de  La  Reina;1926922;TRAPERO  REUTILIZABLE  VIRUTEX  PRO  ALGODÓN  SIMPLE  C/OJAL  50X50  CM  UNIDAD  REGIÓN  RM;TRAPERO  REUTILIZABLE;853;852;0;10;8520;No;COMERCIAL  RED  OFFICE  LIMITADA;COMERCIAL  RED  OFFICE  LIMITADA;77.012.870-6
2239-9-LR22;5800319;Convenio  Marco  de  Artículos  de  Aseo  e  Higiene;1221016-204-CM25;52575575;Orden  de  Compra  generada  por  la  Gran  Compra:  75924;2025-04-22;2025-03-17;2025-03-19;2025-04-03;Recepción  Conforme;75924;71.378.000-6;Corporación  de  Desarrollo  de  La  Reina;Corporación  de  Desarrollo  de  La  Reina;;La  Reina;Corporación  de  Desarrollo  de  La  Reina;1919731;PAPEL  HIGIÉNICO  CONFORT  BAJO  METRAJE  HOJA  SIMPLE  12  ROLLOS  50  M  1  PAQUETE  REGIÓN  RM;PAPEL  HIGIÉNICO;4039;3490;14;120;418800;No;SERVICIOS  INTEGRADOS  SIDAPT  LIMITADA;SERVICIOS  INTEGRADOS  SIDAPT  LIMITADA;76.299.358-9
2239-9-LR22;5800319;Convenio  Marco  de  Artículos  de  Aseo  e  Higiene;1221016-204-CM25;52575575;Orden  de  Compra  generada  por  la  Gran  Compra:  75924;2025-04-22;2025-03-17;2025-03-19;2025-04-03;Recepción  Conforme;75924;71.378.000-6;Corporación  de  Desarrollo  de  La  Reina;Corporación  de  Desarrollo  de  La  Reina;;La  Reina;Corporación  de  Desarrollo  de  La  Reina;1902221;ESCOBILLÓN  VIRUTEX  USO  INTERIOR  FIBRA  SUAVE  MANGO  METÁLICO  32  CM  UNIDAD  REGIÓN  RM;ESCOBILLÓN;2047;2046;0;29;59334;No;COMERCIAL  RED  OFFICE  LIMITADA;COMERCIAL  RED  OFFICE  LIMITADA;77.012.870-6
2239-9-LR22;5800319;Convenio  Marco  de  Artículos  de  Aseo  e  Higiene;1221016-204-CM25;52575575;Orden  de  Compra  generada  por  la  Gran  Compra:  75924;2025-04-22;2025-03-17;2025-03-19;2025-04-03;Recepción  Conforme;75924;71.378.000-6;Corporación  de  Desarrollo  de  La  Reina;Corporación  de  Desarrollo  de  La  Reina;;La  Reina;Corporación  de  Desarrollo  de  La  Reina;1913577;PALA  DE  ASEO  VIRUTEX  PLÁSTICA  MANGO  LARGO  90  CM  UNIDAD  REGIÓN  RM;PALA  DE  ASEO;1747;1740;0;217;377580;Si;CASTILLA  Y  ARAGON  SPA;CASTILLA  Y  ARAGON  SPA;96.989.530-7
2239-9-LR22;5800319;Convenio  Marco  de  Artículos  de  Aseo  e  Higiene;1221016-204-CM25;52575575;Orden  de  Compra  generada  por  la  Gran  Compra:  75924;2025-04-22;2025-03-17;2025-03-19;2025-04-03;Recepción  Conforme;75924;71.378.000-6;Corporación  de  Desarrollo  de  La  Reina;Corporación  de  Desarrollo  de  La  Reina;;La  Reina;Corporación  de  Desarrollo  de  La  Reina;1911398;LIMPIADOR  DE  PISOS  WINKLER  PISOS  FLOTANTES,  MADERA  O  PARQUET  BOTELLA  900  ML  UNIDAD  REGIÓN  III;LIMPIADOR  DE  PISOS;2228;2000;10;4;8000;No;WINKLER  LIMITADA;WINKLER  LIMITADA;79.722.860-5
2239-9-LR22;5800319;Convenio  Marco  de  Artículos  de  Aseo  e  Higiene;1221016-204-CM25;52575575;Orden  de  Compra  generada  por  la  Gran  Compra:  75924;2025-04-22;2025-03-17;2025-03-19;2025-04-03;Recepción  Conforme;75924;71.378.000-6;Corporación  de  Desarrollo  de  La  Reina;Corporación  de  Desarrollo  de  La  Reina;;La  Reina;Corporación  de  Desarrollo  de  La  Reina;1942023;BOLSA  DE  BASURA  VIRUTEX  CARGA  PESADA  110X120  CM  200  L  ROLLO  X  5  UNIDADES  REGIÓN  RM;BOLSA  DE  BASURA;3060;2375;22;450;1068750;No;MARYUN  SEGURIDAD  INDUSTRIAL  SPA;MARYUN  SEGURIDAD  INDUSTRIAL  SPA;77.084.730-3
2239-9-LR22;5800319;Convenio  Marco  de  Artículos  de  Aseo  e  Higiene;1221016-204-CM25;52575575;Orden  de  Compra  generada  por  la  Gran  Compra:  75924;2025-04-22;2025-03-17;2025-03-19;2025-04-03;Recepción  Conforme;75924;71.378.000-6;Corporación  de  Desarrollo  de  La  Reina;Corporación  de  Desarrollo  de  La  Reina;;La  Reina;Corporación  de  Desarrollo  de  La  Reina;1931773;CLORO  TRADICIONAL  VIRUTEX  2,62%  4000  ML  UNIDAD  REGIÓN  RM;CLORO  TRADICIONAL;2199;1900;14;621;1179900;No;COMERCIAL  RED  OFFICE  LIMITADA;COMERCIAL  RED  OFFICE  LIMITADA;77.012.870-6
2239-9-LR22;5800319;Convenio  Marco  de  Artículos  de  Aseo  e  Higiene;1221016-204-CM25;52575575;Orden  de  Compra  generada  por  la  Gran  Compra:  75924;2025-04-22;2025-03-17;2025-03-19;2025-04-03;Recepción  Conforme;75924;71.378.000-6;Corporación  de  Desarrollo  de  La  Reina;Corporación  de  Desarrollo  de  La  Reina;;La  Reina;Corporación  de  Desarrollo  de  La  Reina;1941106;TOALLA  DE  PAPEL  TORK  ADVANCE  HOJA  SIMPLE  250  M  6  ROLLOS  REGIÓN  RM;TOALLA  DE  PAPEL;43846;36180;17;1589;57490020;No;COMERCIAL  RED  OFFICE  LIMITADA;COMERCIAL  RED  OFFICE  LIMITADA;77.012.870-6
2239-9-LR22;5800319;Convenio  Marco  de  Artículos  de  Aseo  e  Higiene;1221016-204-CM25;52575575;Orden  de  Compra  generada  por  la  Gran  Compra:  75924;2025-04-22;2025-03-17;2025-03-19;2025-04-03;Recepción  Conforme;75924;71.378.000-6;Corporación  de  Desarrollo  de  La  Reina;Corporación  de  Desarrollo  de  La  Reina;;La  Reina;Corporación  de  Desarrollo  de  La  Reina;1912421;LÍQUIDO  LIMPIAVIDRIOS  TREMEX  BIDÓN  5000  CC  UNIDAD  REGIÓN  RM;LÍQUIDO  LIMPIAVIDRIOS;4631;3890;16;95;369550;No;SERVICIOS  INTEGRADOS  SIDAPT  LIMITADA;SERVICIOS  INTEGRADOS  SIDAPT  LIMITADA;76.299.358-9
2239-9-LR22;5800319;Convenio  Marco  de  Artículos  de  Aseo  e  Higiene;1221016-204-CM25;52575575;Orden  de  Compra  generada  por  la  Gran  Compra:  75924;2025-04-22;2025-03-17;2025-03-19;2025-04-03;Recepción  Conforme;75924;71.378.000-6;Corporación  de  Desarrollo  de  La  Reina;Corporación  de  Desarrollo  de  La  Reina;;La  Reina;Corporación  de  Desarrollo  de  La  Reina;1926922;TRAPERO  REUTILIZABLE  VIRUTEX  PRO  ALGODÓN  SIMPLE  C/OJAL  50X50  CM  UNIDAD  REGIÓN  RM;TRAPERO  REUTILIZABLE;987;980;1;10;9800;Si;CASTILLA  Y  ARAGON  SPA;CASTILLA  Y  ARAGON  SPA;96.989.530-7
2239-9-LR22;5800319;Convenio  Marco  de  Artículos  de  Aseo  e  Higiene;1221016-204-CM25;52575575;Orden  de  Compra  generada  por  la  Gran  Compra:  75924;2025-04-22;2025-03-17;2025-03-19;2025-04-03;Recepción  Conforme;75924;71.378.000-6;Corporación  de  Desarrollo  de  La  Reina;Corporación  de  Desarrollo  de  La  Reina;;La  Reina;Corporación  de  Desarrollo  de  La  Reina;1926599;TRAPERO  REUTILIZABLE  STKLTDA.  ALGODÓN  DOBLE  C/OJAL  50X45  CM  UNIDAD  REGIÓN  RM;TRAPERO  REUTILIZABLE;846;840;1;700;588000;Si;CASTILLA  Y  ARAGON  SPA;CASTILLA  Y  ARAGON  SPA;96.989.530-7
2239-9-LR22;5800319;Convenio  Marco  de  Artículos  de  Aseo  e  Higiene;1221016-204-CM25;52575575;Orden  de  Compra  generada  por  la  Gran  Compra:  75924;2025-04-22;2025-03-17;2025-03-19;2025-04-03;Recepción  Conforme;75924;71.378.000-6;Corporación  de  Desarrollo  de  La  Reina;Corporación  de  Desarrollo  de  La  Reina;;La  Reina;Corporación  de  Desarrollo  de  La  Reina;1918235;PAÑO  ABSORBENTE  MULTIUSO  VIRUTEX  ALGODÓN  40X35  CM  UNIDAD  REGIÓN  RM;PAÑO  ABSORBENTE  MULTIUSO;279;365;-31;402;146730;No;MARYUN  SEGURIDAD  INDUSTRIAL  SPA;MARYUN  SEGURIDAD  INDUSTRIAL  SPA;77.084.730-3
2239-9-LR22;5800319;Convenio  Marco  de  Artículos  de  Aseo  e  Higiene;1221016-204-CM25;52575575;Orden  de  Compra  generada  por  la  Gran  Compra:  75924;2025-04-22;2025-03-17;2025-03-19;2025-04-03;Recepción  Conforme;75924;71.378.000-6;Corporación  de  Desarrollo  de  La  Reina;Corporación  de  Desarrollo  de  La  Reina;;La  Reina;Corporación  de  Desarrollo  de  La  Reina;1918337;PAÑO  ABSORBENTE  MULTIUSO  VIRUTEX  DESINFECTANTE  PAQUETE  DE  50  UNIDADES  REGIÓN  RM;PAÑO  ABSORBENTE  MULTIUSO;1528;1399;8;2020;2825980;No;COMERCIAL  RED  OFFICE  LIMITADA;COMERCIAL  RED  OFFICE  LIMITADA;77.012.870-6
2239-9-LR22;5800319;Convenio  Marco  de  Artículos  de  Aseo  e  Higiene;1221016-204-CM25;52575575;Orden  de  Compra  generada  por  la  Gran  Compra:  75924;2025-04-22;2025-03-17;2025-03-19;2025-04-03;Recepción  Conforme;75924;71.378.000-6;Corporación  de  Desarrollo  de  La  Reina;Corporación  de  Desarrollo  de  La  Reina;;La  Reina;Corporación  de  Desarrollo  de  La  Reina;1945340;CLORO  GEL    TREMEX  SIN  AROMA  BOTELLA  900  ML  UNIDAD  REGIÓN  RM;CLORO  GEL;1760;1290;27;856;1104240;No;SERVICIOS  INTEGRADOS  SIDAPT  LIMITADA;SERVICIOS  INTEGRADOS  SIDAPT  LIMITADA;76.299.358-9
2239-9-LR22;5800319;Convenio  Marco  de  Artículos  de  Aseo  e  Higiene;1221016-204-CM25;52575575;Orden  de  Compra  generada  por  la  Gran  Compra:  75924;2025-04-22;2025-03-17;2025-03-19;2025-04-03;Recepción  Conforme;75924;71.378.000-6;Corporación  de  Desarrollo  de  La  Reina;Corporación  de  Desarrollo  de  La  Reina;;La  Reina;Corporación  de  Desarrollo  de  La  Reina;1910432;LIMPIADOR  DE  PISOS  IMPEKE  CONCENTRADO  MULTIUSO  BOTELLA  900  ML  UNIDAD  REGIÓN  RM;LIMPIADOR  DE  PISOS;670;669;0;37;24753;No;SERVICIOS  INTEGRADOS  SIDAPT  LIMITADA;SERVICIOS  INTEGRADOS  SIDAPT  LIMITADA;76.299.358-9
2239-9-LR22;5800319;Convenio  Marco  de  Artículos  de  Aseo  e  Higiene;1221016-204-CM25;52575575;Orden  de  Compra  generada  por  la  Gran  Compra:  75924;2025-04-22;2025-03-17;2025-03-19;2025-04-03;Recepción  Conforme;75924;71.378.000-6;Corporación  de  Desarrollo  de  La  Reina;Corporación  de  Desarrollo  de  La  Reina;;La  Reina;Corporación  de  Desarrollo  de  La  Reina;1900487;ESCOBILLÓN  AVALCO  ESCOBA  DE  RAMA  EXTERIOR  MANGO  MADERA  UNIDAD  REGIÓN  RM;ESCOBILLÓN;5861;5855;0;206;1206130;Si;CASTILLA  Y  ARAGON  SPA;CASTILLA  Y  ARAGON  SPA;96.989.530-7
2239-9-LR22;5800319;Convenio  Marco  de  Artículos  de  Aseo  e  Higiene;1221016-204-CM25;52575575;Orden  de  Compra  generada  por  la  Gran  Compra:  75924;2025-04-22;2025-03-17;2025-03-19;2025-04-03;Recepción  Conforme;75924;71.378.000-6;Corporación  de  Desarrollo  de  La  Reina;Corporación  de  Desarrollo  de  La  Reina;;La  Reina;Corporación  de  Desarrollo  de  La  Reina;1945374;DESENGRASANTE  COCINA  TREMEX  MULTIUSO  CREMA  ANTIGRASA  750  ML  UNIDAD  REGIÓN  RM;DESENGRASANTE  COCINA;1748;1390;20;409;568510;No;SERVICIOS  INTEGRADOS  SIDAPT  LIMITADA;SERVICIOS  INTEGRADOS  SIDAPT  LIMITADA;76.299.358-9
2239-9-LR22;5800319;Convenio  Marco  de  Artículos  de  Aseo  e  Higiene;1221016-204-CM25;52575575;Orden  de  Compra  generada  por  la  Gran  Compra:  75924;2025-04-22;2025-03-17;2025-03-19;2025-04-03;Recepción  Conforme;75924;71.378.000-6;Corporación  de  Desarrollo  de  La  Reina;Corporación  de  Desarrollo  de  La  Reina;;La  Reina;Corporación  de  Desarrollo  de  La  Reina;1945340;CLORO  GEL    TREMEX  SIN  AROMA  BOTELLA  900  ML  UNIDAD  REGIÓN  RM;CLORO  GEL;1763;1200;32;856;1027200;No;COMERCIAL  RED  OFFICE  LIMITADA;COMERCIAL  RED  OFFICE  LIMITADA;77.012.870-6
2239-9-LR22;5800319;Convenio  Marco  de  Artículos  de  Aseo  e  Higiene;1221016-204-CM25;52575575;Orden  de  Compra  generada  por  la  Gran  Compra:  75924;2025-04-22;2025-03-17;2025-03-19;2025-04-03;Recepción  Conforme;75924;71.378.000-6;Corporación  de  Desarrollo  de  La  Reina;Corporación  de  Desarrollo  de  La  Reina;;La  Reina;Corporación  de  Desarrollo  de  La  Reina;1926837;TRAPERO  REUTILIZABLE  VIRUTEX  ALGODÓN  SIMPLE  C/OJAL  50X50  CM  UNIDAD  REGIÓN  RM;TRAPERO  REUTILIZABLE;958;955;0;531;507105;Si;CASTILLA  Y  ARAGON  SPA;CASTILLA  Y  ARAGON  SPA;96.989.530-7
2239-9-LR22;5800319;Convenio  Marco  de  Artículos  de  Aseo  e  Higiene;1221016-204-CM25;52575575;Orden  de  Compra  generada  por  la  Gran  Compra:  75924;2025-04-22;2025-03-17;2025-03-19;2025-04-03;Recepción  Conforme;75924;71.378.000-6;Corporación  de  Desarrollo  de  La  Reina;Corporación  de  Desarrollo  de  La  Reina;;La  Reina;Corporación  de  Desarrollo  de  La  Reina;1918388;PAÑO  ABSORBENTE  MULTIUSO  VIRUTEX  PRO  ALGODÓN  50X45  CM  UNIDAD  REGIÓN  RM;PAÑO  ABSORBENTE  MULTIUSO;677;670;1;300;201000;Si;CASTILLA  Y  ARAGON  SPA;CASTILLA  Y  ARAGON  SPA;96.989.530-7
2239-9-LR22;5800319;Convenio  Marco  de  Artículos  de  Aseo  e  Higiene;1221016-204-CM25;52575575;Orden  de  Compra  generada  por  la  Gran  Compra:  75924;2025-04-22;2025-03-17;2025-03-19;2025-04-03;Recepción  Conforme;75924;71.378.000-6;Corporación  de  Desarrollo  de  La  Reina;Corporación  de  Desarrollo  de  La  Reina;;La  Reina;Corporación  de  Desarrollo  de  La  Reina;1916416;PAÑO  ABSORBENTE  MULTIUSO  CAMPOMANES  CELULOSA  PAQUETE  DE  UNIDAD  REGIÓN  RM;PAÑO  ABSORBENTE  MULTIUSO;518;510;2;410;209100;Si;CASTILLA  Y  ARAGON  SPA;CASTILLA  Y  ARAGON  SPA;96.989.530-7
2239-9-LR22;5800319;Convenio  Marco  de  Artículos  de  Aseo  e  Higiene;1221016-204-CM25;52575575;Orden  de  Compra  generada  por  la  Gran  Compra:  75924;2025-04-22;2025-03-17;2025-03-19;2025-04-03;Recepción  Conforme;75924;71.378.000-6;Corporación  de  Desarrollo  de  La  Reina;Corporación  de  Desarrollo  de  La  Reina;;La  Reina;Corporación  de  Desarrollo  de  La  Reina;1907780;INSECTICIDA  KILLER1000  AEROSOL  ARAÑAS/CUCARACHAS  360  CC  UNIDAD  REGIÓN  RM;INSECTICIDA;1630;1630;0;208;339040;Si;CASTILLA  Y  ARAGON  SPA;CASTILLA  Y  ARAGON  SPA;96.989.530-7
2239-9-LR22;5800319;Convenio  Marco  de  Artículos  de  Aseo  e  Higiene;1221016-204-CM25;52575575;Orden  de  Compra  generada  por  la  Gran  Compra:  75924;2025-04-22;2025-03-17;2025-03-19;2025-04-03;Recepción  Conforme;75924;71.378.000-6;Corporación  de  Desarrollo  de  La  Reina;Corporación  de  Desarrollo  de  La  Reina;;La  Reina;Corporación  de  Desarrollo  de  La  Reina;1920139;PAPEL  HIGIÉNICO  ELITE  BAJO  METRAJE  HOJA  SIMPLE  12  ROLLOS  50  M  1  PAQUETE  REGIÓN  RM;PAPEL  HIGIÉNICO;3838;3400;11;120;408000;No;COMERCIAL  RED  OFFICE  LIMITADA;COMERCIAL  RED  OFFICE  LIMITADA;77.012.870-6
2239-9-LR22;5800319;Convenio  Marco  de  Artículos  de  Aseo  e  Higiene;1221016-204-CM25;52575575;Orden  de  Compra  generada  por  la  Gran  Compra:  75924;2025-04-22;2025-03-17;2025-03-19;2025-04-03;Recepción  Conforme;75924;71.378.000-6;Corporación  de  Desarrollo  de  La  Reina;Corporación  de  Desarrollo  de  La  Reina;;La  Reina;Corporación  de  Desarrollo  de  La  Reina;1922111;PAPEL  HIGIÉNICO  WINKLER  ALTO  METRAJE  HOJA  SIMPLE  6  ROLLOS  500  M  1  PAQUETE  REGIÓN  RM;PAPEL  HIGIÉNICO;12859;12857;0;3692;47468044;No;ARROCERA  SAN  FERNANDO  SPA;ARROCERA  SAN  FERNANDO  SPA;76.360.565-5
2239-9-LR22;5800319;Convenio  Marco  de  Artículos  de  Aseo  e  Higiene;1221016-204-CM25;52575575;Orden  de  Compra  generada  por  la  Gran  Compra:  75924;2025-04-22;2025-03-17;2025-03-19;2025-04-03;Recepción  Conforme;75924;71.378.000-6;Corporación  de  Desarrollo  de  La  Reina;Corporación  de  Desarrollo  de  La  Reina;;La  Reina;Corporación  de  Desarrollo  de  La  Reina;1918269;PAÑO  ABSORBENTE  MULTIUSO  VIRUTEX  CELULOSA  PAQUETE  DE  3  UNIDADES  REGIÓN  RM;PAÑO  ABSORBENTE  MULTIUSO;1458;1100;25;410;451000;No;COMERCIAL  RED  OFFICE  LIMITADA;COMERCIAL  RED  OFFICE  LIMITADA;77.012.870-6
2239-9-LR22;5800319;Convenio  Marco  de  Artículos  de  Aseo  e  Higiene;1221016-204-CM25;52575575;Orden  de  Compra  generada  por  la  Gran  Compra:  75924;2025-04-22;2025-03-17;2025-03-19;2025-04-03;Recepción  Conforme;75924;71.378.000-6;Corporación  de  Desarrollo  de  La  Reina;Corporación  de  Desarrollo  de  La  Reina;;La  Reina;Corporación  de  Desarrollo  de  La  Reina;1908528;LAVALOZAS  CONCENTRADO  LAVADO  MANUAL  DOÑA  FRESIA  ANTIGRASA  CÍTRICO  5000  ML  UNIDAD  REGIÓN  RM;LAVALOZAS  CONCENTRADO  LAVADO  MANUAL;3961;3950;0;247;975650;Si;CASTILLA  Y  ARAGON  SPA;CASTILLA  Y  ARAGON  SPA;96.989.530-7
2239-9-LR22;5800319;Convenio  Marco  de  Artículos  de  Aseo  e  Higiene;1221016-204-CM25;52575575;Orden  de  Compra  generada  por  la  Gran  Compra:  75924;2025-04-22;2025-03-17;2025-03-19;2025-04-03;Recepción  Conforme;75924;71.378.000-6;Corporación  de  Desarrollo  de  La  Reina;Corporación  de  Desarrollo  de  La  Reina;;La  Reina;Corporación  de  Desarrollo  de  La  Reina;1926837;TRAPERO  REUTILIZABLE  VIRUTEX  ALGODÓN  SIMPLE  C/OJAL  50X50  CM  UNIDAD  REGIÓN  RM;TRAPERO  REUTILIZABLE;975;900;8;531;477900;No;COMERCIAL  RED  OFFICE  LIMITADA;COMERCIAL  RED  OFFICE  LIMITADA;77.012.870-6
2239-9-LR22;5800319;Convenio  Marco  de  Artículos  de  Aseo  e  Higiene;1221016-204-CM25;52575575;Orden  de  Compra  generada  por  la  Gran  Compra:  75924;2025-04-22;2025-03-17;2025-03-19;2025-04-03;Recepción  Conforme;75924;71.378.000-6;Corporación  de  Desarrollo  de  La  Reina;Corporación  de  Desarrollo  de  La  Reina;;La  Reina;Corporación  de  Desarrollo  de  La  Reina;1926803;TRAPERO  REUTILIZABLE  VIRUTEX  ALGODÓN  DOBLE  C/OJAL  50X45  CM  UNIDAD  REGIÓN  RM;TRAPERO  REUTILIZABLE;927;2930;-216;700;2051000;No;MARYUN  SEGURIDAD  INDUSTRIAL  SPA;MARYUN  SEGURIDAD  INDUSTRIAL  SPA;77.084.730-3
2239-9-LR22;5800319;Convenio  Marco  de  Artículos  de  Aseo  e  Higiene;1221016-204-CM25;52575575;Orden  de  Compra  generada  por  la  Gran  Compra:  75924;2025-04-22;2025-03-17;2025-03-19;2025-04-03;Recepción  Conforme;75924;71.378.000-6;Corporación  de  Desarrollo  de  La  Reina;Corporación  de  Desarrollo  de  La  Reina;;La  Reina;Corporación  de  Desarrollo  de  La  Reina;1918672;PAÑO  ABSORBENTE  MULTIUSO  WINKLER  RESISTENTE  AL  CLORO  PAQUETE  DE  UNIDAD  REGIÓN  I;PAÑO  ABSORBENTE  MULTIUSO;196;150;23;106;15900;No;WINKLER  LIMITADA;WINKLER  LIMITADA;79.722.860-5
2239-9-LR22;5800319;Convenio  Marco  de  Artículos  de  Aseo  e  Higiene;1221016-204-CM25;52575575;Orden  de  Compra  generada  por  la  Gran  Compra:  75924;2025-04-22;2025-03-17;2025-03-19;2025-04-03;Recepción  Conforme;75924;71.378.000-6;Corporación  de  Desarrollo  de  La  Reina;Corporación  de  Desarrollo  de  La  Reina;;La  Reina;Corporación  de  Desarrollo  de  La  Reina;1910364;LIMPIADOR  DE  PISOS  IGENIX  CONCENTRADO  MULTIUSO  BIDÓN  5000  ML  UNIDAD  REGIÓN  RM;LIMPIADOR  DE  PISOS;4500;4240;6;610;2586400;No;COMERCIAL  RED  OFFICE  LIMITADA;COMERCIAL  RED  OFFICE  LIMITADA;77.012.870-6
2239-9-LR22;5800319;Convenio  Marco  de  Artículos  de  Aseo  e  Higiene;1221016-204-CM25;52575575;Orden  de  Compra  generada  por  la  Gran  Compra:  75924;2025-04-22;2025-03-17;2025-03-19;2025-04-03;Recepción  Conforme;75924;71.378.000-6;Corporación  de  Desarrollo  de  La  Reina;Corporación  de  Desarrollo  de  La  Reina;;La  Reina;Corporación  de  Desarrollo  de  La  Reina;1926259;TRAPERO  REUTILIZABLE  IGENIX  DESINFECTANTE  C/  OJAL  40X60  CM  PAQUETE  10  UNIDADES  REGIÓN  RM;TRAPERO  REUTILIZABLE;1907;1905;0;60;114300;Si;CASTILLA  Y  ARAGON  SPA;CASTILLA  Y  ARAGON  SPA;96.989.530-7
2239-9-LR22;5800319;Convenio  Marco  de  Artículos  de  Aseo  e  Higiene;1221016-204-CM25;52575575;Orden  de  Compra  generada  por  la  Gran  Compra:  75924;2025-04-22;2025-03-17;2025-03-19;2025-04-03;Recepción  Conforme;75924;71.378.000-6;Corporación  de  Desarrollo  de  La  Reina;Corporación  de  Desarrollo  de  La  Reina;;La  Reina;Corporación  de  Desarrollo  de  La  Reina;1941106;TOALLA  DE  PAPEL  TORK  ADVANCE  HOJA  SIMPLE  250  M  6  ROLLOS  REGIÓN  RM;TOALLA  DE  PAPEL;45940;38500;16;1589;61176500;Si;CASTILLA  Y  ARAGON  SPA;CASTILLA  Y  ARAGON  SPA;96.989.530-7
2239-9-LR22;5800319;Convenio  Marco  de  Artículos  de  Aseo  e  Higiene;1221016-204-CM25;52575575;Orden  de  Compra  generada  por  la  Gran  Compra:  75924;2025-04-22;2025-03-17;2025-03-19;2025-04-03;Recepción  Conforme;75924;71.378.000-6;Corporación  de  Desarrollo  de  La  Reina;Corporación  de  Desarrollo  de  La  Reina;;La  Reina;Corporación  de  Desarrollo  de  La  Reina;1945374;DESENGRASANTE  COCINA  TREMEX  MULTIUSO  CREMA  ANTIGRASA  750  ML  UNIDAD  REGIÓN  RM;DESENGRASANTE  COCINA;1761;1200;32;409;490800;No;COMERCIAL  RED  OFFICE  LIMITADA;COMERCIAL  RED  OFFICE  LIMITADA;77.012.870-6
2239-9-LR22;5800319;Convenio  Marco  de  Artículos  de  Aseo  e  Higiene;1221016-204-CM25;52575575;Orden  de  Compra  generada  por  la  Gran  Compra:  75924;2025-04-22;2025-03-17;2025-03-19;2025-04-03;Recepción  Conforme;75924;71.378.000-6;Corporación  de  Desarrollo  de  La  Reina;Corporación  de  Desarrollo  de  La  Reina;;La  Reina;Corporación  de  Desarrollo  de  La  Reina;1910432;LIMPIADOR  DE  PISOS  IMPEKE  CONCENTRADO  MULTIUSO  BOTELLA  900  ML  UNIDAD  REGIÓN  RM;LIMPIADOR  DE  PISOS;670;669;0;37;24753;No;SERVICIOS  INTEGRADOS  SIDAPT  LIMITADA;SERVICIOS  INTEGRADOS  SIDAPT  LIMITADA;76.299.358-9
2239-9-LR22;5800319;Convenio  Marco  de  Artículos  de  Aseo  e  Higiene;1221016-204-CM25;52575575;Orden  de  Compra  generada  por  la  Gran  Compra:  75924;2025-04-22;2025-03-17;2025-03-19;2025-04-03;Recepción  Conforme;75924;71.378.000-6;Corporación  de  Desarrollo  de  La  Reina;Corporación  de  Desarrollo  de  La  Reina;;La  Reina;Corporación  de  Desarrollo  de  La  Reina;1931416;DESINFECTANTE  SUPERFICIES  EN  AEROSOL  IGENIX  ANTIBACTERIAL  360  ML  UNIDAD  REGIÓN  RM;DESINFECTANTE  SUPERFICIES  EN  AEROSOL;1498;1497;0;381;570357;No;COMERCIAL  RED  OFFICE  LIMITADA;COMERCIAL  RED  OFFICE  LIMITADA;77.012.870-6
2239-9-LR22;5800319;Convenio  Marco  de  Artículos  de  Aseo  e  Higiene;1221016-204-CM25;52575575;Orden  de  Compra  generada  por  la  Gran  Compra:  75924;2025-04-22;2025-03-17;2025-03-19;2025-04-03;Recepción  Conforme;75924;71.378.000-6;Corporación  de  Desarrollo  de  La  Reina;Corporación  de  Desarrollo  de  La  Reina;;La  Reina;Corporación  de  Desarrollo  de  La  Reina;1911163;LIMPIADOR  DE  PISOS  TREMEX  PISOS  FLOTANTES,  MADERA  O  PARQUET  BOTELLA  900  ML  UNIDAD  REGIÓN  RM;LIMPIADOR  DE  PISOS;1801;1640;9;4;6560;No;SERVICIOS  INTEGRADOS  SIDAPT  LIMITADA;SERVICIOS  INTEGRADOS  SIDAPT  LIMITADA;76.299.358-9
2239-9-LR22;5800319;Convenio  Marco  de  Artículos  de  Aseo  e  Higiene;1221016-204-CM25;52575575;Orden  de  Compra  generada  por  la  Gran  Compra:  75924;2025-04-22;2025-03-17;2025-03-19;2025-04-03;Recepción  Conforme;75924;71.378.000-6;Corporación  de  Desarrollo  de  La  Reina;Corporación  de  Desarrollo  de  La  Reina;;La  Reina;Corporación  de  Desarrollo  de  La  Reina;1918507;PAÑO  ABSORBENTE  MULTIUSO  VIRUTEX  RESISTENTE  AL  CLORO  PAQUETE  DE  UNIDAD  REGIÓN  RM;PAÑO  ABSORBENTE  MULTIUSO;217;216;0;330;71280;No;SERVICIOS  INTEGRADOS  SIDAPT  LIMITADA;SERVICIOS  INTEGRADOS  SIDAPT  LIMITADA;76.299.358-9
2239-9-LR22;5800319;Convenio  Marco  de  Artículos  de  Aseo  e  Higiene;1221016-204-CM25;52575575;Orden  de  Compra  generada  por  la  Gran  Compra:  75924;2025-04-22;2025-03-17;2025-03-19;2025-04-03;Recepción  Conforme;75924;71.378.000-6;Corporación  de  Desarrollo  de  La  Reina;Corporación  de  Desarrollo  de  La  Reina;;La  Reina;Corporación  de  Desarrollo  de  La  Reina;1918235;PAÑO  ABSORBENTE  MULTIUSO  VIRUTEX  ALGODÓN  40X35  CM  UNIDAD  REGIÓN  RM;PAÑO  ABSORBENTE  MULTIUSO;306;305;0;106;32330;No;COMERCIAL  RED  OFFICE  LIMITADA;COMERCIAL  RED  OFFICE  LIMITADA;77.012.870-6
2239-9-LR22;5800319;Convenio  Marco  de  Artículos  de  Aseo  e  Higiene;1221016-204-CM25;52575575;Orden  de  Compra  generada  por  la  Gran  Compra:  75924;2025-04-22;2025-03-17;2025-03-19;2025-04-03;Recepción  Conforme;75924;71.378.000-6;Corporación  de  Desarrollo  de  La  Reina;Corporación  de  Desarrollo  de  La  Reina;;La  Reina;Corporación  de  Desarrollo  de  La  Reina;1926769;TRAPERO  REUTILIZABLE  VIRUTEX  ABSORVENTE  DOBLE  C/OJAL  50X50  CM  UNIDAD  REGIÓN  RM;TRAPERO  REUTILIZABLE;1193;1102;8;700;771400;No;COMERCIAL  RED  OFFICE  LIMITADA;COMERCIAL  RED  OFFICE  LIMITADA;77.012.870-6
2239-9-LR22;5800319;Convenio  Marco  de  Artículos  de  Aseo  e  Higiene;1221016-204-CM25;52575575;Orden  de  Compra  generada  por  la  Gran  Compra:  75924;2025-04-22;2025-03-17;2025-03-19;2025-04-03;Recepción  Conforme;75924;71.378.000-6;Corporación  de  Desarrollo  de  La  Reina;Corporación  de  Desarrollo  de  La  Reina;;La  Reina;Corporación  de  Desarrollo  de  La  Reina;1919374;PAPEL  HIGIÉNICO  BIANCA  ALTO  METRAJE  HOJA  SIMPLE  4  ROLLOS  500  M  1  PAQUETE  REGIÓN  RM;PAPEL  HIGIÉNICO;8475;7250;14;3692;26767000;No;CHILECOM  S  A;CHILECOM  S  A;96.713.880-0
2239-9-LR22;5800319;Convenio  Marco  de  Artículos  de  Aseo  e  Higiene;1221016-204-CM25;52575575;Orden  de  Compra  generada  por  la  Gran  Compra:  75924;2025-04-22;2025-03-17;2025-03-19;2025-04-03;Recepción  Conforme;75924;71.378.000-6;Corporación  de  Desarrollo  de  La  Reina;Corporación  de  Desarrollo  de  La  Reina;;La  Reina;Corporación  de  Desarrollo  de  La  Reina;1918303;PAÑO  ABSORBENTE  MULTIUSO  VIRUTEX  CELULOSA  PAQUETE  DE  UNIDAD  REGIÓN  RM;PAÑO  ABSORBENTE  MULTIUSO;882;790;10;410;323900;No;SERVICIOS  INTEGRADOS  SIDAPT  LIMITADA;SERVICIOS  INTEGRADOS  SIDAPT  LIMITADA;76.299.358-9
2239-9-LR22;5800319;Convenio  Marco  de  Artículos  de  Aseo  e  Higiene;1221016-204-CM25;52575575;Orden  de  Compra  generada  por  la  Gran  Compra:  75924;2025-04-22;2025-03-17;2025-03-19;2025-04-03;Recepción  Conforme;75924;71.378.000-6;Corporación  de  Desarrollo  de  La  Reina;Corporación  de  Desarrollo  de  La  Reina;;La  Reina;Corporación  de  Desarrollo  de  La  Reina;1945340;CLORO  GEL    TREMEX  SIN  AROMA  BOTELLA  900  ML  UNIDAD  REGIÓN  RM;CLORO  GEL;1515;1515;0;856;1296840;No;COMERCIAL  MYC  LIMITADA;COMERCIAL  MYC  LTDA.;77.008.207-2
2239-9-LR22;5800319;Convenio  Marco  de  Artículos  de  Aseo  e  Higiene;1221016-204-CM25;52575575;Orden  de  Compra  generada  por  la  Gran  Compra:  75924;2025-04-22;2025-03-17;2025-03-19;2025-04-03;Recepción  Conforme;75924;71.378.000-6;Corporación  de  Desarrollo  de  La  Reina;Corporación  de  Desarrollo  de  La  Reina;;La  Reina;Corporación  de  Desarrollo  de  La  Reina;1926871;TRAPERO  REUTILIZABLE  VIRUTEX  PRO  ABSORVENTE  DOBLE  C/OJAL  50X50  CM  UNIDAD  REGIÓN  RM;TRAPERO  REUTILIZABLE;1069;1060;1;700;742000;No;SERVICIOS  INTEGRADOS  SIDAPT  LIMITADA;SERVICIOS  INTEGRADOS  SIDAPT  LIMITADA;76.299.358-9
2239-9-LR22;5800319;Convenio  Marco  de  Artículos  de  Aseo  e  Higiene;1221016-204-CM25;52575575;Orden  de  Compra  generada  por  la  Gran  Compra:  75924;2025-04-22;2025-03-17;2025-03-19;2025-04-03;Recepción  Conforme;75924;71.378.000-6;Corporación  de  Desarrollo  de  La  Reina;Corporación  de  Desarrollo  de  La  Reina;;La  Reina;Corporación  de  Desarrollo  de  La  Reina;1945374;DESENGRASANTE  COCINA  TREMEX  MULTIUSO  CREMA  ANTIGRASA  750  ML  UNIDAD  REGIÓN  RM;DESENGRASANTE  COCINA;1366;1366;0;409;558694;No;COMERCIAL  MYC  LIMITADA;COMERCIAL  MYC  LTDA.;77.008.207-2
2239-9-LR22;5800319;Convenio  Marco  de  Artículos  de  Aseo  e  Higiene;1221016-204-CM25;52575575;Orden  de  Compra  generada  por  la  Gran  Compra:  75924;2025-04-22;2025-03-17;2025-03-19;2025-04-03;Recepción  Conforme;75924;71.378.000-6;Corporación  de  Desarrollo  de  La  Reina;Corporación  de  Desarrollo  de  La  Reina;;La  Reina;Corporación  de  Desarrollo  de  La  Reina;1923692;TOALLA  DE  PAPEL  BIANCA  HOJA  SIMPLE  250  M  2  ROLLOS  REGIÓN  RM;TOALLA  DE  PAPEL;7500;5850;22;1589;9295650;No;CHILECOM  S  A;CHILECOM  S  A;96.713.880-0
2239-9-LR22;5800319;Convenio  Marco  de  Artículos  de  Aseo  e  Higiene;1221016-204-CM25;52575575;Orden  de  Compra  generada  por  la  Gran  Compra:  75924;2025-04-22;2025-03-17;2025-03-19;2025-04-03;Recepción  Conforme;75924;71.378.000-6;Corporación  de  Desarrollo  de  La  Reina;Corporación  de  Desarrollo  de  La  Reina;;La  Reina;Corporación  de  Desarrollo  de  La  Reina;1941106;TOALLA  DE  PAPEL  TORK  ADVANCE  HOJA  SIMPLE  250  M  6  ROLLOS  REGIÓN  RM;TOALLA  DE  PAPEL;44607;35990;19;1589;57188110;No;SERVICIOS  INTEGRADOS  SIDAPT  LIMITADA;SERVICIOS  INTEGRADOS  SIDAPT  LIMITADA;76.299.358-9
2239-9-LR22;5800319;Convenio  Marco  de  Artículos  de  Aseo  e  Higiene;1221016-204-CM25;52575575;Orden  de  Compra  generada  por  la  Gran  Compra:  75924;2025-04-22;2025-03-17;2025-03-19;2025-04-03;Recepción  Conforme;75924;71.378.000-6;Corporación  de  Desarrollo  de  La  Reina;Corporación  de  Desarrollo  de  La  Reina;;La  Reina;Corporación  de  Desarrollo  de  La  Reina;1918371;PAÑO  ABSORBENTE  MULTIUSO  VIRUTEX  PRO  ALGODÓN  40X35  CM  UNIDAD  REGIÓN  RM;PAÑO  ABSORBENTE  MULTIUSO;296;295;0;402;118590;Si;CASTILLA  Y  ARAGON  SPA;CASTILLA  Y  ARAGON  SPA;96.989.530-7
2239-9-LR22;5800319;Convenio  Marco  de  Artículos  de  Aseo  e  Higiene;1221016-204-CM25;52575575;Orden  de  Compra  generada  por  la  Gran  Compra:  75924;2025-04-22;2025-03-17;2025-03-19;2025-04-03;Recepción  Conforme;75924;71.378.000-6;Corporación  de  Desarrollo  de  La  Reina;Corporación  de  Desarrollo  de  La  Reina;;La  Reina;Corporación  de  Desarrollo  de  La  Reina;1945374;DESENGRASANTE  COCINA  TREMEX  MULTIUSO  CREMA  ANTIGRASA  750  ML  UNIDAD  REGIÓN  RM;DESENGRASANTE  COCINA;1760;1750;1;409;715750;Si;CASTILLA  Y  ARAGON  SPA;CASTILLA  Y  ARAGON  SPA;96.989.530-7
2239-9-LR22;5800319;Convenio  Marco  de  Artículos  de  Aseo  e  Higiene;1221016-204-CM25;52575575;Orden  de  Compra  generada  por  la  Gran  Compra:  75924;2025-04-22;2025-03-17;2025-03-19;2025-04-03;Recepción  Conforme;75924;71.378.000-6;Corporación  de  Desarrollo  de  La  Reina;Corporación  de  Desarrollo  de  La  Reina;;La  Reina;Corporación  de  Desarrollo  de  La  Reina;1918626;PAÑO  ABSORBENTE  MULTIUSO  WINKLER  CELULOSA  PAQUETE  DE  3  UNIDADES  REGIÓN  RM;PAÑO  ABSORBENTE  MULTIUSO;900;800;11;70;56000;No;WINKLER  LIMITADA;WINKLER  LIMITADA;79.722.860-5
2239-9-LR22;5800319;Convenio  Marco  de  Artículos  de  Aseo  e  Higiene;1221016-204-CM25;52575575;Orden  de  Compra  generada  por  la  Gran  Compra:  75924;2025-04-22;2025-03-17;2025-03-19;2025-04-03;Recepción  Conforme;75924;71.378.000-6;Corporación  de  Desarrollo  de  La  Reina;Corporación  de  Desarrollo  de  La  Reina;;La  Reina;Corporación  de  Desarrollo  de  La  Reina;1925120;TOALLA  DE  PAPEL  WINKLER  DOBLE  HOJA  200  M  2  ROLLOS  REGIÓN  RM;TOALLA  DE  PAPEL;7849;17100;-118;1589;27171900;No;WINKLER  LIMITADA;WINKLER  LIMITADA;79.722.860-5
2239-9-LR22;5800319;Convenio  Marco  de  Artículos  de  Aseo  e  Higiene;1221016-204-CM25;52575575;Orden  de  Compra  generada  por  la  Gran  Compra:  75924;2025-04-22;2025-03-17;2025-03-19;2025-04-03;Recepción  Conforme;75924;71.378.000-6;Corporación  de  Desarrollo  de  La  Reina;Corporación  de  Desarrollo  de  La  Reina;;La  Reina;Corporación  de  Desarrollo  de  La  Reina;1933181;JABÓN  WINKLER  AROMATICO  LÍQUIDO  BIDÓN  5  L  UNIDAD  REGIÓN  RM;JABÓN;4383;3990;9;151;602490;No;SERVICIOS  INTEGRADOS  SIDAPT  LIMITADA;SERVICIOS  INTEGRADOS  SIDAPT  LIMITADA;76.299.358-9
2239-9-LR22;5800319;Convenio  Marco  de  Artículos  de  Aseo  e  Higiene;1221016-204-CM25;52575575;Orden  de  Compra  generada  por  la  Gran  Compra:  75924;2025-04-22;2025-03-17;2025-03-19;2025-04-03;Recepción  Conforme;75924;71.378.000-6;Corporación  de  Desarrollo  de  La  Reina;Corporación  de  Desarrollo  de  La  Reina;;La  Reina;Corporación  de  Desarrollo  de  La  Reina;1926259;TRAPERO  REUTILIZABLE  IGENIX  DESINFECTANTE  C/  OJAL  40X60  CM  PAQUETE  10  UNIDADES  REGIÓN  RM;TRAPERO  REUTILIZABLE;2055;2054;0;60;123240;No;COMERCIAL  RED  OFFICE  LIMITADA;COMERCIAL  RED  OFFICE  LIMITADA;77.012.870-6
2239-9-LR22;5800319;Convenio  Marco  de  Artículos  de  Aseo  e  Higiene;1221016-204-CM25;52575575;Orden  de  Compra  generada  por  la  Gran  Compra:  75924;2025-04-22;2025-03-17;2025-03-19;2025-04-03;Recepción  Conforme;75924;71.378.000-6;Corporación  de  Desarrollo  de  La  Reina;Corporación  de  Desarrollo  de  La  Reina;;La  Reina;Corporación  de  Desarrollo  de  La  Reina;1920139;PAPEL  HIGIÉNICO  ELITE  BAJO  METRAJE  HOJA  SIMPLE  12  ROLLOS  50  M  1  PAQUETE  REGIÓN  RM;PAPEL  HIGIÉNICO;4284;4280;0;120;513600;Si;CASTILLA  Y  ARAGON  SPA;CASTILLA  Y  ARAGON  SPA;96.989.530-7
2239-9-LR22;5800319;Convenio  Marco  de  Artículos  de  Aseo  e  Higiene;1221016-204-CM25;52575575;Orden  de  Compra  generada  por  la  Gran  Compra:  75924;2025-04-22;2025-03-17;2025-03-19;2025-04-03;Recepción  Conforme;75924;71.378.000-6;Corporación  de  Desarrollo  de  La  Reina;Corporación  de  Desarrollo  de  La  Reina;;La  Reina;Corporación  de  Desarrollo  de  La  Reina;1945306;BOLSA  DE  BASURA  TREMEX  GRANDE  80X110  CM  120  L  ROLLO  UNIDAD  REGIÓN  RM;BOLSA  DE  BASURA;1808;1150;36;1457;1675550;Si;CASTILLA  Y  ARAGON  SPA;CASTILLA  Y  ARAGON  SPA;96.989.530-7
2239-9-LR22;5800319;Convenio  Marco  de  Artículos  de  Aseo  e  Higiene;1221016-204-CM25;52575575;Orden  de  Compra  generada  por  la  Gran  Compra:  75924;2025-04-22;2025-03-17;2025-03-19;2025-04-03;Recepción  Conforme;75924;71.378.000-6;Corporación  de  Desarrollo  de  La  Reina;Corporación  de  Desarrollo  de  La  Reina;;La  Reina;Corporación  de  Desarrollo  de  La  Reina;1942023;BOLSA  DE  BASURA  VIRUTEX  CARGA  PESADA  110X120  CM  200  L  ROLLO  X  5  UNIDADES  REGIÓN  RM;BOLSA  DE  BASURA;3399;2397;29;450;1078650;No;COMERCIAL  RED  OFFICE  LIMITADA;COMERCIAL  RED  OFFICE  LIMITADA;77.012.870-6
2239-9-LR22;5800319;Convenio  Marco  de  Artículos  de  Aseo  e  Higiene;1221016-204-CM25;52575575;Orden  de  Compra  generada  por  la  Gran  Compra:  75924;2025-04-22;2025-03-17;2025-03-19;2025-04-03;Recepción  Conforme;75924;71.378.000-6;Corporación  de  Desarrollo  de  La  Reina;Corporación  de  Desarrollo  de  La  Reina;;La  Reina;Corporación  de  Desarrollo  de  La  Reina;1945340;CLORO  GEL    TREMEX  SIN  AROMA  BOTELLA  900  ML  UNIDAD  REGIÓN  RM;CLORO  GEL;1771;1770;0;856;1515120;Si;CASTILLA  Y  ARAGON  SPA;CASTILLA  Y  ARAGON  SPA;96.989.530-7
2239-9-LR22;5800319;Convenio  Marco  de  Artículos  de  Aseo  e  Higiene;1221016-204-CM25;52575575;Orden  de  Compra  generada  por  la  Gran  Compra:  75924;2025-04-22;2025-03-17;2025-03-19;2025-04-03;Recepción  Conforme;75924;71.378.000-6;Corporación  de  Desarrollo  de  La  Reina;Corporación  de  Desarrollo  de  La  Reina;;La  Reina;Corporación  de  Desarrollo  de  La  Reina;1931773;CLORO  TRADICIONAL  VIRUTEX  2,62%  4000  ML  UNIDAD  REGIÓN  RM;CLORO  TRADICIONAL;2107;2107;0;621;1308447;Si;CASTILLA  Y  ARAGON  SPA;CASTILLA  Y  ARAGON  SPA;96.989.530-7
2239-9-LR22;5800319;Convenio  Marco  de  Artículos  de  Aseo  e  Higiene;1221016-204-CM25;52575575;Orden  de  Compra  generada  por  la  Gran  Compra:  75924;2025-04-22;2025-03-17;2025-03-19;2025-04-03;Recepción  Conforme;75924;71.378.000-6;Corporación  de  Desarrollo  de  La  Reina;Corporación  de  Desarrollo  de  La  Reina;;La  Reina;Corporación  de  Desarrollo  de  La  Reina;1932841;JABÓN  TREMEX  AROMATICO  LÍQUIDO  BIDÓN  5  L  UNIDAD  REGIÓN  RM;JABÓN;4978;4978;0;151;751678;No;COMERCIAL  MYC  LIMITADA;COMERCIAL  MYC  LTDA.;77.008.207-2
2239-2-LR23;5802330;Convenio  Marco  Artículos  de  Escritorio  y  Papelería;1221016-218-CM25;52584395;Orden  de  Compra  generada  por  la  Gran  Compra:  75903;2025-04-23;2025-03-17;2025-03-19;2025-04-02;Recepción  Conforme;75903;71.378.000-6;Corporación  de  Desarrollo  de  La  Reina;Corporación  de  Desarrollo  de  La  Reina;;La  Reina;Corporación  de  Desarrollo  de  La  Reina;1975088;CARPETA  AUCA  ACCOCLIP  OFICIO  BOLSILLO  TRIANGULAR  PLÁSTICO  LISO  S/DISEÑO  UNIDAD  REGIÓN  RM;CARPETA;467;466;0;123;57318;No;SERVICIOS  INTEGRADOS  SIDAPT  LIMITADA;SERVICIOS  INTEGRADOS  SIDAPT  LIMITADA;76.299.358-9
2239-2-LR23;5802330;Convenio  Marco  Artículos  de  Escritorio  y  Papelería;1221016-218-CM25;52584395;Orden  de  Compra  generada  por  la  Gran  Compra:  75903;2025-04-23;2025-03-17;2025-03-19;2025-04-02;Recepción  Conforme;75903;71.378.000-6;Corporación  de  Desarrollo  de  La  Reina;Corporación  de  Desarrollo  de  La  Reina;;La  Reina;Corporación  de  Desarrollo  de  La  Reina;1972385;BARRA  DE  SILICONA  PROARTE  TRANSPARENTE  GROSOR  7MM  LARGO  30  CM  10  UNIDADES  REGIÓN  RM;BARRA  DE  SILICONA;875;860;2;930;799800;Si;COMERCIAL  RED  OFFICE  LIMITADA;COMERCIAL  RED  OFFICE  LIMITADA;77.012.870-6
2239-2-LR23;5802330;Convenio  Marco  Artículos  de  Escritorio  y  Papelería;1221016-218-CM25;52584395;Orden  de  Compra  generada  por  la  Gran  Compra:  75903;2025-04-23;2025-03-17;2025-03-19;2025-04-02;Recepción  Conforme;75903;71.378.000-6;Corporación  de  Desarrollo  de  La  Reina;Corporación  de  Desarrollo  de  La  Reina;;La  Reina;Corporación  de  Desarrollo  de  La  Reina;1977723;CLIP  AUCA  ACCOCLIP  FASTENER  PLÁSTICO  COLORES  50  UNIDADES  REGIÓN  RM;CLIP;787;786;0;25;19650;Si;COMERCIAL  RED  OFFICE  LIMITADA;COMERCIAL  RED  OFFICE  LIMITADA;77.012.870-6
2239-2-LR23;5802330;Convenio  Marco  Artículos  de  Escritorio  y  Papelería;1221016-218-CM25;52584395;Orden  de  Compra  generada  por  la  Gran  Compra:  75903;2025-04-23;2025-03-17;2025-03-19;2025-04-02;Recepción  Conforme;75903;71.378.000-6;Corporación  de  Desarrollo  de  La  Reina;Corporación  de  Desarrollo  de  La  Reina;;La  Reina;Corporación  de  Desarrollo  de  La  Reina;1965653;ARCHIVADOR  ARTEL  CARTÓN  DURO  OFICIO  450  HOJAS  LOMO  ANCHO  UNIDAD  REGIÓN  RM;ARCHIVADOR;1327;1327;0;1203;1596381;No;ARTEL  S.A.;ARTEL  S.A.I.C;92.642.000-3
2239-2-LR23;5802330;Convenio  Marco  Artículos  de  Escritorio  y  Papelería;1221016-218-CM25;52584395;Orden  de  Compra  generada  por  la  Gran  Compra:  75903;2025-04-23;2025-03-17;2025-03-19;2025-04-02;Recepción  Conforme;75903;71.378.000-6;Corporación  de  Desarrollo  de  La  Reina;Corporación  de  Desarrollo  de  La  Reina;;La  Reina;Corporación  de  Desarrollo  de  La  Reina;1975088;CARPETA  AUCA  ACCOCLIP  OFICIO  BOLSILLO  TRIANGULAR  PLÁSTICO  LISO  S/DISEÑO  UNIDAD  REGIÓN  RM;CARPETA;512;510;0;123;62730;Si;COMERCIAL  RED  OFFICE  LIMITADA;COMERCIAL  RED  OFFICE  LIMITADA;77.012.870-6
2239-2-LR23;5802330;Convenio  Marco  Artículos  de  Escritorio  y  Papelería;1221016-218-CM25;52584395;Orden  de  Compra  generada  por  la  Gran  Compra:  75903;2025-04-23;2025-03-17;2025-03-19;2025-04-02;Recepción  Conforme;75903;71.378.000-6;Corporación  de  Desarrollo  de  La  Reina;Corporación  de  Desarrollo  de  La  Reina;;La  Reina;Corporación  de  Desarrollo  de  La  Reina;1977536;CLIP  ADIX  METÁLICO  PUNTA  REDONDA  33  MM  ACERO  CROMADO  100  UNIDADES  REGIÓN  RM;CLIP;345;344;0;275;94600;No;SERVICIOS  INTEGRADOS  SIDAPT  LIMITADA;SERVICIOS  INTEGRADOS  SIDAPT  LIMITADA;76.299.358-9
2239-2-LR23;5802330;Convenio  Marco  Artículos  de  Escritorio  y  Papelería;1221016-218-CM25;52584395;Orden  de  Compra  generada  por  la  Gran  Compra:  75903;2025-04-23;2025-03-17;2025-03-19;2025-04-02;Recepción  Conforme;75903;71.378.000-6;Corporación  de  Desarrollo  de  La  Reina;Corporación  de  Desarrollo  de  La  Reina;;La  Reina;Corporación  de  Desarrollo  de  La  Reina;1975071;CARPETA  ATLANTIK  OFICIO  CARTULINA  PLASTIFICADA  LISO  S/DISEÑO  UNIDAD  REGIÓN  RM;CARPETA;411;410;0;386;158260;No;COMERCIAL  MYC  LIMITADA;COMERCIAL  MYC  LTDA.;77.008.207-2
2239-2-LR23;5802330;Convenio  Marco  Artículos  de  Escritorio  y  Papelería;1221016-218-CM25;52584395;Orden  de  Compra  generada  por  la  Gran  Compra:  75903;2025-04-23;2025-03-17;2025-03-19;2025-04-02;Recepción  Conforme;75903;71.378.000-6;Corporación  de  Desarrollo  de  La  Reina;Corporación  de  Desarrollo  de  La  Reina;;La  Reina;Corporación  de  Desarrollo  de  La  Reina;1965959;ARCHIVADOR  AUCA  CARTÓN  DURO  OFICIO  450  HOJAS  LOMO  ANCHO  UNIDAD  REGIÓN  RM;ARCHIVADOR;1569;1447;8;1203;1740741;Si;COMERCIAL  RED  OFFICE  LIMITADA;COMERCIAL  RED  OFFICE  LIMITADA;77.012.870-6
2239-2-LR23;5802330;Convenio  Marco  Artículos  de  Escritorio  y  Papelería;1221016-218-CM25;52584395;Orden  de  Compra  generada  por  la  Gran  Compra:  75903;2025-04-23;2025-03-17;2025-03-19;2025-04-02;Recepción  Conforme;75903;71.378.000-6;Corporación  de  Desarrollo  de  La  Reina;Corporación  de  Desarrollo  de  La  Reina;;La  Reina;Corporación  de  Desarrollo  de  La  Reina;1996967;LÁPIZ  PASTA  PAPER  MATE  PUNTA  ULTRA  FINA  (BOLÍGRAFO)  AZUL  0,7MM  UNIDAD  REGIÓN  RM;LÁPIZ  PASTA;162;162;0;64;10368;Si;COMERCIAL  RED  OFFICE  LIMITADA;COMERCIAL  RED  OFFICE  LIMITADA;77.012.870-6
2239-2-LR23;5802330;Convenio  Marco  Artículos  de  Escritorio  y  Papelería;1221016-218-CM25;52584395;Orden  de  Compra  generada  por  la  Gran  Compra:  75903;2025-04-23;2025-03-17;2025-03-19;2025-04-02;Recepción  Conforme;75903;71.378.000-6;Corporación  de  Desarrollo  de  La  Reina;Corporación  de  Desarrollo  de  La  Reina;;La  Reina;Corporación  de  Desarrollo  de  La  Reina;1979627;COLA  FRIA  TORRE  ESCOLAR  500  GR  UNIDAD  REGIÓN  RM;COLA  FRIA;1293;1292;0;20;25840;Si;COMERCIAL  RED  OFFICE  LIMITADA;COMERCIAL  RED  OFFICE  LIMITADA;77.012.870-6
2239-2-LR23;5802330;Convenio  Marco  Artículos  de  Escritorio  y  Papelería;1221016-218-CM25;52584395;Orden  de  Compra  generada  por  la  Gran  Compra:  75903;2025-04-23;2025-03-17;2025-03-19;2025-04-02;Recepción  Conforme;75903;71.378.000-6;Corporación  de  Desarrollo  de  La  Reina;Corporación  de  Desarrollo  de  La  Reina;;La  Reina;Corporación  de  Desarrollo  de  La  Reina;1977723;CLIP  AUCA  ACCOCLIP  FASTENER  PLÁSTICO  COLORES  50  UNIDADES  REGIÓN  RM;CLIP;787;786;0;25;19650;Si;COMERCIAL  RED  OFFICE  LIMITADA;COMERCIAL  RED  OFFICE  LIMITADA;77.012.870-6
2239-2-LR23;5802330;Convenio  Marco  Artículos  de  Escritorio  y  Papelería;1221016-218-CM25;52584395;Orden  de  Compra  generada  por  la  Gran  Compra:  75903;2025-04-23;2025-03-17;2025-03-19;2025-04-02;Recepción  Conforme;75903;71.378.000-6;Corporación  de  Desarrollo  de  La  Reina;Corporación  de  Desarrollo  de  La  Reina;;La  Reina;Corporación  de  Desarrollo  de  La  Reina;1979440;COLA  FRIA  HAND  ESCOLAR  500  GR  UNIDAD  REGIÓN  RM;COLA  FRIA;1029;1028;0;20;20560;No;SERVICIOS  INTEGRADOS  SIDAPT  LIMITADA;SERVICIOS  INTEGRADOS  SIDAPT  LIMITADA;76.299.358-9
2239-2-LR23;5802330;Convenio  Marco  Artículos  de  Escritorio  y  Papelería;1221016-218-CM25;52584395;Orden  de  Compra  generada  por  la  Gran  Compra:  75903;2025-04-23;2025-03-17;2025-03-19;2025-04-02;Recepción  Conforme;75903;71.378.000-6;Corporación  de  Desarrollo  de  La  Reina;Corporación  de  Desarrollo  de  La  Reina;;La  Reina;Corporación  de  Desarrollo  de  La  Reina;1971399;BANDERITA  AUTOADHESIVA  TORRE  PAPEL  RECTANGULAR  12X43X45MM  4  COLORES  100  HOJAS  REGIÓN  RM;BANDERITA  AUTOADHESIVA;1197;1196;0;15;17940;Si;COMERCIAL  RED  OFFICE  LIMITADA;COMERCIAL  RED  OFFICE  LIMITADA;77.012.870-6
2239-2-LR23;5802330;Convenio  Marco  Artículos  de  Escritorio  y  Papelería;1221016-218-CM25;52584395;Orden  de  Compra  generada  por  la  Gran  Compra:  75903;2025-04-23;2025-03-17;2025-03-19;2025-04-02;Recepción  Conforme;75903;71.378.000-6;Corporación  de  Desarrollo  de  La  Reina;Corporación  de  Desarrollo  de  La  Reina;;La  Reina;Corporación  de  Desarrollo  de  La  Reina;1971671;BARRA  DE  SILICONA  ARTEL  TRANSPARENTE  GROSOR  7MM  LARGO  29,6  CM  10  UNIDADES  REGIÓN  RM;BARRA  DE  SILICONA;986;937;5;930;871410;No;ARTEL  S.A.;ARTEL  S.A.I.C;92.642.000-3
2239-2-LR23;5802330;Convenio  Marco  Artículos  de  Escritorio  y  Papelería;1221016-218-CM25;52584395;Orden  de  Compra  generada  por  la  Gran  Compra:  75903;2025-04-23;2025-03-17;2025-03-19;2025-04-02;Recepción  Conforme;75903;71.378.000-6;Corporación  de  Desarrollo  de  La  Reina;Corporación  de  Desarrollo  de  La  Reina;;La  Reina;Corporación  de  Desarrollo  de  La  Reina;1965959;ARCHIVADOR  AUCA  CARTÓN  DURO  OFICIO  450  HOJAS  LOMO  ANCHO  UNIDAD  REGIÓN  RM;ARCHIVADOR;1333;1332;0;1203;1602396;No;SERVICIOS  INTEGRADOS  SIDAPT  LIMITADA;SERVICIOS  INTEGRADOS  SIDAPT  LIMITADA;76.299.358-9
2239-2-LR23;5802330;Convenio  Marco  Artículos  de  Escritorio  y  Papelería;1221016-218-CM25;52584395;Orden  de  Compra  generada  por  la  Gran  Compra:  75903;2025-04-23;2025-03-17;2025-03-19;2025-04-02;Recepción  Conforme;75903;71.378.000-6;Corporación  de  Desarrollo  de  La  Reina;Corporación  de  Desarrollo  de  La  Reina;;La  Reina;Corporación  de  Desarrollo  de  La  Reina;1966605;ARCHIVADOR  BUHO  CARTÓN  DURO  OFICIO  450  HOJAS  LOMO  ANCHO  UNIDAD  REGIÓN  RM;ARCHIVADOR;1882;1880;0;1203;2261640;No;COMERCIAL  MYC  LIMITADA;COMERCIAL  MYC  LTDA.;77.008.207-2
2239-2-LR23;5802330;Convenio  Marco  Artículos  de  Escritorio  y  Papelería;1221016-218-CM25;52584395;Orden  de  Compra  generada  por  la  Gran  Compra:  75903;2025-04-23;2025-03-17;2025-03-19;2025-04-02;Recepción  Conforme;75903;71.378.000-6;Corporación  de  Desarrollo  de  La  Reina;Corporación  de  Desarrollo  de  La  Reina;;La  Reina;Corporación  de  Desarrollo  de  La  Reina;1982381;CUADERNO  ARTEL  UNIVERSITARIO  ESPIRAL  T/DURA  S/DISEÑO  7MM  CUADRICULADA  100  HJS  UD  REGIÓN  RM;CUADERNO;945;945;0;507;479115;No;ARTEL  S.A.;ARTEL  S.A.I.C;92.642.000-3
2239-2-LR23;5802330;Convenio  Marco  Artículos  de  Escritorio  y  Papelería;1221016-218-CM25;52584395;Orden  de  Compra  generada  por  la  Gran  Compra:  75903;2025-04-23;2025-03-17;2025-03-19;2025-04-02;Recepción  Conforme;75903;71.378.000-6;Corporación  de  Desarrollo  de  La  Reina;Corporación  de  Desarrollo  de  La  Reina;;La  Reina;Corporación  de  Desarrollo  de  La  Reina;1979202;CLIP  TORRE  METÁLICO  PUNTA  REDONDA  50  MM  ACERO  CROMADO  50  UNIDADES  REGIÓN  RM;CLIP;616;615;0;40;24600;No;SERVICIOS  INTEGRADOS  SIDAPT  LIMITADA;SERVICIOS  INTEGRADOS  SIDAPT  LIMITADA;76.299.358-9
2239-2-LR23;5802330;Convenio  Marco  Artículos  de  Escritorio  y  Papelería;1221016-218-CM25;52584395;Orden  de  Compra  generada  por  la  Gran  Compra:  75903;2025-04-23;2025-03-17;2025-03-19;2025-04-02;Recepción  Conforme;75903;71.378.000-6;Corporación  de  Desarrollo  de  La  Reina;Corporación  de  Desarrollo  de  La  Reina;;La  Reina;Corporación  de  Desarrollo  de  La  Reina;1978216;CLIP  HAND  ACCOCLIP  FASTENER  PLÁSTICO  COLORES  50  UNIDADES  REGIÓN  RM;CLIP;776;775;0;57;44175;No;SERVICIOS  INTEGRADOS  SIDAPT  LIMITADA;SERVICIOS  INTEGRADOS  SIDAPT  LIMITADA;76.299.358-9
2239-2-LR23;5802330;Convenio  Marco  Artículos  de  Escritorio  y  Papelería;1221016-218-CM25;52584395;Orden  de  Compra  generada  por  la  Gran  Compra:  75903;2025-04-23;2025-03-17;2025-03-19;2025-04-02;Recepción  Conforme;75903;71.378.000-6;Corporación  de  Desarrollo  de  La  Reina;Corporación  de  Desarrollo  de  La  Reina;;La  Reina;Corporación  de  Desarrollo  de  La  Reina;1979185;CLIP  TORRE  METÁLICO  PUNTA  REDONDA  33  MM  ACERO  CROMADO  100  UNIDADES  REGIÓN  RM;CLIP;229;228;0;275;62700;Si;COMERCIAL  RED  OFFICE  LIMITADA;COMERCIAL  RED  OFFICE  LIMITADA;77.012.870-6
2239-2-LR23;5802330;Convenio  Marco  Artículos  de  Escritorio  y  Papelería;1221016-218-CM25;52584395;Orden  de  Compra  generada  por  la  Gran  Compra:  75903;2025-04-23;2025-03-17;2025-03-19;2025-04-02;Recepción  Conforme;75903;71.378.000-6;Corporación  de  Desarrollo  de  La  Reina;Corporación  de  Desarrollo  de  La  Reina;;La  Reina;Corporación  de  Desarrollo  de  La  Reina;1997579;LÁPIZ  PASTA  TORRE  PUNTA  MEDIA  NEGRO  1,0MM  50  UNIDADES  REGIÓN  RM;LÁPIZ  PASTA;4706;4500;4;40;180000;Si;COMERCIAL  RED  OFFICE  LIMITADA;COMERCIAL  RED  OFFICE  LIMITADA;77.012.870-6
2239-2-LR23;5802330;Convenio  Marco  Artículos  de  Escritorio  y  Papelería;1221016-218-CM25;52584395;Orden  de  Compra  generada  por  la  Gran  Compra:  75903;2025-04-23;2025-03-17;2025-03-19;2025-04-02;Recepción  Conforme;75903;71.378.000-6;Corporación  de  Desarrollo  de  La  Reina;Corporación  de  Desarrollo  de  La  Reina;;La  Reina;Corporación  de  Desarrollo  de  La  Reina;1979321;COLA  FRIA  ARTEL  ESCOLAR  500  GR  UNIDAD  REGIÓN  RM;COLA  FRIA;1060;1060;0;20;21200;No;ARTEL  S.A.;ARTEL  S.A.I.C;92.642.000-3
2239-2-LR23;5802330;Convenio  Marco  Artículos  de  Escritorio  y  Papelería;1221016-218-CM25;52584395;Orden  de  Compra  generada  por  la  Gran  Compra:  75903;2025-04-23;2025-03-17;2025-03-19;2025-04-02;Recepción  Conforme;75903;71.378.000-6;Corporación  de  Desarrollo  de  La  Reina;Corporación  de  Desarrollo  de  La  Reina;;La  Reina;Corporación  de  Desarrollo  de  La  Reina;1975632;CARPETA  DOM  OFICIO  CARTULINA  PLASTIFICADA  LISO  S/DISEÑO  UNIDAD  REGIÓN  RM;CARPETA;427;399;7;386;154014;Si;COMERCIAL  RED  OFFICE  LIMITADA;COMERCIAL  RED  OFFICE  LIMITADA;77.012.870-6
2239-2-LR23;5802330;Convenio  Marco  Artículos  de  Escritorio  y  Papelería;1221016-218-CM25;52584395;Orden  de  Compra  generada  por  la  Gran  Compra:  75903;2025-04-23;2025-03-17;2025-03-19;2025-04-02;Recepción  Conforme;75903;71.378.000-6;Corporación  de  Desarrollo  de  La  Reina;Corporación  de  Desarrollo  de  La  Reina;;La  Reina;Corporación  de  Desarrollo  de  La  Reina;1983027;CUADERNO  TORRE  UNIVERSITARIO  ESPIRAL  T/DURA  S/DISEÑO  7MM  CUADRICULADA  100  HJS  UD  REGIÓN  RM;CUADERNO;1008;1007;0;507;510549;No;SERVICIOS  INTEGRADOS  SIDAPT  LIMITADA;SERVICIOS  INTEGRADOS  SIDAPT  LIMITADA;76.299.358-9
2239-2-LR23;5802330;Convenio  Marco  Artículos  de  Escritorio  y  Papelería;1221016-218-CM25;52584395;Orden  de  Compra  generada  por  la  Gran  Compra:  75903;2025-04-23;2025-03-17;2025-03-19;2025-04-02;Recepción  Conforme;75903;71.378.000-6;Corporación  de  Desarrollo  de  La  Reina;Corporación  de  Desarrollo  de  La  Reina;;La  Reina;Corporación  de  Desarrollo  de  La  Reina;1997137;LÁPIZ  PASTA  PILOT  PUNTA  MEDIA  NEGRO  1,0MM  50  UNIDADES  REGIÓN  RM;LÁPIZ  PASTA;9109;9108;0;40;364320;No;SERVICIOS  INTEGRADOS  SIDAPT  LIMITADA;SERVICIOS  INTEGRADOS  SIDAPT  LIMITADA;76.299.358-9
2239-2-LR23;5802330;Convenio  Marco  Artículos  de  Escritorio  y  Papelería;1221016-218-CM25;52584395;Orden  de  Compra  generada  por  la  Gran  Compra:  75903;2025-04-23;2025-03-17;2025-03-19;2025-04-02;Recepción  Conforme;75903;71.378.000-6;Corporación  de  Desarrollo  de  La  Reina;Corporación  de  Desarrollo  de  La  Reina;;La  Reina;Corporación  de  Desarrollo  de  La  Reina;1980341;CORCHETERA  ISOFIT  OFICINA  25  HOJAS  METAL/PLÁSTICO  24/6  A  26/6MM  UNIDAD  REGIÓN  RM;CORCHETERA;2059;2058;0;257;528906;No;SERVICIOS  INTEGRADOS  SIDAPT  LIMITADA;SERVICIOS  INTEGRADOS  SIDAPT  LIMITADA;76.299.358-9
2239-2-LR23;5802330;Convenio  Marco  Artículos  de  Escritorio  y  Papelería;1221016-218-CM25;52584395;Orden  de  Compra  generada  por  la  Gran  Compra:  75903;2025-04-23;2025-03-17;2025-03-19;2025-04-02;Recepción  Conforme;75903;71.378.000-6;Corporación  de  Desarrollo  de  La  Reina;Corporación  de  Desarrollo  de  La  Reina;;La  Reina;Corporación  de  Desarrollo  de  La  Reina;1982432;CUADERNO  AUCA  UNIVERSITARIO  ESPIRAL  T/DURA  S/DISEÑO  7MM  CUADRICULADA  100  HJS  UD  REGIÓN  RM;CUADERNO;1041;800;23;507;405600;No;COMERCIAL  MYC  LIMITADA;COMERCIAL  MYC  LTDA.;77.008.207-2
2239-2-LR23;5802330;Convenio  Marco  Artículos  de  Escritorio  y  Papelería;1221016-218-CM25;52584395;Orden  de  Compra  generada  por  la  Gran  Compra:  75903;2025-04-23;2025-03-17;2025-03-19;2025-04-02;Recepción  Conforme;75903;71.378.000-6;Corporación  de  Desarrollo  de  La  Reina;Corporación  de  Desarrollo  de  La  Reina;;La  Reina;Corporación  de  Desarrollo  de  La  Reina;1981548;CORCHETES  HAND  GRAPA  METAL  CROMADO  23/10MM  (3/8")  CAJA  1000  UNIDADES  REGIÓN  RM;CORCHETES;690;689;0;20;13780;No;SERVICIOS  INTEGRADOS  SIDAPT  LIMITADA;SERVICIOS  INTEGRADOS  SIDAPT  LIMITADA;76.299.358-9
2239-2-LR23;5802330;Convenio  Marco  Artículos  de  Escritorio  y  Papelería;1221016-218-CM25;52584395;Orden  de  Compra  generada  por  la  Gran  Compra:  75903;2025-04-23;2025-03-17;2025-03-19;2025-04-02;Recepción  Conforme;75903;71.378.000-6;Corporación  de  Desarrollo  de  La  Reina;Corporación  de  Desarrollo  de  La  Reina;;La  Reina;Corporación  de  Desarrollo  de  La  Reina;1975700;CARPETA  FULTONS  ACCOCLIP  OFICIO  BOLSILLO  TRIANGULAR  PLÁSTICO  LISO  S/DISEÑO  UNIDAD  REGIÓN  RM;CARPETA;444;440;1;123;54120;No;COMERCIAL  MYC  LIMITADA;COMERCIAL  MYC  LTDA.;77.008.207-2
2239-2-LR23;5802330;Convenio  Marco  Artículos  de  Escritorio  y  Papelería;1221016-218-CM25;52584395;Orden  de  Compra  generada  por  la  Gran  Compra:  75903;2025-04-23;2025-03-17;2025-03-19;2025-04-02;Recepción  Conforme;75903;71.378.000-6;Corporación  de  Desarrollo  de  La  Reina;Corporación  de  Desarrollo  de  La  Reina;;La  Reina;Corporación  de  Desarrollo  de  La  Reina;1980324;CORCHETERA  ISOFIT  OFICINA  20  HOJAS  METAL/PLÁSTICO  26/6MM  UNIDAD  REGIÓN  RM;CORCHETERA;2161;2160;0;16;34560;Si;COMERCIAL  RED  OFFICE  LIMITADA;COMERCIAL  RED  OFFICE  LIMITADA;77.012.870-6
2239-2-LR23;5802330;Convenio  Marco  Artículos  de  Escritorio  y  Papelería;1221016-218-CM25;52584395;Orden  de  Compra  generada  por  la  Gran  Compra:  75903;2025-04-23;2025-03-17;2025-03-19;2025-04-02;Recepción  Conforme;75903;71.378.000-6;Corporación  de  Desarrollo  de  La  Reina;Corporación  de  Desarrollo  de  La  Reina;;La  Reina;Corporación  de  Desarrollo  de  La  Reina;1982534;CUADERNO  COLON  UNIVERSITARIO  ESPIRAL  T/DURA  S/DISEÑO  7MM  CUADRICULADA  100  HJS  UD  REGIÓN  RM;CUADERNO;1021;920;10;507;466440;Si;COMERCIAL  RED  OFFICE  LIMITADA;COMERCIAL  RED  OFFICE  LIMITADA;77.012.870-6
2239-2-LR23;5802330;Convenio  Marco  Artículos  de  Escritorio  y  Papelería;1221016-218-CM25;52584395;Orden  de  Compra  generada  por  la  Gran  Compra:  75903;2025-04-23;2025-03-17;2025-03-19;2025-04-02;Recepción  Conforme;75903;71.378.000-6;Corporación  de  Desarrollo  de  La  Reina;Corporación  de  Desarrollo  de  La  Reina;;La  Reina;Corporación  de  Desarrollo  de  La  Reina;1984404;DESTACADOR  ARTEL  BOLSILLO  DELGADO  AMARILLO  FLÚOR  P/BISELADA  4MM  UNIDAD  REGIÓN  RM;DESTACADOR;252;252;0;2928;737856;No;ARTEL  S.A.;ARTEL  S.A.I.C;92.642.000-3
2239-2-LR23;5802330;Convenio  Marco  Artículos  de  Escritorio  y  Papelería;1221016-218-CM25;52584395;Orden  de  Compra  generada  por  la  Gran  Compra:  75903;2025-04-23;2025-03-17;2025-03-19;2025-04-02;Recepción  Conforme;75903;71.378.000-6;Corporación  de  Desarrollo  de  La  Reina;Corporación  de  Desarrollo  de  La  Reina;;La  Reina;Corporación  de  Desarrollo  de  La  Reina;2001013;MARCADOR  PERMANENTE  ISOFIT  CUERPO  GRUESO  PUNTA  FINA  REDONDA  AZUL  3,5MM  UNIDAD  REGIÓN  RM;MARCADOR  PERMANENTE;237;236;0;100;23600;Si;COMERCIAL  RED  OFFICE  LIMITADA;COMERCIAL  RED  OFFICE  LIMITADA;77.012.870-6
2239-2-LR23;5802330;Convenio  Marco  Artículos  de  Escritorio  y  Papelería;1221016-218-CM25;52584395;Orden  de  Compra  generada  por  la  Gran  Compra:  75903;2025-04-23;2025-03-17;2025-03-19;2025-04-02;Recepción  Conforme;75903;71.378.000-6;Corporación  de  Desarrollo  de  La  Reina;Corporación  de  Desarrollo  de  La  Reina;;La  Reina;Corporación  de  Desarrollo  de  La  Reina;1982126;CORRECTOR  ADIX  LAPIZ  LÍQUIDO  BLANCO  7  ML  UNIDAD  REGIÓN  RM;CORRECTOR;354;354;0;1746;618084;No;COMERCIAL  MYC  LIMITADA;COMERCIAL  MYC  LTDA.;77.008.207-2
2239-2-LR23;5802330;Convenio  Marco  Artículos  de  Escritorio  y  Papelería;1221016-218-CM25;52584395;Orden  de  Compra  generada  por  la  Gran  Compra:  75903;2025-04-23;2025-03-17;2025-03-19;2025-04-02;Recepción  Conforme;75903;71.378.000-6;Corporación  de  Desarrollo  de  La  Reina;Corporación  de  Desarrollo  de  La  Reina;;La  Reina;Corporación  de  Desarrollo  de  La  Reina;1982313;CORRECTOR  TORRE  LAPIZ  LÍQUIDO  BLANCO  7  ML  UNIDAD  REGIÓN  RM;CORRECTOR;354;353;0;1746;616338;No;SERVICIOS  INTEGRADOS  SIDAPT  LIMITADA;SERVICIOS  INTEGRADOS  SIDAPT  LIMITADA;76.299.358-9
2239-2-LR23;5802330;Convenio  Marco  Artículos  de  Escritorio  y  Papelería;1221016-218-CM25;52584395;Orden  de  Compra  generada  por  la  Gran  Compra:  75903;2025-04-23;2025-03-17;2025-03-19;2025-04-02;Recepción  Conforme;75903;71.378.000-6;Corporación  de  Desarrollo  de  La  Reina;Corporación  de  Desarrollo  de  La  Reina;;La  Reina;Corporación  de  Desarrollo  de  La  Reina;1986325;DESTACADOR  ISOFIT  BOLSILLO  DELGADO  ROSA  FLÚOR  P/BISELADA  5MM  UNIDAD  REGIÓN  RM;DESTACADOR;190;185;3;2928;541680;Si;COMERCIAL  RED  OFFICE  LIMITADA;COMERCIAL  RED  OFFICE  LIMITADA;77.012.870-6
2239-2-LR23;5802330;Convenio  Marco  Artículos  de  Escritorio  y  Papelería;1221016-218-CM25;52584395;Orden  de  Compra  generada  por  la  Gran  Compra:  75903;2025-04-23;2025-03-17;2025-03-19;2025-04-02;Recepción  Conforme;75903;71.378.000-6;Corporación  de  Desarrollo  de  La  Reina;Corporación  de  Desarrollo  de  La  Reina;;La  Reina;Corporación  de  Desarrollo  de  La  Reina;1997596;LÁPIZ  PASTA  TORRE  PUNTA  MEDIA  ROJO  1,0MM  50  UNIDADES  REGIÓN  RM;LÁPIZ  PASTA;4706;4700;0;17;79900;Si;COMERCIAL  RED  OFFICE  LIMITADA;COMERCIAL  RED  OFFICE  LIMITADA;77.012.870-6
2239-2-LR23;5802330;Convenio  Marco  Artículos  de  Escritorio  y  Papelería;1221016-218-CM25;52584395;Orden  de  Compra  generada  por  la  Gran  Compra:  75903;2025-04-23;2025-03-17;2025-03-19;2025-04-02;Recepción  Conforme;75903;71.378.000-6;Corporación  de  Desarrollo  de  La  Reina;Corporación  de  Desarrollo  de  La  Reina;;La  Reina;Corporación  de  Desarrollo  de  La  Reina;1983197;CUCHILLO  CARTONERO  ARTEL  REPUESTO  6  PTOS  DE  CORTE  P/LÁMINA  ACERO  FLEXIBLE  SK5  18MM  6UDS  REGIÓN  RM;CUCHILLO  CARTONERO;493;469;5;10;4690;No;ARTEL  S.A.;ARTEL  S.A.I.C;92.642.000-3
2239-2-LR23;5802330;Convenio  Marco  Artículos  de  Escritorio  y  Papelería;1221016-218-CM25;52584395;Orden  de  Compra  generada  por  la  Gran  Compra:  75903;2025-04-23;2025-03-17;2025-03-19;2025-04-02;Recepción  Conforme;75903;71.378.000-6;Corporación  de  Desarrollo  de  La  Reina;Corporación  de  Desarrollo  de  La  Reina;;La  Reina;Corporación  de  Desarrollo  de  La  Reina;1982313;CORRECTOR  TORRE  LAPIZ  LÍQUIDO  BLANCO  7  ML  UNIDAD  REGIÓN  RM;CORRECTOR;394;320;19;1746;558720;Si;COMERCIAL  RED  OFFICE  LIMITADA;COMERCIAL  RED  OFFICE  LIMITADA;77.012.870-6
2239-2-LR23;5802330;Convenio  Marco  Artículos  de  Escritorio  y  Papelería;1221016-218-CM25;52584395;Orden  de  Compra  generada  por  la  Gran  Compra:  75903;2025-04-23;2025-03-17;2025-03-19;2025-04-02;Recepción  Conforme;75903;71.378.000-6;Corporación  de  Desarrollo  de  La  Reina;Corporación  de  Desarrollo  de  La  Reina;;La  Reina;Corporación  de  Desarrollo  de  La  Reina;1997562;LÁPIZ  PASTA  TORRE  PUNTA  MEDIA  AZUL  1,0MM  50  UNIDADES  REGIÓN  RM;LÁPIZ  PASTA;4706;4500;4;40;180000;Si;COMERCIAL  RED  OFFICE  LIMITADA;COMERCIAL  RED  OFFICE  LIMITADA;77.012.870-6
2239-2-LR23;5802330;Convenio  Marco  Artículos  de  Escritorio  y  Papelería;1221016-218-CM25;52584395;Orden  de  Compra  generada  por  la  Gran  Compra:  75903;2025-04-23;2025-03-17;2025-03-19;2025-04-02;Recepción  Conforme;75903;71.378.000-6;Corporación  de  Desarrollo  de  La  Reina;Corporación  de  Desarrollo  de  La  Reina;;La  Reina;Corporación  de  Desarrollo  de  La  Reina;2001149;MARCADOR  PERMANENTE  ISOFIT  CUERPO  GRUESO  PUNTA  FINA  REDONDA  NEGRO  3,5MM  UNIDAD  REGIÓN  RM;MARCADOR  PERMANENTE;237;236;0;807;190452;Si;COMERCIAL  RED  OFFICE  LIMITADA;COMERCIAL  RED  OFFICE  LIMITADA;77.012.870-6
2239-2-LR23;5802330;Convenio  Marco  Artículos  de  Escritorio  y  Papelería;1221016-218-CM25;52584395;Orden  de  Compra  generada  por  la  Gran  Compra:  75903;2025-04-23;2025-03-17;2025-03-19;2025-04-02;Recepción  Conforme;75903;71.378.000-6;Corporación  de  Desarrollo  de  La  Reina;Corporación  de  Desarrollo  de  La  Reina;;La  Reina;Corporación  de  Desarrollo  de  La  Reina;1997596;LÁPIZ  PASTA  TORRE  PUNTA  MEDIA  ROJO  1,0MM  50  UNIDADES  REGIÓN  RM;LÁPIZ  PASTA;4706;4700;0;17;79900;Si;COMERCIAL  RED  OFFICE  LIMITADA;COMERCIAL  RED  OFFICE  LIMITADA;77.012.870-6
2239-2-LR23;5802330;Convenio  Marco  Artículos  de  Escritorio  y  Papelería;1221016-218-CM25;52584395;Orden  de  Compra  generada  por  la  Gran  Compra:  75903;2025-04-23;2025-03-17;2025-03-19;2025-04-02;Recepción  Conforme;75903;71.378.000-6;Corporación  de  Desarrollo  de  La  Reina;Corporación  de  Desarrollo  de  La  Reina;;La  Reina;Corporación  de  Desarrollo  de  La  Reina;1987549;DESTACADOR  LUXOR  ESCRITORIO  NARANJA  FLÚOR  RECTANGULAR  P/BISELADA  UNIDAD  REGIÓN  RM;DESTACADOR;258;257;0;545;140065;No;SERVICIOS  INTEGRADOS  SIDAPT  LIMITADA;SERVICIOS  INTEGRADOS  SIDAPT  LIMITADA;76.299.358-9
2239-2-LR23;5802330;Convenio  Marco  Artículos  de  Escritorio  y  Papelería;1221016-218-CM25;52584395;Orden  de  Compra  generada  por  la  Gran  Compra:  75903;2025-04-23;2025-03-17;2025-03-19;2025-04-02;Recepción  Conforme;75903;71.378.000-6;Corporación  de  Desarrollo  de  La  Reina;Corporación  de  Desarrollo  de  La  Reina;;La  Reina;Corporación  de  Desarrollo  de  La  Reina;1982143;CORRECTOR  ARTEL  LAPIZ  LÍQUIDO  BLANCO  7  ML  UNIDAD  REGIÓN  RM;CORRECTOR;392;392;0;1746;684432;No;ARTEL  S.A.;ARTEL  S.A.I.C;92.642.000-3
2239-2-LR23;5802330;Convenio  Marco  Artículos  de  Escritorio  y  Papelería;1221016-218-CM25;52584395;Orden  de  Compra  generada  por  la  Gran  Compra:  75903;2025-04-23;2025-03-17;2025-03-19;2025-04-02;Recepción  Conforme;75903;71.378.000-6;Corporación  de  Desarrollo  de  La  Reina;Corporación  de  Desarrollo  de  La  Reina;;La  Reina;Corporación  de  Desarrollo  de  La  Reina;1982075;CORCHETES  TORRE  METAL  CROMADO  26/6MM  CAJA  5000  UNIDADES  REGIÓN  RM;CORCHETES;553;550;1;908;499400;Si;COMERCIAL  RED  OFFICE  LIMITADA;COMERCIAL  RED  OFFICE  LIMITADA;77.012.870-6
2239-2-LR23;5802330;Convenio  Marco  Artículos  de  Escritorio  y  Papelería;1221016-218-CM25;52584395;Orden  de  Compra  generada  por  la  Gran  Compra:  75903;2025-04-23;2025-03-17;2025-03-19;2025-04-02;Recepción  Conforme;75903;71.378.000-6;Corporación  de  Desarrollo  de  La  Reina;Corporación  de  Desarrollo  de  La  Reina;;La  Reina;Corporación  de  Desarrollo  de  La  Reina;1982041;CORCHETES  TORRE  GRAPA  METAL  CROMADO  23/10MM  (3/8")  CAJA  1000  UNIDADES  REGIÓN  RM;CORCHETES;756;755;0;20;15100;Si;COMERCIAL  RED  OFFICE  LIMITADA;COMERCIAL  RED  OFFICE  LIMITADA;77.012.870-6
2239-2-LR23;5802330;Convenio  Marco  Artículos  de  Escritorio  y  Papelería;1221016-218-CM25;52584395;Orden  de  Compra  generada  por  la  Gran  Compra:  75903;2025-04-23;2025-03-17;2025-03-19;2025-04-02;Recepción  Conforme;75903;71.378.000-6;Corporación  de  Desarrollo  de  La  Reina;Corporación  de  Desarrollo  de  La  Reina;;La  Reina;Corporación  de  Desarrollo  de  La  Reina;1986461;DESTACADOR  ISOFIT  ESCRITORIO  NARANJA  FLÚOR  RECTANGULAR  P/BISELADA  UNIDAD  REGIÓN  RM;DESTACADOR;331;330;0;545;179850;Si;COMERCIAL  RED  OFFICE  LIMITADA;COMERCIAL  RED  OFFICE  LIMITADA;77.012.870-6
2239-2-LR23;5802330;Convenio  Marco  Artículos  de  Escritorio  y  Papelería;1221016-218-CM25;52584395;Orden  de  Compra  generada  por  la  Gran  Compra:  75903;2025-04-23;2025-03-17;2025-03-19;2025-04-02;Recepción  Conforme;75903;71.378.000-6;Corporación  de  Desarrollo  de  La  Reina;Corporación  de  Desarrollo  de  La  Reina;;La  Reina;Corporación  de  Desarrollo  de  La  Reina;1994961;LÁPIZ  PASTA  ARTEL  PUNTA  MEDIA  NEGRO  1,0MM  50  UNIDADES  REGIÓN  RM;LÁPIZ  PASTA;4854;4611;5;40;184440;No;ARTEL  S.A.;ARTEL  S.A.I.C;92.642.000-3
2239-2-LR23;5802330;Convenio  Marco  Artículos  de  Escritorio  y  Papelería;1221016-218-CM25;52584395;Orden  de  Compra  generada  por  la  Gran  Compra:  75903;2025-04-23;2025-03-17;2025-03-19;2025-04-02;Recepción  Conforme;75903;71.378.000-6;Corporación  de  Desarrollo  de  La  Reina;Corporación  de  Desarrollo  de  La  Reina;;La  Reina;Corporación  de  Desarrollo  de  La  Reina;2001149;MARCADOR  PERMANENTE  ISOFIT  CUERPO  GRUESO  PUNTA  FINA  REDONDA  NEGRO  3,5MM  UNIDAD  REGIÓN  RM;MARCADOR  PERMANENTE;237;236;0;807;190452;Si;COMERCIAL  RED  OFFICE  LIMITADA;COMERCIAL  RED  OFFICE  LIMITADA;77.012.870-6
2239-2-LR23;5802330;Convenio  Marco  Artículos  de  Escritorio  y  Papelería;1221016-218-CM25;52584395;Orden  de  Compra  generada  por  la  Gran  Compra:  75903;2025-04-23;2025-03-17;2025-03-19;2025-04-02;Recepción  Conforme;75903;71.378.000-6;Corporación  de  Desarrollo  de  La  Reina;Corporación  de  Desarrollo  de  La  Reina;;La  Reina;Corporación  de  Desarrollo  de  La  Reina;1985016;DESTACADOR  DOM  ESCRITORIO  AMARILLO  FLÚOR  RECTANGULAR  P/BISELADA  UNIDAD  REGIÓN  RM;DESTACADOR;304;203;33;589;119567;Si;COMERCIAL  RED  OFFICE  LIMITADA;COMERCIAL  RED  OFFICE  LIMITADA;77.012.870-6
2239-2-LR23;5802330;Convenio  Marco  Artículos  de  Escritorio  y  Papelería;1221016-218-CM25;52584395;Orden  de  Compra  generada  por  la  Gran  Compra:  75903;2025-04-23;2025-03-17;2025-03-19;2025-04-02;Recepción  Conforme;75903;71.378.000-6;Corporación  de  Desarrollo  de  La  Reina;Corporación  de  Desarrollo  de  La  Reina;;La  Reina;Corporación  de  Desarrollo  de  La  Reina;1997596;LÁPIZ  PASTA  TORRE  PUNTA  MEDIA  ROJO  1,0MM  50  UNIDADES  REGIÓN  RM;LÁPIZ  PASTA;4626;4625;0;17;78625;No;SERVICIOS  INTEGRADOS  SIDAPT  LIMITADA;SERVICIOS  INTEGRADOS  SIDAPT  LIMITADA;76.299.358-9
2239-2-LR23;5802330;Convenio  Marco  Artículos  de  Escritorio  y  Papelería;1221016-218-CM25;52584395;Orden  de  Compra  generada  por  la  Gran  Compra:  75903;2025-04-23;2025-03-17;2025-03-19;2025-04-02;Recepción  Conforme;75903;71.378.000-6;Corporación  de  Desarrollo  de  La  Reina;Corporación  de  Desarrollo  de  La  Reina;;La  Reina;Corporación  de  Desarrollo  de  La  Reina;1994978;LÁPIZ  PASTA  ARTEL  PUNTA  MEDIA  ROJO  1,0MM  50  UNIDADES  REGIÓN  RM;LÁPIZ  PASTA;4854;4611;5;40;184440;No;ARTEL  S.A.;ARTEL  S.A.I.C;92.642.000-3
2239-2-LR23;5802330;Convenio  Marco  Artículos  de  Escritorio  y  Papelería;1221016-218-CM25;52584395;Orden  de  Compra  generada  por  la  Gran  Compra:  75903;2025-04-23;2025-03-17;2025-03-19;2025-04-02;Recepción  Conforme;75903;71.378.000-6;Corporación  de  Desarrollo  de  La  Reina;Corporación  de  Desarrollo  de  La  Reina;;La  Reina;Corporación  de  Desarrollo  de  La  Reina;1998582;MAGIC  CLIP  SELLOFFICE  CROMADO  4,8MM  50  UNIDADES  REGIÓN  RM;MAGIC  CLIP;1149;1148;0;30;34440;Si;COMERCIAL  RED  OFFICE  LIMITADA;COMERCIAL  RED  OFFICE  LIMITADA;77.012.870-6
2239-2-LR23;5802330;Convenio  Marco  Artículos  de  Escritorio  y  Papelería;1221016-218-CM25;52584395;Orden  de  Compra  generada  por  la  Gran  Compra:  75903;2025-04-23;2025-03-17;2025-03-19;2025-04-02;Recepción  Conforme;75903;71.378.000-6;Corporación  de  Desarrollo  de  La  Reina;Corporación  de  Desarrollo  de  La  Reina;;La  Reina;Corporación  de  Desarrollo  de  La  Reina;1999126;MARCADOR  PERMANENTE  ARTEL  PUNTA  GRUESA  BISELADA  AZUL  4,5MM  UNIDAD  REGIÓN  RM;MARCADOR  PERMANENTE;489;488;0;100;48800;No;SERVICIOS  INTEGRADOS  SIDAPT  LIMITADA;SERVICIOS  INTEGRADOS  SIDAPT  LIMITADA;76.299.358-9
2239-2-LR23;5802330;Convenio  Marco  Artículos  de  Escritorio  y  Papelería;1221016-218-CM25;52584395;Orden  de  Compra  generada  por  la  Gran  Compra:  75903;2025-04-23;2025-03-17;2025-03-19;2025-04-02;Recepción  Conforme;75903;71.378.000-6;Corporación  de  Desarrollo  de  La  Reina;Corporación  de  Desarrollo  de  La  Reina;;La  Reina;Corporación  de  Desarrollo  de  La  Reina;1994094;LÁPIZ  GRAFITO  ARTEL  HB  N°  2  HEXAGONAL  SIN  GOMA  CAJA  12  UNIDADES  REGIÓN  RM;LÁPIZ  GRAFITO;885;885;0;434;384090;No;ARTEL  S.A.;ARTEL  S.A.I.C;92.642.000-3
2239-2-LR23;5802330;Convenio  Marco  Artículos  de  Escritorio  y  Papelería;1221016-218-CM25;52584395;Orden  de  Compra  generada  por  la  Gran  Compra:  75903;2025-04-23;2025-03-17;2025-03-19;2025-04-02;Recepción  Conforme;75903;71.378.000-6;Corporación  de  Desarrollo  de  La  Reina;Corporación  de  Desarrollo  de  La  Reina;;La  Reina;Corporación  de  Desarrollo  de  La  Reina;1999126;MARCADOR  PERMANENTE  ARTEL  PUNTA  GRUESA  BISELADA  AZUL  4,5MM  UNIDAD  REGIÓN  RM;MARCADOR  PERMANENTE;490;466;5;100;46600;No;ARTEL  S.A.;ARTEL  S.A.I.C;92.642.000-3
2239-2-LR23;5802330;Convenio  Marco  Artículos  de  Escritorio  y  Papelería;1221016-218-CM25;52584395;Orden  de  Compra  generada  por  la  Gran  Compra:  75903;2025-04-23;2025-03-17;2025-03-19;2025-04-02;Recepción  Conforme;75903;71.378.000-6;Corporación  de  Desarrollo  de  La  Reina;Corporación  de  Desarrollo  de  La  Reina;;La  Reina;Corporación  de  Desarrollo  de  La  Reina;2013712;PAPEL  IMPRESIÓN  OVELLA  RESMA  HOJA  TAMAÑO  CARTA  COLOR  BLANCO  500  HOJAS  UNIDAD  REGIÓN  RM;PAPEL  IMPRESIÓN;3444;2923;15;6794;19858862;Si;COMERCIAL  RED  OFFICE  LIMITADA;COMERCIAL  RED  OFFICE  LIMITADA;77.012.870-6
2239-2-LR23;5802330;Convenio  Marco  Artículos  de  Escritorio  y  Papelería;1221016-218-CM25;52584395;Orden  de  Compra  generada  por  la  Gran  Compra:  75903;2025-04-23;2025-03-17;2025-03-19;2025-04-02;Recepción  Conforme;75903;71.378.000-6;Corporación  de  Desarrollo  de  La  Reina;Corporación  de  Desarrollo  de  La  Reina;;La  Reina;Corporación  de  Desarrollo  de  La  Reina;1997681;LIBRO  DE  OFICINA  TIPO  ACTA  ARTEL  100  HOJAS  LISO  SIN  DISEÑO  UNIDAD  REGIÓN  RM;LIBRO  DE  OFICINA  TIPO  ACTA;2854;2854;0;89;254006;No;ARTEL  S.A.;ARTEL  S.A.I.C;92.642.000-3
2239-2-LR23;5802330;Convenio  Marco  Artículos  de  Escritorio  y  Papelería;1221016-218-CM25;52584395;Orden  de  Compra  generada  por  la  Gran  Compra:  75903;2025-04-23;2025-03-17;2025-03-19;2025-04-02;Recepción  Conforme;75903;71.378.000-6;Corporación  de  Desarrollo  de  La  Reina;Corporación  de  Desarrollo  de  La  Reina;;La  Reina;Corporación  de  Desarrollo  de  La  Reina;1991986;FUNDA  SELLOFFICE  PLÁSTICA  ARCHIVADOR  TRANSPARENTE  TAMAÑO  OFICIO  LOMO  BLANCO  10  UNIDADES  REGIÓN  RM;FUNDA;358;356;1;3028;1077968;Si;COMERCIAL  RED  OFFICE  LIMITADA;COMERCIAL  RED  OFFICE  LIMITADA;77.012.870-6
2239-2-LR23;5802330;Convenio  Marco  Artículos  de  Escritorio  y  Papelería;1221016-218-CM25;52584395;Orden  de  Compra  generada  por  la  Gran  Compra:  75903;2025-04-23;2025-03-17;2025-03-19;2025-04-02;Recepción  Conforme;75903;71.378.000-6;Corporación  de  Desarrollo  de  La  Reina;Corporación  de  Desarrollo  de  La  Reina;;La  Reina;Corporación  de  Desarrollo  de  La  Reina;1987532;DESTACADOR  LUXOR  ESCRITORIO  AMARILLO  FLÚOR  RECTANGULAR  P/BISELADA  UNIDAD  REGIÓN  RM;DESTACADOR;258;257;0;589;151373;No;SERVICIOS  INTEGRADOS  SIDAPT  LIMITADA;SERVICIOS  INTEGRADOS  SIDAPT  LIMITADA;76.299.358-9
2239-2-LR23;5802330;Convenio  Marco  Artículos  de  Escritorio  y  Papelería;1221016-218-CM25;52584395;Orden  de  Compra  generada  por  la  Gran  Compra:  75903;2025-04-23;2025-03-17;2025-03-19;2025-04-02;Recepción  Conforme;75903;71.378.000-6;Corporación  de  Desarrollo  de  La  Reina;Corporación  de  Desarrollo  de  La  Reina;;La  Reina;Corporación  de  Desarrollo  de  La  Reina;1984404;DESTACADOR  ARTEL  BOLSILLO  DELGADO  AMARILLO  FLÚOR  P/BISELADA  4MM  UNIDAD  REGIÓN  RM;DESTACADOR;252;252;0;2928;737856;No;ARTEL  S.A.;ARTEL  S.A.I.C;92.642.000-3
2239-2-LR23;5802330;Convenio  Marco  Artículos  de  Escritorio  y  Papelería;1221016-218-CM25;52584395;Orden  de  Compra  generada  por  la  Gran  Compra:  75903;2025-04-23;2025-03-17;2025-03-19;2025-04-02;Recepción  Conforme;75903;71.378.000-6;Corporación  de  Desarrollo  de  La  Reina;Corporación  de  Desarrollo  de  La  Reina;;La  Reina;Corporación  de  Desarrollo  de  La  Reina;1986325;DESTACADOR  ISOFIT  BOLSILLO  DELGADO  ROSA  FLÚOR  P/BISELADA  5MM  UNIDAD  REGIÓN  RM;DESTACADOR;190;185;3;2928;541680;Si;COMERCIAL  RED  OFFICE  LIMITADA;COMERCIAL  RED  OFFICE  LIMITADA;77.012.870-6
2239-2-LR23;5802330;Convenio  Marco  Artículos  de  Escritorio  y  Papelería;1221016-218-CM25;52584395;Orden  de  Compra  generada  por  la  Gran  Compra:  75903;2025-04-23;2025-03-17;2025-03-19;2025-04-02;Recepción  Conforme;75903;71.378.000-6;Corporación  de  Desarrollo  de  La  Reina;Corporación  de  Desarrollo  de  La  Reina;;La  Reina;Corporación  de  Desarrollo  de  La  Reina;1991969;FUNDA  SELLOFFICE  PLÁSTICA  ARCHIVADOR  TRANSPARENTE  TAMAÑO  CARTA  LOMO  BLANCO  10  UNIDADES  REGIÓN  RM;FUNDA;280;278;1;2498;694444;Si;COMERCIAL  RED  OFFICE  LIMITADA;COMERCIAL  RED  OFFICE  LIMITADA;77.012.870-6
2239-2-LR23;5802330;Convenio  Marco  Artículos  de  Escritorio  y  Papelería;1221016-218-CM25;52584395;Orden  de  Compra  generada  por  la  Gran  Compra:  75903;2025-04-23;2025-03-17;2025-03-19;2025-04-02;Recepción  Conforme;75903;71.378.000-6;Corporación  de  Desarrollo  de  La  Reina;Corporación  de  Desarrollo  de  La  Reina;;La  Reina;Corporación  de  Desarrollo  de  La  Reina;2006759;MARCADOR  PIZARRA  LUXOR  DESECHABLE  ROJO  PUNTA  REDONDA  4  MM  UNIDAD  REGIÓN  RM;MARCADOR  PIZARRA;285;284;0;1300;369200;No;SERVICIOS  INTEGRADOS  SIDAPT  LIMITADA;SERVICIOS  INTEGRADOS  SIDAPT  LIMITADA;76.299.358-9
2239-2-LR23;5802330;Convenio  Marco  Artículos  de  Escritorio  y  Papelería;1221016-218-CM25;52584395;Orden  de  Compra  generada  por  la  Gran  Compra:  75903;2025-04-23;2025-03-17;2025-03-19;2025-04-02;Recepción  Conforme;75903;71.378.000-6;Corporación  de  Desarrollo  de  La  Reina;Corporación  de  Desarrollo  de  La  Reina;;La  Reina;Corporación  de  Desarrollo  de  La  Reina;2005212;MARCADOR  PIZARRA  ARTEL  DESECHABLE  NEGRO  PUNTA  REDONDA  4  MM  UNIDAD  REGIÓN  RM;MARCADOR  PIZARRA;310;295;5;1300;383500;No;ARTEL  S.A.;ARTEL  S.A.I.C;92.642.000-3
2239-2-LR23;5802330;Convenio  Marco  Artículos  de  Escritorio  y  Papelería;1221016-218-CM25;52584395;Orden  de  Compra  generada  por  la  Gran  Compra:  75903;2025-04-23;2025-03-17;2025-03-19;2025-04-02;Recepción  Conforme;75903;71.378.000-6;Corporación  de  Desarrollo  de  La  Reina;Corporación  de  Desarrollo  de  La  Reina;;La  Reina;Corporación  de  Desarrollo  de  La  Reina;2000061;MARCADOR  PERMANENTE  DOM  PUNTA  GRUESA  BISELADA  AZUL  4,6MM  UNIDAD  REGIÓN  RM;MARCADOR  PERMANENTE;242;241;0;100;24100;Si;COMERCIAL  RED  OFFICE  LIMITADA;COMERCIAL  RED  OFFICE  LIMITADA;77.012.870-6
2239-2-LR23;5802330;Convenio  Marco  Artículos  de  Escritorio  y  Papelería;1221016-218-CM25;52584395;Orden  de  Compra  generada  por  la  Gran  Compra:  75903;2025-04-23;2025-03-17;2025-03-19;2025-04-02;Recepción  Conforme;75903;71.378.000-6;Corporación  de  Desarrollo  de  La  Reina;Corporación  de  Desarrollo  de  La  Reina;;La  Reina;Corporación  de  Desarrollo  de  La  Reina;2005977;MARCADOR  PIZARRA  ISOFIT  DESECHABLE  AZUL  PUNTA  REDONDA  2,5  MM  UNIDAD  REGIÓN  RM;MARCADOR  PIZARRA;273;272;0;12;3264;Si;COMERCIAL  RED  OFFICE  LIMITADA;COMERCIAL  RED  OFFICE  LIMITADA;77.012.870-6
2239-2-LR23;5802330;Convenio  Marco  Artículos  de  Escritorio  y  Papelería;1221016-218-CM25;52584395;Orden  de  Compra  generada  por  la  Gran  Compra:  75903;2025-04-23;2025-03-17;2025-03-19;2025-04-02;Recepción  Conforme;75903;71.378.000-6;Corporación  de  Desarrollo  de  La  Reina;Corporación  de  Desarrollo  de  La  Reina;;La  Reina;Corporación  de  Desarrollo  de  La  Reina;2007779;MARCADOR  PIZARRA  TORRE  DESECHABLE  AZUL  PUNTA  REDONDA  3  MM  UNIDAD  REGIÓN  RM;MARCADOR  PIZARRA;452;451;0;6;2706;No;SERVICIOS  INTEGRADOS  SIDAPT  LIMITADA;SERVICIOS  INTEGRADOS  SIDAPT  LIMITADA;76.299.358-9
2239-2-LR23;5802330;Convenio  Marco  Artículos  de  Escritorio  y  Papelería;1221016-218-CM25;52584395;Orden  de  Compra  generada  por  la  Gran  Compra:  75903;2025-04-23;2025-03-17;2025-03-19;2025-04-02;Recepción  Conforme;75903;71.378.000-6;Corporación  de  Desarrollo  de  La  Reina;Corporación  de  Desarrollo  de  La  Reina;;La  Reina;Corporación  de  Desarrollo  de  La  Reina;2001013;MARCADOR  PERMANENTE  ISOFIT  CUERPO  GRUESO  PUNTA  FINA  REDONDA  AZUL  3,5MM  UNIDAD  REGIÓN  RM;MARCADOR  PERMANENTE;237;236;0;100;23600;Si;COMERCIAL  RED  OFFICE  LIMITADA;COMERCIAL  RED  OFFICE  LIMITADA;77.012.870-6
2239-2-LR23;5802330;Convenio  Marco  Artículos  de  Escritorio  y  Papelería;1221016-218-CM25;52584395;Orden  de  Compra  generada  por  la  Gran  Compra:  75903;2025-04-23;2025-03-17;2025-03-19;2025-04-02;Recepción  Conforme;75903;71.378.000-6;Corporación  de  Desarrollo  de  La  Reina;Corporación  de  Desarrollo  de  La  Reina;;La  Reina;Corporación  de  Desarrollo  de  La  Reina;2001149;MARCADOR  PERMANENTE  ISOFIT  CUERPO  GRUESO  PUNTA  FINA  REDONDA  NEGRO  3,5MM  UNIDAD  REGIÓN  RM;MARCADOR  PERMANENTE;237;236;0;807;190452;Si;COMERCIAL  RED  OFFICE  LIMITADA;COMERCIAL  RED  OFFICE  LIMITADA;77.012.870-6
2239-2-LR23;5802330;Convenio  Marco  Artículos  de  Escritorio  y  Papelería;1221016-218-CM25;52584395;Orden  de  Compra  generada  por  la  Gran  Compra:  75903;2025-04-23;2025-03-17;2025-03-19;2025-04-02;Recepción  Conforme;75903;71.378.000-6;Corporación  de  Desarrollo  de  La  Reina;Corporación  de  Desarrollo  de  La  Reina;;La  Reina;Corporación  de  Desarrollo  de  La  Reina;1998786;MAGIC  CLIPPER  HAND  PISTOLA  DISPENSADORA  6,4X16  MM  UNIDAD  REGIÓN  RM;MAGIC  CLIPPER;734;733;0;30;21990;No;SERVICIOS  INTEGRADOS  SIDAPT  LIMITADA;SERVICIOS  INTEGRADOS  SIDAPT  LIMITADA;76.299.358-9
2239-2-LR23;5802330;Convenio  Marco  Artículos  de  Escritorio  y  Papelería;1221016-218-CM25;52584395;Orden  de  Compra  generada  por  la  Gran  Compra:  75903;2025-04-23;2025-03-17;2025-03-19;2025-04-02;Recepción  Conforme;75903;71.378.000-6;Corporación  de  Desarrollo  de  La  Reina;Corporación  de  Desarrollo  de  La  Reina;;La  Reina;Corporación  de  Desarrollo  de  La  Reina;2005161;MARCADOR  PIZARRA  ARTEL  DESECHABLE  AZUL  PUNTA  REDONDA  4  MM  UNIDAD  REGIÓN  RM;MARCADOR  PIZARRA;310;295;5;1300;383500;No;ARTEL  S.A.;ARTEL  S.A.I.C;92.642.000-3
2239-2-LR23;5802330;Convenio  Marco  Artículos  de  Escritorio  y  Papelería;1221016-218-CM25;52584395;Orden  de  Compra  generada  por  la  Gran  Compra:  75903;2025-04-23;2025-03-17;2025-03-19;2025-04-02;Recepción  Conforme;75903;71.378.000-6;Corporación  de  Desarrollo  de  La  Reina;Corporación  de  Desarrollo  de  La  Reina;;La  Reina;Corporación  de  Desarrollo  de  La  Reina;2025969;TIJERA  COLON  PEQUEÑA  TIPO  ESCOLAR  PUNTA  REDONDA  UNIDAD  REGIÓN  RM;TIJERA;270;269;0;5;1345;Si;COMERCIAL  RED  OFFICE  LIMITADA;COMERCIAL  RED  OFFICE  LIMITADA;77.012.870-6
2239-2-LR23;5802330;Convenio  Marco  Artículos  de  Escritorio  y  Papelería;1221016-218-CM25;52584395;Orden  de  Compra  generada  por  la  Gran  Compra:  75903;2025-04-23;2025-03-17;2025-03-19;2025-04-02;Recepción  Conforme;75903;71.378.000-6;Corporación  de  Desarrollo  de  La  Reina;Corporación  de  Desarrollo  de  La  Reina;;La  Reina;Corporación  de  Desarrollo  de  La  Reina;2001285;MARCADOR  PERMANENTE  ISOFIT  CUERPO  GRUESO  PUNTA  FINA  REDONDA  ROJO  3,5MM  UNIDAD  REGIÓN  RM;MARCADOR  PERMANENTE;237;236;0;406;95816;Si;COMERCIAL  RED  OFFICE  LIMITADA;COMERCIAL  RED  OFFICE  LIMITADA;77.012.870-6
2239-2-LR23;5802330;Convenio  Marco  Artículos  de  Escritorio  y  Papelería;1221016-218-CM25;52584395;Orden  de  Compra  generada  por  la  Gran  Compra:  75903;2025-04-23;2025-03-17;2025-03-19;2025-04-02;Recepción  Conforme;75903;71.378.000-6;Corporación  de  Desarrollo  de  La  Reina;Corporación  de  Desarrollo  de  La  Reina;;La  Reina;Corporación  de  Desarrollo  de  La  Reina;1997137;LÁPIZ  PASTA  PILOT  PUNTA  MEDIA  NEGRO  1,0MM  50  UNIDADES  REGIÓN  RM;LÁPIZ  PASTA;9109;9108;0;40;364320;No;SERVICIOS  INTEGRADOS  SIDAPT  LIMITADA;SERVICIOS  INTEGRADOS  SIDAPT  LIMITADA;76.299.358-9
2239-2-LR23;5802330;Convenio  Marco  Artículos  de  Escritorio  y  Papelería;1221016-218-CM25;52584395;Orden  de  Compra  generada  por  la  Gran  Compra:  75903;2025-04-23;2025-03-17;2025-03-19;2025-04-02;Recepción  Conforme;75903;71.378.000-6;Corporación  de  Desarrollo  de  La  Reina;Corporación  de  Desarrollo  de  La  Reina;;La  Reina;Corporación  de  Desarrollo  de  La  Reina;1987751;DESTACADOR  MURANO  BOLSILLO  DELGADO  ROSA  FLÚOR  P/BISELADA  UNIDAD  REGIÓN  IV;DESTACADOR;380;297;22;2928;869616;No;COMERCIAL  MYC  LIMITADA;COMERCIAL  MYC  LTDA.;77.008.207-2
2239-2-LR23;5802330;Convenio  Marco  Artículos  de  Escritorio  y  Papelería;1221016-218-CM25;52584395;Orden  de  Compra  generada  por  la  Gran  Compra:  75903;2025-04-23;2025-03-17;2025-03-19;2025-04-02;Recepción  Conforme;75903;71.378.000-6;Corporación  de  Desarrollo  de  La  Reina;Corporación  de  Desarrollo  de  La  Reina;;La  Reina;Corporación  de  Desarrollo  de  La  Reina;2001149;MARCADOR  PERMANENTE  ISOFIT  CUERPO  GRUESO  PUNTA  FINA  REDONDA  NEGRO  3,5MM  UNIDAD  REGIÓN  RM;MARCADOR  PERMANENTE;237;236;0;807;190452;Si;COMERCIAL  RED  OFFICE  LIMITADA;COMERCIAL  RED  OFFICE  LIMITADA;77.012.870-6
2239-2-LR23;5802330;Convenio  Marco  Artículos  de  Escritorio  y  Papelería;1221016-218-CM25;52584395;Orden  de  Compra  generada  por  la  Gran  Compra:  75903;2025-04-23;2025-03-17;2025-03-19;2025-04-02;Recepción  Conforme;75903;71.378.000-6;Corporación  de  Desarrollo  de  La  Reina;Corporación  de  Desarrollo  de  La  Reina;;La  Reina;Corporación  de  Desarrollo  de  La  Reina;1991442;FUNDA  ARTEL  PLÁSTICA  ARCHIVADOR  TRANSPARENTE  TAMAÑO  CARTA  LOMO  BLANCO  10  UNIDADES  REGIÓN  RM;FUNDA;317;301;5;2498;751898;No;ARTEL  S.A.;ARTEL  S.A.I.C;92.642.000-3
2239-2-LR23;5802330;Convenio  Marco  Artículos  de  Escritorio  y  Papelería;1221016-218-CM25;52584395;Orden  de  Compra  generada  por  la  Gran  Compra:  75903;2025-04-23;2025-03-17;2025-03-19;2025-04-02;Recepción  Conforme;75903;71.378.000-6;Corporación  de  Desarrollo  de  La  Reina;Corporación  de  Desarrollo  de  La  Reina;;La  Reina;Corporación  de  Desarrollo  de  La  Reina;1994944;LÁPIZ  PASTA  ARTEL  PUNTA  MEDIA  AZUL  1,0MM  50  UNIDADES  REGIÓN  RM;LÁPIZ  PASTA;4929;4683;5;40;187320;No;ARTEL  S.A.;ARTEL  S.A.I.C;92.642.000-3
2239-2-LR23;5802330;Convenio  Marco  Artículos  de  Escritorio  y  Papelería;1221016-218-CM25;52584395;Orden  de  Compra  generada  por  la  Gran  Compra:  75903;2025-04-23;2025-03-17;2025-03-19;2025-04-02;Recepción  Conforme;75903;71.378.000-6;Corporación  de  Desarrollo  de  La  Reina;Corporación  de  Desarrollo  de  La  Reina;;La  Reina;Corporación  de  Desarrollo  de  La  Reina;2013712;PAPEL  IMPRESIÓN  OVELLA  RESMA  HOJA  TAMAÑO  CARTA  COLOR  BLANCO  500  HOJAS  UNIDAD  REGIÓN  RM;PAPEL  IMPRESIÓN;3018;2610;14;6794;17732340;No;DISTRIBUIDORA  PAPELES  INDUSTRIALES  SPA;Distribuidora  Papeles  Industriales  S.A.;93.558.000-5
2239-2-LR23;5802330;Convenio  Marco  Artículos  de  Escritorio  y  Papelería;1221016-218-CM25;52584395;Orden  de  Compra  generada  por  la  Gran  Compra:  75903;2025-04-23;2025-03-17;2025-03-19;2025-04-02;Recepción  Conforme;75903;71.378.000-6;Corporación  de  Desarrollo  de  La  Reina;Corporación  de  Desarrollo  de  La  Reina;;La  Reina;Corporación  de  Desarrollo  de  La  Reina;2013712;PAPEL  IMPRESIÓN  OVELLA  RESMA  HOJA  TAMAÑO  CARTA  COLOR  BLANCO  500  HOJAS  UNIDAD  REGIÓN  RM;PAPEL  IMPRESIÓN;3100;3100;0;6794;21061400;No;ARTEL  S.A.;ARTEL  S.A.I.C;92.642.000-3
2239-2-LR23;5802330;Convenio  Marco  Artículos  de  Escritorio  y  Papelería;1221016-218-CM25;52584395;Orden  de  Compra  generada  por  la  Gran  Compra:  75903;2025-04-23;2025-03-17;2025-03-19;2025-04-02;Recepción  Conforme;75903;71.378.000-6;Corporación  de  Desarrollo  de  La  Reina;Corporación  de  Desarrollo  de  La  Reina;;La  Reina;Corporación  de  Desarrollo  de  La  Reina;2001285;MARCADOR  PERMANENTE  ISOFIT  CUERPO  GRUESO  PUNTA  FINA  REDONDA  ROJO  3,5MM  UNIDAD  REGIÓN  RM;MARCADOR  PERMANENTE;237;236;0;406;95816;Si;COMERCIAL  RED  OFFICE  LIMITADA;COMERCIAL  RED  OFFICE  LIMITADA;77.012.870-6
2239-2-LR23;5802330;Convenio  Marco  Artículos  de  Escritorio  y  Papelería;1221016-218-CM25;52584395;Orden  de  Compra  generada  por  la  Gran  Compra:  75903;2025-04-23;2025-03-17;2025-03-19;2025-04-02;Recepción  Conforme;75903;71.378.000-6;Corporación  de  Desarrollo  de  La  Reina;Corporación  de  Desarrollo  de  La  Reina;;La  Reina;Corporación  de  Desarrollo  de  La  Reina;2012233;NOTA  ADHESIVA  INFO  NOTES  PAPEL  AMARILLO  75X75X75X75  MM  100  HOJAS  UNIDAD  REGIÓN  RM;NOTA  ADHESIVA;355;355;0;705;250275;No;ARTEL  S.A.;ARTEL  S.A.I.C;92.642.000-3
2239-2-LR23;5802330;Convenio  Marco  Artículos  de  Escritorio  y  Papelería;1221016-218-CM25;52584395;Orden  de  Compra  generada  por  la  Gran  Compra:  75903;2025-04-23;2025-03-17;2025-03-19;2025-04-02;Recepción  Conforme;75903;71.378.000-6;Corporación  de  Desarrollo  de  La  Reina;Corporación  de  Desarrollo  de  La  Reina;;La  Reina;Corporación  de  Desarrollo  de  La  Reina;2020920;SACAPUNTAS  MAPED  PLÁSTICO  COLOR  CON  DEPOSITO  PEQUEÑO  SIMPLE  UNIDAD  REGIÓN  RM;SACAPUNTAS;240;240;0;1479;354960;No;ARTEL  S.A.;ARTEL  S.A.I.C;92.642.000-3
2239-2-LR23;5802330;Convenio  Marco  Artículos  de  Escritorio  y  Papelería;1221016-218-CM25;52584395;Orden  de  Compra  generada  por  la  Gran  Compra:  75903;2025-04-23;2025-03-17;2025-03-19;2025-04-02;Recepción  Conforme;75903;71.378.000-6;Corporación  de  Desarrollo  de  La  Reina;Corporación  de  Desarrollo  de  La  Reina;;La  Reina;Corporación  de  Desarrollo  de  La  Reina;2005178;MARCADOR  PIZARRA  ARTEL  DESECHABLE  NEGRO  PUNTA  REDONDA  2,5  MM  UNIDAD  REGIÓN  RM;MARCADOR  PIZARRA;384;384;0;129;49536;No;ARTEL  S.A.;ARTEL  S.A.I.C;92.642.000-3
2239-2-LR23;5802330;Convenio  Marco  Artículos  de  Escritorio  y  Papelería;1221016-218-CM25;52584395;Orden  de  Compra  generada  por  la  Gran  Compra:  75903;2025-04-23;2025-03-17;2025-03-19;2025-04-02;Recepción  Conforme;75903;71.378.000-6;Corporación  de  Desarrollo  de  La  Reina;Corporación  de  Desarrollo  de  La  Reina;;La  Reina;Corporación  de  Desarrollo  de  La  Reina;2013729;PAPEL  IMPRESIÓN  OVELLA  RESMA  HOJA  TAMAÑO  OFICIO  COLOR  BLANCO  500  HOJAS  UNIDAD  REGIÓN  RM;PAPEL  IMPRESIÓN;3649;3649;0;4853;17708597;No;ARTEL  S.A.;ARTEL  S.A.I.C;92.642.000-3
2239-2-LR23;5802330;Convenio  Marco  Artículos  de  Escritorio  y  Papelería;1221016-218-CM25;52584395;Orden  de  Compra  generada  por  la  Gran  Compra:  75903;2025-04-23;2025-03-17;2025-03-19;2025-04-02;Recepción  Conforme;75903;71.378.000-6;Corporación  de  Desarrollo  de  La  Reina;Corporación  de  Desarrollo  de  La  Reina;;La  Reina;Corporación  de  Desarrollo  de  La  Reina;1998990;MARCADOR  PERMANENTE  ARTEL  CUERPO  GRUESO  PUNTA  FINA  REDONDA  NEGRO  1MM  UNIDAD  REGIÓN  RM;MARCADOR  PERMANENTE;346;345;0;8;2760;No;SERVICIOS  INTEGRADOS  SIDAPT  LIMITADA;SERVICIOS  INTEGRADOS  SIDAPT  LIMITADA;76.299.358-9
2239-2-LR23;5802330;Convenio  Marco  Artículos  de  Escritorio  y  Papelería;1221016-218-CM25;52584395;Orden  de  Compra  generada  por  la  Gran  Compra:  75903;2025-04-23;2025-03-17;2025-03-19;2025-04-02;Recepción  Conforme;75903;71.378.000-6;Corporación  de  Desarrollo  de  La  Reina;Corporación  de  Desarrollo  de  La  Reina;;La  Reina;Corporación  de  Desarrollo  de  La  Reina;2006198;MARCADOR  PIZARRA  ISOFIT  DESECHABLE  ROJO  PUNTA  REDONDA  2,5  MM  UNIDAD  REGIÓN  RM;MARCADOR  PIZARRA;273;272;0;122;33184;Si;COMERCIAL  RED  OFFICE  LIMITADA;COMERCIAL  RED  OFFICE  LIMITADA;77.012.870-6
2239-2-LR23;5802330;Convenio  Marco  Artículos  de  Escritorio  y  Papelería;1221016-218-CM25;52584395;Orden  de  Compra  generada  por  la  Gran  Compra:  75903;2025-04-23;2025-03-17;2025-03-19;2025-04-02;Recepción  Conforme;75903;71.378.000-6;Corporación  de  Desarrollo  de  La  Reina;Corporación  de  Desarrollo  de  La  Reina;;La  Reina;Corporación  de  Desarrollo  de  La  Reina;2031528;CALCULADORA  BÁSICA  CASIO  MX-12B  12  DÍGITOS  UNIDAD  REGIÓN  RM;CALCULADORA  BÁSICA;6153;6152;0;34;209168;No;SERVICIOS  INTEGRADOS  SIDAPT  LIMITADA;SERVICIOS  INTEGRADOS  SIDAPT  LIMITADA;76.299.358-9
2239-2-LR23;5802330;Convenio  Marco  Artículos  de  Escritorio  y  Papelería;1221016-218-CM25;52584395;Orden  de  Compra  generada  por  la  Gran  Compra:  75903;2025-04-23;2025-03-17;2025-03-19;2025-04-02;Recepción  Conforme;75903;71.378.000-6;Corporación  de  Desarrollo  de  La  Reina;Corporación  de  Desarrollo  de  La  Reina;;La  Reina;Corporación  de  Desarrollo  de  La  Reina;2006096;MARCADOR  PIZARRA  ISOFIT  DESECHABLE  NEGRO  PUNTA  REDONDA  2,5  MM  UNIDAD  REGIÓN  RM;MARCADOR  PIZARRA;273;272;0;129;35088;Si;COMERCIAL  RED  OFFICE  LIMITADA;COMERCIAL  RED  OFFICE  LIMITADA;77.012.870-6
2239-2-LR23;5802330;Convenio  Marco  Artículos  de  Escritorio  y  Papelería;1221016-218-CM25;52584395;Orden  de  Compra  generada  por  la  Gran  Compra:  75903;2025-04-23;2025-03-17;2025-03-19;2025-04-02;Recepción  Conforme;75903;71.378.000-6;Corporación  de  Desarrollo  de  La  Reina;Corporación  de  Desarrollo  de  La  Reina;;La  Reina;Corporación  de  Desarrollo  de  La  Reina;1998650;MAGIC  CLIPPER  ADIX  PISTOLA  DISPENSADORA  6,4X16  MM  UNIDAD  REGIÓN  RM;MAGIC  CLIPPER;1456;1400;4;30;42000;Si;COMERCIAL  RED  OFFICE  LIMITADA;COMERCIAL  RED  OFFICE  LIMITADA;77.012.870-6
2239-2-LR23;5802330;Convenio  Marco  Artículos  de  Escritorio  y  Papelería;1221016-218-CM25;52584395;Orden  de  Compra  generada  por  la  Gran  Compra:  75903;2025-04-23;2025-03-17;2025-03-19;2025-04-02;Recepción  Conforme;75903;71.378.000-6;Corporación  de  Desarrollo  de  La  Reina;Corporación  de  Desarrollo  de  La  Reina;;La  Reina;Corporación  de  Desarrollo  de  La  Reina;1993176;GOMA  DE  BORRAR  PROARTE  MIGA  BLANCO  42MM  X  11MM  X  21MM  UNIDAD  REGIÓN  RM;GOMA  DE  BORRAR;107;106;1;2932;310792;Si;COMERCIAL  RED  OFFICE  LIMITADA;COMERCIAL  RED  OFFICE  LIMITADA;77.012.870-6
2239-2-LR23;5802330;Convenio  Marco  Artículos  de  Escritorio  y  Papelería;1221016-218-CM25;52584395;Orden  de  Compra  generada  por  la  Gran  Compra:  75903;2025-04-23;2025-03-17;2025-03-19;2025-04-02;Recepción  Conforme;75903;71.378.000-6;Corporación  de  Desarrollo  de  La  Reina;Corporación  de  Desarrollo  de  La  Reina;;La  Reina;Corporación  de  Desarrollo  de  La  Reina;2006657;MARCADOR  PIZARRA  LUXOR  DESECHABLE  NEGRO  PUNTA  REDONDA  4  MM  UNIDAD  REGIÓN  RM;MARCADOR  PIZARRA;291;290;0;1300;377000;No;SERVICIOS  INTEGRADOS  SIDAPT  LIMITADA;SERVICIOS  INTEGRADOS  SIDAPT  LIMITADA;76.299.358-9
2239-2-LR23;5802330;Convenio  Marco  Artículos  de  Escritorio  y  Papelería;1221016-218-CM25;52584395;Orden  de  Compra  generada  por  la  Gran  Compra:  75903;2025-04-23;2025-03-17;2025-03-19;2025-04-02;Recepción  Conforme;75903;71.378.000-6;Corporación  de  Desarrollo  de  La  Reina;Corporación  de  Desarrollo  de  La  Reina;;La  Reina;Corporación  de  Desarrollo  de  La  Reina;2005977;MARCADOR  PIZARRA  ISOFIT  DESECHABLE  AZUL  PUNTA  REDONDA  2,5  MM  UNIDAD  REGIÓN  RM;MARCADOR  PIZARRA;273;272;0;12;3264;Si;COMERCIAL  RED  OFFICE  LIMITADA;COMERCIAL  RED  OFFICE  LIMITADA;77.012.870-6
2239-2-LR23;5802330;Convenio  Marco  Artículos  de  Escritorio  y  Papelería;1221016-218-CM25;52584395;Orden  de  Compra  generada  por  la  Gran  Compra:  75903;2025-04-23;2025-03-17;2025-03-19;2025-04-02;Recepción  Conforme;75903;71.378.000-6;Corporación  de  Desarrollo  de  La  Reina;Corporación  de  Desarrollo  de  La  Reina;;La  Reina;Corporación  de  Desarrollo  de  La  Reina;1997120;LÁPIZ  PASTA  PILOT  PUNTA  MEDIA  AZUL  1,0MM  50  UNIDADES  REGIÓN  RM;LÁPIZ  PASTA;7472;7471;0;40;298840;No;SERVICIOS  INTEGRADOS  SIDAPT  LIMITADA;SERVICIOS  INTEGRADOS  SIDAPT  LIMITADA;76.299.358-9
2239-2-LR23;5802330;Convenio  Marco  Artículos  de  Escritorio  y  Papelería;1221016-218-CM25;52584395;Orden  de  Compra  generada  por  la  Gran  Compra:  75903;2025-04-23;2025-03-17;2025-03-19;2025-04-02;Recepción  Conforme;75903;71.378.000-6;Corporación  de  Desarrollo  de  La  Reina;Corporación  de  Desarrollo  de  La  Reina;;La  Reina;Corporación  de  Desarrollo  de  La  Reina;2013729;PAPEL  IMPRESIÓN  OVELLA  RESMA  HOJA  TAMAÑO  OFICIO  COLOR  BLANCO  500  HOJAS  UNIDAD  REGIÓN  RM;PAPEL  IMPRESIÓN;3561;3550;0;4853;17228150;No;COMERCIAL  E  INDUSTRIAL  DAGOWAY  TRADE  SPA;COMERCIAL  E  INDUSTRIAL  DAGOWAY  TRADE  SPA;78.477.490-2
2239-2-LR23;5802330;Convenio  Marco  Artículos  de  Escritorio  y  Papelería;1221016-218-CM25;52584395;Orden  de  Compra  generada  por  la  Gran  Compra:  75903;2025-04-23;2025-03-17;2025-03-19;2025-04-02;Recepción  Conforme;75903;71.378.000-6;Corporación  de  Desarrollo  de  La  Reina;Corporación  de  Desarrollo  de  La  Reina;;La  Reina;Corporación  de  Desarrollo  de  La  Reina;2005977;MARCADOR  PIZARRA  ISOFIT  DESECHABLE  AZUL  PUNTA  REDONDA  2,5  MM  UNIDAD  REGIÓN  RM;MARCADOR  PIZARRA;273;272;0;12;3264;Si;COMERCIAL  RED  OFFICE  LIMITADA;COMERCIAL  RED  OFFICE  LIMITADA;77.012.870-6
2239-2-LR23;5802330;Convenio  Marco  Artículos  de  Escritorio  y  Papelería;1221016-218-CM25;52584395;Orden  de  Compra  generada  por  la  Gran  Compra:  75903;2025-04-23;2025-03-17;2025-03-19;2025-04-02;Recepción  Conforme;75903;71.378.000-6;Corporación  de  Desarrollo  de  La  Reina;Corporación  de  Desarrollo  de  La  Reina;;La  Reina;Corporación  de  Desarrollo  de  La  Reina;2012233;NOTA  ADHESIVA  INFO  NOTES  PAPEL  AMARILLO  75X75X75X75  MM  100  HOJAS  UNIDAD  REGIÓN  RM;NOTA  ADHESIVA;355;355;0;705;250275;No;ARTEL  S.A.;ARTEL  S.A.I.C;92.642.000-3
2239-2-LR23;5802330;Convenio  Marco  Artículos  de  Escritorio  y  Papelería;1221016-218-CM25;52584395;Orden  de  Compra  generada  por  la  Gran  Compra:  75903;2025-04-23;2025-03-17;2025-03-19;2025-04-02;Recepción  Conforme;75903;71.378.000-6;Corporación  de  Desarrollo  de  La  Reina;Corporación  de  Desarrollo  de  La  Reina;;La  Reina;Corporación  de  Desarrollo  de  La  Reina;2013525;PAPEL  IMPRESIÓN  EXCELLENT  RESMA  HOJA  TAMAÑO  CARTA  COLOR  BLANCO  500  HOJAS  UNIDAD  REGIÓN  RM;PAPEL  IMPRESIÓN;3440;3280;5;6794;22284320;No;COMERCIAL  MYC  LIMITADA;COMERCIAL  MYC  LTDA.;77.008.207-2
2239-2-LR23;5802330;Convenio  Marco  Artículos  de  Escritorio  y  Papelería;1221016-218-CM25;52584395;Orden  de  Compra  generada  por  la  Gran  Compra:  75903;2025-04-23;2025-03-17;2025-03-19;2025-04-02;Recepción  Conforme;75903;71.378.000-6;Corporación  de  Desarrollo  de  La  Reina;Corporación  de  Desarrollo  de  La  Reina;;La  Reina;Corporación  de  Desarrollo  de  La  Reina;2022858;SEPARADOR  TORRE  OFICIO  MULTICOLOR  6  POSICIONES  DE  2,  3  Y  4  ANILLOS  UD  REGIÓN  RM;SEPARADOR;518;517;0;532;275044;No;SERVICIOS  INTEGRADOS  SIDAPT  LIMITADA;SERVICIOS  INTEGRADOS  SIDAPT  LIMITADA;76.299.358-9
2239-2-LR23;5802330;Convenio  Marco  Artículos  de  Escritorio  y  Papelería;1221016-218-CM25;52584395;Orden  de  Compra  generada  por  la  Gran  Compra:  75903;2025-04-23;2025-03-17;2025-03-19;2025-04-02;Recepción  Conforme;75903;71.378.000-6;Corporación  de  Desarrollo  de  La  Reina;Corporación  de  Desarrollo  de  La  Reina;;La  Reina;Corporación  de  Desarrollo  de  La  Reina;2013406;PAPEL  IMPRESIÓN  DIMERC  RESMA  HOJA  TAMAÑO  CARTA  COLOR  BLANCO  500  HOJAS  UNIDAD  REGIÓN  RM;PAPEL  IMPRESIÓN;3050;2800;8;6794;19023200;No;DIMERC  S  A;DIMERC  S.  A.;96.670.840-9
2239-2-LR23;5802330;Convenio  Marco  Artículos  de  Escritorio  y  Papelería;1221016-218-CM25;52584395;Orden  de  Compra  generada  por  la  Gran  Compra:  75903;2025-04-23;2025-03-17;2025-03-19;2025-04-02;Recepción  Conforme;75903;71.378.000-6;Corporación  de  Desarrollo  de  La  Reina;Corporación  de  Desarrollo  de  La  Reina;;La  Reina;Corporación  de  Desarrollo  de  La  Reina;2019662;REGLA  PROARTE  PLÁSTICO  ACRÍLICO  DURO  BISELADA  30  CM  TRANSPARENTE  UNIDAD  REGIÓN  RM;REGLA;191;190;1;853;162070;Si;COMERCIAL  RED  OFFICE  LIMITADA;COMERCIAL  RED  OFFICE  LIMITADA;77.012.870-6
2239-2-LR23;5802330;Convenio  Marco  Artículos  de  Escritorio  y  Papelería;1221016-218-CM25;52584395;Orden  de  Compra  generada  por  la  Gran  Compra:  75903;2025-04-23;2025-03-17;2025-03-19;2025-04-02;Recepción  Conforme;75903;71.378.000-6;Corporación  de  Desarrollo  de  La  Reina;Corporación  de  Desarrollo  de  La  Reina;;La  Reina;Corporación  de  Desarrollo  de  La  Reina;1999109;MARCADOR  PERMANENTE  ARTEL  PUNTA  GRUESA  BISELADA  AZUL  3,5MM  UNIDAD  REGIÓN  RM;MARCADOR  PERMANENTE;360;360;0;406;146160;No;ARTEL  S.A.;ARTEL  S.A.I.C;92.642.000-3
2239-2-LR23;5802330;Convenio  Marco  Artículos  de  Escritorio  y  Papelería;1221016-218-CM25;52584395;Orden  de  Compra  generada  por  la  Gran  Compra:  75903;2025-04-23;2025-03-17;2025-03-19;2025-04-02;Recepción  Conforme;75903;71.378.000-6;Corporación  de  Desarrollo  de  La  Reina;Corporación  de  Desarrollo  de  La  Reina;;La  Reina;Corporación  de  Desarrollo  de  La  Reina;2013542;PAPEL  IMPRESIÓN  EXCELLENT  RESMA  HOJA  TAMAÑO  OFICIO  COLOR  BLANCO  500  HOJAS  UNIDAD  REGIÓN  RM;PAPEL  IMPRESIÓN;4007;4000;0;4853;19412000;No;COMERCIAL  MYC  LIMITADA;COMERCIAL  MYC  LTDA.;77.008.207-2
2239-2-LR23;5802330;Convenio  Marco  Artículos  de  Escritorio  y  Papelería;1221016-218-CM25;52584395;Orden  de  Compra  generada  por  la  Gran  Compra:  75903;2025-04-23;2025-03-17;2025-03-19;2025-04-02;Recepción  Conforme;75903;71.378.000-6;Corporación  de  Desarrollo  de  La  Reina;Corporación  de  Desarrollo  de  La  Reina;;La  Reina;Corporación  de  Desarrollo  de  La  Reina;2013542;PAPEL  IMPRESIÓN  EXCELLENT  RESMA  HOJA  TAMAÑO  OFICIO  COLOR  BLANCO  500  HOJAS  UNIDAD  REGIÓN  RM;PAPEL  IMPRESIÓN;3970;3835;3;4853;18611255;No;SERVICIOS  INTEGRADOS  SIDAPT  LIMITADA;SERVICIOS  INTEGRADOS  SIDAPT  LIMITADA;76.299.358-9
2239-2-LR23;5802330;Convenio  Marco  Artículos  de  Escritorio  y  Papelería;1221016-218-CM25;52584395;Orden  de  Compra  generada  por  la  Gran  Compra:  75903;2025-04-23;2025-03-17;2025-03-19;2025-04-02;Recepción  Conforme;75903;71.378.000-6;Corporación  de  Desarrollo  de  La  Reina;Corporación  de  Desarrollo  de  La  Reina;;La  Reina;Corporación  de  Desarrollo  de  La  Reina;2006198;MARCADOR  PIZARRA  ISOFIT  DESECHABLE  ROJO  PUNTA  REDONDA  2,5  MM  UNIDAD  REGIÓN  RM;MARCADOR  PIZARRA;273;272;0;122;33184;Si;COMERCIAL  RED  OFFICE  LIMITADA;COMERCIAL  RED  OFFICE  LIMITADA;77.012.870-6
2239-2-LR23;5802330;Convenio  Marco  Artículos  de  Escritorio  y  Papelería;1221016-218-CM25;52584395;Orden  de  Compra  generada  por  la  Gran  Compra:  75903;2025-04-23;2025-03-17;2025-03-19;2025-04-02;Recepción  Conforme;75903;71.378.000-6;Corporación  de  Desarrollo  de  La  Reina;Corporación  de  Desarrollo  de  La  Reina;;La  Reina;Corporación  de  Desarrollo  de  La  Reina;1998973;MARCADOR  PERMANENTE  ARTEL  CUERPO  GRUESO  PUNTA  FINA  REDONDA  AZUL  3MM  UNIDAD  REGIÓN  RM;MARCADOR  PERMANENTE;320;320;0;286;91520;No;ARTEL  S.A.;ARTEL  S.A.I.C;92.642.000-3
2239-2-LR23;5802330;Convenio  Marco  Artículos  de  Escritorio  y  Papelería;1221016-218-CM25;52584395;Orden  de  Compra  generada  por  la  Gran  Compra:  75903;2025-04-23;2025-03-17;2025-03-19;2025-04-02;Recepción  Conforme;75903;71.378.000-6;Corporación  de  Desarrollo  de  La  Reina;Corporación  de  Desarrollo  de  La  Reina;;La  Reina;Corporación  de  Desarrollo  de  La  Reina;1994043;LÁPIZ  GRAFITO  ADIX  HB  N°  2  HEXAGONAL  SIN  GOMA  CAJA  12  UNIDADES  REGIÓN  RM;LÁPIZ  GRAFITO;687;686;0;434;297724;No;SERVICIOS  INTEGRADOS  SIDAPT  LIMITADA;SERVICIOS  INTEGRADOS  SIDAPT  LIMITADA;76.299.358-9
2239-2-LR23;5802330;Convenio  Marco  Artículos  de  Escritorio  y  Papelería;1221016-218-CM25;52584395;Orden  de  Compra  generada  por  la  Gran  Compra:  75903;2025-04-23;2025-03-17;2025-03-19;2025-04-02;Recepción  Conforme;75903;71.378.000-6;Corporación  de  Desarrollo  de  La  Reina;Corporación  de  Desarrollo  de  La  Reina;;La  Reina;Corporación  de  Desarrollo  de  La  Reina;2014188;PEGAMENTO  BARRA  ARTEL  TRANSPARENTE  36GR  NO  TOX  LAVABLE  PAPEL-CARTULINA-TELA  UNIDAD  REGIÓN  RM;PEGAMENTO  BARRA;596;596;0;600;357600;No;ARTEL  S.A.;ARTEL  S.A.I.C;92.642.000-3
2239-2-LR23;5802330;Convenio  Marco  Artículos  de  Escritorio  y  Papelería;1221016-218-CM25;52584395;Orden  de  Compra  generada  por  la  Gran  Compra:  75903;2025-04-23;2025-03-17;2025-03-19;2025-04-02;Recepción  Conforme;75903;71.378.000-6;Corporación  de  Desarrollo  de  La  Reina;Corporación  de  Desarrollo  de  La  Reina;;La  Reina;Corporación  de  Desarrollo  de  La  Reina;2006198;MARCADOR  PIZARRA  ISOFIT  DESECHABLE  ROJO  PUNTA  REDONDA  2,5  MM  UNIDAD  REGIÓN  RM;MARCADOR  PIZARRA;273;272;0;122;33184;Si;COMERCIAL  RED  OFFICE  LIMITADA;COMERCIAL  RED  OFFICE  LIMITADA;77.012.870-6
2239-2-LR23;5802330;Convenio  Marco  Artículos  de  Escritorio  y  Papelería;1221016-218-CM25;52584395;Orden  de  Compra  generada  por  la  Gran  Compra:  75903;2025-04-23;2025-03-17;2025-03-19;2025-04-02;Recepción  Conforme;75903;71.378.000-6;Corporación  de  Desarrollo  de  La  Reina;Corporación  de  Desarrollo  de  La  Reina;;La  Reina;Corporación  de  Desarrollo  de  La  Reina;1997579;LÁPIZ  PASTA  TORRE  PUNTA  MEDIA  NEGRO  1,0MM  50  UNIDADES  REGIÓN  RM;LÁPIZ  PASTA;4706;4500;4;40;180000;Si;COMERCIAL  RED  OFFICE  LIMITADA;COMERCIAL  RED  OFFICE  LIMITADA;77.012.870-6
2239-2-LR23;5802330;Convenio  Marco  Artículos  de  Escritorio  y  Papelería;1221016-218-CM25;52584395;Orden  de  Compra  generada  por  la  Gran  Compra:  75903;2025-04-23;2025-03-17;2025-03-19;2025-04-02;Recepción  Conforme;75903;71.378.000-6;Corporación  de  Desarrollo  de  La  Reina;Corporación  de  Desarrollo  de  La  Reina;;La  Reina;Corporación  de  Desarrollo  de  La  Reina;2015021;PEGAMENTO  BARRA  TORRE  TRANSPARENTE  21GR  NO  TOX  LAVABLE  PAPEL-CARTULINA-TELA  UNIDAD  REGIÓN  RM;PEGAMENTO  BARRA;325;320;2;1939;620480;Si;COMERCIAL  RED  OFFICE  LIMITADA;COMERCIAL  RED  OFFICE  LIMITADA;77.012.870-6
2239-2-LR23;5802330;Convenio  Marco  Artículos  de  Escritorio  y  Papelería;1221016-218-CM25;52584395;Orden  de  Compra  generada  por  la  Gran  Compra:  75903;2025-04-23;2025-03-17;2025-03-19;2025-04-02;Recepción  Conforme;75903;71.378.000-6;Corporación  de  Desarrollo  de  La  Reina;Corporación  de  Desarrollo  de  La  Reina;;La  Reina;Corporación  de  Desarrollo  de  La  Reina;2020461;SACAPUNTAS  ADIX  PLÁSTICO  COLOR  CON  DEPOSITO  PEQUEÑO  SIMPLE  UNIDAD  REGIÓN  RM;SACAPUNTAS;239;238;0;1479;352002;No;SERVICIOS  INTEGRADOS  SIDAPT  LIMITADA;SERVICIOS  INTEGRADOS  SIDAPT  LIMITADA;76.299.358-9
2239-2-LR23;5802330;Convenio  Marco  Artículos  de  Escritorio  y  Papelería;1221016-218-CM25;52584395;Orden  de  Compra  generada  por  la  Gran  Compra:  75903;2025-04-23;2025-03-17;2025-03-19;2025-04-02;Recepción  Conforme;75903;71.378.000-6;Corporación  de  Desarrollo  de  La  Reina;Corporación  de  Desarrollo  de  La  Reina;;La  Reina;Corporación  de  Desarrollo  de  La  Reina;2015038;PEGAMENTO  BARRA  TORRE  TRANSPARENTE  36GR  NO  TOX  LAVABLE  PAPEL-CARTULINA-TELA  UNIDAD  REGIÓN  RM;PEGAMENTO  BARRA;557;550;1;600;330000;Si;COMERCIAL  RED  OFFICE  LIMITADA;COMERCIAL  RED  OFFICE  LIMITADA;77.012.870-6
2239-2-LR23;5802330;Convenio  Marco  Artículos  de  Escritorio  y  Papelería;1221016-218-CM25;52584395;Orden  de  Compra  generada  por  la  Gran  Compra:  75903;2025-04-23;2025-03-17;2025-03-19;2025-04-02;Recepción  Conforme;75903;71.378.000-6;Corporación  de  Desarrollo  de  La  Reina;Corporación  de  Desarrollo  de  La  Reina;;La  Reina;Corporación  de  Desarrollo  de  La  Reina;2018625;PISTOLA  SILICONA  TORRE  BARRA  7MM  220V  -  10W  50HERTZ  SEC  UNIDAD  REGIÓN  RM;PISTOLA  SILICONA;2832;2800;1;174;487200;Si;COMERCIAL  RED  OFFICE  LIMITADA;COMERCIAL  RED  OFFICE  LIMITADA;77.012.870-6
2239-2-LR23;5802330;Convenio  Marco  Artículos  de  Escritorio  y  Papelería;1221016-218-CM25;52584395;Orden  de  Compra  generada  por  la  Gran  Compra:  75903;2025-04-23;2025-03-17;2025-03-19;2025-04-02;Recepción  Conforme;75903;71.378.000-6;Corporación  de  Desarrollo  de  La  Reina;Corporación  de  Desarrollo  de  La  Reina;;La  Reina;Corporación  de  Desarrollo  de  La  Reina;2025969;TIJERA  COLON  PEQUEÑA  TIPO  ESCOLAR  PUNTA  REDONDA  UNIDAD  REGIÓN  RM;TIJERA;270;269;0;5;1345;Si;COMERCIAL  RED  OFFICE  LIMITADA;COMERCIAL  RED  OFFICE  LIMITADA;77.012.870-6
2239-2-LR23;5802330;Convenio  Marco  Artículos  de  Escritorio  y  Papelería;1221016-218-CM25;52584395;Orden  de  Compra  generada  por  la  Gran  Compra:  75903;2025-04-23;2025-03-17;2025-03-19;2025-04-02;Recepción  Conforme;75903;71.378.000-6;Corporación  de  Desarrollo  de  La  Reina;Corporación  de  Desarrollo  de  La  Reina;;La  Reina;Corporación  de  Desarrollo  de  La  Reina;2026479;TIJERA  ISOFIT  OFICINA  16  CM  MANGO  PLÁSTICO  UNIDAD  REGIÓN  RM;TIJERA;588;580;1;786;455880;Si;COMERCIAL  RED  OFFICE  LIMITADA;COMERCIAL  RED  OFFICE  LIMITADA;77.012.870-6
2239-2-LR23;5802330;Convenio  Marco  Artículos  de  Escritorio  y  Papelería;1221016-218-CM25;52584395;Orden  de  Compra  generada  por  la  Gran  Compra:  75903;2025-04-23;2025-03-17;2025-03-19;2025-04-02;Recepción  Conforme;75903;71.378.000-6;Corporación  de  Desarrollo  de  La  Reina;Corporación  de  Desarrollo  de  La  Reina;;La  Reina;Corporación  de  Desarrollo  de  La  Reina;2006555;MARCADOR  PIZARRA  LUXOR  DESECHABLE  AZUL  PUNTA  REDONDA  4  MM  UNIDAD  REGIÓN  RM;MARCADOR  PIZARRA;292;291;0;1300;378300;No;SERVICIOS  INTEGRADOS  SIDAPT  LIMITADA;SERVICIOS  INTEGRADOS  SIDAPT  LIMITADA;76.299.358-9
2239-2-LR23;5802330;Convenio  Marco  Artículos  de  Escritorio  y  Papelería;1221016-218-CM25;52584395;Orden  de  Compra  generada  por  la  Gran  Compra:  75903;2025-04-23;2025-03-17;2025-03-19;2025-04-02;Recepción  Conforme;75903;71.378.000-6;Corporación  de  Desarrollo  de  La  Reina;Corporación  de  Desarrollo  de  La  Reina;;La  Reina;Corporación  de  Desarrollo  de  La  Reina;2004719;MARCADOR  PERMANENTE  TORRE  DE  BOLSILLO  PUNTA  FINA  REDONDA  AZUL  1MM  UNIDAD  REGIÓN  RM;MARCADOR  PERMANENTE;458;457;0;207;94599;No;SERVICIOS  INTEGRADOS  SIDAPT  LIMITADA;SERVICIOS  INTEGRADOS  SIDAPT  LIMITADA;76.299.358-9
2239-2-LR23;5802330;Convenio  Marco  Artículos  de  Escritorio  y  Papelería;1221016-218-CM25;52584395;Orden  de  Compra  generada  por  la  Gran  Compra:  75903;2025-04-23;2025-03-17;2025-03-19;2025-04-02;Recepción  Conforme;75903;71.378.000-6;Corporación  de  Desarrollo  de  La  Reina;Corporación  de  Desarrollo  de  La  Reina;;La  Reina;Corporación  de  Desarrollo  de  La  Reina;2014171;PEGAMENTO  BARRA  ARTEL  TRANSPARENTE  21GR  NO  TOX  LAVABLE  PAPEL-CARTULINA-TELA  UNIDAD  REGIÓN  RM;PEGAMENTO  BARRA;405;405;0;1939;785295;No;ARTEL  S.A.;ARTEL  S.A.I.C;92.642.000-3
2239-2-LR23;5802330;Convenio  Marco  Artículos  de  Escritorio  y  Papelería;1221016-218-CM25;52584395;Orden  de  Compra  generada  por  la  Gran  Compra:  75903;2025-04-23;2025-03-17;2025-03-19;2025-04-02;Recepción  Conforme;75903;71.378.000-6;Corporación  de  Desarrollo  de  La  Reina;Corporación  de  Desarrollo  de  La  Reina;;La  Reina;Corporación  de  Desarrollo  de  La  Reina;2001285;MARCADOR  PERMANENTE  ISOFIT  CUERPO  GRUESO  PUNTA  FINA  REDONDA  ROJO  3,5MM  UNIDAD  REGIÓN  RM;MARCADOR  PERMANENTE;237;236;0;406;95816;Si;COMERCIAL  RED  OFFICE  LIMITADA;COMERCIAL  RED  OFFICE  LIMITADA;77.012.870-6
2239-2-LR23;5802330;Convenio  Marco  Artículos  de  Escritorio  y  Papelería;1221016-218-CM25;52584395;Orden  de  Compra  generada  por  la  Gran  Compra:  75903;2025-04-23;2025-03-17;2025-03-19;2025-04-02;Recepción  Conforme;75903;71.378.000-6;Corporación  de  Desarrollo  de  La  Reina;Corporación  de  Desarrollo  de  La  Reina;;La  Reina;Corporación  de  Desarrollo  de  La  Reina;2019662;REGLA  PROARTE  PLÁSTICO  ACRÍLICO  DURO  BISELADA  30  CM  TRANSPARENTE  UNIDAD  REGIÓN  RM;REGLA;191;190;1;853;162070;No;SERVICIOS  INTEGRADOS  SIDAPT  LIMITADA;SERVICIOS  INTEGRADOS  SIDAPT  LIMITADA;76.299.358-9
2239-2-LR23;5802330;Convenio  Marco  Artículos  de  Escritorio  y  Papelería;1221016-218-CM25;52584395;Orden  de  Compra  generada  por  la  Gran  Compra:  75903;2025-04-23;2025-03-17;2025-03-19;2025-04-02;Recepción  Conforme;75903;71.378.000-6;Corporación  de  Desarrollo  de  La  Reina;Corporación  de  Desarrollo  de  La  Reina;;La  Reina;Corporación  de  Desarrollo  de  La  Reina;1998990;MARCADOR  PERMANENTE  ARTEL  CUERPO  GRUESO  PUNTA  FINA  REDONDA  NEGRO  1MM  UNIDAD  REGIÓN  RM;MARCADOR  PERMANENTE;340;340;0;8;2720;No;ARTEL  S.A.;ARTEL  S.A.I.C;92.642.000-3
2239-2-LR23;5802330;Convenio  Marco  Artículos  de  Escritorio  y  Papelería;1221016-218-CM25;52584395;Orden  de  Compra  generada  por  la  Gran  Compra:  75903;2025-04-23;2025-03-17;2025-03-19;2025-04-02;Recepción  Conforme;75903;71.378.000-6;Corporación  de  Desarrollo  de  La  Reina;Corporación  de  Desarrollo  de  La  Reina;;La  Reina;Corporación  de  Desarrollo  de  La  Reina;1998990;MARCADOR  PERMANENTE  ARTEL  CUERPO  GRUESO  PUNTA  FINA  REDONDA  NEGRO  1MM  UNIDAD  REGIÓN  RM;MARCADOR  PERMANENTE;340;340;0;8;2720;No;ARTEL  S.A.;ARTEL  S.A.I.C;92.642.000-3
2239-2-LR23;5802330;Convenio  Marco  Artículos  de  Escritorio  y  Papelería;1221016-218-CM25;52584395;Orden  de  Compra  generada  por  la  Gran  Compra:  75903;2025-04-23;2025-03-17;2025-03-19;2025-04-02;Recepción  Conforme;75903;71.378.000-6;Corporación  de  Desarrollo  de  La  Reina;Corporación  de  Desarrollo  de  La  Reina;;La  Reina;Corporación  de  Desarrollo  de  La  Reina;2020614;SACAPUNTAS  COLON  PLÁSTICO  COLOR  CON  DEPOSITO  PEQUEÑO  SIMPLE  UNIDAD  REGIÓN  RM;SACAPUNTAS;251;200;20;1479;295800;Si;COMERCIAL  RED  OFFICE  LIMITADA;COMERCIAL  RED  OFFICE  LIMITADA;77.012.870-6
2239-2-LR23;5802330;Convenio  Marco  Artículos  de  Escritorio  y  Papelería;1221016-218-CM25;52584395;Orden  de  Compra  generada  por  la  Gran  Compra:  75903;2025-04-23;2025-03-17;2025-03-19;2025-04-02;Recepción  Conforme;75903;71.378.000-6;Corporación  de  Desarrollo  de  La  Reina;Corporación  de  Desarrollo  de  La  Reina;;La  Reina;Corporación  de  Desarrollo  de  La  Reina;2008544;CINTA  MASKING  TAPE  LAVORO  ENMASCARAR  24X40  MT  UNIDAD  REGIÓN  RM;CINTA  MASKING  TAPE;683;682;0;74;50468;No;SERVICIOS  INTEGRADOS  SIDAPT  LIMITADA;SERVICIOS  INTEGRADOS  SIDAPT  LIMITADA;76.299.358-9
2239-2-LR23;5802330;Convenio  Marco  Artículos  de  Escritorio  y  Papelería;1221016-218-CM25;52584395;Orden  de  Compra  generada  por  la  Gran  Compra:  75903;2025-04-23;2025-03-17;2025-03-19;2025-04-02;Recepción  Conforme;75903;71.378.000-6;Corporación  de  Desarrollo  de  La  Reina;Corporación  de  Desarrollo  de  La  Reina;;La  Reina;Corporación  de  Desarrollo  de  La  Reina;2006096;MARCADOR  PIZARRA  ISOFIT  DESECHABLE  NEGRO  PUNTA  REDONDA  2,5  MM  UNIDAD  REGIÓN  RM;MARCADOR  PIZARRA;273;272;0;129;35088;Si;COMERCIAL  RED  OFFICE  LIMITADA;COMERCIAL  RED  OFFICE  LIMITADA;77.012.870-6
2239-2-LR23;5802330;Convenio  Marco  Artículos  de  Escritorio  y  Papelería;1221016-218-CM25;52584395;Orden  de  Compra  generada  por  la  Gran  Compra:  75903;2025-04-23;2025-03-17;2025-03-19;2025-04-02;Recepción  Conforme;75903;71.378.000-6;Corporación  de  Desarrollo  de  La  Reina;Corporación  de  Desarrollo  de  La  Reina;;La  Reina;Corporación  de  Desarrollo  de  La  Reina;2025629;TIJERA  ADIX  OFICINA  16  CM  MANGO  PLÁSTICO  UNIDAD  REGIÓN  RM;TIJERA;820;702;14;364;255528;No;SERVICIOS  INTEGRADOS  SIDAPT  LIMITADA;SERVICIOS  INTEGRADOS  SIDAPT  LIMITADA;76.299.358-9
2239-2-LR23;5802330;Convenio  Marco  Artículos  de  Escritorio  y  Papelería;1221016-218-CM25;52584395;Orden  de  Compra  generada  por  la  Gran  Compra:  75903;2025-04-23;2025-03-17;2025-03-19;2025-04-02;Recepción  Conforme;75903;71.378.000-6;Corporación  de  Desarrollo  de  La  Reina;Corporación  de  Desarrollo  de  La  Reina;;La  Reina;Corporación  de  Desarrollo  de  La  Reina;2013729;PAPEL  IMPRESIÓN  OVELLA  RESMA  HOJA  TAMAÑO  OFICIO  COLOR  BLANCO  500  HOJAS  UNIDAD  REGIÓN  RM;PAPEL  IMPRESIÓN;3565;3070;14;4853;14898710;No;DISTRIBUIDORA  PAPELES  INDUSTRIALES  SPA;Distribuidora  Papeles  Industriales  S.A.;93.558.000-5
2239-2-LR23;5802330;Convenio  Marco  Artículos  de  Escritorio  y  Papelería;1221016-218-CM25;52584395;Orden  de  Compra  generada  por  la  Gran  Compra:  75903;2025-04-23;2025-03-17;2025-03-19;2025-04-02;Recepción  Conforme;75903;71.378.000-6;Corporación  de  Desarrollo  de  La  Reina;Corporación  de  Desarrollo  de  La  Reina;;La  Reina;Corporación  de  Desarrollo  de  La  Reina;2025680;TIJERA  ADIX  PEQUEÑA  TIPO  ESCOLAR  PUNTA  REDONDA  UNIDAD  REGIÓN  RM;TIJERA;204;203;0;872;177016;No;SERVICIOS  INTEGRADOS  SIDAPT  LIMITADA;SERVICIOS  INTEGRADOS  SIDAPT  LIMITADA;76.299.358-9
2239-2-LR23;5802330;Convenio  Marco  Artículos  de  Escritorio  y  Papelería;1221016-218-CM25;52584395;Orden  de  Compra  generada  por  la  Gran  Compra:  75903;2025-04-23;2025-03-17;2025-03-19;2025-04-02;Recepción  Conforme;75903;71.378.000-6;Corporación  de  Desarrollo  de  La  Reina;Corporación  de  Desarrollo  de  La  Reina;;La  Reina;Corporación  de  Desarrollo  de  La  Reina;2001013;MARCADOR  PERMANENTE  ISOFIT  CUERPO  GRUESO  PUNTA  FINA  REDONDA  AZUL  3,5MM  UNIDAD  REGIÓN  RM;MARCADOR  PERMANENTE;237;236;0;100;23600;Si;COMERCIAL  RED  OFFICE  LIMITADA;COMERCIAL  RED  OFFICE  LIMITADA;77.012.870-6
2239-2-LR23;5802330;Convenio  Marco  Artículos  de  Escritorio  y  Papelería;1221016-218-CM25;52584395;Orden  de  Compra  generada  por  la  Gran  Compra:  75903;2025-04-23;2025-03-17;2025-03-19;2025-04-02;Recepción  Conforme;75903;71.378.000-6;Corporación  de  Desarrollo  de  La  Reina;Corporación  de  Desarrollo  de  La  Reina;;La  Reina;Corporación  de  Desarrollo  de  La  Reina;2006096;MARCADOR  PIZARRA  ISOFIT  DESECHABLE  NEGRO  PUNTA  REDONDA  2,5  MM  UNIDAD  REGIÓN  RM;MARCADOR  PIZARRA;273;272;0;129;35088;Si;COMERCIAL  RED  OFFICE  LIMITADA;COMERCIAL  RED  OFFICE  LIMITADA;77.012.870-6
2239-2-LR23;5802330;Convenio  Marco  Artículos  de  Escritorio  y  Papelería;1221016-218-CM25;52584395;Orden  de  Compra  generada  por  la  Gran  Compra:  75903;2025-04-23;2025-03-17;2025-03-19;2025-04-02;Recepción  Conforme;75903;71.378.000-6;Corporación  de  Desarrollo  de  La  Reina;Corporación  de  Desarrollo  de  La  Reina;;La  Reina;Corporación  de  Desarrollo  de  La  Reina;2013729;PAPEL  IMPRESIÓN  OVELLA  RESMA  HOJA  TAMAÑO  OFICIO  COLOR  BLANCO  500  HOJAS  UNIDAD  REGIÓN  RM;PAPEL  IMPRESIÓN;3869;3420;12;4853;16597260;Si;COMERCIAL  RED  OFFICE  LIMITADA;COMERCIAL  RED  OFFICE  LIMITADA;77.012.870-6
2239-2-LR23;5802330;Convenio  Marco  Artículos  de  Escritorio  y  Papelería;1221016-218-CM25;52584395;Orden  de  Compra  generada  por  la  Gran  Compra:  75903;2025-04-23;2025-03-17;2025-03-19;2025-04-02;Recepción  Conforme;75903;71.378.000-6;Corporación  de  Desarrollo  de  La  Reina;Corporación  de  Desarrollo  de  La  Reina;;La  Reina;Corporación  de  Desarrollo  de  La  Reina;2013525;PAPEL  IMPRESIÓN  EXCELLENT  RESMA  HOJA  TAMAÑO  CARTA  COLOR  BLANCO  500  HOJAS  UNIDAD  REGIÓN  RM;PAPEL  IMPRESIÓN;3471;3200;8;6794;21740800;No;SERVICIOS  INTEGRADOS  SIDAPT  LIMITADA;SERVICIOS  INTEGRADOS  SIDAPT  LIMITADA;76.299.358-9
2239-2-LR23;5802330;Convenio  Marco  Artículos  de  Escritorio  y  Papelería;1221016-218-CM25;52584395;Orden  de  Compra  generada  por  la  Gran  Compra:  75903;2025-04-23;2025-03-17;2025-03-19;2025-04-02;Recepción  Conforme;75903;71.378.000-6;Corporación  de  Desarrollo  de  La  Reina;Corporación  de  Desarrollo  de  La  Reina;;La  Reina;Corporación  de  Desarrollo  de  La  Reina;2009173;CINTA  MASKING  TAPE  USATAPE  ENMASCARAR  24X40  MT  UNIDAD  REGIÓN  RM;CINTA  MASKING  TAPE;655;654;0;74;48396;Si;COMERCIAL  RED  OFFICE  LIMITADA;COMERCIAL  RED  OFFICE  LIMITADA;77.012.870-6
2239-2-LR23;5802330;Convenio  Marco  Artículos  de  Escritorio  y  Papelería;1221016-218-CM25;52584395;Orden  de  Compra  generada  por  la  Gran  Compra:  75903;2025-04-23;2025-03-17;2025-03-19;2025-04-02;Recepción  Conforme;75903;71.378.000-6;Corporación  de  Desarrollo  de  La  Reina;Corporación  de  Desarrollo  de  La  Reina;;La  Reina;Corporación  de  Desarrollo  de  La  Reina;2018336;PISTOLA  SILICONA  ARTEL  BARRA  7MM  220V  -  10W  50HERTZ  SEC  UNIDAD  REGIÓN  RM;PISTOLA  SILICONA;2726;2590;5;174;450660;No;ARTEL  S.A.;ARTEL  S.A.I.C;92.642.000-3
2239-2-LR23;5802330;Convenio  Marco  Artículos  de  Escritorio  y  Papelería;1221016-218-CM25;52584395;Orden  de  Compra  generada  por  la  Gran  Compra:  75903;2025-04-23;2025-03-17;2025-03-19;2025-04-02;Recepción  Conforme;75903;71.378.000-6;Corporación  de  Desarrollo  de  La  Reina;Corporación  de  Desarrollo  de  La  Reina;;La  Reina;Corporación  de  Desarrollo  de  La  Reina;2023266;SOBRE  DIMERC  AMERICANO  BLANCO  22,8  X  10,6  CM2  80  GR  UNIDAD  REGIÓN  RM;SOBRE;29;29;0;81100;2351900;No;COMERCIAL  MYC  LIMITADA;COMERCIAL  MYC  LTDA.;77.008.207-2
2239-2-LR23;5802330;Convenio  Marco  Artículos  de  Escritorio  y  Papelería;1221016-218-CM25;52584395;Orden  de  Compra  generada  por  la  Gran  Compra:  75903;2025-04-23;2025-03-17;2025-03-19;2025-04-02;Recepción  Conforme;75903;71.378.000-6;Corporación  de  Desarrollo  de  La  Reina;Corporación  de  Desarrollo  de  La  Reina;;La  Reina;Corporación  de  Desarrollo  de  La  Reina;2025697;TIJERA  ADIX  PEQUEÑA  TIPO  ESCOLAR  PUNTA  REDONDEADA  PARA  ZURDO  UNIDAD  REGIÓN  RM;TIJERA;585;584;0;5;2920;No;SERVICIOS  INTEGRADOS  SIDAPT  LIMITADA;SERVICIOS  INTEGRADOS  SIDAPT  LIMITADA;76.299.358-9
2239-2-LR23;5802330;Convenio  Marco  Artículos  de  Escritorio  y  Papelería;1221016-218-CM25;52584395;Orden  de  Compra  generada  por  la  Gran  Compra:  75903;2025-04-23;2025-03-17;2025-03-19;2025-04-02;Recepción  Conforme;75903;71.378.000-6;Corporación  de  Desarrollo  de  La  Reina;Corporación  de  Desarrollo  de  La  Reina;;La  Reina;Corporación  de  Desarrollo  de  La  Reina;2005263;MARCADOR  PIZARRA  ARTEL  DESECHABLE  ROJO  PUNTA  REDONDA  4  MM  UNIDAD  REGIÓN  RM;MARCADOR  PIZARRA;310;295;5;1300;383500;No;ARTEL  S.A.;ARTEL  S.A.I.C;92.642.000-3
2239-2-LR23;5802330;Convenio  Marco  Artículos  de  Escritorio  y  Papelería;1221016-218-CM25;52584395;Orden  de  Compra  generada  por  la  Gran  Compra:  75903;2025-04-23;2025-03-17;2025-03-19;2025-04-02;Recepción  Conforme;75903;71.378.000-6;Corporación  de  Desarrollo  de  La  Reina;Corporación  de  Desarrollo  de  La  Reina;;La  Reina;Corporación  de  Desarrollo  de  La  Reina;2012896;NOTA  ADHESIVA  STICK  &  WRITE  PAPEL  AMARILLO  76X76  MM  100  HOJAS  UNIDAD  REGIÓN  RM;NOTA  ADHESIVA;339;338;0;705;238290;Si;COMERCIAL  RED  OFFICE  LIMITADA;COMERCIAL  RED  OFFICE  LIMITADA;77.012.870-6
2239-2-LR23;5802330;Convenio  Marco  Artículos  de  Escritorio  y  Papelería;1221016-218-CM25;52584395;Orden  de  Compra  generada  por  la  Gran  Compra:  75903;2025-04-23;2025-03-17;2025-03-19;2025-04-02;Recepción  Conforme;75903;71.378.000-6;Corporación  de  Desarrollo  de  La  Reina;Corporación  de  Desarrollo  de  La  Reina;;La  Reina;Corporación  de  Desarrollo  de  La  Reina;2013083;NOTA  ADHESIVA  TORRE  PAPEL  AMARILLO  38X50  MM  100  HOJAS  UNIDAD  REGIÓN  RM;NOTA  ADHESIVA;260;259;0;339;87801;Si;COMERCIAL  RED  OFFICE  LIMITADA;COMERCIAL  RED  OFFICE  LIMITADA;77.012.870-6
2239-2-LR23;5802330;Convenio  Marco  Artículos  de  Escritorio  y  Papelería;1221016-218-CM25;52584395;Orden  de  Compra  generada  por  la  Gran  Compra:  75903;2025-04-23;2025-03-17;2025-03-19;2025-04-02;Recepción  Conforme;75903;71.378.000-6;Corporación  de  Desarrollo  de  La  Reina;Corporación  de  Desarrollo  de  La  Reina;;La  Reina;Corporación  de  Desarrollo  de  La  Reina;2020223;SACACORCHETE  ISOFIT  TIPO  PALANCA  UNIDAD  REGIÓN  RM;SACACORCHETE;307;306;0;10;3060;Si;COMERCIAL  RED  OFFICE  LIMITADA;COMERCIAL  RED  OFFICE  LIMITADA;77.012.870-6
2239-2-LR23;5802330;Convenio  Marco  Artículos  de  Escritorio  y  Papelería;1221016-218-CM25;52584395;Orden  de  Compra  generada  por  la  Gran  Compra:  75903;2025-04-23;2025-03-17;2025-03-19;2025-04-02;Recepción  Conforme;75903;71.378.000-6;Corporación  de  Desarrollo  de  La  Reina;Corporación  de  Desarrollo  de  La  Reina;;La  Reina;Corporación  de  Desarrollo  de  La  Reina;2006096;MARCADOR  PIZARRA  ISOFIT  DESECHABLE  NEGRO  PUNTA  REDONDA  2,5  MM  UNIDAD  REGIÓN  RM;MARCADOR  PIZARRA;273;272;0;129;35088;Si;COMERCIAL  RED  OFFICE  LIMITADA;COMERCIAL  RED  OFFICE  LIMITADA;77.012.870-6
2239-2-LR23;5802330;Convenio  Marco  Artículos  de  Escritorio  y  Papelería;1221016-218-CM25;52584395;Orden  de  Compra  generada  por  la  Gran  Compra:  75903;2025-04-23;2025-03-17;2025-03-19;2025-04-02;Recepción  Conforme;75903;71.378.000-6;Corporación  de  Desarrollo  de  La  Reina;Corporación  de  Desarrollo  de  La  Reina;;La  Reina;Corporación  de  Desarrollo  de  La  Reina;2025680;TIJERA  ADIX  PEQUEÑA  TIPO  ESCOLAR  PUNTA  REDONDA  UNIDAD  REGIÓN  RM;TIJERA;204;203;0;872;177016;No;SERVICIOS  INTEGRADOS  SIDAPT  LIMITADA;SERVICIOS  INTEGRADOS  SIDAPT  LIMITADA;76.299.358-9
2239-2-LR23;5802330;Convenio  Marco  Artículos  de  Escritorio  y  Papelería;1221016-218-CM25;52584395;Orden  de  Compra  generada  por  la  Gran  Compra:  75903;2025-04-23;2025-03-17;2025-03-19;2025-04-02;Recepción  Conforme;75903;71.378.000-6;Corporación  de  Desarrollo  de  La  Reina;Corporación  de  Desarrollo  de  La  Reina;;La  Reina;Corporación  de  Desarrollo  de  La  Reina;2018336;PISTOLA  SILICONA  ARTEL  BARRA  7MM  220V  -  10W  50HERTZ  SEC  UNIDAD  REGIÓN  RM;PISTOLA  SILICONA;2342;2341;0;174;407334;No;SERVICIOS  INTEGRADOS  SIDAPT  LIMITADA;SERVICIOS  INTEGRADOS  SIDAPT  LIMITADA;76.299.358-9
2239-2-LR23;5802330;Convenio  Marco  Artículos  de  Escritorio  y  Papelería;1221016-218-CM25;52584395;Orden  de  Compra  generada  por  la  Gran  Compra:  75903;2025-04-23;2025-03-17;2025-03-19;2025-04-02;Recepción  Conforme;75903;71.378.000-6;Corporación  de  Desarrollo  de  La  Reina;Corporación  de  Desarrollo  de  La  Reina;;La  Reina;Corporación  de  Desarrollo  de  La  Reina;2028825;LÁPIZ  GEL  PENTEL  PUNTA  MEDIA  0,7MM  KIT  3  COLORES  NEGRO-ROJO-AZUL  UNIDAD  REGIÓN  RM;LÁPIZ  GEL;2442;2320;5;242;561440;No;ARTEL  S.A.;ARTEL  S.A.I.C;92.642.000-3
2239-2-LR23;5802330;Convenio  Marco  Artículos  de  Escritorio  y  Papelería;1221016-218-CM25;52584395;Orden  de  Compra  generada  por  la  Gran  Compra:  75903;2025-04-23;2025-03-17;2025-03-19;2025-04-02;Recepción  Conforme;75903;71.378.000-6;Corporación  de  Desarrollo  de  La  Reina;Corporación  de  Desarrollo  de  La  Reina;;La  Reina;Corporación  de  Desarrollo  de  La  Reina;2013423;PAPEL  IMPRESIÓN  DIMERC  RESMA  HOJA  TAMAÑO  OFICIO  COLOR  BLANCO  500  HOJAS  UNIDAD  REGIÓN  RM;PAPEL  IMPRESIÓN;3584;3330;7;4853;16160490;No;DIMERC  S  A;DIMERC  S.  A.;96.670.840-9
2239-2-LR23;5802330;Convenio  Marco  Artículos  de  Escritorio  y  Papelería;1221016-218-CM25;52584395;Orden  de  Compra  generada  por  la  Gran  Compra:  75903;2025-04-23;2025-03-17;2025-03-19;2025-04-02;Recepción  Conforme;75903;71.378.000-6;Corporación  de  Desarrollo  de  La  Reina;Corporación  de  Desarrollo  de  La  Reina;;La  Reina;Corporación  de  Desarrollo  de  La  Reina;2021447;SEPARADOR  BANGRAFICA  CARTA  MULTICOLOR  6  POSICIONES  DE  2,  3  Y  4  ANILLOS  UD  REGIÓN  RM;SEPARADOR;331;330;0;96;31680;Si;COMERCIAL  RED  OFFICE  LIMITADA;COMERCIAL  RED  OFFICE  LIMITADA;77.012.870-6
2239-2-LR23;5802330;Convenio  Marco  Artículos  de  Escritorio  y  Papelería;1221016-218-CM25;52584395;Orden  de  Compra  generada  por  la  Gran  Compra:  75903;2025-04-23;2025-03-17;2025-03-19;2025-04-02;Recepción  Conforme;75903;71.378.000-6;Corporación  de  Desarrollo  de  La  Reina;Corporación  de  Desarrollo  de  La  Reina;;La  Reina;Corporación  de  Desarrollo  de  La  Reina;2019883;SACACORCHETE  ADIX  TIPO  MARIPOSA  O  TENAZAS  UNIDAD  REGIÓN  RM;SACACORCHETE;523;522;0;160;83520;No;SERVICIOS  INTEGRADOS  SIDAPT  LIMITADA;SERVICIOS  INTEGRADOS  SIDAPT  LIMITADA;76.299.358-9
2239-2-LR23;5802330;Convenio  Marco  Artículos  de  Escritorio  y  Papelería;1221016-218-CM25;52584395;Orden  de  Compra  generada  por  la  Gran  Compra:  75903;2025-04-23;2025-03-17;2025-03-19;2025-04-02;Recepción  Conforme;75903;71.378.000-6;Corporación  de  Desarrollo  de  La  Reina;Corporación  de  Desarrollo  de  La  Reina;;La  Reina;Corporación  de  Desarrollo  de  La  Reina;2021498;SEPARADOR  BANGRAFICA  OFICIO  MULTICOLOR  6  POSICIONES  DE  2,  3  Y  4  ANILLOS  UD  REGIÓN  RM;SEPARADOR;311;310;0;532;164920;Si;COMERCIAL  RED  OFFICE  LIMITADA;COMERCIAL  RED  OFFICE  LIMITADA;77.012.870-6
2239-2-LR23;5802330;Convenio  Marco  Artículos  de  Escritorio  y  Papelería;1221016-218-CM25;52584395;Orden  de  Compra  generada  por  la  Gran  Compra:  75903;2025-04-23;2025-03-17;2025-03-19;2025-04-02;Recepción  Conforme;75903;71.378.000-6;Corporación  de  Desarrollo  de  La  Reina;Corporación  de  Desarrollo  de  La  Reina;;La  Reina;Corporación  de  Desarrollo  de  La  Reina;2013712;PAPEL  IMPRESIÓN  OVELLA  RESMA  HOJA  TAMAÑO  CARTA  COLOR  BLANCO  500  HOJAS  UNIDAD  REGIÓN  RM;PAPEL  IMPRESIÓN;3006;3000;0;6794;20382000;No;COMERCIAL  E  INDUSTRIAL  DAGOWAY  TRADE  SPA;COMERCIAL  E  INDUSTRIAL  DAGOWAY  TRADE  SPA;78.477.490-2
2239-2-LR23;5802330;Convenio  Marco  Artículos  de  Escritorio  y  Papelería;1221016-218-CM25;52584395;Orden  de  Compra  generada  por  la  Gran  Compra:  75903;2025-04-23;2025-03-17;2025-03-19;2025-04-02;Recepción  Conforme;75903;71.378.000-6;Corporación  de  Desarrollo  de  La  Reina;Corporación  de  Desarrollo  de  La  Reina;;La  Reina;Corporación  de  Desarrollo  de  La  Reina;2025629;TIJERA  ADIX  OFICINA  16  CM  MANGO  PLÁSTICO  UNIDAD  REGIÓN  RM;TIJERA;820;702;14;364;255528;No;SERVICIOS  INTEGRADOS  SIDAPT  LIMITADA;SERVICIOS  INTEGRADOS  SIDAPT  LIMITADA;76.299.358-9
2239-2-LR23;5802330;Convenio  Marco  Artículos  de  Escritorio  y  Papelería;1221016-218-CM25;52584395;Orden  de  Compra  generada  por  la  Gran  Compra:  75903;2025-04-23;2025-03-17;2025-03-19;2025-04-02;Recepción  Conforme;75903;71.378.000-6;Corporación  de  Desarrollo  de  La  Reina;Corporación  de  Desarrollo  de  La  Reina;;La  Reina;Corporación  de  Desarrollo  de  La  Reina;2014069;PEGAMENTO  BARRA  ADIX  TRANSPARENTE  20GR  NO  TOX  LAVABLE  PAPEL-CARTULINA-TELA  UNIDAD  REGIÓN  RM;PEGAMENTO  BARRA;377;376;0;1939;729064;No;SERVICIOS  INTEGRADOS  SIDAPT  LIMITADA;SERVICIOS  INTEGRADOS  SIDAPT  LIMITADA;76.299.358-9
2239-2-LR23;5802330;Convenio  Marco  Artículos  de  Escritorio  y  Papelería;1221016-218-CM25;52584395;Orden  de  Compra  generada  por  la  Gran  Compra:  75903;2025-04-23;2025-03-17;2025-03-19;2025-04-02;Recepción  Conforme;75903;71.378.000-6;Corporación  de  Desarrollo  de  La  Reina;Corporación  de  Desarrollo  de  La  Reina;;La  Reina;Corporación  de  Desarrollo  de  La  Reina;2023759;SOBRE  JORDAN  AMERICANO  BLANCO  22,8  X  10,6  CM2  80  GR  UNIDAD  REGIÓN  RM;SOBRE;27;25;7;81100;2027500;Si;COMERCIAL  RED  OFFICE  LIMITADA;COMERCIAL  RED  OFFICE  LIMITADA;77.012.870-6
2239-2-LR23;5802330;Convenio  Marco  Artículos  de  Escritorio  y  Papelería;1221016-218-CM25;52584395;Orden  de  Compra  generada  por  la  Gran  Compra:  75903;2025-04-23;2025-03-17;2025-03-19;2025-04-02;Recepción  Conforme;75903;71.378.000-6;Corporación  de  Desarrollo  de  La  Reina;Corporación  de  Desarrollo  de  La  Reina;;La  Reina;Corporación  de  Desarrollo  de  La  Reina;2025969;TIJERA  COLON  PEQUEÑA  TIPO  ESCOLAR  PUNTA  REDONDA  UNIDAD  REGIÓN  RM;TIJERA;270;269;0;5;1345;Si;COMERCIAL  RED  OFFICE  LIMITADA;COMERCIAL  RED  OFFICE  LIMITADA;77.012.870-6
2239-2-LR23;5802330;Convenio  Marco  Artículos  de  Escritorio  y  Papelería;1221016-218-CM25;52584395;Orden  de  Compra  generada  por  la  Gran  Compra:  75903;2025-04-23;2025-03-17;2025-03-19;2025-04-02;Recepción  Conforme;75903;71.378.000-6;Corporación  de  Desarrollo  de  La  Reina;Corporación  de  Desarrollo  de  La  Reina;;La  Reina;Corporación  de  Desarrollo  de  La  Reina;2026479;TIJERA  ISOFIT  OFICINA  16  CM  MANGO  PLÁSTICO  UNIDAD  REGIÓN  RM;TIJERA;588;580;1;786;455880;Si;COMERCIAL  RED  OFFICE  LIMITADA;COMERCIAL  RED  OFFICE  LIMITADA;77.012.870-6
2239-2-LR23;5802330;Convenio  Marco  Artículos  de  Escritorio  y  Papelería;1221016-218-CM25;52584395;Orden  de  Compra  generada  por  la  Gran  Compra:  75903;2025-04-23;2025-03-17;2025-03-19;2025-04-02;Recepción  Conforme;75903;71.378.000-6;Corporación  de  Desarrollo  de  La  Reina;Corporación  de  Desarrollo  de  La  Reina;;La  Reina;Corporación  de  Desarrollo  de  La  Reina;2031494;CALCULADORA  BÁSICA  CASIO  MX-12  DÍGITOS  UNIDAD  REGIÓN  RM;CALCULADORA  BÁSICA;6190;6190;0;34;210460;No;ARTEL  S.A.;ARTEL  S.A.I.C;92.642.000-3
2239-3-LR24;5802326;Convenio  Marco  para  suministro  de  combustibles  (Magento);1426037-31-CM25;52506897;Orden  de  Compra  generada  por  la  Gran  Compra:  75901;2025-04-09;2025-03-17;2025-03-17;2025-03-31;Recepción  Conforme;75901;70.941.900-5;CORPCOLINA  EDUCACION;CORPORACION  MUNICIPAL  DE  DESARROLLO  SOCIAL  COLINA;;Colina;Corporación  Municipal  de  Desarrollo  Social  de  Colina;2237138;ESTACIÓN  DE  SERVICIO  DIESEL  -  REGIÓN  METROPOLITANA  DESCUENTO  PESOS  POR  LITRO;ESTACIÓN  DE  SERVICIO  DIESEL;0;55;0;1;235938517;Si;COPEC  S.A.;COPEC  S.A.;99.520.000-7
2239-3-LR24;5802326;Convenio  Marco  para  suministro  de  combustibles  (Magento);1426037-31-CM25;52506897;Orden  de  Compra  generada  por  la  Gran  Compra:  75901;2025-04-09;2025-03-17;2025-03-17;2025-03-31;Recepción  Conforme;75901;70.941.900-5;CORPCOLINA  EDUCACION;CORPORACION  MUNICIPAL  DE  DESARROLLO  SOCIAL  COLINA;;Colina;Corporación  Municipal  de  Desarrollo  Social  de  Colina;2237122;ESTACIÓN  DE  SERVICIO  GASOLINA  -  REGIÓN  METROPOLITANA  DESCUENTO  PESOS  POR  LITRO;ESTACIÓN  DE  SERVICIO  GASOLINA;0;50;0;1;83389214;Si;COPEC  S.A.;COPEC  S.A.;99.520.000-7
2239-1-LR24;5802359;CONVENIO  MARCO  PARA  COMPUTADORES  PORTÁTILES  DESKTOP  Y  AIO;1469-791-CM25;52539075;Orden  de  Compra  generada  por  la  Gran  Compra:  73905;2025-04-15;2024-11-08;2024-11-08;2024-11-22;Aceptada;73905;70.885.500-6;Universidad  de  Talca;UNIVERSIDAD  DE  TALCA;Avda.  Lircay  S/N;Talca;UNIVERSIDAD  DE  TALCA;2227926;LAPTOP  LENOVO  THINKBOOK  14  WINDOWS  11  PRO  AMD  RYZEN  5  7530U  16  GB  1  TB  GAMA  2;LAPTOP;537;509;5;900;458559;Si;REPARACIONES  BBCC  LIMITADA;REPARACIONES  BBCC  LIMITADA;76.376.530-k
2239-1-LR24;5802359;CONVENIO  MARCO  PARA  COMPUTADORES  PORTÁTILES  DESKTOP  Y  AIO;1469-791-CM25;52539075;Orden  de  Compra  generada  por  la  Gran  Compra:  73905;2025-04-15;2024-11-08;2024-11-08;2024-11-22;Aceptada;73905;70.885.500-6;Universidad  de  Talca;UNIVERSIDAD  DE  TALCA;Avda.  Lircay  S/N;Talca;UNIVERSIDAD  DE  TALCA;2227927;LAPTOP  HP  PROBOOK  445  WINDOWS  11  PRO  AMD  RYZEN  5  7530U  16  GB  1  TB  GAMA  2;LAPTOP;554;589;-6;900;530820;No;COMPUTACION  E  INGENIERIA  S  A;COMPUTACION  E  INGENIERIA  S.A.;96.693.120-5
2239-1-LR24;5802359;CONVENIO  MARCO  PARA  COMPUTADORES  PORTÁTILES  DESKTOP  Y  AIO;1469-791-CM25;52539075;Orden  de  Compra  generada  por  la  Gran  Compra:  73905;2025-04-15;2024-11-08;2024-11-08;2024-11-22;Aceptada;73905;70.885.500-6;Universidad  de  Talca;UNIVERSIDAD  DE  TALCA;Avda.  Lircay  S/N;Talca;UNIVERSIDAD  DE  TALCA;2227926;LAPTOP  LENOVO  THINKBOOK  14  WINDOWS  11  PRO  AMD  RYZEN  5  7530U  16  GB  1  TB  GAMA  2;LAPTOP;528;497;6;900;447750;No;PRODATA  SPA;PRODATA  SPA;79.808.810-6
2239-1-LR24;5802359;CONVENIO  MARCO  PARA  COMPUTADORES  PORTÁTILES  DESKTOP  Y  AIO;1469-791-CM25;52539075;Orden  de  Compra  generada  por  la  Gran  Compra:  73905;2025-04-15;2024-11-08;2024-11-08;2024-11-22;Aceptada;73905;70.885.500-6;Universidad  de  Talca;UNIVERSIDAD  DE  TALCA;Avda.  Lircay  S/N;Talca;UNIVERSIDAD  DE  TALCA;2227927;LAPTOP  HP  PROBOOK  445  WINDOWS  11  PRO  AMD  RYZEN  5  7530U  16  GB  1  TB  GAMA  2;LAPTOP;558;566;-1;900;509859;No;LECHNER  S.A;LECHNER  S.A.;78.114.650-1
2239-1-LR24;5802359;CONVENIO  MARCO  PARA  COMPUTADORES  PORTÁTILES  DESKTOP  Y  AIO;1469-791-CM25;52539075;Orden  de  Compra  generada  por  la  Gran  Compra:  73905;2025-04-15;2024-11-08;2024-11-08;2024-11-22;Aceptada;73905;70.885.500-6;Universidad  de  Talca;UNIVERSIDAD  DE  TALCA;Avda.  Lircay  S/N;Talca;UNIVERSIDAD  DE  TALCA;2227926;LAPTOP  LENOVO  THINKBOOK  14  WINDOWS  11  PRO  AMD  RYZEN  5  7530U  16  GB  1  TB  GAMA  2;LAPTOP;532;518;3;900;466641;No;COMERCIALIZADORA  SP  DIGITAL  SPA;COMERCIALIZADORA  SP  DIGITAL  SPA;76.799.430-3
2239-1-LR24;5802359;CONVENIO  MARCO  PARA  COMPUTADORES  PORTÁTILES  DESKTOP  Y  AIO;1469-791-CM25;52539075;Orden  de  Compra  generada  por  la  Gran  Compra:  73905;2025-04-15;2024-11-08;2024-11-08;2024-11-22;Aceptada;73905;70.885.500-6;Universidad  de  Talca;UNIVERSIDAD  DE  TALCA;Avda.  Lircay  S/N;Talca;UNIVERSIDAD  DE  TALCA;2227926;LAPTOP  LENOVO  THINKBOOK  14  WINDOWS  11  PRO  AMD  RYZEN  5  7530U  16  GB  1  TB  GAMA  2;LAPTOP;529;500;5;900;450261;No;TECHNOSYSTEMS  CHILE  SPA;TECHNOSYSTEMS  CHILE  SPA;96.678.350-8
2239-1-LR24;5802359;CONVENIO  MARCO  PARA  COMPUTADORES  PORTÁTILES  DESKTOP  Y  AIO;1469-791-CM25;52539075;Orden  de  Compra  generada  por  la  Gran  Compra:  73905;2025-04-15;2024-11-08;2024-11-08;2024-11-22;Aceptada;73905;70.885.500-6;Universidad  de  Talca;UNIVERSIDAD  DE  TALCA;Avda.  Lircay  S/N;Talca;UNIVERSIDAD  DE  TALCA;2227926;LAPTOP  LENOVO  THINKBOOK  14  WINDOWS  11  PRO  AMD  RYZEN  5  7530U  16  GB  1  TB  GAMA  2;LAPTOP;552;546;1;900;491400;No;OPCIONES  SA  SISTEMAS  DE  INFORMACION;OPCIONES  SA  SISTEMAS  DE  INFORMACION;96.523.180-3
2239-1-LR24;5802359;CONVENIO  MARCO  PARA  COMPUTADORES  PORTÁTILES  DESKTOP  Y  AIO;1469-791-CM25;52539075;Orden  de  Compra  generada  por  la  Gran  Compra:  73905;2025-04-15;2024-11-08;2024-11-08;2024-11-22;Aceptada;73905;70.885.500-6;Universidad  de  Talca;UNIVERSIDAD  DE  TALCA;Avda.  Lircay  S/N;Talca;UNIVERSIDAD  DE  TALCA;2227927;LAPTOP  HP  PROBOOK  445  WINDOWS  11  PRO  AMD  RYZEN  5  7530U  16  GB  1  TB  GAMA  2;LAPTOP;615;554;10;900;498600;No;COMERCIALIZADORA  SANTA  CATALINA  SPA;COMERCIALIZADORA  SANTA  CATALINA  SPA;77.474.803-2
2239-8-LR23;5802342;Convenio  Marco  de    Adquisición  de  Vehículos;2483-224-CM25;52465940;Orden  de  Compra  generada  por  la  Gran  Compra:  73982;2025-04-03;2024-11-15;2024-11-28;2024-12-17;Aceptada;73982;69.071.300-4;DEPARTAMENTO  COMPRAS  PÚBLICAS;I  MUNICIPALIDAD  DE  QUILICURA;José  Francisco  Vergara  #450,  Municipalidad;Quilicura;I  MUNICIPALIDAD  DE  QUILICURA;2042602;CAMIONETA  DFSK  D1  CONFORT  4X2  MT  2024  REGIÓN  RM;CAMIONETA;15005900;14841000;1;7;103887000;No;SERVIMAQ  SPA;SERVIMAQ  SPA;79.649.970-2
2239-8-LR23;5802342;Convenio  Marco  de    Adquisición  de  Vehículos;2483-224-CM25;52465940;Orden  de  Compra  generada  por  la  Gran  Compra:  73982;2025-04-03;2024-11-15;2024-11-28;2024-12-17;Aceptada;73982;69.071.300-4;DEPARTAMENTO  COMPRAS  PÚBLICAS;I  MUNICIPALIDAD  DE  QUILICURA;José  Francisco  Vergara  #450,  Municipalidad;Quilicura;I  MUNICIPALIDAD  DE  QUILICURA;2240551;SUV  MG  ZX  1.5L  DLX  MT  2025  REGIÓN  RM;SUV;11462941;11336975;1;4;45347900;No;SERVIMAQ  SPA;SERVIMAQ  SPA;79.649.970-2
2239-8-LR23;5802342;Convenio  Marco  de    Adquisición  de  Vehículos;2483-224-CM25;52465940;Orden  de  Compra  generada  por  la  Gran  Compra:  73982;2025-04-03;2024-11-15;2024-11-28;2024-12-17;Aceptada;73982;69.071.300-4;DEPARTAMENTO  COMPRAS  PÚBLICAS;I  MUNICIPALIDAD  DE  QUILICURA;José  Francisco  Vergara  #450,  Municipalidad;Quilicura;I  MUNICIPALIDAD  DE  QUILICURA;2049215;FURGÓN  CHEVROLET  N  400  MAX  1.5  L  AC  P  MT  2024  REGIÓN  RM;FURGÓN;10016959;10016959;0;1;10016959;No;AUTOMOTORA  COMERCIAL  COSTABAL  Y  ECHENIQUE  S  A;COSECHE  S.  A.;91.139.000-0
2239-8-LR23;5802342;Convenio  Marco  de    Adquisición  de  Vehículos;2483-224-CM25;52465940;Orden  de  Compra  generada  por  la  Gran  Compra:  73982;2025-04-03;2024-11-15;2024-11-28;2024-12-17;Aceptada;73982;69.071.300-4;DEPARTAMENTO  COMPRAS  PÚBLICAS;I  MUNICIPALIDAD  DE  QUILICURA;José  Francisco  Vergara  #450,  Municipalidad;Quilicura;I  MUNICIPALIDAD  DE  QUILICURA;2041514;CAMIONETA  JMC  VIGUS  NEW  WORK  4X2  MT  2024  REGIÓN  RM;CAMIONETA;13941000;13941000;0;7;97587000;No;ASTARA  RETAIL  CHILE  SPA;ASTARA  RETAIL  CHILE  SPA;96.928.530-4
2239-8-LR23;5802342;Convenio  Marco  de    Adquisición  de  Vehículos;2483-224-CM25;52465940;Orden  de  Compra  generada  por  la  Gran  Compra:  73982;2025-04-03;2024-11-15;2024-11-28;2024-12-17;Aceptada;73982;69.071.300-4;DEPARTAMENTO  COMPRAS  PÚBLICAS;I  MUNICIPALIDAD  DE  QUILICURA;José  Francisco  Vergara  #450,  Municipalidad;Quilicura;I  MUNICIPALIDAD  DE  QUILICURA;2052906;SUV  GAC  GS3  POWER  1.5T  MT  GS  MT  2024  REGIÓN  RM;SUV;9446218;9446218;0;4;37784872;No;ASTARA  RETAIL  CHILE  SPA;ASTARA  RETAIL  CHILE  SPA;96.928.530-4
2239-8-LR23;5802342;Convenio  Marco  de    Adquisición  de  Vehículos;2483-224-CM25;52465940;Orden  de  Compra  generada  por  la  Gran  Compra:  73982;2025-04-03;2024-11-15;2024-11-28;2024-12-17;Aceptada;73982;69.071.300-4;DEPARTAMENTO  COMPRAS  PÚBLICAS;I  MUNICIPALIDAD  DE  QUILICURA;José  Francisco  Vergara  #450,  Municipalidad;Quilicura;I  MUNICIPALIDAD  DE  QUILICURA;2048637;CAMIONETA  GREAT  WALL  WINGLE  7  4X2  ELITE  2024  REGIÓN  RM;CAMIONETA;12686800;12686800;0;7;88807607;Si;COMERCIAL  ANFRUNS  Y  COMPANIA  SPA;COMERCIAL  ANFRUNS  Y  COMPAÑÍA  SPA;86.385.500-4
2239-8-LR23;5802342;Convenio  Marco  de    Adquisición  de  Vehículos;2483-224-CM25;52465940;Orden  de  Compra  generada  por  la  Gran  Compra:  73982;2025-04-03;2024-11-15;2024-11-28;2024-12-17;Aceptada;73982;69.071.300-4;DEPARTAMENTO  COMPRAS  PÚBLICAS;I  MUNICIPALIDAD  DE  QUILICURA;José  Francisco  Vergara  #450,  Municipalidad;Quilicura;I  MUNICIPALIDAD  DE  QUILICURA;2049181;FURGÓN  RAM  V700  RAPID  1.4L  2024  REGIÓN  RM;FURGÓN;12141000;12141000;0;1;12141000;No;ASTARA  RETAIL  CHILE  SPA;ASTARA  RETAIL  CHILE  SPA;96.928.530-4
2239-8-LR23;5802342;Convenio  Marco  de    Adquisición  de  Vehículos;2702-189-CM25;52613354;Orden  de  Compra  generada  por  la  Gran  Compra:  76328;2025-04-29;2025-04-08;2025-04-09;2025-04-24;Aceptada;76328;69.071.800-6;SECPLA;I  MUNICIPALIDAD  DE  TALAGANTE;AV.  ESMERALDA  N°2049,  TALAGANTE;Talagante;I  MUNICIPALIDAD  DE  TALAGANTE;4193667;BUS  PESADO  FUSO  ROSA  31+1  MT  2025  REGI?N  RM;BUS  PESADO;64209043;63346706;1;2;126693412;Si;COMERCIAL  KAUFMANN  S  A;COMERCIAL  KAUFMANN  S.  A.;96.572.360-9
2239-6-LR23;5802336;Convenio  Marco  Gas  Licuado  de  Petróleo;3759-341-CM25;52488308;Orden  de  Compra  generada  por  la  Gran  Compra:  75685;2025-04-07;2025-03-04;2025-03-04;2025-03-18;Aceptada;75685;69.130.400-0;Ilustre  Municipalidad  de  Yerbas  Buenas;Ilustre  Municipalidad  de  Yerbas  Buenas;Avda.  Centenario  101;Yerbas  Buenas;Ilustre  Municipalidad  de  Yerbas  Buenas;1944971;GAS  LICUADO  CILINDRO  MEDIANTE  VALE  DE  RECARGA  15  KG  VII  REGIÓN;GAS  LICUADO  CILINDRO  MEDIANTE  VALE  DE  RECARGA;12869;13152;-2;31552;414971904;Si;GASCO  GLP  S  A;GASCO  GLP  S.A.;96.568.740-8
2239-8-LR23;5802342;Convenio  Marco  de    Adquisición  de  Vehículos;3836-293-CM25;52532980;Orden  de  Compra  generada  por  la  Gran  Compra:  75181;2025-04-14;2025-02-06;2025-03-05;2025-03-19;Aceptada;75181;69.191.400-3;Administración;I  MUNICIPALIDAD  DE  TOLTEN;O'Higgins  410;Toltén;Ilustre  Municipalidad  de  Tolten;4192466;TOLVA  JAC  LANDER  3262  6X4  15M3  MT  2025  REGIÓN  IX;TOLVA;73611000;73611000;0;2;147222000;Si;DERCOMAQ  SPA;DERCOMAQ  SPA;96.545.450-0
2239-8-LR23;5802342;Convenio  Marco  de    Adquisición  de  Vehículos;5240-46-CM25;52357146;ADQUISICIÓN  DE  CAMIONETAS  4X4  COLOR  FÁBRICA  PARA  CARABINEROS  DE  CHILE;2025-04-14;2024-12-17;2024-12-17;2025-01-02;Recepción  Conforme;74387;61.938.500-4;Direccion  de  Compras  Publicas  de  Carabineros;DIRECCION  DE  LOGISTICA  DE  CARABINEROS;Av.  Lib.  Bernardo  OHiggins  N°  1449,torre  7,PISO  11;Santiago;DIRECCION  DE  LOGISTICA  DE  CARABINEROS;2254861;CAMIONETA  TOYOTA  HILUX  DX  DC  2.4  4X4  MT  2025  REGIÓN  RM;CAMIONETA;27827647;26368655;5;8;210949240;No;MARITANO  Y  EBENSPERGER  LTDA;MARITANO  Y  EBENSPERGER  LIMITADA;86.519.000-K
2239-8-LR23;5802342;Convenio  Marco  de    Adquisición  de  Vehículos;5240-46-CM25;52357146;ADQUISICIÓN  DE  CAMIONETAS  4X4  COLOR  FÁBRICA  PARA  CARABINEROS  DE  CHILE;2025-04-14;2024-12-17;2024-12-17;2025-01-02;Recepción  Conforme;74387;61.938.500-4;Direccion  de  Compras  Publicas  de  Carabineros;DIRECCION  DE  LOGISTICA  DE  CARABINEROS;Av.  Lib.  Bernardo  OHiggins  N°  1449,torre  7,PISO  11;Santiago;DIRECCION  DE  LOGISTICA  DE  CARABINEROS;2253331;CAMIONETA  MITSUBISHI  L200  KATANA  XRT  4X4  MT  2025  REGIÓN  RM;CAMIONETA;28791000;28791000;0;8;230328000;No;ASTARA  RETAIL  CHILE  SPA;ASTARA  RETAIL  CHILE  SPA;96.928.530-4
2239-8-LR23;5802342;Convenio  Marco  de    Adquisición  de  Vehículos;5240-46-CM25;52357146;ADQUISICIÓN  DE  CAMIONETAS  4X4  COLOR  FÁBRICA  PARA  CARABINEROS  DE  CHILE;2025-04-14;2024-12-17;2024-12-17;2025-01-02;Recepción  Conforme;74387;61.938.500-4;Direccion  de  Compras  Publicas  de  Carabineros;DIRECCION  DE  LOGISTICA  DE  CARABINEROS;Av.  Lib.  Bernardo  OHiggins  N°  1449,torre  7,PISO  11;Santiago;DIRECCION  DE  LOGISTICA  DE  CARABINEROS;2041395;CAMIONETA  TOYOTA  HILUX  DX  2.4  4X4  MT  2024  REGIÓN  RM;CAMIONETA;27827647;27316546;2;8;218532368;No;SALINAS  Y  FABRES  SOCIEDAD  ANONIMA;SALINAS  Y  FABRES  S.  A.;91.502.000-3
2239-8-LR23;5802342;Convenio  Marco  de    Adquisición  de  Vehículos;5240-46-CM25;52357146;ADQUISICIÓN  DE  CAMIONETAS  4X4  COLOR  FÁBRICA  PARA  CARABINEROS  DE  CHILE;2025-04-14;2024-12-17;2024-12-17;2025-01-02;Recepción  Conforme;74387;61.938.500-4;Direccion  de  Compras  Publicas  de  Carabineros;DIRECCION  DE  LOGISTICA  DE  CARABINEROS;Av.  Lib.  Bernardo  OHiggins  N°  1449,torre  7,PISO  11;Santiago;DIRECCION  DE  LOGISTICA  DE  CARABINEROS;2253331;CAMIONETA  MITSUBISHI  L200  KATANA  XRT  4X4  MT  2025  REGIÓN  RM;CAMIONETA;28791000;25990000;10;8;207920000;No;MARCELO  FRONZA  Y  CIA  LTDA;MARCELO  FRONZA  Y  CIA.  LTDA.;78.098.600-K
2239-8-LR23;5802342;Convenio  Marco  de    Adquisición  de  Vehículos;5240-46-CM25;52357146;ADQUISICIÓN  DE  CAMIONETAS  4X4  COLOR  FÁBRICA  PARA  CARABINEROS  DE  CHILE;2025-04-14;2024-12-17;2024-12-17;2025-01-02;Recepción  Conforme;74387;61.938.500-4;Direccion  de  Compras  Publicas  de  Carabineros;DIRECCION  DE  LOGISTICA  DE  CARABINEROS;Av.  Lib.  Bernardo  OHiggins  N°  1449,torre  7,PISO  11;Santiago;DIRECCION  DE  LOGISTICA  DE  CARABINEROS;2250713;CAMIONETA  CHANGAN  HUNTER  COMFORT  2.0T  4X4  MT  2025  REGIÓN  RM;CAMIONETA;18546891;18546891;0;8;148375128;Si;COMERCIAL  ANFRUNS  Y  COMPANIA  SPA;COMERCIAL  ANFRUNS  Y  COMPAÑÍA  SPA;86.385.500-4
2239-8-LR23;5802342;Convenio  Marco  de    Adquisición  de  Vehículos;5240-46-CM25;52357146;ADQUISICIÓN  DE  CAMIONETAS  4X4  COLOR  FÁBRICA  PARA  CARABINEROS  DE  CHILE;2025-04-14;2024-12-17;2024-12-17;2025-01-02;Recepción  Conforme;74387;61.938.500-4;Direccion  de  Compras  Publicas  de  Carabineros;DIRECCION  DE  LOGISTICA  DE  CARABINEROS;Av.  Lib.  Bernardo  OHiggins  N°  1449,torre  7,PISO  11;Santiago;DIRECCION  DE  LOGISTICA  DE  CARABINEROS;2042925;CAMIONETA  CHEVROLET  COLORADO  LT  4X4  AT  2024  REGIÓN  RM;CAMIONETA;31399909;26710040;15;8;213680320;No;KOVACS  SPA;KOVACS  SPA;80.522.900-4
2239-8-LR23;5802342;Convenio  Marco  de    Adquisición  de  Vehículos;5240-46-CM25;52357146;ADQUISICIÓN  DE  CAMIONETAS  4X4  COLOR  FÁBRICA  PARA  CARABINEROS  DE  CHILE;2025-04-14;2024-12-17;2024-12-17;2025-01-02;Recepción  Conforme;74387;61.938.500-4;Direccion  de  Compras  Publicas  de  Carabineros;DIRECCION  DE  LOGISTICA  DE  CARABINEROS;Av.  Lib.  Bernardo  OHiggins  N°  1449,torre  7,PISO  11;Santiago;DIRECCION  DE  LOGISTICA  DE  CARABINEROS;2042908;CAMIONETA  CHEVROLET  COLORADO  LT  4X4  MT  2024  REGIÓN  RM;CAMIONETA;29283909;25036737;15;8;200293896;No;KOVACS  SPA;KOVACS  SPA;80.522.900-4
2239-8-LR23;5802342;Convenio  Marco  de    Adquisición  de  Vehículos;5240-46-CM25;52357146;ADQUISICIÓN  DE  CAMIONETAS  4X4  COLOR  FÁBRICA  PARA  CARABINEROS  DE  CHILE;2025-04-14;2024-12-17;2024-12-17;2025-01-02;Recepción  Conforme;74387;61.938.500-4;Direccion  de  Compras  Publicas  de  Carabineros;DIRECCION  DE  LOGISTICA  DE  CARABINEROS;Av.  Lib.  Bernardo  OHiggins  N°  1449,torre  7,PISO  11;Santiago;DIRECCION  DE  LOGISTICA  DE  CARABINEROS;2250254;CAMIONETA  GREAT  WALL  POER  4X4  ELITE  PANT  MT  2025  REGIÓN  RM;CAMIONETA;19034800;19034800;0;8;152278400;No;COMERCIAL  ANFRUNS  Y  COMPANIA  SPA;COMERCIAL  ANFRUNS  Y  COMPAÑÍA  SPA;86.385.500-4
2239-8-LR23;5802342;Convenio  Marco  de    Adquisición  de  Vehículos;5240-46-CM25;52357146;ADQUISICIÓN  DE  CAMIONETAS  4X4  COLOR  FÁBRICA  PARA  CARABINEROS  DE  CHILE;2025-04-14;2024-12-17;2024-12-17;2025-01-02;Recepción  Conforme;74387;61.938.500-4;Direccion  de  Compras  Publicas  de  Carabineros;DIRECCION  DE  LOGISTICA  DE  CARABINEROS;Av.  Lib.  Bernardo  OHiggins  N°  1449,torre  7,PISO  11;Santiago;DIRECCION  DE  LOGISTICA  DE  CARABINEROS;2250322;CAMIONETA  GREAT  WALL  POER  PLUS  4X4  ELITE  AT  2025  REGIÓN  RM;CAMIONETA;22806800;22806800;0;8;182454400;No;COMERCIAL  ANFRUNS  Y  COMPANIA  SPA;COMERCIAL  ANFRUNS  Y  COMPAÑÍA  SPA;86.385.500-4
2239-8-LR23;5802342;Convenio  Marco  de    Adquisición  de  Vehículos;5240-46-CM25;52357146;ADQUISICIÓN  DE  CAMIONETAS  4X4  COLOR  FÁBRICA  PARA  CARABINEROS  DE  CHILE;2025-04-14;2024-12-17;2024-12-17;2025-01-02;Recepción  Conforme;74387;61.938.500-4;Direccion  de  Compras  Publicas  de  Carabineros;DIRECCION  DE  LOGISTICA  DE  CARABINEROS;Av.  Lib.  Bernardo  OHiggins  N°  1449,torre  7,PISO  11;Santiago;DIRECCION  DE  LOGISTICA  DE  CARABINEROS;2041395;CAMIONETA  TOYOTA  HILUX  DX  2.4  4X4  MT  2024  REGIÓN  RM;CAMIONETA;27490000;26819000;2;8;214552000;No;KOVACS  SPA;KOVACS  SPA;80.522.900-4
2239-8-LR23;5802342;Convenio  Marco  de    Adquisición  de  Vehículos;5240-46-CM25;52357146;ADQUISICIÓN  DE  CAMIONETAS  4X4  COLOR  FÁBRICA  PARA  CARABINEROS  DE  CHILE;2025-04-14;2024-12-17;2024-12-17;2025-01-02;Recepción  Conforme;74387;61.938.500-4;Direccion  de  Compras  Publicas  de  Carabineros;DIRECCION  DE  LOGISTICA  DE  CARABINEROS;Av.  Lib.  Bernardo  OHiggins  N°  1449,torre  7,PISO  11;Santiago;DIRECCION  DE  LOGISTICA  DE  CARABINEROS;2254725;CAMIONETA  TOYOTA  HILUX  DX  2.4  4X4  MT  2025  REGIÓN  RM;CAMIONETA;27827647;26368655;5;8;210949240;No;MARITANO  Y  EBENSPERGER  LTDA;MARITANO  Y  EBENSPERGER  LIMITADA;86.519.000-K
2239-1-LR24;5802359;CONVENIO  MARCO  PARA  COMPUTADORES  PORTÁTILES  DESKTOP  Y  AIO;867990-164-CM25;52182548;Adquisición  de  computadores/CDP.82461  DE  CC102;2025-04-03;2024-12-02;2024-12-02;2024-12-19;Recepción  Conforme;74235;60.911.000-7;Unidad  de  Coordinación  Institucional  -  UCI;UNIVERSIDAD  DE  SANTIAGO  DE  CHILE;Av.  L.  Bernardo  O  Higgins  3363  -  Estación  Central;Estación  Central;UNIVERSIDAD  DE  SANTIAGO  DE  CHILE;2227931;LAPTOP  LENOVO  THINKBOOK  14  WINDOWS  11  PRO  AMD  RYZEN  7  7730U  16  GB  1  TB  GAMA  3;LAPTOP;588;535;9;270;144509;No;REPARACIONES  BBCC  LIMITADA;REPARACIONES  BBCC  LIMITADA;76.376.530-k
2239-1-LR24;5802359;CONVENIO  MARCO  PARA  COMPUTADORES  PORTÁTILES  DESKTOP  Y  AIO;867990-164-CM25;52182548;Adquisición  de  computadores/CDP.82461  DE  CC102;2025-04-03;2024-12-02;2024-12-02;2024-12-19;Recepción  Conforme;74235;60.911.000-7;Unidad  de  Coordinación  Institucional  -  UCI;UNIVERSIDAD  DE  SANTIAGO  DE  CHILE;Av.  L.  Bernardo  O  Higgins  3363  -  Estación  Central;Estación  Central;UNIVERSIDAD  DE  SANTIAGO  DE  CHILE;2227934;LAPTOP  ASUS  B3404CMA  CORE  ULTRA  7  WINDOWS  11  PRO  INTEL  CORE  ULTRA  7  155U  16  GB  1  TB  GAMA  3;LAPTOP;787;780;1;270;210856;No;TECHNOSYSTEMS  CHILE  SPA;TECHNOSYSTEMS  CHILE  SPA;96.678.350-8
2239-1-LR24;5802359;CONVENIO  MARCO  PARA  COMPUTADORES  PORTÁTILES  DESKTOP  Y  AIO;867990-164-CM25;52182548;Adquisición  de  computadores/CDP.82461  DE  CC102;2025-04-03;2024-12-02;2024-12-02;2024-12-19;Recepción  Conforme;74235;60.911.000-7;Unidad  de  Coordinación  Institucional  -  UCI;UNIVERSIDAD  DE  SANTIAGO  DE  CHILE;Av.  L.  Bernardo  O  Higgins  3363  -  Estación  Central;Estación  Central;UNIVERSIDAD  DE  SANTIAGO  DE  CHILE;2227931;LAPTOP  LENOVO  THINKBOOK  14  WINDOWS  11  PRO  AMD  RYZEN  7  7730U  16  GB  1  TB  GAMA  3;LAPTOP;590;587;1;270;158490;Si;RICOH  CHILE  S.A;RICOH  CHILE  S.A;96.513.980-k
2239-1-LR24;5802359;CONVENIO  MARCO  PARA  COMPUTADORES  PORTÁTILES  DESKTOP  Y  AIO;867990-164-CM25;52182548;Adquisición  de  computadores/CDP.82461  DE  CC102;2025-04-03;2024-12-02;2024-12-02;2024-12-19;Recepción  Conforme;74235;60.911.000-7;Unidad  de  Coordinación  Institucional  -  UCI;UNIVERSIDAD  DE  SANTIAGO  DE  CHILE;Av.  L.  Bernardo  O  Higgins  3363  -  Estación  Central;Estación  Central;UNIVERSIDAD  DE  SANTIAGO  DE  CHILE;2227934;LAPTOP  ASUS  B3404CMA  CORE  ULTRA  7  WINDOWS  11  PRO  INTEL  CORE  ULTRA  7  155U  16  GB  1  TB  GAMA  3;LAPTOP;788;1010;-28;270;272700;No;COMERCIAL  FELP  SPA;COMERCIAL  FELP  SPA;76.427.199-8
2239-21-LR23;5802355;Convenio  Marco  de  Insumos  y  Dispositivos  Médicos  (Magento);886954-9619-CM25;52353825;Orden  de  Compra  generada  por  la  Gran  Compra:  74516;2025-04-16;2025-01-06;2025-01-28;2025-02-11;Recepción  Conforme;74516;61.602.189-3;Abastecimiento  Insumos;HOSPITAL  GUILLERMO  GRANT  BENAVENTE  DE  CO;San  Martin  1436;Concepción;HOSPITAL  GUILLERMO  GRANT  BENAVENTE  DE  CO;2231112;GUANTE  NITRILO  AAFLEX  EXAMINACIÓN-PROCEDIMIENTO  S/POLVO  TALLA  M  CAJA  100  UNIDADES;GUANTE  NITRILO;1972;1950;1;170000;331500000;No;FLEXING  CHILE  SPA;FLEXING  CHILE  SPA;76.592.530-4
2239-21-LR23;5802355;Convenio  Marco  de  Insumos  y  Dispositivos  Médicos  (Magento);886954-9619-CM25;52353825;Orden  de  Compra  generada  por  la  Gran  Compra:  74516;2025-04-16;2025-01-06;2025-01-28;2025-02-11;Recepción  Conforme;74516;61.602.189-3;Abastecimiento  Insumos;HOSPITAL  GUILLERMO  GRANT  BENAVENTE  DE  CO;San  Martin  1436;Concepción;HOSPITAL  GUILLERMO  GRANT  BENAVENTE  DE  CO;2231107;GUANTE  NITRILO  4G  HOSPITALIA  EXAMINACIÓN-PROCEDIMIENTO  S/POLVO  TALLA  L  CAJA  100  UNIDADES;GUANTE  NITRILO;2014;1880;7;136000;255680000;Si;HOSPITALIA  PRODUCTOS  MEDICOS  SPA;HOSPITALIA  PRODUCTOS  MEDICOS  SPA;78.233.420-4
2239-21-LR23;5802355;Convenio  Marco  de  Insumos  y  Dispositivos  Médicos  (Magento);886954-9619-CM25;52353825;Orden  de  Compra  generada  por  la  Gran  Compra:  74516;2025-04-16;2025-01-06;2025-01-28;2025-02-11;Recepción  Conforme;74516;61.602.189-3;Abastecimiento  Insumos;HOSPITAL  GUILLERMO  GRANT  BENAVENTE  DE  CO;San  Martin  1436;Concepción;HOSPITAL  GUILLERMO  GRANT  BENAVENTE  DE  CO;2231113;GUANTE  NITRILO  AAFLEX  EXAMINACIÓN-PROCEDIMIENTO  S/POLVO  TALLA  S  CAJA  100  UNIDADES;GUANTE  NITRILO;1972;1950;1;100000;195000000;No;FLEXING  CHILE  SPA;FLEXING  CHILE  SPA;76.592.530-4
2239-21-LR23;5802355;Convenio  Marco  de  Insumos  y  Dispositivos  Médicos  (Magento);886954-9619-CM25;52353825;Orden  de  Compra  generada  por  la  Gran  Compra:  74516;2025-04-16;2025-01-06;2025-01-28;2025-02-11;Recepción  Conforme;74516;61.602.189-3;Abastecimiento  Insumos;HOSPITAL  GUILLERMO  GRANT  BENAVENTE  DE  CO;San  Martin  1436;Concepción;HOSPITAL  GUILLERMO  GRANT  BENAVENTE  DE  CO;2231144;GUANTE  NITRILO  CLEANCARRIER  EXAMINACIÓN-PROCEDIMIENTO  S/POLVO  TALLA  L  CAJA  100  UNIDADES;GUANTE  NITRILO;2507;1940;23;136000;263840000;No;IMPORTADORA  Y  COMERCIALIZADORA  BBC  CHILE  S.A.;IMPORTADORA  Y  COMERCIALIZADORA  BBC  CHILE  S.  A.;76.054.237-7
2239-21-LR23;5802355;Convenio  Marco  de  Insumos  y  Dispositivos  Médicos  (Magento);886954-9619-CM25;52353825;Orden  de  Compra  generada  por  la  Gran  Compra:  74516;2025-04-16;2025-01-06;2025-01-28;2025-02-11;Recepción  Conforme;74516;61.602.189-3;Abastecimiento  Insumos;HOSPITAL  GUILLERMO  GRANT  BENAVENTE  DE  CO;San  Martin  1436;Concepción;HOSPITAL  GUILLERMO  GRANT  BENAVENTE  DE  CO;2231111;GUANTE  NITRILO  AAFLEX  EXAMINACIÓN-PROCEDIMIENTO  S/POLVO  TALLA  L  CAJA  100  UNIDADES;GUANTE  NITRILO;1972;1950;1;136000;265200000;No;FLEXING  CHILE  SPA;FLEXING  CHILE  SPA;76.592.530-4
2239-21-LR23;5802355;Convenio  Marco  de  Insumos  y  Dispositivos  Médicos  (Magento);886954-9619-CM25;52353825;Orden  de  Compra  generada  por  la  Gran  Compra:  74516;2025-04-16;2025-01-06;2025-01-28;2025-02-11;Recepción  Conforme;74516;61.602.189-3;Abastecimiento  Insumos;HOSPITAL  GUILLERMO  GRANT  BENAVENTE  DE  CO;San  Martin  1436;Concepción;HOSPITAL  GUILLERMO  GRANT  BENAVENTE  DE  CO;2231108;GUANTE  NITRILO  4G  HOSPITALIA  EXAMINACIÓN-PROCEDIMIENTO  S/POLVO  TALLA  M  CAJA  100  UNIDADES;GUANTE  NITRILO;2115;1880;11;170000;319600000;Si;HOSPITALIA  PRODUCTOS  MEDICOS  SPA;HOSPITALIA  PRODUCTOS  MEDICOS  SPA;78.233.420-4
2239-21-LR23;5802355;Convenio  Marco  de  Insumos  y  Dispositivos  Médicos  (Magento);886954-9619-CM25;52353825;Orden  de  Compra  generada  por  la  Gran  Compra:  74516;2025-04-16;2025-01-06;2025-01-28;2025-02-11;Recepción  Conforme;74516;61.602.189-3;Abastecimiento  Insumos;HOSPITAL  GUILLERMO  GRANT  BENAVENTE  DE  CO;San  Martin  1436;Concepción;HOSPITAL  GUILLERMO  GRANT  BENAVENTE  DE  CO;2231228;GUANTE  NITRILO  TECNIKARE  EXAMINACIÓN-PROCEDIMIENTO  S/POLVO  TALLA  S  CAJA  100  UNIDADES;GUANTE  NITRILO;2518;2100;17;100000;210000000;No;TECNIKA  S  A;TECNIKA  S.  A.;96.625.950-7
2239-21-LR23;5802355;Convenio  Marco  de  Insumos  y  Dispositivos  Médicos  (Magento);886954-9619-CM25;52353825;Orden  de  Compra  generada  por  la  Gran  Compra:  74516;2025-04-16;2025-01-06;2025-01-28;2025-02-11;Recepción  Conforme;74516;61.602.189-3;Abastecimiento  Insumos;HOSPITAL  GUILLERMO  GRANT  BENAVENTE  DE  CO;San  Martin  1436;Concepción;HOSPITAL  GUILLERMO  GRANT  BENAVENTE  DE  CO;2231181;GUANTE  NITRILO  NEMOCARE  EXAMINACIÓN-PROCEDIMIENTO  S/POLVO  TALLA  S  CAJA  100  UNIDADES;GUANTE  NITRILO;2004;1994;0;100000;199400000;No;NEMO  CHILE  S.A.;NEMO  CHILE  S.  A.;76.215.260-6
2239-21-LR23;5802355;Convenio  Marco  de  Insumos  y  Dispositivos  Médicos  (Magento);886954-9619-CM25;52353825;Orden  de  Compra  generada  por  la  Gran  Compra:  74516;2025-04-16;2025-01-06;2025-01-28;2025-02-11;Recepción  Conforme;74516;61.602.189-3;Abastecimiento  Insumos;HOSPITAL  GUILLERMO  GRANT  BENAVENTE  DE  CO;San  Martin  1436;Concepción;HOSPITAL  GUILLERMO  GRANT  BENAVENTE  DE  CO;2231145;GUANTE  NITRILO  CLEANCARRIER  EXAMINACIÓN-PROCEDIMIENTO  S/POLVO  TALLA  M  CAJA  100  UNIDADES;GUANTE  NITRILO;2507;1940;23;170000;329800000;No;IMPORTADORA  Y  COMERCIALIZADORA  BBC  CHILE  S.A.;IMPORTADORA  Y  COMERCIALIZADORA  BBC  CHILE  S.  A.;76.054.237-7
2239-21-LR23;5802355;Convenio  Marco  de  Insumos  y  Dispositivos  Médicos  (Magento);886954-9619-CM25;52353825;Orden  de  Compra  generada  por  la  Gran  Compra:  74516;2025-04-16;2025-01-06;2025-01-28;2025-02-11;Recepción  Conforme;74516;61.602.189-3;Abastecimiento  Insumos;HOSPITAL  GUILLERMO  GRANT  BENAVENTE  DE  CO;San  Martin  1436;Concepción;HOSPITAL  GUILLERMO  GRANT  BENAVENTE  DE  CO;2231109;GUANTE  NITRILO  4G  HOSPITALIA  EXAMINACIÓN-PROCEDIMIENTO  S/POLVO  TALLA  S  CAJA  100  UNIDADES;GUANTE  NITRILO;2014;1880;7;100000;188000000;Si;HOSPITALIA  PRODUCTOS  MEDICOS  SPA;HOSPITALIA  PRODUCTOS  MEDICOS  SPA;78.233.420-4
2239-21-LR23;5802355;Convenio  Marco  de  Insumos  y  Dispositivos  Médicos  (Magento);886954-9619-CM25;52353825;Orden  de  Compra  generada  por  la  Gran  Compra:  74516;2025-04-16;2025-01-06;2025-01-28;2025-02-11;Recepción  Conforme;74516;61.602.189-3;Abastecimiento  Insumos;HOSPITAL  GUILLERMO  GRANT  BENAVENTE  DE  CO;San  Martin  1436;Concepción;HOSPITAL  GUILLERMO  GRANT  BENAVENTE  DE  CO;2231179;GUANTE  NITRILO  NEMOCARE  EXAMINACIÓN-PROCEDIMIENTO  S/POLVO  TALLA  L  CAJA  100  UNIDADES;GUANTE  NITRILO;2115;1994;6;136000;271184000;No;NEMO  CHILE  S.A.;NEMO  CHILE  S.  A.;76.215.260-6
2239-21-LR23;5802355;Convenio  Marco  de  Insumos  y  Dispositivos  Médicos  (Magento);886954-9619-CM25;52353825;Orden  de  Compra  generada  por  la  Gran  Compra:  74516;2025-04-16;2025-01-06;2025-01-28;2025-02-11;Recepción  Conforme;74516;61.602.189-3;Abastecimiento  Insumos;HOSPITAL  GUILLERMO  GRANT  BENAVENTE  DE  CO;San  Martin  1436;Concepción;HOSPITAL  GUILLERMO  GRANT  BENAVENTE  DE  CO;2231146;GUANTE  NITRILO  CLEANCARRIER  EXAMINACIÓN-PROCEDIMIENTO  S/POLVO  TALLA  S  CAJA  100  UNIDADES;GUANTE  NITRILO;2507;1940;23;100000;194000000;No;IMPORTADORA  Y  COMERCIALIZADORA  BBC  CHILE  S.A.;IMPORTADORA  Y  COMERCIALIZADORA  BBC  CHILE  S.  A.;76.054.237-7
2239-21-LR23;5802355;Convenio  Marco  de  Insumos  y  Dispositivos  Médicos  (Magento);886954-9619-CM25;52353825;Orden  de  Compra  generada  por  la  Gran  Compra:  74516;2025-04-16;2025-01-06;2025-01-28;2025-02-11;Recepción  Conforme;74516;61.602.189-3;Abastecimiento  Insumos;HOSPITAL  GUILLERMO  GRANT  BENAVENTE  DE  CO;San  Martin  1436;Concepción;HOSPITAL  GUILLERMO  GRANT  BENAVENTE  DE  CO;2231227;GUANTE  NITRILO  TECNIKARE  EXAMINACIÓN-PROCEDIMIENTO  S/POLVO  TALLA  M  CAJA  100  UNIDADES;GUANTE  NITRILO;2518;2100;17;170000;357000000;No;TECNIKA  S  A;TECNIKA  S.  A.;96.625.950-7
2239-21-LR23;5802355;Convenio  Marco  de  Insumos  y  Dispositivos  Médicos  (Magento);886954-9619-CM25;52353825;Orden  de  Compra  generada  por  la  Gran  Compra:  74516;2025-04-16;2025-01-06;2025-01-28;2025-02-11;Recepción  Conforme;74516;61.602.189-3;Abastecimiento  Insumos;HOSPITAL  GUILLERMO  GRANT  BENAVENTE  DE  CO;San  Martin  1436;Concepción;HOSPITAL  GUILLERMO  GRANT  BENAVENTE  DE  CO;2231234;GUANTE  NITRILO  TRESOR  EXAMINACIÓN-PROCEDIMIENTO  S/POLVO  TALLA  L  CAJA  100  UNIDADES;GUANTE  NITRILO;2014;2190;-9;136000;297840000;No;REUTTER  S  A;REUTTER  S.  A.;81.210.400-4
2239-21-LR23;5802355;Convenio  Marco  de  Insumos  y  Dispositivos  Médicos  (Magento);886954-9619-CM25;52353825;Orden  de  Compra  generada  por  la  Gran  Compra:  74516;2025-04-16;2025-01-06;2025-01-28;2025-02-11;Recepción  Conforme;74516;61.602.189-3;Abastecimiento  Insumos;HOSPITAL  GUILLERMO  GRANT  BENAVENTE  DE  CO;San  Martin  1436;Concepción;HOSPITAL  GUILLERMO  GRANT  BENAVENTE  DE  CO;2231235;GUANTE  NITRILO  TRESOR  EXAMINACIÓN-PROCEDIMIENTO  S/POLVO  TALLA  M  CAJA  100  UNIDADES;GUANTE  NITRILO;2366;2190;7;170000;372300000;No;REUTTER  S  A;REUTTER  S.  A.;81.210.400-4
2239-21-LR23;5802355;Convenio  Marco  de  Insumos  y  Dispositivos  Médicos  (Magento);886954-9619-CM25;52353825;Orden  de  Compra  generada  por  la  Gran  Compra:  74516;2025-04-16;2025-01-06;2025-01-28;2025-02-11;Recepción  Conforme;74516;61.602.189-3;Abastecimiento  Insumos;HOSPITAL  GUILLERMO  GRANT  BENAVENTE  DE  CO;San  Martin  1436;Concepción;HOSPITAL  GUILLERMO  GRANT  BENAVENTE  DE  CO;2231226;GUANTE  NITRILO  TECNIKARE  EXAMINACIÓN-PROCEDIMIENTO  S/POLVO  TALLA  L  CAJA  100  UNIDADES;GUANTE  NITRILO;2518;2100;17;136000;285600000;No;TECNIKA  S  A;TECNIKA  S.  A.;96.625.950-7
2239-21-LR23;5802355;Convenio  Marco  de  Insumos  y  Dispositivos  Médicos  (Magento);886954-9619-CM25;52353825;Orden  de  Compra  generada  por  la  Gran  Compra:  74516;2025-04-16;2025-01-06;2025-01-28;2025-02-11;Recepción  Conforme;74516;61.602.189-3;Abastecimiento  Insumos;HOSPITAL  GUILLERMO  GRANT  BENAVENTE  DE  CO;San  Martin  1436;Concepción;HOSPITAL  GUILLERMO  GRANT  BENAVENTE  DE  CO;2231180;GUANTE  NITRILO  NEMOCARE  EXAMINACIÓN-PROCEDIMIENTO  S/POLVO  TALLA  M  CAJA  100  UNIDADES;GUANTE  NITRILO;2115;1994;6;170000;338980000;No;NEMO  CHILE  S.A.;NEMO  CHILE  S.  A.;76.215.260-6
2239-21-LR23;5802355;Convenio  Marco  de  Insumos  y  Dispositivos  Médicos  (Magento);886954-9619-CM25;52353825;Orden  de  Compra  generada  por  la  Gran  Compra:  74516;2025-04-16;2025-01-06;2025-01-28;2025-02-11;Recepción  Conforme;74516;61.602.189-3;Abastecimiento  Insumos;HOSPITAL  GUILLERMO  GRANT  BENAVENTE  DE  CO;San  Martin  1436;Concepción;HOSPITAL  GUILLERMO  GRANT  BENAVENTE  DE  CO;2231236;GUANTE  NITRILO  TRESOR  EXAMINACIÓN-PROCEDIMIENTO  S/POLVO  TALLA  S  CAJA  100  UNIDADES;GUANTE  NITRILO;2366;2190;7;100000;219000000;No;REUTTER  S  A;REUTTER  S.  A.;81.210.400-4
