NroLicitacionPublica;IdConvenioMarco;ConvenioMarco;CodigoOC;PorId;NombreOC;FechaEnvioOC;FechaCreacionGC;FechaInvitacion;FechaFinInvitacion;EstadoOC;IdGranCompra;RutUnidadCompra;UnidadCompra;RazonSocialComprador;DireccionUnidadCompra;ComunaUnidadCompra;Institucion;IdProductoCM;NombreProducto;TipoProducto;PrecioTienda;PrecioOfertaEspecial;DescuentoAplicado;CantidadFinal;PrecioOfertaFinal;Adjudicado;RazonSocialSucursal;NombreProveedor;RutProveedor
2239-21-LR23;5802355;Convenio  Marco  de  Insumos  y  Dispositivos  Médicos  (Magento);1057544-9874-CM24;51806618;Orden  de  Compra  generada  por  la  Gran  Compra:  73752;2025-03-27;2024-10-21;2024-10-22;2024-11-08;Aceptada;73752;61.607.202-1;Bienes  y  Servicios;SERVICIO  DE  SALUD  DE  TALCAHUANO  HOSPITAL;Avenida  Alto  Horno,  777  Las  Higueras;Talcahuano;SERVICIO  DE  SALUD  DE  TALCAHUANO  HOSPITAL;2232753;PLANA  QUIRÚRGICA  MEDLINE  KIT  UNIVERSAL  DYNJPX10553  UNIDAD;PLANA  QUIRÚRGICA;9990;9790;2;28000;274120000;No;MEDLINE  CHILE  SPA;MEDLINE  CHILE  SPA;77.460.383-2
2239-21-LR23;5802355;Convenio  Marco  de  Insumos  y  Dispositivos  Médicos  (Magento);1057544-9874-CM24;51806618;Orden  de  Compra  generada  por  la  Gran  Compra:  73752;2025-03-27;2024-10-21;2024-10-22;2024-11-08;Aceptada;73752;61.607.202-1;Bienes  y  Servicios;SERVICIO  DE  SALUD  DE  TALCAHUANO  HOSPITAL;Avenida  Alto  Horno,  777  Las  Higueras;Talcahuano;SERVICIO  DE  SALUD  DE  TALCAHUANO  HOSPITAL;2232831;PLANA  QUIRÚRGICA  SMARTMED  KIT  UNIVERSAL  P013B-II  UNIDAD;PLANA  QUIRÚRGICA;13999;11590;17;28000;324520000;Si;COMERCIAL  LBF  LIMITADA;COMERCIAL  LBF  LIMITADA;93.366.000-1
2239-21-LR23;5802355;Convenio  Marco  de  Insumos  y  Dispositivos  Médicos  (Magento);1057544-9874-CM24;51806618;Orden  de  Compra  generada  por  la  Gran  Compra:  73752;2025-03-27;2024-10-21;2024-10-22;2024-11-08;Aceptada;73752;61.607.202-1;Bienes  y  Servicios;SERVICIO  DE  SALUD  DE  TALCAHUANO  HOSPITAL;Avenida  Alto  Horno,  777  Las  Higueras;Talcahuano;SERVICIO  DE  SALUD  DE  TALCAHUANO  HOSPITAL;2232736;PLANA  QUIRÚRGICA  HOFSAMED  KIT  UNIVERSAL  UNIDAD;PLANA  QUIRÚRGICA;12300;11900;3;28000;333200000;No;DROGUERIA  HOFMANN  LIMITADA  Y  COMPANIA  SOCIEDAD  EN  COMANDITA  POR  ACCION;DROGUERIA  HOFMANN  SAC;92.288.000-k
2239-21-LR23;5802355;Convenio  Marco  de  Insumos  y  Dispositivos  Médicos  (Magento);1057544-9874-CM24;51806618;Orden  de  Compra  generada  por  la  Gran  Compra:  73752;2025-03-27;2024-10-21;2024-10-22;2024-11-08;Aceptada;73752;61.607.202-1;Bienes  y  Servicios;SERVICIO  DE  SALUD  DE  TALCAHUANO  HOSPITAL;Avenida  Alto  Horno,  777  Las  Higueras;Talcahuano;SERVICIO  DE  SALUD  DE  TALCAHUANO  HOSPITAL;2232726;PLANA  QUIRÚRGICA  HEALTH-PAK  MADEGOM  KIT  HEMODINAMIA  4  UNIDADES;PLANA  QUIRÚRGICA;129948;13998;89;28000;391944000;No;COMERCIAL  ETHOS  S  A;COMERCIAL  ETHOS  S.  A.;78.583.750-9
2239-21-LR23;5802355;Convenio  Marco  de  Insumos  y  Dispositivos  Médicos  (Magento);1057544-9874-CM24;51806618;Orden  de  Compra  generada  por  la  Gran  Compra:  73752;2025-03-27;2024-10-21;2024-10-22;2024-11-08;Aceptada;73752;61.607.202-1;Bienes  y  Servicios;SERVICIO  DE  SALUD  DE  TALCAHUANO  HOSPITAL;Avenida  Alto  Horno,  777  Las  Higueras;Talcahuano;SERVICIO  DE  SALUD  DE  TALCAHUANO  HOSPITAL;2232755;PLANA  QUIRÚRGICA  NEMO  KIT  UNIVERSAL  UNIDAD;PLANA  QUIRÚRGICA;12350;10918;12;28000;305704000;No;NEMO  CHILE  S.A.;NEMO  CHILE  S.  A.;76.215.260-6
2239-21-LR23;5802355;Convenio  Marco  de  Insumos  y  Dispositivos  Médicos  (Magento);1057544-9874-CM24;51806618;Orden  de  Compra  generada  por  la  Gran  Compra:  73752;2025-03-27;2024-10-21;2024-10-22;2024-11-08;Aceptada;73752;61.607.202-1;Bienes  y  Servicios;SERVICIO  DE  SALUD  DE  TALCAHUANO  HOSPITAL;Avenida  Alto  Horno,  777  Las  Higueras;Talcahuano;SERVICIO  DE  SALUD  DE  TALCAHUANO  HOSPITAL;2232800;PLANA  QUIRÚRGICA  OPERA  KIT  UNIVERSAL  75-P133S  UNIDAD;PLANA  QUIRÚRGICA;11589;17500;-51;28000;490000000;No;PLAN  A  SPA;PLAN  A  SPA;77.883.662-9
2239-21-LR23;5802355;Convenio  Marco  de  Insumos  y  Dispositivos  Médicos  (Magento);1057544-9874-CM24;51806618;Orden  de  Compra  generada  por  la  Gran  Compra:  73752;2025-03-27;2024-10-21;2024-10-22;2024-11-08;Aceptada;73752;61.607.202-1;Bienes  y  Servicios;SERVICIO  DE  SALUD  DE  TALCAHUANO  HOSPITAL;Avenida  Alto  Horno,  777  Las  Higueras;Talcahuano;SERVICIO  DE  SALUD  DE  TALCAHUANO  HOSPITAL;2237032;PLANA  QUIRÚRGICA  HEALTH-PAK  MADEGOM  KIT  UNIVERSAL  UNIDAD;PLANA  QUIRÚRGICA;9890;9890;0;28000;276920000;No;MADEGOM  SPA;MADEGOM  S.  A.;84.609.600-0
2239-2-LR23;5802330;Convenio  Marco  Artículos  de  Escritorio  y  Papelería;1084156-2541-CM25;52361978;VM  P02  7734  GENERAL-SEP-JUNJI  RESMAS  PARA  EE;2025-03-25;2025-02-14;2025-02-14;2025-02-28;Recepción  Conforme;75349;65.181.672-6;Compras  y  Licitaciones;SERVICIO  LOCAL  DE  EDUCACION  PUBLICA  ANDALIEN  SUR;Caupolicán  518  Piso  3;Concepción;SERVICIO  LOCAL  DE  EDUCACION  PUBLICA  ANDALIEN  SUR;2013835;PAPEL  IMPRESIÓN  PREMIER  RESMA  HOJA  TAMAÑO  OFICIO  COLOR  BLANCO  500  HOJAS  UNIDAD  REGIÓN  VIII;PAPEL  IMPRESIÓN;3880;3302;15;12675;41852850;No;SERVICIOS  INTEGRADOS  SIDAPT  LIMITADA;SERVICIOS  INTEGRADOS  SIDAPT  LIMITADA;76.299.358-9
2239-2-LR23;5802330;Convenio  Marco  Artículos  de  Escritorio  y  Papelería;1084156-2541-CM25;52361978;VM  P02  7734  GENERAL-SEP-JUNJI  RESMAS  PARA  EE;2025-03-25;2025-02-14;2025-02-14;2025-02-28;Recepción  Conforme;75349;65.181.672-6;Compras  y  Licitaciones;SERVICIO  LOCAL  DE  EDUCACION  PUBLICA  ANDALIEN  SUR;Caupolicán  518  Piso  3;Concepción;SERVICIO  LOCAL  DE  EDUCACION  PUBLICA  ANDALIEN  SUR;2013495;PAPEL  IMPRESIÓN  EQUALIT  RESMA  HOJA  TAMAÑO  OFICIO  COLOR  BLANCO  500  HOJAS  UNIDAD  REGIÓN  VIII;PAPEL  IMPRESIÓN;4120;3386;18;12675;42917550;No;LIBRERÍA  ATLANTIK  LIMITADA;LIBRERÍA  ATLANTIK  LIMITADA;76.943.080-6
2239-2-LR23;5802330;Convenio  Marco  Artículos  de  Escritorio  y  Papelería;1084156-2541-CM25;52361978;VM  P02  7734  GENERAL-SEP-JUNJI  RESMAS  PARA  EE;2025-03-25;2025-02-14;2025-02-14;2025-02-28;Recepción  Conforme;75349;65.181.672-6;Compras  y  Licitaciones;SERVICIO  LOCAL  DE  EDUCACION  PUBLICA  ANDALIEN  SUR;Caupolicán  518  Piso  3;Concepción;SERVICIO  LOCAL  DE  EDUCACION  PUBLICA  ANDALIEN  SUR;2013478;PAPEL  IMPRESIÓN  EQUALIT  RESMA  HOJA  TAMAÑO  CARTA  COLOR  BLANCO  500  HOJAS  UNIDAD  REGIÓN  VIII;PAPEL  IMPRESIÓN;3760;2835;25;13915;39449025;No;LIBRERÍA  ATLANTIK  LIMITADA;LIBRERÍA  ATLANTIK  LIMITADA;76.943.080-6
2239-2-LR23;5802330;Convenio  Marco  Artículos  de  Escritorio  y  Papelería;1084156-2541-CM25;52361978;VM  P02  7734  GENERAL-SEP-JUNJI  RESMAS  PARA  EE;2025-03-25;2025-02-14;2025-02-14;2025-02-28;Recepción  Conforme;75349;65.181.672-6;Compras  y  Licitaciones;SERVICIO  LOCAL  DE  EDUCACION  PUBLICA  ANDALIEN  SUR;Caupolicán  518  Piso  3;Concepción;SERVICIO  LOCAL  DE  EDUCACION  PUBLICA  ANDALIEN  SUR;2013461;PAPEL  IMPRESIÓN  DIPISA  RESMA  HOJA  TAMAÑO  OFICIO  COLOR  BLANCO  500  HOJAS  UNIDAD  REGIÓN  VIII;PAPEL  IMPRESIÓN;3998;3997;0;13915;55618255;No;SONIA  ANGÉLICA  LOBOS  MADRIGAL;SONIA  ANGÉLICA  LOBOS  MADRIGAL;8.306.984-8
2239-2-LR23;5802330;Convenio  Marco  Artículos  de  Escritorio  y  Papelería;1084156-2541-CM25;52361978;VM  P02  7734  GENERAL-SEP-JUNJI  RESMAS  PARA  EE;2025-03-25;2025-02-14;2025-02-14;2025-02-28;Recepción  Conforme;75349;65.181.672-6;Compras  y  Licitaciones;SERVICIO  LOCAL  DE  EDUCACION  PUBLICA  ANDALIEN  SUR;Caupolicán  518  Piso  3;Concepción;SERVICIO  LOCAL  DE  EDUCACION  PUBLICA  ANDALIEN  SUR;2013818;PAPEL  IMPRESIÓN  PREMIER  RESMA  HOJA  TAMAÑO  CARTA  COLOR  BLANCO  500  HOJAS  UNIDAD  REGIÓN  VIII;PAPEL  IMPRESIÓN;3363;2810;16;13915;39101150;No;SERVICIOS  INTEGRADOS  SIDAPT  LIMITADA;SERVICIOS  INTEGRADOS  SIDAPT  LIMITADA;76.299.358-9
2239-2-LR23;5802330;Convenio  Marco  Artículos  de  Escritorio  y  Papelería;1084156-2541-CM25;52361978;VM  P02  7734  GENERAL-SEP-JUNJI  RESMAS  PARA  EE;2025-03-25;2025-02-14;2025-02-14;2025-02-28;Recepción  Conforme;75349;65.181.672-6;Compras  y  Licitaciones;SERVICIO  LOCAL  DE  EDUCACION  PUBLICA  ANDALIEN  SUR;Caupolicán  518  Piso  3;Concepción;SERVICIO  LOCAL  DE  EDUCACION  PUBLICA  ANDALIEN  SUR;2013444;PAPEL  IMPRESIÓN  DIPISA  RESMA  HOJA  TAMAÑO  CARTA  COLOR  BLANCO  500  HOJAS  UNIDAD  REGIÓN  VIII;PAPEL  IMPRESIÓN;3398;3397;0;13915;47269255;No;SONIA  ANGÉLICA  LOBOS  MADRIGAL;SONIA  ANGÉLICA  LOBOS  MADRIGAL;8.306.984-8
2239-2-LR23;5802330;Convenio  Marco  Artículos  de  Escritorio  y  Papelería;1084156-2541-CM25;52361978;VM  P02  7734  GENERAL-SEP-JUNJI  RESMAS  PARA  EE;2025-03-25;2025-02-14;2025-02-14;2025-02-28;Recepción  Conforme;75349;65.181.672-6;Compras  y  Licitaciones;SERVICIO  LOCAL  DE  EDUCACION  PUBLICA  ANDALIEN  SUR;Caupolicán  518  Piso  3;Concepción;SERVICIO  LOCAL  DE  EDUCACION  PUBLICA  ANDALIEN  SUR;2013869;PAPEL  IMPRESIÓN  PRISA  RESMA  HOJA  TAMAÑO  OFICIO  COLOR  BLANCO  500  HOJAS  UNIDAD  REGIÓN  VIII;PAPEL  IMPRESIÓN;3509;3141;10;12675;39812175;No;PROVEEDORES  INTEGRALES  PRISA  S  A;PROVEEDORES  INTEGRALES  PRISA  S  A;96.556.940-5
2239-2-LR23;5802330;Convenio  Marco  Artículos  de  Escritorio  y  Papelería;1084156-2541-CM25;52361978;VM  P02  7734  GENERAL-SEP-JUNJI  RESMAS  PARA  EE;2025-03-25;2025-02-14;2025-02-14;2025-02-28;Recepción  Conforme;75349;65.181.672-6;Compras  y  Licitaciones;SERVICIO  LOCAL  DE  EDUCACION  PUBLICA  ANDALIEN  SUR;Caupolicán  518  Piso  3;Concepción;SERVICIO  LOCAL  DE  EDUCACION  PUBLICA  ANDALIEN  SUR;2013852;PAPEL  IMPRESIÓN  PRISA  RESMA  HOJA  TAMAÑO  CARTA  COLOR  BLANCO  500  HOJAS  UNIDAD  REGIÓN  VIII;PAPEL  IMPRESIÓN;2988;2665;11;13915;37083475;No;PROVEEDORES  INTEGRALES  PRISA  S  A;PROVEEDORES  INTEGRALES  PRISA  S  A;96.556.940-5
2239-2-LR23;5802330;Convenio  Marco  Artículos  de  Escritorio  y  Papelería;1084156-2541-CM25;52361978;VM  P02  7734  GENERAL-SEP-JUNJI  RESMAS  PARA  EE;2025-03-25;2025-02-14;2025-02-14;2025-02-28;Recepción  Conforme;75349;65.181.672-6;Compras  y  Licitaciones;SERVICIO  LOCAL  DE  EDUCACION  PUBLICA  ANDALIEN  SUR;Caupolicán  518  Piso  3;Concepción;SERVICIO  LOCAL  DE  EDUCACION  PUBLICA  ANDALIEN  SUR;2013835;PAPEL  IMPRESIÓN  PREMIER  RESMA  HOJA  TAMAÑO  OFICIO  COLOR  BLANCO  500  HOJAS  UNIDAD  REGIÓN  VIII;PAPEL  IMPRESIÓN;4108;3174;23;12675;40230450;No;SOCIEDAD  COMERCIAL  OCTAVA  LIMITADA;SOCIEDAD  COMERCIAL  OCTAVA  LIMITADA;76.046.716-2
2239-2-LR23;5802330;Convenio  Marco  Artículos  de  Escritorio  y  Papelería;1084156-2541-CM25;52361978;VM  P02  7734  GENERAL-SEP-JUNJI  RESMAS  PARA  EE;2025-03-25;2025-02-14;2025-02-14;2025-02-28;Recepción  Conforme;75349;65.181.672-6;Compras  y  Licitaciones;SERVICIO  LOCAL  DE  EDUCACION  PUBLICA  ANDALIEN  SUR;Caupolicán  518  Piso  3;Concepción;SERVICIO  LOCAL  DE  EDUCACION  PUBLICA  ANDALIEN  SUR;2013427;PAPEL  IMPRESIÓN  DIMERC  RESMA  HOJA  TAMAÑO  OFICIO  COLOR  BLANCO  500  HOJAS  UNIDAD  REGIÓN  VIII;PAPEL  IMPRESIÓN;3383;3210;5;12675;40686750;No;DIMERC  S  A;DIMERC  S.  A.;96.670.840-9
2239-2-LR23;5802330;Convenio  Marco  Artículos  de  Escritorio  y  Papelería;1084156-2541-CM25;52361978;VM  P02  7734  GENERAL-SEP-JUNJI  RESMAS  PARA  EE;2025-03-25;2025-02-14;2025-02-14;2025-02-28;Recepción  Conforme;75349;65.181.672-6;Compras  y  Licitaciones;SERVICIO  LOCAL  DE  EDUCACION  PUBLICA  ANDALIEN  SUR;Caupolicán  518  Piso  3;Concepción;SERVICIO  LOCAL  DE  EDUCACION  PUBLICA  ANDALIEN  SUR;2013529;PAPEL  IMPRESIÓN  EXCELLENT  RESMA  HOJA  TAMAÑO  CARTA  COLOR  BLANCO  500  HOJAS  UNIDAD  REGIÓN  VIII;PAPEL  IMPRESIÓN;3657;2744;25;13915;38182760;No;DISTRIBUIDORA  PAPELES  INDUSTRIALES  SPA;Distribuidora  Papeles  Industriales  S.A.;93.558.000-5
2239-2-LR23;5802330;Convenio  Marco  Artículos  de  Escritorio  y  Papelería;1084156-2541-CM25;52361978;VM  P02  7734  GENERAL-SEP-JUNJI  RESMAS  PARA  EE;2025-03-25;2025-02-14;2025-02-14;2025-02-28;Recepción  Conforme;75349;65.181.672-6;Compras  y  Licitaciones;SERVICIO  LOCAL  DE  EDUCACION  PUBLICA  ANDALIEN  SUR;Caupolicán  518  Piso  3;Concepción;SERVICIO  LOCAL  DE  EDUCACION  PUBLICA  ANDALIEN  SUR;2013410;PAPEL  IMPRESIÓN  DIMERC  RESMA  HOJA  TAMAÑO  CARTA  COLOR  BLANCO  500  HOJAS  UNIDAD  REGIÓN  VIII;PAPEL  IMPRESIÓN;2807;2710;3;13915;37709650;No;DIMERC  S  A;DIMERC  S.  A.;96.670.840-9
2239-2-LR23;5802330;Convenio  Marco  Artículos  de  Escritorio  y  Papelería;1084156-2541-CM25;52361978;VM  P02  7734  GENERAL-SEP-JUNJI  RESMAS  PARA  EE;2025-03-25;2025-02-14;2025-02-14;2025-02-28;Recepción  Conforme;75349;65.181.672-6;Compras  y  Licitaciones;SERVICIO  LOCAL  DE  EDUCACION  PUBLICA  ANDALIEN  SUR;Caupolicán  518  Piso  3;Concepción;SERVICIO  LOCAL  DE  EDUCACION  PUBLICA  ANDALIEN  SUR;2013818;PAPEL  IMPRESIÓN  PREMIER  RESMA  HOJA  TAMAÑO  CARTA  COLOR  BLANCO  500  HOJAS  UNIDAD  REGIÓN  VIII;PAPEL  IMPRESIÓN;3476;2684;23;13915;37347860;No;SOCIEDAD  COMERCIAL  OCTAVA  LIMITADA;SOCIEDAD  COMERCIAL  OCTAVA  LIMITADA;76.046.716-2
2239-2-LR23;5802330;Convenio  Marco  Artículos  de  Escritorio  y  Papelería;1084156-2541-CM25;52361978;VM  P02  7734  GENERAL-SEP-JUNJI  RESMAS  PARA  EE;2025-03-25;2025-02-14;2025-02-14;2025-02-28;Recepción  Conforme;75349;65.181.672-6;Compras  y  Licitaciones;SERVICIO  LOCAL  DE  EDUCACION  PUBLICA  ANDALIEN  SUR;Caupolicán  518  Piso  3;Concepción;SERVICIO  LOCAL  DE  EDUCACION  PUBLICA  ANDALIEN  SUR;2013937;PAPEL  IMPRESIÓN  REPROGRAF  RESMA  HOJA  TAMAÑO  CARTA  COLOR  BLANCO  500  HOJAS  UNIDAD  REGIÓN  VIII;PAPEL  IMPRESIÓN;2803;2635;6;13915;36666025;Si;DISTRIBUIDORA  VERGIO  SPA;DISTRIBUIDORA  VERGIO  SPA;96.972.190-2
2239-2-LR23;5802330;Convenio  Marco  Artículos  de  Escritorio  y  Papelería;1084156-2541-CM25;52361978;VM  P02  7734  GENERAL-SEP-JUNJI  RESMAS  PARA  EE;2025-03-25;2025-02-14;2025-02-14;2025-02-28;Recepción  Conforme;75349;65.181.672-6;Compras  y  Licitaciones;SERVICIO  LOCAL  DE  EDUCACION  PUBLICA  ANDALIEN  SUR;Caupolicán  518  Piso  3;Concepción;SERVICIO  LOCAL  DE  EDUCACION  PUBLICA  ANDALIEN  SUR;2013954;PAPEL  IMPRESIÓN  REPROGRAF  RESMA  HOJA  TAMAÑO  OFICIO  COLOR  BLANCO  500  HOJAS  UNIDAD  REGIÓN  VIII;PAPEL  IMPRESIÓN;3289;3117;5;12675;39507975;Si;DISTRIBUIDORA  VERGIO  SPA;DISTRIBUIDORA  VERGIO  SPA;96.972.190-2
2239-2-LR23;5802330;Convenio  Marco  Artículos  de  Escritorio  y  Papelería;1084156-2541-CM25;52361978;VM  P02  7734  GENERAL-SEP-JUNJI  RESMAS  PARA  EE;2025-03-25;2025-02-14;2025-02-14;2025-02-28;Recepción  Conforme;75349;65.181.672-6;Compras  y  Licitaciones;SERVICIO  LOCAL  DE  EDUCACION  PUBLICA  ANDALIEN  SUR;Caupolicán  518  Piso  3;Concepción;SERVICIO  LOCAL  DE  EDUCACION  PUBLICA  ANDALIEN  SUR;2013546;PAPEL  IMPRESIÓN  EXCELLENT  RESMA  HOJA  TAMAÑO  OFICIO  COLOR  BLANCO  500  HOJAS  UNIDAD  REGIÓN  VIII;PAPEL  IMPRESIÓN;4419;3242;27;12675;41092350;No;DISTRIBUIDORA  PAPELES  INDUSTRIALES  SPA;Distribuidora  Papeles  Industriales  S.A.;93.558.000-5
2239-2-LR23;5802330;Convenio  Marco  Artículos  de  Escritorio  y  Papelería;1216085-52-CM25;52213401;COMPRA  RESMA  ANUAL  CORPORACION  74968;2025-03-10;2025-02-03;2025-02-03;2025-02-17;Recepción  Conforme;74968;70.983.600-5;Adquisiciones;CORP  MUNICIPAL  PARA  EL  DESARROLLO  SOCIAL;;Villa  Alemana;CORP  MUNICIPAL  PARA  EL  DESARROLLO  SOCIAL;2013492;PAPEL  IMPRESIÓN  EQUALIT  RESMA  HOJA  TAMAÑO  OFICIO  COLOR  BLANCO  500  HOJAS  UNIDAD  REGIÓN  V;PAPEL  IMPRESIÓN;4593;4237;8;6450;27328650;No;NAYADE  DEL  PILAR  MELÉNDEZ  CASTILLO;NMC;5.561.040-1
2239-2-LR23;5802330;Convenio  Marco  Artículos  de  Escritorio  y  Papelería;1216085-52-CM25;52213401;COMPRA  RESMA  ANUAL  CORPORACION  74968;2025-03-10;2025-02-03;2025-02-03;2025-02-17;Recepción  Conforme;74968;70.983.600-5;Adquisiciones;CORP  MUNICIPAL  PARA  EL  DESARROLLO  SOCIAL;;Villa  Alemana;CORP  MUNICIPAL  PARA  EL  DESARROLLO  SOCIAL;2013492;PAPEL  IMPRESIÓN  EQUALIT  RESMA  HOJA  TAMAÑO  OFICIO  COLOR  BLANCO  500  HOJAS  UNIDAD  REGIÓN  V;PAPEL  IMPRESIÓN;3989;3452;13;6450;22265400;No;SOCIEDAD  PROCESADORA  DE  PARTES  Y  PIEZAS  LIMITADA;SOCIEDAD  PROCESADORA  DE  PARTES  Y  PIEZAS  LIMITADA;76.178.855-8
2239-2-LR23;5802330;Convenio  Marco  Artículos  de  Escritorio  y  Papelería;1216085-52-CM25;52213401;COMPRA  RESMA  ANUAL  CORPORACION  74968;2025-03-10;2025-02-03;2025-02-03;2025-02-17;Recepción  Conforme;74968;70.983.600-5;Adquisiciones;CORP  MUNICIPAL  PARA  EL  DESARROLLO  SOCIAL;;Villa  Alemana;CORP  MUNICIPAL  PARA  EL  DESARROLLO  SOCIAL;2013713;PAPEL  IMPRESIÓN  OVELLA  RESMA  HOJA  TAMAÑO  CARTA  COLOR  BLANCO  500  HOJAS  UNIDAD  REGIÓN  V;PAPEL  IMPRESIÓN;3204;3459;-8;6450;22310550;No;DISTRIBUIDORA  PAPELES  INDUSTRIALES  SPA;Distribuidora  Papeles  Industriales  S.A.;93.558.000-5
2239-2-LR23;5802330;Convenio  Marco  Artículos  de  Escritorio  y  Papelería;1216085-52-CM25;52213401;COMPRA  RESMA  ANUAL  CORPORACION  74968;2025-03-10;2025-02-03;2025-02-03;2025-02-17;Recepción  Conforme;74968;70.983.600-5;Adquisiciones;CORP  MUNICIPAL  PARA  EL  DESARROLLO  SOCIAL;;Villa  Alemana;CORP  MUNICIPAL  PARA  EL  DESARROLLO  SOCIAL;2013474;PAPEL  IMPRESIÓN  EQUALIT  RESMA  HOJA  TAMAÑO  CARTA  COLOR  BLANCO  500  HOJAS  UNIDAD  REGIÓN  RM;PAPEL  IMPRESIÓN;3402;2965;13;14630;43377950;No;PACKSUR  CARTONES  Y  PAPELES  LIMITADA;PAPELES  CONO  SUR  LIMITADA;78.437.580-3
2239-2-LR23;5802330;Convenio  Marco  Artículos  de  Escritorio  y  Papelería;1216085-52-CM25;52213401;COMPRA  RESMA  ANUAL  CORPORACION  74968;2025-03-10;2025-02-03;2025-02-03;2025-02-17;Recepción  Conforme;74968;70.983.600-5;Adquisiciones;CORP  MUNICIPAL  PARA  EL  DESARROLLO  SOCIAL;;Villa  Alemana;CORP  MUNICIPAL  PARA  EL  DESARROLLO  SOCIAL;2013475;PAPEL  IMPRESIÓN  EQUALIT  RESMA  HOJA  TAMAÑO  CARTA  COLOR  BLANCO  500  HOJAS  UNIDAD  REGIÓN  V;PAPEL  IMPRESIÓN;3270;2914;11;14630;42631820;No;SOCIEDAD  PROCESADORA  DE  PARTES  Y  PIEZAS  LIMITADA;SOCIEDAD  PROCESADORA  DE  PARTES  Y  PIEZAS  LIMITADA;76.178.855-8
2239-2-LR23;5802330;Convenio  Marco  Artículos  de  Escritorio  y  Papelería;1216085-52-CM25;52213401;COMPRA  RESMA  ANUAL  CORPORACION  74968;2025-03-10;2025-02-03;2025-02-03;2025-02-17;Recepción  Conforme;74968;70.983.600-5;Adquisiciones;CORP  MUNICIPAL  PARA  EL  DESARROLLO  SOCIAL;;Villa  Alemana;CORP  MUNICIPAL  PARA  EL  DESARROLLO  SOCIAL;2013713;PAPEL  IMPRESIÓN  OVELLA  RESMA  HOJA  TAMAÑO  CARTA  COLOR  BLANCO  500  HOJAS  UNIDAD  REGIÓN  V;PAPEL  IMPRESIÓN;3204;3459;-8;6450;22310550;No;DISTRIBUIDORA  PAPELES  INDUSTRIALES  SPA;Distribuidora  Papeles  Industriales  S.A.;93.558.000-5
2239-2-LR23;5802330;Convenio  Marco  Artículos  de  Escritorio  y  Papelería;1216085-52-CM25;52213401;COMPRA  RESMA  ANUAL  CORPORACION  74968;2025-03-10;2025-02-03;2025-02-03;2025-02-17;Recepción  Conforme;74968;70.983.600-5;Adquisiciones;CORP  MUNICIPAL  PARA  EL  DESARROLLO  SOCIAL;;Villa  Alemana;CORP  MUNICIPAL  PARA  EL  DESARROLLO  SOCIAL;2013491;PAPEL  IMPRESIÓN  EQUALIT  RESMA  HOJA  TAMAÑO  OFICIO  COLOR  BLANCO  500  HOJAS  UNIDAD  REGIÓN  RM;PAPEL  IMPRESIÓN;4022;3480;13;6450;22446000;No;PACKSUR  CARTONES  Y  PAPELES  LIMITADA;PAPELES  CONO  SUR  LIMITADA;78.437.580-3
2239-2-LR23;5802330;Convenio  Marco  Artículos  de  Escritorio  y  Papelería;1216085-52-CM25;52213401;COMPRA  RESMA  ANUAL  CORPORACION  74968;2025-03-10;2025-02-03;2025-02-03;2025-02-17;Recepción  Conforme;74968;70.983.600-5;Adquisiciones;CORP  MUNICIPAL  PARA  EL  DESARROLLO  SOCIAL;;Villa  Alemana;CORP  MUNICIPAL  PARA  EL  DESARROLLO  SOCIAL;2013526;PAPEL  IMPRESIÓN  EXCELLENT  RESMA  HOJA  TAMAÑO  CARTA  COLOR  BLANCO  500  HOJAS  UNIDAD  REGIÓN  V;PAPEL  IMPRESIÓN;3567;3330;7;14630;48717900;No;SERVICIOS  INTEGRADOS  SIDAPT  LIMITADA;SERVICIOS  INTEGRADOS  SIDAPT  LIMITADA;76.299.358-9
2239-2-LR23;5802330;Convenio  Marco  Artículos  de  Escritorio  y  Papelería;1216085-52-CM25;52213401;COMPRA  RESMA  ANUAL  CORPORACION  74968;2025-03-10;2025-02-03;2025-02-03;2025-02-17;Recepción  Conforme;74968;70.983.600-5;Adquisiciones;CORP  MUNICIPAL  PARA  EL  DESARROLLO  SOCIAL;;Villa  Alemana;CORP  MUNICIPAL  PARA  EL  DESARROLLO  SOCIAL;2013543;PAPEL  IMPRESIÓN  EXCELLENT  RESMA  HOJA  TAMAÑO  OFICIO  COLOR  BLANCO  500  HOJAS  UNIDAD  REGIÓN  V;PAPEL  IMPRESIÓN;4454;4132;7;6450;26651400;No;SERVICIOS  INTEGRADOS  SIDAPT  LIMITADA;SERVICIOS  INTEGRADOS  SIDAPT  LIMITADA;76.299.358-9
2239-2-LR23;5802330;Convenio  Marco  Artículos  de  Escritorio  y  Papelería;1216085-52-CM25;52213401;COMPRA  RESMA  ANUAL  CORPORACION  74968;2025-03-10;2025-02-03;2025-02-03;2025-02-17;Recepción  Conforme;74968;70.983.600-5;Adquisiciones;CORP  MUNICIPAL  PARA  EL  DESARROLLO  SOCIAL;;Villa  Alemana;CORP  MUNICIPAL  PARA  EL  DESARROLLO  SOCIAL;2013475;PAPEL  IMPRESIÓN  EQUALIT  RESMA  HOJA  TAMAÑO  CARTA  COLOR  BLANCO  500  HOJAS  UNIDAD  REGIÓN  V;PAPEL  IMPRESIÓN;3882;3590;8;14630;52521700;No;NAYADE  DEL  PILAR  MELÉNDEZ  CASTILLO;NMC;5.561.040-1
2239-2-LR23;5802330;Convenio  Marco  Artículos  de  Escritorio  y  Papelería;1216085-52-CM25;52213401;COMPRA  RESMA  ANUAL  CORPORACION  74968;2025-03-10;2025-02-03;2025-02-03;2025-02-17;Recepción  Conforme;74968;70.983.600-5;Adquisiciones;CORP  MUNICIPAL  PARA  EL  DESARROLLO  SOCIAL;;Villa  Alemana;CORP  MUNICIPAL  PARA  EL  DESARROLLO  SOCIAL;2013866;PAPEL  IMPRESIÓN  PRISA  RESMA  HOJA  TAMAÑO  OFICIO  COLOR  BLANCO  500  HOJAS  UNIDAD  REGIÓN  V;PAPEL  IMPRESIÓN;3509;3151;10;6450;20323950;Si;PROVEEDORES  INTEGRALES  PRISA  S  A;PROVEEDORES  INTEGRALES  PRISA  S  A;96.556.940-5
2239-2-LR23;5802330;Convenio  Marco  Artículos  de  Escritorio  y  Papelería;1216085-52-CM25;52213401;COMPRA  RESMA  ANUAL  CORPORACION  74968;2025-03-10;2025-02-03;2025-02-03;2025-02-17;Recepción  Conforme;74968;70.983.600-5;Adquisiciones;CORP  MUNICIPAL  PARA  EL  DESARROLLO  SOCIAL;;Villa  Alemana;CORP  MUNICIPAL  PARA  EL  DESARROLLO  SOCIAL;2013849;PAPEL  IMPRESIÓN  PRISA  RESMA  HOJA  TAMAÑO  CARTA  COLOR  BLANCO  500  HOJAS  UNIDAD  REGIÓN  V;PAPEL  IMPRESIÓN;2757;2670;3;14630;39062100;Si;PROVEEDORES  INTEGRALES  PRISA  S  A;PROVEEDORES  INTEGRALES  PRISA  S  A;96.556.940-5
2239-9-LR22;5800319;Convenio  Marco  de  Artículos  de  Aseo  e  Higiene;1216085-62-CM25;52228166;INSUMOS  Y  ARTICULOS  DE  ASEO.  Gran  Compra:  74955;2025-03-06;2025-02-03;2025-02-03;2025-02-17;Recepción  Conforme;74955;70.983.600-5;Adquisiciones;CORP  MUNICIPAL  PARA  EL  DESARROLLO  SOCIAL;;Villa  Alemana;CORP  MUNICIPAL  PARA  EL  DESARROLLO  SOCIAL;1890526;BOLSA  DE  BASURA  VIRUTEX  PRO  CARGA  PESADA  120X130  280  L  ROLLO  X  5  UNIDADES  REGIÓN  V;BOLSA  DE  BASURA;2534;2530;0;901;2056136060;Si;CASTILLA  Y  ARAGON  SPA;CASTILLA  Y  ARAGON  SPA;96.989.530-7
2239-9-LR22;5800319;Convenio  Marco  de  Artículos  de  Aseo  e  Higiene;1216085-62-CM25;52228166;INSUMOS  Y  ARTICULOS  DE  ASEO.  Gran  Compra:  74955;2025-03-06;2025-02-03;2025-02-03;2025-02-17;Recepción  Conforme;74955;70.983.600-5;Adquisiciones;CORP  MUNICIPAL  PARA  EL  DESARROLLO  SOCIAL;;Villa  Alemana;CORP  MUNICIPAL  PARA  EL  DESARROLLO  SOCIAL;1887109;BOLSA  DE  BASURA  AKUAN  CARGA  PESADA  110X120  200  L  ROLLO  X  10  UNIDADES  REGIÓN  V;BOLSA  DE  BASURA;3062;3061;0;959;2935499;No;MULTINEGOCIOS  MACJ  CHILE  SPA;MULTINEGOCIOS  MACJ  CHILE  SPA;76.225.217-1
2239-9-LR22;5800319;Convenio  Marco  de  Artículos  de  Aseo  e  Higiene;1216085-62-CM25;52228166;INSUMOS  Y  ARTICULOS  DE  ASEO.  Gran  Compra:  74955;2025-03-06;2025-02-03;2025-02-03;2025-02-17;Recepción  Conforme;74955;70.983.600-5;Adquisiciones;CORP  MUNICIPAL  PARA  EL  DESARROLLO  SOCIAL;;Villa  Alemana;CORP  MUNICIPAL  PARA  EL  DESARROLLO  SOCIAL;1896527;CLORO  CONCENTRADO  DOÑA  FRESIA  5%  5000  ML  UNIDAD  REGIÓN  V;CLORO  CONCENTRADO;3314;3299;0;376;467639848;Si;CASTILLA  Y  ARAGON  SPA;CASTILLA  Y  ARAGON  SPA;96.989.530-7
2239-9-LR22;5800319;Convenio  Marco  de  Artículos  de  Aseo  e  Higiene;1216085-62-CM25;52228166;INSUMOS  Y  ARTICULOS  DE  ASEO.  Gran  Compra:  74955;2025-03-06;2025-02-03;2025-02-03;2025-02-17;Recepción  Conforme;74955;70.983.600-5;Adquisiciones;CORP  MUNICIPAL  PARA  EL  DESARROLLO  SOCIAL;;Villa  Alemana;CORP  MUNICIPAL  PARA  EL  DESARROLLO  SOCIAL;1890866;BOLSA  DE  BASURA  ZAFA  GRANDE  80X110  120  L  ROLLO  X  10  UNIDADES  REGIÓN  V;BOLSA  DE  BASURA;1110;850;23;2408;2046800;No;COMERCIALIZADORA  PRANDELLI  LIMITADA;COMERCIALIZADORA  PRANDELLI  LIMITADA;76.295.342-0
2239-9-LR22;5800319;Convenio  Marco  de  Artículos  de  Aseo  e  Higiene;1216085-62-CM25;52228166;INSUMOS  Y  ARTICULOS  DE  ASEO.  Gran  Compra:  74955;2025-03-06;2025-02-03;2025-02-03;2025-02-17;Recepción  Conforme;74955;70.983.600-5;Adquisiciones;CORP  MUNICIPAL  PARA  EL  DESARROLLO  SOCIAL;;Villa  Alemana;CORP  MUNICIPAL  PARA  EL  DESARROLLO  SOCIAL;1891580;CERA  PARA  PISOS  BRILLINA  CREMA  DOYPACK  360  CC  AMARILLA  UNIDAD  REGIÓN  V;CERA  PARA  PISOS;1372;1371;0;271;371541;No;MULTINEGOCIOS  MACJ  CHILE  SPA;MULTINEGOCIOS  MACJ  CHILE  SPA;76.225.217-1
2239-9-LR22;5800319;Convenio  Marco  de  Artículos  de  Aseo  e  Higiene;1216085-62-CM25;52228166;INSUMOS  Y  ARTICULOS  DE  ASEO.  Gran  Compra:  74955;2025-03-06;2025-02-03;2025-02-03;2025-02-17;Recepción  Conforme;74955;70.983.600-5;Adquisiciones;CORP  MUNICIPAL  PARA  EL  DESARROLLO  SOCIAL;;Villa  Alemana;CORP  MUNICIPAL  PARA  EL  DESARROLLO  SOCIAL;1887007;BOLSA  DE  BASURA  AAFLEX  GRANDE  80X110  120  L  PLANA  PAQUETE  X  10  UNIDADES  REGIÓN  V;BOLSA  DE  BASURA;786;785;0;2408;1890280;No;MULTINEGOCIOS  MACJ  CHILE  SPA;MULTINEGOCIOS  MACJ  CHILE  SPA;76.225.217-1
2239-9-LR22;5800319;Convenio  Marco  de  Artículos  de  Aseo  e  Higiene;1216085-62-CM25;52228166;INSUMOS  Y  ARTICULOS  DE  ASEO.  Gran  Compra:  74955;2025-03-06;2025-02-03;2025-02-03;2025-02-17;Recepción  Conforme;74955;70.983.600-5;Adquisiciones;CORP  MUNICIPAL  PARA  EL  DESARROLLO  SOCIAL;;Villa  Alemana;CORP  MUNICIPAL  PARA  EL  DESARROLLO  SOCIAL;1888265;BOLSA  DE  BASURA  DOÑA  FRESIA  MEDIANA  70X90  70  L  ROLLO  X  10  UNIDADES  REGIÓN  V;BOLSA  DE  BASURA;672;644;4;3646;-26691064;Si;CASTILLA  Y  ARAGON  SPA;CASTILLA  Y  ARAGON  SPA;96.989.530-7
2239-9-LR22;5800319;Convenio  Marco  de  Artículos  de  Aseo  e  Higiene;1216085-62-CM25;52228166;INSUMOS  Y  ARTICULOS  DE  ASEO.  Gran  Compra:  74955;2025-03-06;2025-02-03;2025-02-03;2025-02-17;Recepción  Conforme;74955;70.983.600-5;Adquisiciones;CORP  MUNICIPAL  PARA  EL  DESARROLLO  SOCIAL;;Villa  Alemana;CORP  MUNICIPAL  PARA  EL  DESARROLLO  SOCIAL;1887024;BOLSA  DE  BASURA  AAFLEX  MEDIANA  70X90  70  L  PLANA  PAQUETE  X  10  UNIDADES  REGIÓN  V;BOLSA  DE  BASURA;644;643;0;3646;2344378;No;MULTINEGOCIOS  MACJ  CHILE  SPA;MULTINEGOCIOS  MACJ  CHILE  SPA;76.225.217-1
2239-9-LR22;5800319;Convenio  Marco  de  Artículos  de  Aseo  e  Higiene;1216085-62-CM25;52228166;INSUMOS  Y  ARTICULOS  DE  ASEO.  Gran  Compra:  74955;2025-03-06;2025-02-03;2025-02-03;2025-02-17;Recepción  Conforme;74955;70.983.600-5;Adquisiciones;CORP  MUNICIPAL  PARA  EL  DESARROLLO  SOCIAL;;Villa  Alemana;CORP  MUNICIPAL  PARA  EL  DESARROLLO  SOCIAL;1887041;BOLSA  DE  BASURA  AAFLEX  PEQUEÑA  50X70  30  L  PLANA  PAQUETE  X  10  UNIDADES  REGIÓN  V;BOLSA  DE  BASURA;312;311;0;2673;831303;No;MULTINEGOCIOS  MACJ  CHILE  SPA;MULTINEGOCIOS  MACJ  CHILE  SPA;76.225.217-1
2239-9-LR22;5800319;Convenio  Marco  de  Artículos  de  Aseo  e  Higiene;1216085-62-CM25;52228166;INSUMOS  Y  ARTICULOS  DE  ASEO.  Gran  Compra:  74955;2025-03-06;2025-02-03;2025-02-03;2025-02-17;Recepción  Conforme;74955;70.983.600-5;Adquisiciones;CORP  MUNICIPAL  PARA  EL  DESARROLLO  SOCIAL;;Villa  Alemana;CORP  MUNICIPAL  PARA  EL  DESARROLLO  SOCIAL;1889013;BOLSA  DE  BASURA  IMPEKE  PEQUEÑA  50X70  30  L  ROLLO  X  10  UNIDADES  REGIÓN  V;BOLSA  DE  BASURA;320;268;16;2673;716364;No;PROVEEDORES  INTEGRALES  PRISA  S  A;PROVEEDORES  INTEGRALES  PRISA  S  A;96.556.940-5
2239-9-LR22;5800319;Convenio  Marco  de  Artículos  de  Aseo  e  Higiene;1216085-62-CM25;52228166;INSUMOS  Y  ARTICULOS  DE  ASEO.  Gran  Compra:  74955;2025-03-06;2025-02-03;2025-02-03;2025-02-17;Recepción  Conforme;74955;70.983.600-5;Adquisiciones;CORP  MUNICIPAL  PARA  EL  DESARROLLO  SOCIAL;;Villa  Alemana;CORP  MUNICIPAL  PARA  EL  DESARROLLO  SOCIAL;1888996;BOLSA  DE  BASURA  IMPEKE  MEDIANA  70X90  70  L  ROLLO  X  10  UNIDADES  REGIÓN  V;BOLSA  DE  BASURA;514;429;17;3646;1564134;No;PROVEEDORES  INTEGRALES  PRISA  S  A;PROVEEDORES  INTEGRALES  PRISA  S  A;96.556.940-5
2239-9-LR22;5800319;Convenio  Marco  de  Artículos  de  Aseo  e  Higiene;1216085-62-CM25;52228166;INSUMOS  Y  ARTICULOS  DE  ASEO.  Gran  Compra:  74955;2025-03-06;2025-02-03;2025-02-03;2025-02-17;Recepción  Conforme;74955;70.983.600-5;Adquisiciones;CORP  MUNICIPAL  PARA  EL  DESARROLLO  SOCIAL;;Villa  Alemana;CORP  MUNICIPAL  PARA  EL  DESARROLLO  SOCIAL;1888979;BOLSA  DE  BASURA  IMPEKE  GRANDE  80X110  120  L  ROLLO  X  10  UNIDADES  REGIÓN  V;BOLSA  DE  BASURA;813;703;14;2408;1692824;No;PROVEEDORES  INTEGRALES  PRISA  S  A;PROVEEDORES  INTEGRALES  PRISA  S  A;96.556.940-5
2239-9-LR22;5800319;Convenio  Marco  de  Artículos  de  Aseo  e  Higiene;1216085-62-CM25;52228166;INSUMOS  Y  ARTICULOS  DE  ASEO.  Gran  Compra:  74955;2025-03-06;2025-02-03;2025-02-03;2025-02-17;Recepción  Conforme;74955;70.983.600-5;Adquisiciones;CORP  MUNICIPAL  PARA  EL  DESARROLLO  SOCIAL;;Villa  Alemana;CORP  MUNICIPAL  PARA  EL  DESARROLLO  SOCIAL;1898499;DESODORANTE  AMBIENTAL  AROM  AEROSOL  360  CC  CÍTRICO  UNIDAD  REGIÓN  V;DESODORANTE  AMBIENTAL;1125;1124;0;489;549636;No;MULTINEGOCIOS  MACJ  CHILE  SPA;MULTINEGOCIOS  MACJ  CHILE  SPA;76.225.217-1
2239-9-LR22;5800319;Convenio  Marco  de  Artículos  de  Aseo  e  Higiene;1216085-62-CM25;52228166;INSUMOS  Y  ARTICULOS  DE  ASEO.  Gran  Compra:  74955;2025-03-06;2025-02-03;2025-02-03;2025-02-17;Recepción  Conforme;74955;70.983.600-5;Adquisiciones;CORP  MUNICIPAL  PARA  EL  DESARROLLO  SOCIAL;;Villa  Alemana;CORP  MUNICIPAL  PARA  EL  DESARROLLO  SOCIAL;1888282;BOLSA  DE  BASURA  DOÑA  FRESIA  PEQUEÑA  50X70  30  L  ROLLO  X  10  UNIDADES  REGIÓN  V;BOLSA  DE  BASURA;310;305;2;2673;-2114948686;Si;CASTILLA  Y  ARAGON  SPA;CASTILLA  Y  ARAGON  SPA;96.989.530-7
2239-9-LR22;5800319;Convenio  Marco  de  Artículos  de  Aseo  e  Higiene;1216085-62-CM25;52228166;INSUMOS  Y  ARTICULOS  DE  ASEO.  Gran  Compra:  74955;2025-03-06;2025-02-03;2025-02-03;2025-02-17;Recepción  Conforme;74955;70.983.600-5;Adquisiciones;CORP  MUNICIPAL  PARA  EL  DESARROLLO  SOCIAL;;Villa  Alemana;CORP  MUNICIPAL  PARA  EL  DESARROLLO  SOCIAL;1890390;BOLSA  DE  BASURA  TREMEX  MEDIANA  70X90  70  L  ROLLO  X  10  UNIDADES  REGIÓN  V;BOLSA  DE  BASURA;791;705;11;3646;2570430;No;SUPERMERCADO  MAYORISTA  B  MÁS  SPA;SUPERMERCADO  MAYORISTA  METROPOLITANO  SPA;77.047.926-6
2239-9-LR22;5800319;Convenio  Marco  de  Artículos  de  Aseo  e  Higiene;1216085-62-CM25;52228166;INSUMOS  Y  ARTICULOS  DE  ASEO.  Gran  Compra:  74955;2025-03-06;2025-02-03;2025-02-03;2025-02-17;Recepción  Conforme;74955;70.983.600-5;Adquisiciones;CORP  MUNICIPAL  PARA  EL  DESARROLLO  SOCIAL;;Villa  Alemana;CORP  MUNICIPAL  PARA  EL  DESARROLLO  SOCIAL;1887194;BOLSA  DE  BASURA  AKUAN  PAPELERO  50X55  18  L  ROLLO  X  20  UNIDADES  REGIÓN  V;BOLSA  DE  BASURA;342;341;0;572;195052;No;MULTINEGOCIOS  MACJ  CHILE  SPA;MULTINEGOCIOS  MACJ  CHILE  SPA;76.225.217-1
2239-9-LR22;5800319;Convenio  Marco  de  Artículos  de  Aseo  e  Higiene;1216085-62-CM25;52228166;INSUMOS  Y  ARTICULOS  DE  ASEO.  Gran  Compra:  74955;2025-03-06;2025-02-03;2025-02-03;2025-02-17;Recepción  Conforme;74955;70.983.600-5;Adquisiciones;CORP  MUNICIPAL  PARA  EL  DESARROLLO  SOCIAL;;Villa  Alemana;CORP  MUNICIPAL  PARA  EL  DESARROLLO  SOCIAL;1897411;DESENGRASANTE  COCINA  COMERCIAL  IBL  MULTIUSO  CREMA  ANTIGRASA  750  ML  UNIDAD  REGIÓN  V;DESENGRASANTE  COCINA;1214;1213;0;179;217127;No;MULTINEGOCIOS  MACJ  CHILE  SPA;MULTINEGOCIOS  MACJ  CHILE  SPA;76.225.217-1
2239-9-LR22;5800319;Convenio  Marco  de  Artículos  de  Aseo  e  Higiene;1216085-62-CM25;52228166;INSUMOS  Y  ARTICULOS  DE  ASEO.  Gran  Compra:  74955;2025-03-06;2025-02-03;2025-02-03;2025-02-17;Recepción  Conforme;74955;70.983.600-5;Adquisiciones;CORP  MUNICIPAL  PARA  EL  DESARROLLO  SOCIAL;;Villa  Alemana;CORP  MUNICIPAL  PARA  EL  DESARROLLO  SOCIAL;1887126;BOLSA  DE  BASURA  AKUAN  CARGA  PESADA  120X130  280  L  ROLLO  X  10  UNIDADES  REGIÓN  V;BOLSA  DE  BASURA;3662;3661;0;901;3298561;No;MULTINEGOCIOS  MACJ  CHILE  SPA;MULTINEGOCIOS  MACJ  CHILE  SPA;76.225.217-1
2239-9-LR22;5800319;Convenio  Marco  de  Artículos  de  Aseo  e  Higiene;1216085-62-CM25;52228166;INSUMOS  Y  ARTICULOS  DE  ASEO.  Gran  Compra:  74955;2025-03-06;2025-02-03;2025-02-03;2025-02-17;Recepción  Conforme;74955;70.983.600-5;Adquisiciones;CORP  MUNICIPAL  PARA  EL  DESARROLLO  SOCIAL;;Villa  Alemana;CORP  MUNICIPAL  PARA  EL  DESARROLLO  SOCIAL;1896884;CLORO  GEL  DOÑA  FRESIA  5000  ML  UNIDAD  REGIÓN  V;CLORO  GEL;3116;2353;24;643;974358476;Si;CASTILLA  Y  ARAGON  SPA;CASTILLA  Y  ARAGON  SPA;96.989.530-7
2239-9-LR22;5800319;Convenio  Marco  de  Artículos  de  Aseo  e  Higiene;1216085-62-CM25;52228166;INSUMOS  Y  ARTICULOS  DE  ASEO.  Gran  Compra:  74955;2025-03-06;2025-02-03;2025-02-03;2025-02-17;Recepción  Conforme;74955;70.983.600-5;Adquisiciones;CORP  MUNICIPAL  PARA  EL  DESARROLLO  SOCIAL;;Villa  Alemana;CORP  MUNICIPAL  PARA  EL  DESARROLLO  SOCIAL;1895626;CERA  PARA  PISOS  TREMEX  LÍQUIDA  BIDÓN  5  L  AUTO  BRILLO  ROJA  UNIDAD  REGIÓN  V;CERA  PARA  PISOS;8881;8874;0;271;2404854;No;SERVICIOS  INTEGRADOS  SIDAPT  LIMITADA;SERVICIOS  INTEGRADOS  SIDAPT  LIMITADA;76.299.358-9
2239-9-LR22;5800319;Convenio  Marco  de  Artículos  de  Aseo  e  Higiene;1216085-62-CM25;52228166;INSUMOS  Y  ARTICULOS  DE  ASEO.  Gran  Compra:  74955;2025-03-06;2025-02-03;2025-02-03;2025-02-17;Recepción  Conforme;74955;70.983.600-5;Adquisiciones;CORP  MUNICIPAL  PARA  EL  DESARROLLO  SOCIAL;;Villa  Alemana;CORP  MUNICIPAL  PARA  EL  DESARROLLO  SOCIAL;1895643;CERA  PARA  PISOS  TREMEX  LÍQUIDA  BIDÓN  5  L  EMULSIÓN  ACRÍLICA  INCOLORA  UNIDAD  REGIÓN  V;CERA  PARA  PISOS;7983;7976;0;93;741768;No;SERVICIOS  INTEGRADOS  SIDAPT  LIMITADA;SERVICIOS  INTEGRADOS  SIDAPT  LIMITADA;76.299.358-9
2239-9-LR22;5800319;Convenio  Marco  de  Artículos  de  Aseo  e  Higiene;1216085-62-CM25;52228166;INSUMOS  Y  ARTICULOS  DE  ASEO.  Gran  Compra:  74955;2025-03-06;2025-02-03;2025-02-03;2025-02-17;Recepción  Conforme;74955;70.983.600-5;Adquisiciones;CORP  MUNICIPAL  PARA  EL  DESARROLLO  SOCIAL;;Villa  Alemana;CORP  MUNICIPAL  PARA  EL  DESARROLLO  SOCIAL;1890458;BOLSA  DE  BASURA  VIRUTEX  MEDIANA  70X90  70  L  ROLLO  X  10  UNIDADES  REGIÓN  V;BOLSA  DE  BASURA;955;785;18;3646;2862110;No;SERVICIOS  INTEGRADOS  SIDAPT  LIMITADA;SERVICIOS  INTEGRADOS  SIDAPT  LIMITADA;76.299.358-9
2239-9-LR22;5800319;Convenio  Marco  de  Artículos  de  Aseo  e  Higiene;1216085-62-CM25;52228166;INSUMOS  Y  ARTICULOS  DE  ASEO.  Gran  Compra:  74955;2025-03-06;2025-02-03;2025-02-03;2025-02-17;Recepción  Conforme;74955;70.983.600-5;Adquisiciones;CORP  MUNICIPAL  PARA  EL  DESARROLLO  SOCIAL;;Villa  Alemana;CORP  MUNICIPAL  PARA  EL  DESARROLLO  SOCIAL;1895626;CERA  PARA  PISOS  TREMEX  LÍQUIDA  BIDÓN  5  L  AUTO  BRILLO  ROJA  UNIDAD  REGIÓN  V;CERA  PARA  PISOS;8758;6620;24;271;1794020;No;PROVEEDORES  INTEGRALES  PRISA  S  A;PROVEEDORES  INTEGRALES  PRISA  S  A;96.556.940-5
2239-9-LR22;5800319;Convenio  Marco  de  Artículos  de  Aseo  e  Higiene;1216085-62-CM25;52228166;INSUMOS  Y  ARTICULOS  DE  ASEO.  Gran  Compra:  74955;2025-03-06;2025-02-03;2025-02-03;2025-02-17;Recepción  Conforme;74955;70.983.600-5;Adquisiciones;CORP  MUNICIPAL  PARA  EL  DESARROLLO  SOCIAL;;Villa  Alemana;CORP  MUNICIPAL  PARA  EL  DESARROLLO  SOCIAL;1895626;CERA  PARA  PISOS  TREMEX  LÍQUIDA  BIDÓN  5  L  AUTO  BRILLO  ROJA  UNIDAD  REGIÓN  V;CERA  PARA  PISOS;7961;7703;3;271;567803536;Si;CASTILLA  Y  ARAGON  SPA;CASTILLA  Y  ARAGON  SPA;96.989.530-7
2239-9-LR22;5800319;Convenio  Marco  de  Artículos  de  Aseo  e  Higiene;1216085-62-CM25;52228166;INSUMOS  Y  ARTICULOS  DE  ASEO.  Gran  Compra:  74955;2025-03-06;2025-02-03;2025-02-03;2025-02-17;Recepción  Conforme;74955;70.983.600-5;Adquisiciones;CORP  MUNICIPAL  PARA  EL  DESARROLLO  SOCIAL;;Villa  Alemana;CORP  MUNICIPAL  PARA  EL  DESARROLLO  SOCIAL;1890883;BOLSA  DE  BASURA  ZAFA  MEDIANA  70X90  70  L  ROLLO  X  10  UNIDADES  REGIÓN  V;BOLSA  DE  BASURA;973;550;43;3646;2005300;No;COMERCIALIZADORA  PRANDELLI  LIMITADA;COMERCIALIZADORA  PRANDELLI  LIMITADA;76.295.342-0
2239-9-LR22;5800319;Convenio  Marco  de  Artículos  de  Aseo  e  Higiene;1216085-62-CM25;52228166;INSUMOS  Y  ARTICULOS  DE  ASEO.  Gran  Compra:  74955;2025-03-06;2025-02-03;2025-02-03;2025-02-17;Recepción  Conforme;74955;70.983.600-5;Adquisiciones;CORP  MUNICIPAL  PARA  EL  DESARROLLO  SOCIAL;;Villa  Alemana;CORP  MUNICIPAL  PARA  EL  DESARROLLO  SOCIAL;1890611;BOLSA  DE  BASURA  VIRUTEX  PRO  PAPELERO  50X55  18  L  ROLLO  X  20  UNIDADES  REGIÓN  V;BOLSA  DE  BASURA;583;471;19;572;269412;No;PROVEEDORES  INTEGRALES  PRISA  S  A;PROVEEDORES  INTEGRALES  PRISA  S  A;96.556.940-5
2239-9-LR22;5800319;Convenio  Marco  de  Artículos  de  Aseo  e  Higiene;1216085-62-CM25;52228166;INSUMOS  Y  ARTICULOS  DE  ASEO.  Gran  Compra:  74955;2025-03-06;2025-02-03;2025-02-03;2025-02-17;Recepción  Conforme;74955;70.983.600-5;Adquisiciones;CORP  MUNICIPAL  PARA  EL  DESARROLLO  SOCIAL;;Villa  Alemana;CORP  MUNICIPAL  PARA  EL  DESARROLLO  SOCIAL;1889608;BOLSA  DE  BASURA  VIRUTEX  CARGA  PESADA  120X130  280  L  ROLLO  X  5  UNIDADES  REGIÓN  V;BOLSA  DE  BASURA;2729;2718;0;901;2448918;No;SERVICIOS  INTEGRADOS  SIDAPT  LIMITADA;SERVICIOS  INTEGRADOS  SIDAPT  LIMITADA;76.299.358-9
2239-9-LR22;5800319;Convenio  Marco  de  Artículos  de  Aseo  e  Higiene;1216085-62-CM25;52228166;INSUMOS  Y  ARTICULOS  DE  ASEO.  Gran  Compra:  74955;2025-03-06;2025-02-03;2025-02-03;2025-02-17;Recepción  Conforme;74955;70.983.600-5;Adquisiciones;CORP  MUNICIPAL  PARA  EL  DESARROLLO  SOCIAL;;Villa  Alemana;CORP  MUNICIPAL  PARA  EL  DESARROLLO  SOCIAL;1890560;BOLSA  DE  BASURA  VIRUTEX  PRO  GRANDE  80X110  120  L  PLANA  PAQUETE  X  10  UNIDADES  REGIÓN  V;BOLSA  DE  BASURA;1380;1358;2;2408;3270064;No;SERVICIOS  INTEGRADOS  SIDAPT  LIMITADA;SERVICIOS  INTEGRADOS  SIDAPT  LIMITADA;76.299.358-9
2239-9-LR22;5800319;Convenio  Marco  de  Artículos  de  Aseo  e  Higiene;1216085-62-CM25;52228166;INSUMOS  Y  ARTICULOS  DE  ASEO.  Gran  Compra:  74955;2025-03-06;2025-02-03;2025-02-03;2025-02-17;Recepción  Conforme;74955;70.983.600-5;Adquisiciones;CORP  MUNICIPAL  PARA  EL  DESARROLLO  SOCIAL;;Villa  Alemana;CORP  MUNICIPAL  PARA  EL  DESARROLLO  SOCIAL;1902579;ESPONJA  BETTANIN  ACANALADA  C/FIBRA  ABRASIVA  UNIDAD  REGIÓN  V;ESPONJA;114;113;1;3001;339113;No;MULTINEGOCIOS  MACJ  CHILE  SPA;MULTINEGOCIOS  MACJ  CHILE  SPA;76.225.217-1
2239-9-LR22;5800319;Convenio  Marco  de  Artículos  de  Aseo  e  Higiene;1216085-62-CM25;52228166;INSUMOS  Y  ARTICULOS  DE  ASEO.  Gran  Compra:  74955;2025-03-06;2025-02-03;2025-02-03;2025-02-17;Recepción  Conforme;74955;70.983.600-5;Adquisiciones;CORP  MUNICIPAL  PARA  EL  DESARROLLO  SOCIAL;;Villa  Alemana;CORP  MUNICIPAL  PARA  EL  DESARROLLO  SOCIAL;1888979;BOLSA  DE  BASURA  IMPEKE  GRANDE  80X110  120  L  ROLLO  X  10  UNIDADES  REGIÓN  V;BOLSA  DE  BASURA;765;762;0;2408;125297168;Si;CASTILLA  Y  ARAGON  SPA;CASTILLA  Y  ARAGON  SPA;96.989.530-7
2239-9-LR22;5800319;Convenio  Marco  de  Artículos  de  Aseo  e  Higiene;1216085-62-CM25;52228166;INSUMOS  Y  ARTICULOS  DE  ASEO.  Gran  Compra:  74955;2025-03-06;2025-02-03;2025-02-03;2025-02-17;Recepción  Conforme;74955;70.983.600-5;Adquisiciones;CORP  MUNICIPAL  PARA  EL  DESARROLLO  SOCIAL;;Villa  Alemana;CORP  MUNICIPAL  PARA  EL  DESARROLLO  SOCIAL;1891580;CERA  PARA  PISOS  BRILLINA  CREMA  DOYPACK  360  CC  AMARILLA  UNIDAD  REGIÓN  V;CERA  PARA  PISOS;1372;1371;0;271;371541;No;MULTINEGOCIOS  MACJ  CHILE  SPA;MULTINEGOCIOS  MACJ  CHILE  SPA;76.225.217-1
2239-9-LR22;5800319;Convenio  Marco  de  Artículos  de  Aseo  e  Higiene;1216085-62-CM25;52228166;INSUMOS  Y  ARTICULOS  DE  ASEO.  Gran  Compra:  74955;2025-03-06;2025-02-03;2025-02-03;2025-02-17;Recepción  Conforme;74955;70.983.600-5;Adquisiciones;CORP  MUNICIPAL  PARA  EL  DESARROLLO  SOCIAL;;Villa  Alemana;CORP  MUNICIPAL  PARA  EL  DESARROLLO  SOCIAL;1890475;BOLSA  DE  BASURA  VIRUTEX  PAPELERO  50X55  18  L  ROLLO  X  20  UNIDADES  REGIÓN  V;BOLSA  DE  BASURA;485;484;0;572;276848;No;SERVICIOS  INTEGRADOS  SIDAPT  LIMITADA;SERVICIOS  INTEGRADOS  SIDAPT  LIMITADA;76.299.358-9
2239-9-LR22;5800319;Convenio  Marco  de  Artículos  de  Aseo  e  Higiene;1216085-62-CM25;52228166;INSUMOS  Y  ARTICULOS  DE  ASEO.  Gran  Compra:  74955;2025-03-06;2025-02-03;2025-02-03;2025-02-17;Recepción  Conforme;74955;70.983.600-5;Adquisiciones;CORP  MUNICIPAL  PARA  EL  DESARROLLO  SOCIAL;;Villa  Alemana;CORP  MUNICIPAL  PARA  EL  DESARROLLO  SOCIAL;1898108;DESENGRASANTE  COCINA  SAPOLIO  MULTIUSO  CREMA  ANTIGRASA  750  ML  UNIDAD  REGIÓN  V;DESENGRASANTE  COCINA;1047;1046;0;622;650612;No;MULTINEGOCIOS  MACJ  CHILE  SPA;MULTINEGOCIOS  MACJ  CHILE  SPA;76.225.217-1
2239-9-LR22;5800319;Convenio  Marco  de  Artículos  de  Aseo  e  Higiene;1216085-62-CM25;52228166;INSUMOS  Y  ARTICULOS  DE  ASEO.  Gran  Compra:  74955;2025-03-06;2025-02-03;2025-02-03;2025-02-17;Recepción  Conforme;74955;70.983.600-5;Adquisiciones;CORP  MUNICIPAL  PARA  EL  DESARROLLO  SOCIAL;;Villa  Alemana;CORP  MUNICIPAL  PARA  EL  DESARROLLO  SOCIAL;1896697;CLORO  CONCENTRADO  TREMEX  5%  5000  ML  UNIDAD  REGIÓN  V;CLORO  CONCENTRADO;4086;3217;21;376;1209592;No;PROVEEDORES  INTEGRALES  PRISA  S  A;PROVEEDORES  INTEGRALES  PRISA  S  A;96.556.940-5
2239-9-LR22;5800319;Convenio  Marco  de  Artículos  de  Aseo  e  Higiene;1216085-62-CM25;52228166;INSUMOS  Y  ARTICULOS  DE  ASEO.  Gran  Compra:  74955;2025-03-06;2025-02-03;2025-02-03;2025-02-17;Recepción  Conforme;74955;70.983.600-5;Adquisiciones;CORP  MUNICIPAL  PARA  EL  DESARROLLO  SOCIAL;;Villa  Alemana;CORP  MUNICIPAL  PARA  EL  DESARROLLO  SOCIAL;1898278;DESENGRASANTE  COCINA  TREMEX  ANTIGRASA  USO  PROFESIONAL  5000  ML  UNIDAD  REGIÓN  V;DESENGRASANTE  COCINA;5897;5542;6;179;992018;No;SUPERMERCADO  MAYORISTA  B  MÁS  SPA;SUPERMERCADO  MAYORISTA  METROPOLITANO  SPA;77.047.926-6
2239-9-LR22;5800319;Convenio  Marco  de  Artículos  de  Aseo  e  Higiene;1216085-62-CM25;52228166;INSUMOS  Y  ARTICULOS  DE  ASEO.  Gran  Compra:  74955;2025-03-06;2025-02-03;2025-02-03;2025-02-17;Recepción  Conforme;74955;70.983.600-5;Adquisiciones;CORP  MUNICIPAL  PARA  EL  DESARROLLO  SOCIAL;;Villa  Alemana;CORP  MUNICIPAL  PARA  EL  DESARROLLO  SOCIAL;1896952;CLORO  GEL  TREMEX  5000  ML  UNIDAD  REGIÓN  V;CLORO  GEL;5948;5058;15;643;3252294;No;SUPERMERCADO  MAYORISTA  B  MÁS  SPA;SUPERMERCADO  MAYORISTA  METROPOLITANO  SPA;77.047.926-6
2239-9-LR22;5800319;Convenio  Marco  de  Artículos  de  Aseo  e  Higiene;1216085-62-CM25;52228166;INSUMOS  Y  ARTICULOS  DE  ASEO.  Gran  Compra:  74955;2025-03-06;2025-02-03;2025-02-03;2025-02-17;Recepción  Conforme;74955;70.983.600-5;Adquisiciones;CORP  MUNICIPAL  PARA  EL  DESARROLLO  SOCIAL;;Villa  Alemana;CORP  MUNICIPAL  PARA  EL  DESARROLLO  SOCIAL;1900165;DESODORANTE  AMBIENTAL  TANAX  AEROSOL  360  CC  VAINILLA  UNIDAD  REGIÓN  V;DESODORANTE  AMBIENTAL;967;965;0;782;590875290;Si;CASTILLA  Y  ARAGON  SPA;CASTILLA  Y  ARAGON  SPA;96.989.530-7
2239-9-LR22;5800319;Convenio  Marco  de  Artículos  de  Aseo  e  Higiene;1216085-62-CM25;52228166;INSUMOS  Y  ARTICULOS  DE  ASEO.  Gran  Compra:  74955;2025-03-06;2025-02-03;2025-02-03;2025-02-17;Recepción  Conforme;74955;70.983.600-5;Adquisiciones;CORP  MUNICIPAL  PARA  EL  DESARROLLO  SOCIAL;;Villa  Alemana;CORP  MUNICIPAL  PARA  EL  DESARROLLO  SOCIAL;1896697;CLORO  CONCENTRADO  TREMEX  5%  5000  ML  UNIDAD  REGIÓN  V;CLORO  CONCENTRADO;4081;3499;14;376;1315624;No;SUPERMERCADO  MAYORISTA  B  MÁS  SPA;SUPERMERCADO  MAYORISTA  METROPOLITANO  SPA;77.047.926-6
2239-9-LR22;5800319;Convenio  Marco  de  Artículos  de  Aseo  e  Higiene;1216085-62-CM25;52228166;INSUMOS  Y  ARTICULOS  DE  ASEO.  Gran  Compra:  74955;2025-03-06;2025-02-03;2025-02-03;2025-02-17;Recepción  Conforme;74955;70.983.600-5;Adquisiciones;CORP  MUNICIPAL  PARA  EL  DESARROLLO  SOCIAL;;Villa  Alemana;CORP  MUNICIPAL  PARA  EL  DESARROLLO  SOCIAL;1895643;CERA  PARA  PISOS  TREMEX  LÍQUIDA  BIDÓN  5  L  EMULSIÓN  ACRÍLICA  INCOLORA  UNIDAD  REGIÓN  V;CERA  PARA  PISOS;7753;7703;1;93;67339626;Si;CASTILLA  Y  ARAGON  SPA;CASTILLA  Y  ARAGON  SPA;96.989.530-7
2239-9-LR22;5800319;Convenio  Marco  de  Artículos  de  Aseo  e  Higiene;1216085-62-CM25;52228166;INSUMOS  Y  ARTICULOS  DE  ASEO.  Gran  Compra:  74955;2025-03-06;2025-02-03;2025-02-03;2025-02-17;Recepción  Conforme;74955;70.983.600-5;Adquisiciones;CORP  MUNICIPAL  PARA  EL  DESARROLLO  SOCIAL;;Villa  Alemana;CORP  MUNICIPAL  PARA  EL  DESARROLLO  SOCIAL;1896697;CLORO  CONCENTRADO  TREMEX  5%  5000  ML  UNIDAD  REGIÓN  V;CLORO  CONCENTRADO;4017;3999;0;376;1503624;No;SERVICIOS  INTEGRADOS  SIDAPT  LIMITADA;SERVICIOS  INTEGRADOS  SIDAPT  LIMITADA;76.299.358-9
2239-9-LR22;5800319;Convenio  Marco  de  Artículos  de  Aseo  e  Higiene;1216085-62-CM25;52228166;INSUMOS  Y  ARTICULOS  DE  ASEO.  Gran  Compra:  74955;2025-03-06;2025-02-03;2025-02-03;2025-02-17;Recepción  Conforme;74955;70.983.600-5;Adquisiciones;CORP  MUNICIPAL  PARA  EL  DESARROLLO  SOCIAL;;Villa  Alemana;CORP  MUNICIPAL  PARA  EL  DESARROLLO  SOCIAL;1895643;CERA  PARA  PISOS  TREMEX  LÍQUIDA  BIDÓN  5  L  EMULSIÓN  ACRÍLICA  INCOLORA  UNIDAD  REGIÓN  V;CERA  PARA  PISOS;7978;7199;10;93;669507;No;SUPERMERCADO  MAYORISTA  B  MÁS  SPA;SUPERMERCADO  MAYORISTA  METROPOLITANO  SPA;77.047.926-6
2239-9-LR22;5800319;Convenio  Marco  de  Artículos  de  Aseo  e  Higiene;1216085-62-CM25;52228166;INSUMOS  Y  ARTICULOS  DE  ASEO.  Gran  Compra:  74955;2025-03-06;2025-02-03;2025-02-03;2025-02-17;Recepción  Conforme;74955;70.983.600-5;Adquisiciones;CORP  MUNICIPAL  PARA  EL  DESARROLLO  SOCIAL;;Villa  Alemana;CORP  MUNICIPAL  PARA  EL  DESARROLLO  SOCIAL;1890628;BOLSA  DE  BASURA  VIRUTEX  PRO  PEQUEÑA  50X70  30  L  PLANA  PAQUETE  X  10  UNIDADES  REGIÓN  V;BOLSA  DE  BASURA;589;587;0;2673;1569051;No;SERVICIOS  INTEGRADOS  SIDAPT  LIMITADA;SERVICIOS  INTEGRADOS  SIDAPT  LIMITADA;76.299.358-9
2239-9-LR22;5800319;Convenio  Marco  de  Artículos  de  Aseo  e  Higiene;1216085-62-CM25;52228166;INSUMOS  Y  ARTICULOS  DE  ASEO.  Gran  Compra:  74955;2025-03-06;2025-02-03;2025-02-03;2025-02-17;Recepción  Conforme;74955;70.983.600-5;Adquisiciones;CORP  MUNICIPAL  PARA  EL  DESARROLLO  SOCIAL;;Villa  Alemana;CORP  MUNICIPAL  PARA  EL  DESARROLLO  SOCIAL;1890611;BOLSA  DE  BASURA  VIRUTEX  PRO  PAPELERO  50X55  18  L  ROLLO  X  20  UNIDADES  REGIÓN  V;BOLSA  DE  BASURA;496;495;0;572;162239220;Si;CASTILLA  Y  ARAGON  SPA;CASTILLA  Y  ARAGON  SPA;96.989.530-7
2239-9-LR22;5800319;Convenio  Marco  de  Artículos  de  Aseo  e  Higiene;1216085-62-CM25;52228166;INSUMOS  Y  ARTICULOS  DE  ASEO.  Gran  Compra:  74955;2025-03-06;2025-02-03;2025-02-03;2025-02-17;Recepción  Conforme;74955;70.983.600-5;Adquisiciones;CORP  MUNICIPAL  PARA  EL  DESARROLLO  SOCIAL;;Villa  Alemana;CORP  MUNICIPAL  PARA  EL  DESARROLLO  SOCIAL;1897122;CLORO  TRADICIONAL  IMPEKE  2,62%  1000  ML  UNIDAD  REGIÓN  V;CLORO  TRADICIONAL;750;592;21;765;452880;No;PROVEEDORES  INTEGRALES  PRISA  S  A;PROVEEDORES  INTEGRALES  PRISA  S  A;96.556.940-5
2239-9-LR22;5800319;Convenio  Marco  de  Artículos  de  Aseo  e  Higiene;1216085-62-CM25;52228166;INSUMOS  Y  ARTICULOS  DE  ASEO.  Gran  Compra:  74955;2025-03-06;2025-02-03;2025-02-03;2025-02-17;Recepción  Conforme;74955;70.983.600-5;Adquisiciones;CORP  MUNICIPAL  PARA  EL  DESARROLLO  SOCIAL;;Villa  Alemana;CORP  MUNICIPAL  PARA  EL  DESARROLLO  SOCIAL;1909277;LAVALOZAS  CONCENTRADO  LAVADO  MANUAL  TREMEX  ANTIGRASA  CÍTRICO  5000  ML  UNIDAD  REGIÓN  V;LAVALOZAS  CONCENTRADO  LAVADO  MANUAL;6831;6810;0;236;1607160;No;SERVICIOS  INTEGRADOS  SIDAPT  LIMITADA;SERVICIOS  INTEGRADOS  SIDAPT  LIMITADA;76.299.358-9
2239-9-LR22;5800319;Convenio  Marco  de  Artículos  de  Aseo  e  Higiene;1216085-62-CM25;52228166;INSUMOS  Y  ARTICULOS  DE  ASEO.  Gran  Compra:  74955;2025-03-06;2025-02-03;2025-02-03;2025-02-17;Recepción  Conforme;74955;70.983.600-5;Adquisiciones;CORP  MUNICIPAL  PARA  EL  DESARROLLO  SOCIAL;;Villa  Alemana;CORP  MUNICIPAL  PARA  EL  DESARROLLO  SOCIAL;1897071;CLORO  TRADICIONAL  DOÑA  FRESIA  3%  1000  ML  UNIDAD  REGIÓN  V;CLORO  TRADICIONAL;746;710;5;765;416052900;Si;CASTILLA  Y  ARAGON  SPA;CASTILLA  Y  ARAGON  SPA;96.989.530-7
2239-9-LR22;5800319;Convenio  Marco  de  Artículos  de  Aseo  e  Higiene;1216085-62-CM25;52228166;INSUMOS  Y  ARTICULOS  DE  ASEO.  Gran  Compra:  74955;2025-03-06;2025-02-03;2025-02-03;2025-02-17;Recepción  Conforme;74955;70.983.600-5;Adquisiciones;CORP  MUNICIPAL  PARA  EL  DESARROLLO  SOCIAL;;Villa  Alemana;CORP  MUNICIPAL  PARA  EL  DESARROLLO  SOCIAL;1894283;CERA  PARA  PISOS  NEO  CHILE  LÍQUIDA  BIDÓN  5  L  AUTO  BRILLO  INCOLORA  UNIDAD  REGIÓN  V;CERA  PARA  PISOS;8176;8569;-5;93;796917;No;PROVEEDORES  INTEGRALES  PRISA  S  A;PROVEEDORES  INTEGRALES  PRISA  S  A;96.556.940-5
2239-9-LR22;5800319;Convenio  Marco  de  Artículos  de  Aseo  e  Higiene;1216085-62-CM25;52228166;INSUMOS  Y  ARTICULOS  DE  ASEO.  Gran  Compra:  74955;2025-03-06;2025-02-03;2025-02-03;2025-02-17;Recepción  Conforme;74955;70.983.600-5;Adquisiciones;CORP  MUNICIPAL  PARA  EL  DESARROLLO  SOCIAL;;Villa  Alemana;CORP  MUNICIPAL  PARA  EL  DESARROLLO  SOCIAL;1890900;BOLSA  DE  BASURA  ZAFA  PEQUEÑA  50X70  30  L  ROLLO  X  10  UNIDADES  REGIÓN  V;BOLSA  DE  BASURA;419;350;16;2673;935550;No;COMERCIALIZADORA  PRANDELLI  LIMITADA;COMERCIALIZADORA  PRANDELLI  LIMITADA;76.295.342-0
2239-9-LR22;5800319;Convenio  Marco  de  Artículos  de  Aseo  e  Higiene;1216085-62-CM25;52228166;INSUMOS  Y  ARTICULOS  DE  ASEO.  Gran  Compra:  74955;2025-03-06;2025-02-03;2025-02-03;2025-02-17;Recepción  Conforme;74955;70.983.600-5;Adquisiciones;CORP  MUNICIPAL  PARA  EL  DESARROLLO  SOCIAL;;Villa  Alemana;CORP  MUNICIPAL  PARA  EL  DESARROLLO  SOCIAL;1899791;DESODORANTE  AMBIENTAL  MR  ROB  LÍQUIDO  5000  CC  LAVANDA  UNIDAD  REGIÓN  V;DESODORANTE  AMBIENTAL;5490;5055;8;489;1211228550;Si;CASTILLA  Y  ARAGON  SPA;CASTILLA  Y  ARAGON  SPA;96.989.530-7
2239-9-LR22;5800319;Convenio  Marco  de  Artículos  de  Aseo  e  Higiene;1216085-62-CM25;52228166;INSUMOS  Y  ARTICULOS  DE  ASEO.  Gran  Compra:  74955;2025-03-06;2025-02-03;2025-02-03;2025-02-17;Recepción  Conforme;74955;70.983.600-5;Adquisiciones;CORP  MUNICIPAL  PARA  EL  DESARROLLO  SOCIAL;;Villa  Alemana;CORP  MUNICIPAL  PARA  EL  DESARROLLO  SOCIAL;1897122;CLORO  TRADICIONAL  IMPEKE  2,62%  1000  ML  UNIDAD  REGIÓN  V;CLORO  TRADICIONAL;602;601;0;765;459765;No;SERVICIOS  INTEGRADOS  SIDAPT  LIMITADA;SERVICIOS  INTEGRADOS  SIDAPT  LIMITADA;76.299.358-9
2239-9-LR22;5800319;Convenio  Marco  de  Artículos  de  Aseo  e  Higiene;1216085-62-CM25;52228166;INSUMOS  Y  ARTICULOS  DE  ASEO.  Gran  Compra:  74955;2025-03-06;2025-02-03;2025-02-03;2025-02-17;Recepción  Conforme;74955;70.983.600-5;Adquisiciones;CORP  MUNICIPAL  PARA  EL  DESARROLLO  SOCIAL;;Villa  Alemana;CORP  MUNICIPAL  PARA  EL  DESARROLLO  SOCIAL;1898499;DESODORANTE  AMBIENTAL  AROM  AEROSOL  360  CC  CÍTRICO  UNIDAD  REGIÓN  V;DESODORANTE  AMBIENTAL;1125;1124;0;489;549636;No;MULTINEGOCIOS  MACJ  CHILE  SPA;MULTINEGOCIOS  MACJ  CHILE  SPA;76.225.217-1
2239-9-LR22;5800319;Convenio  Marco  de  Artículos  de  Aseo  e  Higiene;1216085-62-CM25;52228166;INSUMOS  Y  ARTICULOS  DE  ASEO.  Gran  Compra:  74955;2025-03-06;2025-02-03;2025-02-03;2025-02-17;Recepción  Conforme;74955;70.983.600-5;Adquisiciones;CORP  MUNICIPAL  PARA  EL  DESARROLLO  SOCIAL;;Villa  Alemana;CORP  MUNICIPAL  PARA  EL  DESARROLLO  SOCIAL;1905639;GEL  SANITIZANTE  PARA  MANOS  TREMEX  70%  BIDÓN  5  L  UNIDAD  REGIÓN  V;GEL  SANITIZANTE  PARA  MANOS;15200;14833;2;107;1587131;No;SERVICIOS  INTEGRADOS  SIDAPT  LIMITADA;SERVICIOS  INTEGRADOS  SIDAPT  LIMITADA;76.299.358-9
2239-9-LR22;5800319;Convenio  Marco  de  Artículos  de  Aseo  e  Higiene;1216085-62-CM25;52228166;INSUMOS  Y  ARTICULOS  DE  ASEO.  Gran  Compra:  74955;2025-03-06;2025-02-03;2025-02-03;2025-02-17;Recepción  Conforme;74955;70.983.600-5;Adquisiciones;CORP  MUNICIPAL  PARA  EL  DESARROLLO  SOCIAL;;Villa  Alemana;CORP  MUNICIPAL  PARA  EL  DESARROLLO  SOCIAL;1900267;DESODORANTE  AMBIENTAL  TREMEX  LÍQUIDO  5000  CC  LAVANDA  UNIDAD  REGIÓN  V;DESODORANTE  AMBIENTAL;9369;9345;0;489;4569705;No;SERVICIOS  INTEGRADOS  SIDAPT  LIMITADA;SERVICIOS  INTEGRADOS  SIDAPT  LIMITADA;76.299.358-9
2239-9-LR22;5800319;Convenio  Marco  de  Artículos  de  Aseo  e  Higiene;1216085-62-CM25;52228166;INSUMOS  Y  ARTICULOS  DE  ASEO.  Gran  Compra:  74955;2025-03-06;2025-02-03;2025-02-03;2025-02-17;Recepción  Conforme;74955;70.983.600-5;Adquisiciones;CORP  MUNICIPAL  PARA  EL  DESARROLLO  SOCIAL;;Villa  Alemana;CORP  MUNICIPAL  PARA  EL  DESARROLLO  SOCIAL;1898499;DESODORANTE  AMBIENTAL  AROM  AEROSOL  360  CC  CÍTRICO  UNIDAD  REGIÓN  V;DESODORANTE  AMBIENTAL;1016;1015;0;782;793730;No;SERVICIOS  INTEGRADOS  SIDAPT  LIMITADA;SERVICIOS  INTEGRADOS  SIDAPT  LIMITADA;76.299.358-9
2239-9-LR22;5800319;Convenio  Marco  de  Artículos  de  Aseo  e  Higiene;1216085-62-CM25;52228166;INSUMOS  Y  ARTICULOS  DE  ASEO.  Gran  Compra:  74955;2025-03-06;2025-02-03;2025-02-03;2025-02-17;Recepción  Conforme;74955;70.983.600-5;Adquisiciones;CORP  MUNICIPAL  PARA  EL  DESARROLLO  SOCIAL;;Villa  Alemana;CORP  MUNICIPAL  PARA  EL  DESARROLLO  SOCIAL;1896918;CLORO  GEL  IMPEKE  5000  ML  UNIDAD  REGIÓN  V;CLORO  GEL;3583;3436;4;643;2209348;No;PROVEEDORES  INTEGRALES  PRISA  S  A;PROVEEDORES  INTEGRALES  PRISA  S  A;96.556.940-5
2239-9-LR22;5800319;Convenio  Marco  de  Artículos  de  Aseo  e  Higiene;1216085-62-CM25;52228166;INSUMOS  Y  ARTICULOS  DE  ASEO.  Gran  Compra:  74955;2025-03-06;2025-02-03;2025-02-03;2025-02-17;Recepción  Conforme;74955;70.983.600-5;Adquisiciones;CORP  MUNICIPAL  PARA  EL  DESARROLLO  SOCIAL;;Villa  Alemana;CORP  MUNICIPAL  PARA  EL  DESARROLLO  SOCIAL;1900250;DESODORANTE  AMBIENTAL  TREMEX  LÍQUIDO  5000  CC  BAMBÚ  UNIDAD  REGIÓN  V;DESODORANTE  AMBIENTAL;9363;8349;11;489;4082661;No;SUPERMERCADO  MAYORISTA  B  MÁS  SPA;SUPERMERCADO  MAYORISTA  METROPOLITANO  SPA;77.047.926-6
2239-9-LR22;5800319;Convenio  Marco  de  Artículos  de  Aseo  e  Higiene;1216085-62-CM25;52228166;INSUMOS  Y  ARTICULOS  DE  ASEO.  Gran  Compra:  74955;2025-03-06;2025-02-03;2025-02-03;2025-02-17;Recepción  Conforme;74955;70.983.600-5;Adquisiciones;CORP  MUNICIPAL  PARA  EL  DESARROLLO  SOCIAL;;Villa  Alemana;CORP  MUNICIPAL  PARA  EL  DESARROLLO  SOCIAL;1902222;ESCOBILLÓN  VIRUTEX  USO  INTERIOR  FIBRA  SUAVE  MANGO  METÁLICO  32  CM  UNIDAD  REGIÓN  V;ESCOBILLÓN;1855;1845;1;388;715860;No;SERVICIOS  INTEGRADOS  SIDAPT  LIMITADA;SERVICIOS  INTEGRADOS  SIDAPT  LIMITADA;76.299.358-9
2239-9-LR22;5800319;Convenio  Marco  de  Artículos  de  Aseo  e  Higiene;1216085-62-CM25;52228166;INSUMOS  Y  ARTICULOS  DE  ASEO.  Gran  Compra:  74955;2025-03-06;2025-02-03;2025-02-03;2025-02-17;Recepción  Conforme;74955;70.983.600-5;Adquisiciones;CORP  MUNICIPAL  PARA  EL  DESARROLLO  SOCIAL;;Villa  Alemana;CORP  MUNICIPAL  PARA  EL  DESARROLLO  SOCIAL;1895626;CERA  PARA  PISOS  TREMEX  LÍQUIDA  BIDÓN  5  L  AUTO  BRILLO  ROJA  UNIDAD  REGIÓN  V;CERA  PARA  PISOS;8078;7679;5;271;2081009;No;SUPERMERCADO  MAYORISTA  B  MÁS  SPA;SUPERMERCADO  MAYORISTA  METROPOLITANO  SPA;77.047.926-6
2239-9-LR22;5800319;Convenio  Marco  de  Artículos  de  Aseo  e  Higiene;1216085-62-CM25;52228166;INSUMOS  Y  ARTICULOS  DE  ASEO.  Gran  Compra:  74955;2025-03-06;2025-02-03;2025-02-03;2025-02-17;Recepción  Conforme;74955;70.983.600-5;Adquisiciones;CORP  MUNICIPAL  PARA  EL  DESARROLLO  SOCIAL;;Villa  Alemana;CORP  MUNICIPAL  PARA  EL  DESARROLLO  SOCIAL;1896935;CLORO  GEL  MR  ROB  5000  ML  UNIDAD  REGIÓN  V;CLORO  GEL;3137;3136;0;643;2016448;No;MULTINEGOCIOS  MACJ  CHILE  SPA;MULTINEGOCIOS  MACJ  CHILE  SPA;76.225.217-1
2239-9-LR22;5800319;Convenio  Marco  de  Artículos  de  Aseo  e  Higiene;1216085-62-CM25;52228166;INSUMOS  Y  ARTICULOS  DE  ASEO.  Gran  Compra:  74955;2025-03-06;2025-02-03;2025-02-03;2025-02-17;Recepción  Conforme;74955;70.983.600-5;Adquisiciones;CORP  MUNICIPAL  PARA  EL  DESARROLLO  SOCIAL;;Villa  Alemana;CORP  MUNICIPAL  PARA  EL  DESARROLLO  SOCIAL;1897155;CLORO  TRADICIONAL  IMPEKE  2,62%  2000  ML  UNIDAD  REGIÓN  RM;CLORO  TRADICIONAL;978;977;0;765;747405;No;MULTINEGOCIOS  MACJ  CHILE  SPA;MULTINEGOCIOS  MACJ  CHILE  SPA;76.225.217-1
2239-9-LR22;5800319;Convenio  Marco  de  Artículos  de  Aseo  e  Higiene;1216085-62-CM25;52228166;INSUMOS  Y  ARTICULOS  DE  ASEO.  Gran  Compra:  74955;2025-03-06;2025-02-03;2025-02-03;2025-02-17;Recepción  Conforme;74955;70.983.600-5;Adquisiciones;CORP  MUNICIPAL  PARA  EL  DESARROLLO  SOCIAL;;Villa  Alemana;CORP  MUNICIPAL  PARA  EL  DESARROLLO  SOCIAL;1909328;LAVALOZAS  CONCENTRADO  LAVADO  MANUAL  VIRGINIA  ANTIGRASA  CÍTRICO  750  ML  UNIDAD  REGIÓN  V;LAVALOZAS  CONCENTRADO  LAVADO  MANUAL;1166;1165;0;236;274940;No;MULTINEGOCIOS  MACJ  CHILE  SPA;MULTINEGOCIOS  MACJ  CHILE  SPA;76.225.217-1
2239-9-LR22;5800319;Convenio  Marco  de  Artículos  de  Aseo  e  Higiene;1216085-62-CM25;52228166;INSUMOS  Y  ARTICULOS  DE  ASEO.  Gran  Compra:  74955;2025-03-06;2025-02-03;2025-02-03;2025-02-17;Recepción  Conforme;74955;70.983.600-5;Adquisiciones;CORP  MUNICIPAL  PARA  EL  DESARROLLO  SOCIAL;;Villa  Alemana;CORP  MUNICIPAL  PARA  EL  DESARROLLO  SOCIAL;1898431;DESINFECTANTE  SUPERFICIES  EN  AEROSOL  IGENIX  ANTIBACTERIAL  420  ML  UNIDAD  REGIÓN  V;DESINFECTANTE  SUPERFICIES  EN  AEROSOL;1777;1776;0;2339;4154064;No;MULTINEGOCIOS  MACJ  CHILE  SPA;MULTINEGOCIOS  MACJ  CHILE  SPA;76.225.217-1
2239-9-LR22;5800319;Convenio  Marco  de  Artículos  de  Aseo  e  Higiene;1216085-62-CM25;52228166;INSUMOS  Y  ARTICULOS  DE  ASEO.  Gran  Compra:  74955;2025-03-06;2025-02-03;2025-02-03;2025-02-17;Recepción  Conforme;74955;70.983.600-5;Adquisiciones;CORP  MUNICIPAL  PARA  EL  DESARROLLO  SOCIAL;;Villa  Alemana;CORP  MUNICIPAL  PARA  EL  DESARROLLO  SOCIAL;1900267;DESODORANTE  AMBIENTAL  TREMEX  LÍQUIDO  5000  CC  LAVANDA  UNIDAD  REGIÓN  V;DESODORANTE  AMBIENTAL;10278;7723;25;489;3776547;No;PROVEEDORES  INTEGRALES  PRISA  S  A;PROVEEDORES  INTEGRALES  PRISA  S  A;96.556.940-5
2239-9-LR22;5800319;Convenio  Marco  de  Artículos  de  Aseo  e  Higiene;1216085-62-CM25;52228166;INSUMOS  Y  ARTICULOS  DE  ASEO.  Gran  Compra:  74955;2025-03-06;2025-02-03;2025-02-03;2025-02-17;Recepción  Conforme;74955;70.983.600-5;Adquisiciones;CORP  MUNICIPAL  PARA  EL  DESARROLLO  SOCIAL;;Villa  Alemana;CORP  MUNICIPAL  PARA  EL  DESARROLLO  SOCIAL;1901355;ESCOBILLÓN  KLEINE  WOLKE  ESCOBA  DE  RAMA  EXTERIOR  MANGO  MADERA  UNIDAD  REGIÓN  V;ESCOBILLÓN;7322;5125;30;108;553500;No;PROVEEDORES  INTEGRALES  PRISA  S  A;PROVEEDORES  INTEGRALES  PRISA  S  A;96.556.940-5
2239-9-LR22;5800319;Convenio  Marco  de  Artículos  de  Aseo  e  Higiene;1216085-62-CM25;52228166;INSUMOS  Y  ARTICULOS  DE  ASEO.  Gran  Compra:  74955;2025-03-06;2025-02-03;2025-02-03;2025-02-17;Recepción  Conforme;74955;70.983.600-5;Adquisiciones;CORP  MUNICIPAL  PARA  EL  DESARROLLO  SOCIAL;;Villa  Alemana;CORP  MUNICIPAL  PARA  EL  DESARROLLO  SOCIAL;1905639;GEL  SANITIZANTE  PARA  MANOS  TREMEX  70%  BIDÓN  5  L  UNIDAD  REGIÓN  V;GEL  SANITIZANTE  PARA  MANOS;14903;12872;14;107;1377304;No;PROVEEDORES  INTEGRALES  PRISA  S  A;PROVEEDORES  INTEGRALES  PRISA  S  A;96.556.940-5
2239-9-LR22;5800319;Convenio  Marco  de  Artículos  de  Aseo  e  Higiene;1216085-62-CM25;52228166;INSUMOS  Y  ARTICULOS  DE  ASEO.  Gran  Compra:  74955;2025-03-06;2025-02-03;2025-02-03;2025-02-17;Recepción  Conforme;74955;70.983.600-5;Adquisiciones;CORP  MUNICIPAL  PARA  EL  DESARROLLO  SOCIAL;;Villa  Alemana;CORP  MUNICIPAL  PARA  EL  DESARROLLO  SOCIAL;1897921;DESENGRASANTE  COCINA  MR  ROB  MULTIUSO  CREMA  ANTIGRASA  750  ML  UNIDAD  REGIÓN  V;DESENGRASANTE  COCINA;1149;1145;0;622;443694370;Si;CASTILLA  Y  ARAGON  SPA;CASTILLA  Y  ARAGON  SPA;96.989.530-7
2239-9-LR22;5800319;Convenio  Marco  de  Artículos  de  Aseo  e  Higiene;1216085-62-CM25;52228166;INSUMOS  Y  ARTICULOS  DE  ASEO.  Gran  Compra:  74955;2025-03-06;2025-02-03;2025-02-03;2025-02-17;Recepción  Conforme;74955;70.983.600-5;Adquisiciones;CORP  MUNICIPAL  PARA  EL  DESARROLLO  SOCIAL;;Villa  Alemana;CORP  MUNICIPAL  PARA  EL  DESARROLLO  SOCIAL;1902222;ESCOBILLÓN  VIRUTEX  USO  INTERIOR  FIBRA  SUAVE  MANGO  METÁLICO  32  CM  UNIDAD  REGIÓN  V;ESCOBILLÓN;1852;1851;0;388;718188;No;MULTINEGOCIOS  MACJ  CHILE  SPA;MULTINEGOCIOS  MACJ  CHILE  SPA;76.225.217-1
2239-9-LR22;5800319;Convenio  Marco  de  Artículos  de  Aseo  e  Higiene;1216085-62-CM25;52228166;INSUMOS  Y  ARTICULOS  DE  ASEO.  Gran  Compra:  74955;2025-03-06;2025-02-03;2025-02-03;2025-02-17;Recepción  Conforme;74955;70.983.600-5;Adquisiciones;CORP  MUNICIPAL  PARA  EL  DESARROLLO  SOCIAL;;Villa  Alemana;CORP  MUNICIPAL  PARA  EL  DESARROLLO  SOCIAL;1910450;LIMPIADOR  DE  PISOS  IMPEKE  DESINFECTANTE  BIDÓN  4000  ML  UNIDAD  REGIÓN  V;LIMPIADOR  DE  PISOS;2899;2799;3;716;1436928228;Si;CASTILLA  Y  ARAGON  SPA;CASTILLA  Y  ARAGON  SPA;96.989.530-7
2239-9-LR22;5800319;Convenio  Marco  de  Artículos  de  Aseo  e  Higiene;1216085-62-CM25;52228166;INSUMOS  Y  ARTICULOS  DE  ASEO.  Gran  Compra:  74955;2025-03-06;2025-02-03;2025-02-03;2025-02-17;Recepción  Conforme;74955;70.983.600-5;Adquisiciones;CORP  MUNICIPAL  PARA  EL  DESARROLLO  SOCIAL;;Villa  Alemana;CORP  MUNICIPAL  PARA  EL  DESARROLLO  SOCIAL;1903803;ESPONJA  VIRUTEX  NO  RAYA  C/FIBRA  ABRASIVA  UNIDAD  REGIÓN  V;ESPONJA;680;452;34;3001;1356452;No;PROVEEDORES  INTEGRALES  PRISA  S  A;PROVEEDORES  INTEGRALES  PRISA  S  A;96.556.940-5
2239-9-LR22;5800319;Convenio  Marco  de  Artículos  de  Aseo  e  Higiene;1216085-62-CM25;52228166;INSUMOS  Y  ARTICULOS  DE  ASEO.  Gran  Compra:  74955;2025-03-06;2025-02-03;2025-02-03;2025-02-17;Recepción  Conforme;74955;70.983.600-5;Adquisiciones;CORP  MUNICIPAL  PARA  EL  DESARROLLO  SOCIAL;;Villa  Alemana;CORP  MUNICIPAL  PARA  EL  DESARROLLO  SOCIAL;1902103;ESCOBILLÓN  VIRUTEX  PRO  USO  INTERIOR  FIBRA  SUAVE  MANGO  METÁLICO  32  CM  UNIDAD  REGIÓN  V;ESCOBILLÓN;2256;1852;18;388;718576;No;PROVEEDORES  INTEGRALES  PRISA  S  A;PROVEEDORES  INTEGRALES  PRISA  S  A;96.556.940-5
2239-9-LR22;5800319;Convenio  Marco  de  Artículos  de  Aseo  e  Higiene;1216085-62-CM25;52228166;INSUMOS  Y  ARTICULOS  DE  ASEO.  Gran  Compra:  74955;2025-03-06;2025-02-03;2025-02-03;2025-02-17;Recepción  Conforme;74955;70.983.600-5;Adquisiciones;CORP  MUNICIPAL  PARA  EL  DESARROLLO  SOCIAL;;Villa  Alemana;CORP  MUNICIPAL  PARA  EL  DESARROLLO  SOCIAL;1896918;CLORO  GEL  IMPEKE  5000  ML  UNIDAD  REGIÓN  V;CLORO  GEL;3584;3573;0;643;2297439;No;SERVICIOS  INTEGRADOS  SIDAPT  LIMITADA;SERVICIOS  INTEGRADOS  SIDAPT  LIMITADA;76.299.358-9
2239-9-LR22;5800319;Convenio  Marco  de  Artículos  de  Aseo  e  Higiene;1216085-62-CM25;52228166;INSUMOS  Y  ARTICULOS  DE  ASEO.  Gran  Compra:  74955;2025-03-06;2025-02-03;2025-02-03;2025-02-17;Recepción  Conforme;74955;70.983.600-5;Adquisiciones;CORP  MUNICIPAL  PARA  EL  DESARROLLO  SOCIAL;;Villa  Alemana;CORP  MUNICIPAL  PARA  EL  DESARROLLO  SOCIAL;1906455;GUANTES  DE  LIMPIEZA  IMPEKE  MULTIUSO  FLOCADO  TALLA  L  PAR  REGIÓN  V;GUANTES  DE  LIMPIEZA;672;671;0;387;259677;No;MULTINEGOCIOS  MACJ  CHILE  SPA;MULTINEGOCIOS  MACJ  CHILE  SPA;76.225.217-1
2239-9-LR22;5800319;Convenio  Marco  de  Artículos  de  Aseo  e  Higiene;1216085-62-CM25;52228166;INSUMOS  Y  ARTICULOS  DE  ASEO.  Gran  Compra:  74955;2025-03-06;2025-02-03;2025-02-03;2025-02-17;Recepción  Conforme;74955;70.983.600-5;Adquisiciones;CORP  MUNICIPAL  PARA  EL  DESARROLLO  SOCIAL;;Villa  Alemana;CORP  MUNICIPAL  PARA  EL  DESARROLLO  SOCIAL;1907645;INSECTICIDA  KILLER  1000  AEROSOL  TODO  INSECTO  560  CC  UNIDAD  REGIÓN  V;INSECTICIDA;2478;2464;1;653;1608992;No;SERVICIOS  INTEGRADOS  SIDAPT  LIMITADA;SERVICIOS  INTEGRADOS  SIDAPT  LIMITADA;76.299.358-9
2239-9-LR22;5800319;Convenio  Marco  de  Artículos  de  Aseo  e  Higiene;1216085-62-CM25;52228166;INSUMOS  Y  ARTICULOS  DE  ASEO.  Gran  Compra:  74955;2025-03-06;2025-02-03;2025-02-03;2025-02-17;Recepción  Conforme;74955;70.983.600-5;Adquisiciones;CORP  MUNICIPAL  PARA  EL  DESARROLLO  SOCIAL;;Villa  Alemana;CORP  MUNICIPAL  PARA  EL  DESARROLLO  SOCIAL;1898278;DESENGRASANTE  COCINA  TREMEX  ANTIGRASA  USO  PROFESIONAL  5000  ML  UNIDAD  REGIÓN  V;DESENGRASANTE  COCINA;7293;7281;0;179;1303299;No;SERVICIOS  INTEGRADOS  SIDAPT  LIMITADA;SERVICIOS  INTEGRADOS  SIDAPT  LIMITADA;76.299.358-9
2239-9-LR22;5800319;Convenio  Marco  de  Artículos  de  Aseo  e  Higiene;1216085-62-CM25;52228166;INSUMOS  Y  ARTICULOS  DE  ASEO.  Gran  Compra:  74955;2025-03-06;2025-02-03;2025-02-03;2025-02-17;Recepción  Conforme;74955;70.983.600-5;Adquisiciones;CORP  MUNICIPAL  PARA  EL  DESARROLLO  SOCIAL;;Villa  Alemana;CORP  MUNICIPAL  PARA  EL  DESARROLLO  SOCIAL;1897904;DESENGRASANTE  COCINA  MR  ROB  ANTIGRASA  USO  PROFESIONAL  5000  ML  UNIDAD  REGIÓN  V;DESENGRASANTE  COCINA;3727;3599;3;179;115959780;Si;CASTILLA  Y  ARAGON  SPA;CASTILLA  Y  ARAGON  SPA;96.989.530-7
2239-9-LR22;5800319;Convenio  Marco  de  Artículos  de  Aseo  e  Higiene;1216085-62-CM25;52228166;INSUMOS  Y  ARTICULOS  DE  ASEO.  Gran  Compra:  74955;2025-03-06;2025-02-03;2025-02-03;2025-02-17;Recepción  Conforme;74955;70.983.600-5;Adquisiciones;CORP  MUNICIPAL  PARA  EL  DESARROLLO  SOCIAL;;Villa  Alemana;CORP  MUNICIPAL  PARA  EL  DESARROLLO  SOCIAL;1910433;LIMPIADOR  DE  PISOS  IMPEKE  CONCENTRADO  MULTIUSO  BOTELLA  900  ML  UNIDAD  REGIÓN  V;LIMPIADOR  DE  PISOS;711;708;0;285;201780;No;SERVICIOS  INTEGRADOS  SIDAPT  LIMITADA;SERVICIOS  INTEGRADOS  SIDAPT  LIMITADA;76.299.358-9
2239-9-LR22;5800319;Convenio  Marco  de  Artículos  de  Aseo  e  Higiene;1216085-62-CM25;52228166;INSUMOS  Y  ARTICULOS  DE  ASEO.  Gran  Compra:  74955;2025-03-06;2025-02-03;2025-02-03;2025-02-17;Recepción  Conforme;74955;70.983.600-5;Adquisiciones;CORP  MUNICIPAL  PARA  EL  DESARROLLO  SOCIAL;;Villa  Alemana;CORP  MUNICIPAL  PARA  EL  DESARROLLO  SOCIAL;1910603;LIMPIADOR  DE  PISOS  LIVE  CONCENTRADO  MULTIUSO  BIDÓN  5000  ML  UNIDAD  REGIÓN  V;LIMPIADOR  DE  PISOS;3878;3877;0;80;310160;No;MULTINEGOCIOS  MACJ  CHILE  SPA;MULTINEGOCIOS  MACJ  CHILE  SPA;76.225.217-1
2239-9-LR22;5800319;Convenio  Marco  de  Artículos  de  Aseo  e  Higiene;1216085-62-CM25;52228166;INSUMOS  Y  ARTICULOS  DE  ASEO.  Gran  Compra:  74955;2025-03-06;2025-02-03;2025-02-03;2025-02-17;Recepción  Conforme;74955;70.983.600-5;Adquisiciones;CORP  MUNICIPAL  PARA  EL  DESARROLLO  SOCIAL;;Villa  Alemana;CORP  MUNICIPAL  PARA  EL  DESARROLLO  SOCIAL;1900947;ESCOBILLÓN  ESCOFIBRA  ESCOBA  DE  RAMA  EXTERIOR  MANGO  MADERA  UNIDAD  REGIÓN  V;ESCOBILLÓN;4311;4190;3;108;49324680;Si;CASTILLA  Y  ARAGON  SPA;CASTILLA  Y  ARAGON  SPA;96.989.530-7
2239-9-LR22;5800319;Convenio  Marco  de  Artículos  de  Aseo  e  Higiene;1216085-62-CM25;52228166;INSUMOS  Y  ARTICULOS  DE  ASEO.  Gran  Compra:  74955;2025-03-06;2025-02-03;2025-02-03;2025-02-17;Recepción  Conforme;74955;70.983.600-5;Adquisiciones;CORP  MUNICIPAL  PARA  EL  DESARROLLO  SOCIAL;;Villa  Alemana;CORP  MUNICIPAL  PARA  EL  DESARROLLO  SOCIAL;1911113;LIMPIADOR  DE  PISOS  TREMEX  CONCENTRADO  MULTIUSO  BIDÓN  5000  ML  UNIDAD  REGIÓN  V;LIMPIADOR  DE  PISOS;3771;3309;12;80;264720;No;PROVEEDORES  INTEGRALES  PRISA  S  A;PROVEEDORES  INTEGRALES  PRISA  S  A;96.556.940-5
2239-9-LR22;5800319;Convenio  Marco  de  Artículos  de  Aseo  e  Higiene;1216085-62-CM25;52228166;INSUMOS  Y  ARTICULOS  DE  ASEO.  Gran  Compra:  74955;2025-03-06;2025-02-03;2025-02-03;2025-02-17;Recepción  Conforme;74955;70.983.600-5;Adquisiciones;CORP  MUNICIPAL  PARA  EL  DESARROLLO  SOCIAL;;Villa  Alemana;CORP  MUNICIPAL  PARA  EL  DESARROLLO  SOCIAL;1906506;GUANTES  DE  LIMPIEZA  IMPEKE  MULTIUSO  GAMUZADO  TALLA  L  PAR  REGIÓN  V;GUANTES  DE  LIMPIEZA;686;580;15;387;224460;No;PROVEEDORES  INTEGRALES  PRISA  S  A;PROVEEDORES  INTEGRALES  PRISA  S  A;96.556.940-5
2239-9-LR22;5800319;Convenio  Marco  de  Artículos  de  Aseo  e  Higiene;1216085-62-CM25;52228166;INSUMOS  Y  ARTICULOS  DE  ASEO.  Gran  Compra:  74955;2025-03-06;2025-02-03;2025-02-03;2025-02-17;Recepción  Conforme;74955;70.983.600-5;Adquisiciones;CORP  MUNICIPAL  PARA  EL  DESARROLLO  SOCIAL;;Villa  Alemana;CORP  MUNICIPAL  PARA  EL  DESARROLLO  SOCIAL;1910025;LIMPIADOR  DE  PISOS  EXCELL  DESINFECTANTE  BOTELLA  900  ML  UNIDAD  REGIÓN  V;LIMPIADOR  DE  PISOS;812;810;0;285;66023100;Si;CASTILLA  Y  ARAGON  SPA;CASTILLA  Y  ARAGON  SPA;96.989.530-7
2239-9-LR22;5800319;Convenio  Marco  de  Artículos  de  Aseo  e  Higiene;1216085-62-CM25;52228166;INSUMOS  Y  ARTICULOS  DE  ASEO.  Gran  Compra:  74955;2025-03-06;2025-02-03;2025-02-03;2025-02-17;Recepción  Conforme;74955;70.983.600-5;Adquisiciones;CORP  MUNICIPAL  PARA  EL  DESARROLLO  SOCIAL;;Villa  Alemana;CORP  MUNICIPAL  PARA  EL  DESARROLLO  SOCIAL;1898397;DESINFECTANTE  SUPERFICIES  EN  AEROSOL  ANTIBAC  ANTIBACTERIAL  420  ML  UNIDAD  REGIÓN  V;DESINFECTANTE  SUPERFICIES  EN  AEROSOL;1966;1955;1;2339;2110288708;Si;CASTILLA  Y  ARAGON  SPA;CASTILLA  Y  ARAGON  SPA;96.989.530-7
2239-9-LR22;5800319;Convenio  Marco  de  Artículos  de  Aseo  e  Higiene;1216085-62-CM25;52228166;INSUMOS  Y  ARTICULOS  DE  ASEO.  Gran  Compra:  74955;2025-03-06;2025-02-03;2025-02-03;2025-02-17;Recepción  Conforme;74955;70.983.600-5;Adquisiciones;CORP  MUNICIPAL  PARA  EL  DESARROLLO  SOCIAL;;Villa  Alemana;CORP  MUNICIPAL  PARA  EL  DESARROLLO  SOCIAL;1905877;GEL  SANITIZANTE  PARA  MANOS  WORKTEEN  70%  BIDÓN  5  L  UNIDAD  REGIÓN  V;GEL  SANITIZANTE  PARA  MANOS;11766;6500;45;107;695500;No;COMERCIALIZADORA  PRANDELLI  LIMITADA;COMERCIALIZADORA  PRANDELLI  LIMITADA;76.295.342-0
2239-9-LR22;5800319;Convenio  Marco  de  Artículos  de  Aseo  e  Higiene;1216085-62-CM25;52228166;INSUMOS  Y  ARTICULOS  DE  ASEO.  Gran  Compra:  74955;2025-03-06;2025-02-03;2025-02-03;2025-02-17;Recepción  Conforme;74955;70.983.600-5;Adquisiciones;CORP  MUNICIPAL  PARA  EL  DESARROLLO  SOCIAL;;Villa  Alemana;CORP  MUNICIPAL  PARA  EL  DESARROLLO  SOCIAL;1910501;LIMPIADOR  DE  PISOS  IMPEKE  DESINFECTANTE  BOTELLA  900  ML  UNIDAD  REGIÓN  V;LIMPIADOR  DE  PISOS;752;669;11;285;190665;No;PROVEEDORES  INTEGRALES  PRISA  S  A;PROVEEDORES  INTEGRALES  PRISA  S  A;96.556.940-5
2239-9-LR22;5800319;Convenio  Marco  de  Artículos  de  Aseo  e  Higiene;1216085-62-CM25;52228166;INSUMOS  Y  ARTICULOS  DE  ASEO.  Gran  Compra:  74955;2025-03-06;2025-02-03;2025-02-03;2025-02-17;Recepción  Conforme;74955;70.983.600-5;Adquisiciones;CORP  MUNICIPAL  PARA  EL  DESARROLLO  SOCIAL;;Villa  Alemana;CORP  MUNICIPAL  PARA  EL  DESARROLLO  SOCIAL;1906506;GUANTES  DE  LIMPIEZA  IMPEKE  MULTIUSO  GAMUZADO  TALLA  L  PAR  REGIÓN  V;GUANTES  DE  LIMPIEZA;663;642;3;387;248454;No;SERVICIOS  INTEGRADOS  SIDAPT  LIMITADA;SERVICIOS  INTEGRADOS  SIDAPT  LIMITADA;76.299.358-9
2239-9-LR22;5800319;Convenio  Marco  de  Artículos  de  Aseo  e  Higiene;1216085-62-CM25;52228166;INSUMOS  Y  ARTICULOS  DE  ASEO.  Gran  Compra:  74955;2025-03-06;2025-02-03;2025-02-03;2025-02-17;Recepción  Conforme;74955;70.983.600-5;Adquisiciones;CORP  MUNICIPAL  PARA  EL  DESARROLLO  SOCIAL;;Villa  Alemana;CORP  MUNICIPAL  PARA  EL  DESARROLLO  SOCIAL;1902579;ESPONJA  BETTANIN  ACANALADA  C/FIBRA  ABRASIVA  UNIDAD  REGIÓN  V;ESPONJA;113;113;0;3001;1018017226;Si;CASTILLA  Y  ARAGON  SPA;CASTILLA  Y  ARAGON  SPA;96.989.530-7
2239-9-LR22;5800319;Convenio  Marco  de  Artículos  de  Aseo  e  Higiene;1216085-62-CM25;52228166;INSUMOS  Y  ARTICULOS  DE  ASEO.  Gran  Compra:  74955;2025-03-06;2025-02-03;2025-02-03;2025-02-17;Recepción  Conforme;74955;70.983.600-5;Adquisiciones;CORP  MUNICIPAL  PARA  EL  DESARROLLO  SOCIAL;;Villa  Alemana;CORP  MUNICIPAL  PARA  EL  DESARROLLO  SOCIAL;1903752;ESPONJA  VIRUTEX  ACANALADA  C/FIBRA  ABRASIVA  UNIDAD  REGIÓN  V;ESPONJA;356;355;0;3001;1065355;No;SERVICIOS  INTEGRADOS  SIDAPT  LIMITADA;SERVICIOS  INTEGRADOS  SIDAPT  LIMITADA;76.299.358-9
2239-9-LR22;5800319;Convenio  Marco  de  Artículos  de  Aseo  e  Higiene;1216085-62-CM25;52228166;INSUMOS  Y  ARTICULOS  DE  ASEO.  Gran  Compra:  74955;2025-03-06;2025-02-03;2025-02-03;2025-02-17;Recepción  Conforme;74955;70.983.600-5;Adquisiciones;CORP  MUNICIPAL  PARA  EL  DESARROLLO  SOCIAL;;Villa  Alemana;CORP  MUNICIPAL  PARA  EL  DESARROLLO  SOCIAL;1906472;GUANTES  DE  LIMPIEZA  IMPEKE  MULTIUSO  FLOCADO  TALLA  M  PAR  REGIÓN  V;GUANTES  DE  LIMPIEZA;871;837;4;398;333126;No;SERVICIOS  INTEGRADOS  SIDAPT  LIMITADA;SERVICIOS  INTEGRADOS  SIDAPT  LIMITADA;76.299.358-9
2239-9-LR22;5800319;Convenio  Marco  de  Artículos  de  Aseo  e  Higiene;1216085-62-CM25;52228166;INSUMOS  Y  ARTICULOS  DE  ASEO.  Gran  Compra:  74955;2025-03-06;2025-02-03;2025-02-03;2025-02-17;Recepción  Conforme;74955;70.983.600-5;Adquisiciones;CORP  MUNICIPAL  PARA  EL  DESARROLLO  SOCIAL;;Villa  Alemana;CORP  MUNICIPAL  PARA  EL  DESARROLLO  SOCIAL;1910450;LIMPIADOR  DE  PISOS  IMPEKE  DESINFECTANTE  BIDÓN  4000  ML  UNIDAD  REGIÓN  V;LIMPIADOR  DE  PISOS;2491;2486;0;716;1779976;No;SERVICIOS  INTEGRADOS  SIDAPT  LIMITADA;SERVICIOS  INTEGRADOS  SIDAPT  LIMITADA;76.299.358-9
2239-9-LR22;5800319;Convenio  Marco  de  Artículos  de  Aseo  e  Higiene;1216085-62-CM25;52228166;INSUMOS  Y  ARTICULOS  DE  ASEO.  Gran  Compra:  74955;2025-03-06;2025-02-03;2025-02-03;2025-02-17;Recepción  Conforme;74955;70.983.600-5;Adquisiciones;CORP  MUNICIPAL  PARA  EL  DESARROLLO  SOCIAL;;Villa  Alemana;CORP  MUNICIPAL  PARA  EL  DESARROLLO  SOCIAL;1902222;ESCOBILLÓN  VIRUTEX  USO  INTERIOR  FIBRA  SUAVE  MANGO  METÁLICO  32  CM  UNIDAD  REGIÓN  V;ESCOBILLÓN;1930;1850;4;388;279224200;Si;CASTILLA  Y  ARAGON  SPA;CASTILLA  Y  ARAGON  SPA;96.989.530-7
2239-9-LR22;5800319;Convenio  Marco  de  Artículos  de  Aseo  e  Higiene;1216085-62-CM25;52228166;INSUMOS  Y  ARTICULOS  DE  ASEO.  Gran  Compra:  74955;2025-03-06;2025-02-03;2025-02-03;2025-02-17;Recepción  Conforme;74955;70.983.600-5;Adquisiciones;CORP  MUNICIPAL  PARA  EL  DESARROLLO  SOCIAL;;Villa  Alemana;CORP  MUNICIPAL  PARA  EL  DESARROLLO  SOCIAL;1897955;DESENGRASANTE  COCINA  NEO  ANTIGRASA  USO  PROFESIONAL  5000  ML  UNIDAD  REGIÓN  V;DESENGRASANTE  COCINA;4795;4906;-2;179;878174;No;PROVEEDORES  INTEGRALES  PRISA  S  A;PROVEEDORES  INTEGRALES  PRISA  S  A;96.556.940-5
2239-9-LR22;5800319;Convenio  Marco  de  Artículos  de  Aseo  e  Higiene;1216085-62-CM25;52228166;INSUMOS  Y  ARTICULOS  DE  ASEO.  Gran  Compra:  74955;2025-03-06;2025-02-03;2025-02-03;2025-02-17;Recepción  Conforme;74955;70.983.600-5;Adquisiciones;CORP  MUNICIPAL  PARA  EL  DESARROLLO  SOCIAL;;Villa  Alemana;CORP  MUNICIPAL  PARA  EL  DESARROLLO  SOCIAL;1911113;LIMPIADOR  DE  PISOS  TREMEX  CONCENTRADO  MULTIUSO  BIDÓN  5000  ML  UNIDAD  REGIÓN  V;LIMPIADOR  DE  PISOS;4302;4297;0;80;343760;No;SERVICIOS  INTEGRADOS  SIDAPT  LIMITADA;SERVICIOS  INTEGRADOS  SIDAPT  LIMITADA;76.299.358-9
2239-9-LR22;5800319;Convenio  Marco  de  Artículos  de  Aseo  e  Higiene;1216085-62-CM25;52228166;INSUMOS  Y  ARTICULOS  DE  ASEO.  Gran  Compra:  74955;2025-03-06;2025-02-03;2025-02-03;2025-02-17;Recepción  Conforme;74955;70.983.600-5;Adquisiciones;CORP  MUNICIPAL  PARA  EL  DESARROLLO  SOCIAL;;Villa  Alemana;CORP  MUNICIPAL  PARA  EL  DESARROLLO  SOCIAL;1912133;LÍQUIDO  LIMPIAVIDRIOS  MR  ROB  BOTELLA  C/PULVERIZADOR  500  CC  UNIDAD  REGIÓN  V;LÍQUIDO  LIMPIAVIDRIOS;1123;986;12;291;83782392;Si;CASTILLA  Y  ARAGON  SPA;CASTILLA  Y  ARAGON  SPA;96.989.530-7
2239-9-LR22;5800319;Convenio  Marco  de  Artículos  de  Aseo  e  Higiene;1216085-62-CM25;52228166;INSUMOS  Y  ARTICULOS  DE  ASEO.  Gran  Compra:  74955;2025-03-06;2025-02-03;2025-02-03;2025-02-17;Recepción  Conforme;74955;70.983.600-5;Adquisiciones;CORP  MUNICIPAL  PARA  EL  DESARROLLO  SOCIAL;;Villa  Alemana;CORP  MUNICIPAL  PARA  EL  DESARROLLO  SOCIAL;1907763;INSECTICIDA  KILLER  AEROSOL  TODO  INSECTO  560  CC  UNIDAD  REGIÓN  RM;INSECTICIDA;2639;2185;17;653;1426805;No;PROVEEDORES  INTEGRALES  PRISA  S  A;PROVEEDORES  INTEGRALES  PRISA  S  A;96.556.940-5
2239-9-LR22;5800319;Convenio  Marco  de  Artículos  de  Aseo  e  Higiene;1216085-62-CM25;52228166;INSUMOS  Y  ARTICULOS  DE  ASEO.  Gran  Compra:  74955;2025-03-06;2025-02-03;2025-02-03;2025-02-17;Recepción  Conforme;74955;70.983.600-5;Adquisiciones;CORP  MUNICIPAL  PARA  EL  DESARROLLO  SOCIAL;;Villa  Alemana;CORP  MUNICIPAL  PARA  EL  DESARROLLO  SOCIAL;1912116;LÍQUIDO  LIMPIAVIDRIOS  MR  ROB  BIDÓN  5000  CC  UNIDAD  REGIÓN  V;LÍQUIDO  LIMPIAVIDRIOS;2701;2535;6;225;128904750;Si;CASTILLA  Y  ARAGON  SPA;CASTILLA  Y  ARAGON  SPA;96.989.530-7
2239-9-LR22;5800319;Convenio  Marco  de  Artículos  de  Aseo  e  Higiene;1216085-62-CM25;52228166;INSUMOS  Y  ARTICULOS  DE  ASEO.  Gran  Compra:  74955;2025-03-06;2025-02-03;2025-02-03;2025-02-17;Recepción  Conforme;74955;70.983.600-5;Adquisiciones;CORP  MUNICIPAL  PARA  EL  DESARROLLO  SOCIAL;;Villa  Alemana;CORP  MUNICIPAL  PARA  EL  DESARROLLO  SOCIAL;1907543;INSECTICIDA  KILLER  1000  AEROSOL  ARAÑAS/CUCARACHAS  360  CC  UNIDAD  REGIÓN  V;INSECTICIDA;1763;1762;0;363;639606;No;MULTINEGOCIOS  MACJ  CHILE  SPA;MULTINEGOCIOS  MACJ  CHILE  SPA;76.225.217-1
2239-9-LR22;5800319;Convenio  Marco  de  Artículos  de  Aseo  e  Higiene;1216085-62-CM25;52228166;INSUMOS  Y  ARTICULOS  DE  ASEO.  Gran  Compra:  74955;2025-03-06;2025-02-03;2025-02-03;2025-02-17;Recepción  Conforme;74955;70.983.600-5;Adquisiciones;CORP  MUNICIPAL  PARA  EL  DESARROLLO  SOCIAL;;Villa  Alemana;CORP  MUNICIPAL  PARA  EL  DESARROLLO  SOCIAL;1910756;LIMPIADOR  DE  PISOS  MR  ROB  CONCENTRADO  MULTIUSO  BIDÓN  5000  ML  UNIDAD  REGIÓN  V;LIMPIADOR  DE  PISOS;2618;2239;14;80;14508720;Si;CASTILLA  Y  ARAGON  SPA;CASTILLA  Y  ARAGON  SPA;96.989.530-7
2239-9-LR22;5800319;Convenio  Marco  de  Artículos  de  Aseo  e  Higiene;1216085-62-CM25;52228166;INSUMOS  Y  ARTICULOS  DE  ASEO.  Gran  Compra:  74955;2025-03-06;2025-02-03;2025-02-03;2025-02-17;Recepción  Conforme;74955;70.983.600-5;Adquisiciones;CORP  MUNICIPAL  PARA  EL  DESARROLLO  SOCIAL;;Villa  Alemana;CORP  MUNICIPAL  PARA  EL  DESARROLLO  SOCIAL;1900420;ESCOBILLÓN  AKUAN  ESCOBA  DE  RAMA  EXTERIOR  MANGO  MADERA  UNIDAD  REGIÓN  V;ESCOBILLÓN;5034;5033;0;108;543564;No;MULTINEGOCIOS  MACJ  CHILE  SPA;MULTINEGOCIOS  MACJ  CHILE  SPA;76.225.217-1
2239-9-LR22;5800319;Convenio  Marco  de  Artículos  de  Aseo  e  Higiene;1216085-62-CM25;52228166;INSUMOS  Y  ARTICULOS  DE  ASEO.  Gran  Compra:  74955;2025-03-06;2025-02-03;2025-02-03;2025-02-17;Recepción  Conforme;74955;70.983.600-5;Adquisiciones;CORP  MUNICIPAL  PARA  EL  DESARROLLO  SOCIAL;;Villa  Alemana;CORP  MUNICIPAL  PARA  EL  DESARROLLO  SOCIAL;1907033;GUANTES  DE  LIMPIEZA  WINKLER  MULTIUSO  FLOCADO  TALLA  M  PAR  REGIÓN  V;GUANTES  DE  LIMPIEZA;686;785;-14;398;312430;No;MULTINEGOCIOS  MACJ  CHILE  SPA;MULTINEGOCIOS  MACJ  CHILE  SPA;76.225.217-1
2239-9-LR22;5800319;Convenio  Marco  de  Artículos  de  Aseo  e  Higiene;1216085-62-CM25;52228166;INSUMOS  Y  ARTICULOS  DE  ASEO.  Gran  Compra:  74955;2025-03-06;2025-02-03;2025-02-03;2025-02-17;Recepción  Conforme;74955;70.983.600-5;Adquisiciones;CORP  MUNICIPAL  PARA  EL  DESARROLLO  SOCIAL;;Villa  Alemana;CORP  MUNICIPAL  PARA  EL  DESARROLLO  SOCIAL;1911147;LIMPIADOR  DE  PISOS  TREMEX  CONCENTRADO  MULTIUSO  BOTELLA  900  ML  UNIDAD  REGIÓN  V;LIMPIADOR  DE  PISOS;884;849;4;285;241965;No;SUPERMERCADO  MAYORISTA  B  MÁS  SPA;SUPERMERCADO  MAYORISTA  METROPOLITANO  SPA;77.047.926-6
2239-9-LR22;5800319;Convenio  Marco  de  Artículos  de  Aseo  e  Higiene;1216085-62-CM25;52228166;INSUMOS  Y  ARTICULOS  DE  ASEO.  Gran  Compra:  74955;2025-03-06;2025-02-03;2025-02-03;2025-02-17;Recepción  Conforme;74955;70.983.600-5;Adquisiciones;CORP  MUNICIPAL  PARA  EL  DESARROLLO  SOCIAL;;Villa  Alemana;CORP  MUNICIPAL  PARA  EL  DESARROLLO  SOCIAL;1906863;GUANTES  DE  LIMPIEZA  TRESOR  MULTIUSO  GAMUZADO  TALLA  L  PAR  REGIÓN  V;GUANTES  DE  LIMPIEZA;455;440;3;387;66068640;Si;CASTILLA  Y  ARAGON  SPA;CASTILLA  Y  ARAGON  SPA;96.989.530-7
2239-9-LR22;5800319;Convenio  Marco  de  Artículos  de  Aseo  e  Higiene;1216085-62-CM25;52228166;INSUMOS  Y  ARTICULOS  DE  ASEO.  Gran  Compra:  74955;2025-03-06;2025-02-03;2025-02-03;2025-02-17;Recepción  Conforme;74955;70.983.600-5;Adquisiciones;CORP  MUNICIPAL  PARA  EL  DESARROLLO  SOCIAL;;Villa  Alemana;CORP  MUNICIPAL  PARA  EL  DESARROLLO  SOCIAL;1906880;GUANTES  DE  LIMPIEZA  TRESOR  MULTIUSO  GAMUZADO  TALLA  M  PAR  REGIÓN  V;GUANTES  DE  LIMPIEZA;460;434;6;398;172732;No;PROVEEDORES  INTEGRALES  PRISA  S  A;PROVEEDORES  INTEGRALES  PRISA  S  A;96.556.940-5
2239-9-LR22;5800319;Convenio  Marco  de  Artículos  de  Aseo  e  Higiene;1216085-62-CM25;52228166;INSUMOS  Y  ARTICULOS  DE  ASEO.  Gran  Compra:  74955;2025-03-06;2025-02-03;2025-02-03;2025-02-17;Recepción  Conforme;74955;70.983.600-5;Adquisiciones;CORP  MUNICIPAL  PARA  EL  DESARROLLO  SOCIAL;;Villa  Alemana;CORP  MUNICIPAL  PARA  EL  DESARROLLO  SOCIAL;1906880;GUANTES  DE  LIMPIEZA  TRESOR  MULTIUSO  GAMUZADO  TALLA  M  PAR  REGIÓN  V;GUANTES  DE  LIMPIEZA;455;440;3;398;69872880;Si;CASTILLA  Y  ARAGON  SPA;CASTILLA  Y  ARAGON  SPA;96.989.530-7
2239-9-LR22;5800319;Convenio  Marco  de  Artículos  de  Aseo  e  Higiene;1216085-62-CM25;52228166;INSUMOS  Y  ARTICULOS  DE  ASEO.  Gran  Compra:  74955;2025-03-06;2025-02-03;2025-02-03;2025-02-17;Recepción  Conforme;74955;70.983.600-5;Adquisiciones;CORP  MUNICIPAL  PARA  EL  DESARROLLO  SOCIAL;;Villa  Alemana;CORP  MUNICIPAL  PARA  EL  DESARROLLO  SOCIAL;1916485;PAÑO  ABSORBENTE  MULTIUSO  CLEAN  CELULOSA  PAQUETE  DE  UNIDAD  REGIÓN  V;PAÑO  ABSORBENTE  MULTIUSO;618;617;0;185;114145;No;MULTINEGOCIOS  MACJ  CHILE  SPA;MULTINEGOCIOS  MACJ  CHILE  SPA;76.225.217-1
2239-9-LR22;5800319;Convenio  Marco  de  Artículos  de  Aseo  e  Higiene;1216085-62-CM25;52228166;INSUMOS  Y  ARTICULOS  DE  ASEO.  Gran  Compra:  74955;2025-03-06;2025-02-03;2025-02-03;2025-02-17;Recepción  Conforme;74955;70.983.600-5;Adquisiciones;CORP  MUNICIPAL  PARA  EL  DESARROLLO  SOCIAL;;Villa  Alemana;CORP  MUNICIPAL  PARA  EL  DESARROLLO  SOCIAL;1917505;PAÑO  ABSORBENTE  MULTIUSO  IGENIX  DESINFECTANTE  PAQUETE  DE  90  UNIDADES  REGIÓN  V;PAÑO  ABSORBENTE  MULTIUSO;3003;3002;0;2525;7580050;No;MULTINEGOCIOS  MACJ  CHILE  SPA;MULTINEGOCIOS  MACJ  CHILE  SPA;76.225.217-1
2239-9-LR22;5800319;Convenio  Marco  de  Artículos  de  Aseo  e  Higiene;1216085-62-CM25;52228166;INSUMOS  Y  ARTICULOS  DE  ASEO.  Gran  Compra:  74955;2025-03-06;2025-02-03;2025-02-03;2025-02-17;Recepción  Conforme;74955;70.983.600-5;Adquisiciones;CORP  MUNICIPAL  PARA  EL  DESARROLLO  SOCIAL;;Villa  Alemana;CORP  MUNICIPAL  PARA  EL  DESARROLLO  SOCIAL;1910501;LIMPIADOR  DE  PISOS  IMPEKE  DESINFECTANTE  BOTELLA  900  ML  UNIDAD  REGIÓN  V;LIMPIADOR  DE  PISOS;650;649;0;285;184965;No;MULTINEGOCIOS  MACJ  CHILE  SPA;MULTINEGOCIOS  MACJ  CHILE  SPA;76.225.217-1
2239-9-LR22;5800319;Convenio  Marco  de  Artículos  de  Aseo  e  Higiene;1216085-62-CM25;52228166;INSUMOS  Y  ARTICULOS  DE  ASEO.  Gran  Compra:  74955;2025-03-06;2025-02-03;2025-02-03;2025-02-17;Recepción  Conforme;74955;70.983.600-5;Adquisiciones;CORP  MUNICIPAL  PARA  EL  DESARROLLO  SOCIAL;;Villa  Alemana;CORP  MUNICIPAL  PARA  EL  DESARROLLO  SOCIAL;1898516;DESODORANTE  AMBIENTAL  AROM  AEROSOL  360  CC  LAVANDA  UNIDAD  REGIÓN  V;DESODORANTE  AMBIENTAL;1292;1092;15;782;853944;No;PROVEEDORES  INTEGRALES  PRISA  S  A;PROVEEDORES  INTEGRALES  PRISA  S  A;96.556.940-5
2239-9-LR22;5800319;Convenio  Marco  de  Artículos  de  Aseo  e  Higiene;1216085-62-CM25;52228166;INSUMOS  Y  ARTICULOS  DE  ASEO.  Gran  Compra:  74955;2025-03-06;2025-02-03;2025-02-03;2025-02-17;Recepción  Conforme;74955;70.983.600-5;Adquisiciones;CORP  MUNICIPAL  PARA  EL  DESARROLLO  SOCIAL;;Villa  Alemana;CORP  MUNICIPAL  PARA  EL  DESARROLLO  SOCIAL;1918321;PAÑO  ABSORBENTE  MULTIUSO  VIRUTEX  DESINFECTANTE  PAQUETE  DE  35  UNIDADES  REGIÓN  V;PAÑO  ABSORBENTE  MULTIUSO;1873;1802;4;637;732343612;Si;CASTILLA  Y  ARAGON  SPA;CASTILLA  Y  ARAGON  SPA;96.989.530-7
2239-9-LR22;5800319;Convenio  Marco  de  Artículos  de  Aseo  e  Higiene;1216085-62-CM25;52228166;INSUMOS  Y  ARTICULOS  DE  ASEO.  Gran  Compra:  74955;2025-03-06;2025-02-03;2025-02-03;2025-02-17;Recepción  Conforme;74955;70.983.600-5;Adquisiciones;CORP  MUNICIPAL  PARA  EL  DESARROLLO  SOCIAL;;Villa  Alemana;CORP  MUNICIPAL  PARA  EL  DESARROLLO  SOCIAL;1917250;PAÑO  ABSORBENTE  MULTIUSO  FIBRO  CHILE  CELULOSA  PAQUETE  DE  UNIDAD  REGIÓN  V;PAÑO  ABSORBENTE  MULTIUSO;473;470;1;185;16172700;Si;CASTILLA  Y  ARAGON  SPA;CASTILLA  Y  ARAGON  SPA;96.989.530-7
2239-9-LR22;5800319;Convenio  Marco  de  Artículos  de  Aseo  e  Higiene;1216085-62-CM25;52228166;INSUMOS  Y  ARTICULOS  DE  ASEO.  Gran  Compra:  74955;2025-03-06;2025-02-03;2025-02-03;2025-02-17;Recepción  Conforme;74955;70.983.600-5;Adquisiciones;CORP  MUNICIPAL  PARA  EL  DESARROLLO  SOCIAL;;Villa  Alemana;CORP  MUNICIPAL  PARA  EL  DESARROLLO  SOCIAL;1913612;PALA  DE  ASEO  VIRUTEX  PRO  PLÁSTICA  MANGO  LARGO  100  CM  UNIDAD  REGIÓN  V;PALA  DE  ASEO;2146;2120;1;711;1507320;No;SERVICIOS  INTEGRADOS  SIDAPT  LIMITADA;SERVICIOS  INTEGRADOS  SIDAPT  LIMITADA;76.299.358-9
2239-9-LR22;5800319;Convenio  Marco  de  Artículos  de  Aseo  e  Higiene;1216085-62-CM25;52228166;INSUMOS  Y  ARTICULOS  DE  ASEO.  Gran  Compra:  74955;2025-03-06;2025-02-03;2025-02-03;2025-02-17;Recepción  Conforme;74955;70.983.600-5;Adquisiciones;CORP  MUNICIPAL  PARA  EL  DESARROLLO  SOCIAL;;Villa  Alemana;CORP  MUNICIPAL  PARA  EL  DESARROLLO  SOCIAL;1912439;LÍQUIDO  LIMPIAVIDRIOS  TREMEX  BOTELLA  C/PULVERIZADOR  500  CC  UNIDAD  REGIÓN  V;LÍQUIDO  LIMPIAVIDRIOS;1500;1399;7;291;407109;No;SUPERMERCADO  MAYORISTA  B  MÁS  SPA;SUPERMERCADO  MAYORISTA  METROPOLITANO  SPA;77.047.926-6
2239-9-LR22;5800319;Convenio  Marco  de  Artículos  de  Aseo  e  Higiene;1216085-62-CM25;52228166;INSUMOS  Y  ARTICULOS  DE  ASEO.  Gran  Compra:  74955;2025-03-06;2025-02-03;2025-02-03;2025-02-17;Recepción  Conforme;74955;70.983.600-5;Adquisiciones;CORP  MUNICIPAL  PARA  EL  DESARROLLO  SOCIAL;;Villa  Alemana;CORP  MUNICIPAL  PARA  EL  DESARROLLO  SOCIAL;1909022;LAVALOZAS  CONCENTRADO  LAVADO  MANUAL  MR  ROB  ANTIGRASA  CÍTRICO  750  ML  UNIDAD  REGIÓN  V;LAVALOZAS  CONCENTRADO  LAVADO  MANUAL;1000;899;10;455;186524520;Si;CASTILLA  Y  ARAGON  SPA;CASTILLA  Y  ARAGON  SPA;96.989.530-7
2239-9-LR22;5800319;Convenio  Marco  de  Artículos  de  Aseo  e  Higiene;1216085-62-CM25;52228166;INSUMOS  Y  ARTICULOS  DE  ASEO.  Gran  Compra:  74955;2025-03-06;2025-02-03;2025-02-03;2025-02-17;Recepción  Conforme;74955;70.983.600-5;Adquisiciones;CORP  MUNICIPAL  PARA  EL  DESARROLLO  SOCIAL;;Villa  Alemana;CORP  MUNICIPAL  PARA  EL  DESARROLLO  SOCIAL;1912422;LÍQUIDO  LIMPIAVIDRIOS  TREMEX  BIDÓN  5000  CC  UNIDAD  REGIÓN  V;LÍQUIDO  LIMPIAVIDRIOS;4566;3562;22;225;801450;No;PROVEEDORES  INTEGRALES  PRISA  S  A;PROVEEDORES  INTEGRALES  PRISA  S  A;96.556.940-5
2239-9-LR22;5800319;Convenio  Marco  de  Artículos  de  Aseo  e  Higiene;1216085-62-CM25;52228166;INSUMOS  Y  ARTICULOS  DE  ASEO.  Gran  Compra:  74955;2025-03-06;2025-02-03;2025-02-03;2025-02-17;Recepción  Conforme;74955;70.983.600-5;Adquisiciones;CORP  MUNICIPAL  PARA  EL  DESARROLLO  SOCIAL;;Villa  Alemana;CORP  MUNICIPAL  PARA  EL  DESARROLLO  SOCIAL;1900488;ESCOBILLÓN  AVALCO  ESCOBA  DE  RAMA  EXTERIOR  MANGO  MADERA  UNIDAD  REGIÓN  V;ESCOBILLÓN;6031;5863;3;108;633204;No;SERVICIOS  INTEGRADOS  SIDAPT  LIMITADA;SERVICIOS  INTEGRADOS  SIDAPT  LIMITADA;76.299.358-9
2239-9-LR22;5800319;Convenio  Marco  de  Artículos  de  Aseo  e  Higiene;1216085-62-CM25;52228166;INSUMOS  Y  ARTICULOS  DE  ASEO.  Gran  Compra:  74955;2025-03-06;2025-02-03;2025-02-03;2025-02-17;Recepción  Conforme;74955;70.983.600-5;Adquisiciones;CORP  MUNICIPAL  PARA  EL  DESARROLLO  SOCIAL;;Villa  Alemana;CORP  MUNICIPAL  PARA  EL  DESARROLLO  SOCIAL;1907169;INSECTICIDA  ALFAKILL  AEROSOL  TODO  INSECTO  560  CC  UNIDAD  REGIÓN  V;INSECTICIDA;2186;2100;4;653;896830200;Si;CASTILLA  Y  ARAGON  SPA;CASTILLA  Y  ARAGON  SPA;96.989.530-7
2239-9-LR22;5800319;Convenio  Marco  de  Artículos  de  Aseo  e  Higiene;1216085-62-CM25;52228166;INSUMOS  Y  ARTICULOS  DE  ASEO.  Gran  Compra:  74955;2025-03-06;2025-02-03;2025-02-03;2025-02-17;Recepción  Conforme;74955;70.983.600-5;Adquisiciones;CORP  MUNICIPAL  PARA  EL  DESARROLLO  SOCIAL;;Villa  Alemana;CORP  MUNICIPAL  PARA  EL  DESARROLLO  SOCIAL;1911895;LÍQUIDO  LIMPIAVIDRIOS  FIBRO  CHILE  BOTELLA  C/PULVERIZADOR  500  CC  UNIDAD  REGIÓN  V;LÍQUIDO  LIMPIAVIDRIOS;1248;1241;1;291;361131;No;PROVEEDORES  INTEGRALES  PRISA  S  A;PROVEEDORES  INTEGRALES  PRISA  S  A;96.556.940-5
2239-9-LR22;5800319;Convenio  Marco  de  Artículos  de  Aseo  e  Higiene;1216085-62-CM25;52228166;INSUMOS  Y  ARTICULOS  DE  ASEO.  Gran  Compra:  74955;2025-03-06;2025-02-03;2025-02-03;2025-02-17;Recepción  Conforme;74955;70.983.600-5;Adquisiciones;CORP  MUNICIPAL  PARA  EL  DESARROLLO  SOCIAL;;Villa  Alemana;CORP  MUNICIPAL  PARA  EL  DESARROLLO  SOCIAL;1908852;LAVALOZAS  CONCENTRADO  LAVADO  MANUAL  IMPEKE  ANTIGRASA  CÍTRICO  750  ML  UNIDAD  REGIÓN  V;LAVALOZAS  CONCENTRADO  LAVADO  MANUAL;934;930;0;455;423150;No;SERVICIOS  INTEGRADOS  SIDAPT  LIMITADA;SERVICIOS  INTEGRADOS  SIDAPT  LIMITADA;76.299.358-9
2239-9-LR22;5800319;Convenio  Marco  de  Artículos  de  Aseo  e  Higiene;1216085-62-CM25;52228166;INSUMOS  Y  ARTICULOS  DE  ASEO.  Gran  Compra:  74955;2025-03-06;2025-02-03;2025-02-03;2025-02-17;Recepción  Conforme;74955;70.983.600-5;Adquisiciones;CORP  MUNICIPAL  PARA  EL  DESARROLLO  SOCIAL;;Villa  Alemana;CORP  MUNICIPAL  PARA  EL  DESARROLLO  SOCIAL;1907560;INSECTICIDA  KILLER  1000  AEROSOL  ARAÑAS/CUCARACHAS  560  CC  UNIDAD  REGIÓN  V;INSECTICIDA;2735;2718;1;363;986634;No;SERVICIOS  INTEGRADOS  SIDAPT  LIMITADA;SERVICIOS  INTEGRADOS  SIDAPT  LIMITADA;76.299.358-9
2239-9-LR22;5800319;Convenio  Marco  de  Artículos  de  Aseo  e  Higiene;1216085-62-CM25;52228166;INSUMOS  Y  ARTICULOS  DE  ASEO.  Gran  Compra:  74955;2025-03-06;2025-02-03;2025-02-03;2025-02-17;Recepción  Conforme;74955;70.983.600-5;Adquisiciones;CORP  MUNICIPAL  PARA  EL  DESARROLLO  SOCIAL;;Villa  Alemana;CORP  MUNICIPAL  PARA  EL  DESARROLLO  SOCIAL;1908087;JABÓN  D-70  AROMATICO  LÍQUIDO  DOYPACK  900  ML  UNIDAD  REGIÓN  V;JABÓN;1375;1349;2;703;948347;No;SERVICIOS  INTEGRADOS  SIDAPT  LIMITADA;SERVICIOS  INTEGRADOS  SIDAPT  LIMITADA;76.299.358-9
2239-9-LR22;5800319;Convenio  Marco  de  Artículos  de  Aseo  e  Higiene;1216085-62-CM25;52228166;INSUMOS  Y  ARTICULOS  DE  ASEO.  Gran  Compra:  74955;2025-03-06;2025-02-03;2025-02-03;2025-02-17;Recepción  Conforme;74955;70.983.600-5;Adquisiciones;CORP  MUNICIPAL  PARA  EL  DESARROLLO  SOCIAL;;Villa  Alemana;CORP  MUNICIPAL  PARA  EL  DESARROLLO  SOCIAL;1926838;TRAPERO  REUTILIZABLE  VIRUTEX  ALGODÓN  SIMPLE  C/OJAL  50X50  CM  UNIDAD  REGIÓN  V;TRAPERO  REUTILIZABLE;879;873;1;539;470547;No;SERVICIOS  INTEGRADOS  SIDAPT  LIMITADA;SERVICIOS  INTEGRADOS  SIDAPT  LIMITADA;76.299.358-9
2239-9-LR22;5800319;Convenio  Marco  de  Artículos  de  Aseo  e  Higiene;1216085-62-CM25;52228166;INSUMOS  Y  ARTICULOS  DE  ASEO.  Gran  Compra:  74955;2025-03-06;2025-02-03;2025-02-03;2025-02-17;Recepción  Conforme;74955;70.983.600-5;Adquisiciones;CORP  MUNICIPAL  PARA  EL  DESARROLLO  SOCIAL;;Villa  Alemana;CORP  MUNICIPAL  PARA  EL  DESARROLLO  SOCIAL;1918355;PAÑO  ABSORBENTE  MULTIUSO  VIRUTEX  DESINFECTANTE  PAQUETE  DE  90  UNIDADES  REGIÓN  V;PAÑO  ABSORBENTE  MULTIUSO;3237;3185;2;2525;8042125;No;SERVICIOS  INTEGRADOS  SIDAPT  LIMITADA;SERVICIOS  INTEGRADOS  SIDAPT  LIMITADA;76.299.358-9
2239-9-LR22;5800319;Convenio  Marco  de  Artículos  de  Aseo  e  Higiene;1216085-62-CM25;52228166;INSUMOS  Y  ARTICULOS  DE  ASEO.  Gran  Compra:  74955;2025-03-06;2025-02-03;2025-02-03;2025-02-17;Recepción  Conforme;74955;70.983.600-5;Adquisiciones;CORP  MUNICIPAL  PARA  EL  DESARROLLO  SOCIAL;;Villa  Alemana;CORP  MUNICIPAL  PARA  EL  DESARROLLO  SOCIAL;1918304;PAÑO  ABSORBENTE  MULTIUSO  VIRUTEX  CELULOSA  PAQUETE  DE  UNIDAD  REGIÓN  V;PAÑO  ABSORBENTE  MULTIUSO;1246;1099;12;1665;-1246462186;Si;CASTILLA  Y  ARAGON  SPA;CASTILLA  Y  ARAGON  SPA;96.989.530-7
2239-9-LR22;5800319;Convenio  Marco  de  Artículos  de  Aseo  e  Higiene;1216085-62-CM25;52228166;INSUMOS  Y  ARTICULOS  DE  ASEO.  Gran  Compra:  74955;2025-03-06;2025-02-03;2025-02-03;2025-02-17;Recepción  Conforme;74955;70.983.600-5;Adquisiciones;CORP  MUNICIPAL  PARA  EL  DESARROLLO  SOCIAL;;Villa  Alemana;CORP  MUNICIPAL  PARA  EL  DESARROLLO  SOCIAL;1909005;LAVALOZAS  CONCENTRADO  LAVADO  MANUAL  MR  ROB  ANTIGRASA  CÍTRICO  5000  ML  UNIDAD  REGIÓN  V;LAVALOZAS  CONCENTRADO  LAVADO  MANUAL;3234;3098;4;236;173277336;Si;CASTILLA  Y  ARAGON  SPA;CASTILLA  Y  ARAGON  SPA;96.989.530-7
2239-9-LR22;5800319;Convenio  Marco  de  Artículos  de  Aseo  e  Higiene;1216085-62-CM25;52228166;INSUMOS  Y  ARTICULOS  DE  ASEO.  Gran  Compra:  74955;2025-03-06;2025-02-03;2025-02-03;2025-02-17;Recepción  Conforme;74955;70.983.600-5;Adquisiciones;CORP  MUNICIPAL  PARA  EL  DESARROLLO  SOCIAL;;Villa  Alemana;CORP  MUNICIPAL  PARA  EL  DESARROLLO  SOCIAL;1918373;PAÑO  ABSORBENTE  MULTIUSO  VIRUTEX  PRO  ALGODÓN  40X35  CM  UNIDAD  REGIÓN  VI;PAÑO  ABSORBENTE  MULTIUSO;317;267;16;601;160467;No;PROVEEDORES  INTEGRALES  PRISA  S  A;PROVEEDORES  INTEGRALES  PRISA  S  A;96.556.940-5
2239-9-LR22;5800319;Convenio  Marco  de  Artículos  de  Aseo  e  Higiene;1216085-62-CM25;52228166;INSUMOS  Y  ARTICULOS  DE  ASEO.  Gran  Compra:  74955;2025-03-06;2025-02-03;2025-02-03;2025-02-17;Recepción  Conforme;74955;70.983.600-5;Adquisiciones;CORP  MUNICIPAL  PARA  EL  DESARROLLO  SOCIAL;;Villa  Alemana;CORP  MUNICIPAL  PARA  EL  DESARROLLO  SOCIAL;1918457;PAÑO  ABSORBENTE  MULTIUSO  VIRUTEX  PRO  RESISTENTE  AL  CLORO  PAQUETE  DE  UNIDAD  REGIÓN  V;PAÑO  ABSORBENTE  MULTIUSO;254;201;21;185;37185;No;PROVEEDORES  INTEGRALES  PRISA  S  A;PROVEEDORES  INTEGRALES  PRISA  S  A;96.556.940-5
2239-9-LR22;5800319;Convenio  Marco  de  Artículos  de  Aseo  e  Higiene;1216085-62-CM25;52228166;INSUMOS  Y  ARTICULOS  DE  ASEO.  Gran  Compra:  74955;2025-03-06;2025-02-03;2025-02-03;2025-02-17;Recepción  Conforme;74955;70.983.600-5;Adquisiciones;CORP  MUNICIPAL  PARA  EL  DESARROLLO  SOCIAL;;Villa  Alemana;CORP  MUNICIPAL  PARA  EL  DESARROLLO  SOCIAL;1916349;PAÑO  ABSORBENTE  MULTIUSO  AVALCO  CELULOSA  PAQUETE  DE  6  UNIDADES  REGIÓN  V;PAÑO  ABSORBENTE  MULTIUSO;2207;2206;0;55;121330;No;MULTINEGOCIOS  MACJ  CHILE  SPA;MULTINEGOCIOS  MACJ  CHILE  SPA;76.225.217-1
2239-9-LR22;5800319;Convenio  Marco  de  Artículos  de  Aseo  e  Higiene;1216085-62-CM25;52228166;INSUMOS  Y  ARTICULOS  DE  ASEO.  Gran  Compra:  74955;2025-03-06;2025-02-03;2025-02-03;2025-02-17;Recepción  Conforme;74955;70.983.600-5;Adquisiciones;CORP  MUNICIPAL  PARA  EL  DESARROLLO  SOCIAL;;Villa  Alemana;CORP  MUNICIPAL  PARA  EL  DESARROLLO  SOCIAL;1918304;PAÑO  ABSORBENTE  MULTIUSO  VIRUTEX  CELULOSA  PAQUETE  DE  UNIDAD  REGIÓN  V;PAÑO  ABSORBENTE  MULTIUSO;882;880;0;1665;1465200;No;SERVICIOS  INTEGRADOS  SIDAPT  LIMITADA;SERVICIOS  INTEGRADOS  SIDAPT  LIMITADA;76.299.358-9
2239-9-LR22;5800319;Convenio  Marco  de  Artículos  de  Aseo  e  Higiene;1216085-62-CM25;52228166;INSUMOS  Y  ARTICULOS  DE  ASEO.  Gran  Compra:  74955;2025-03-06;2025-02-03;2025-02-03;2025-02-17;Recepción  Conforme;74955;70.983.600-5;Adquisiciones;CORP  MUNICIPAL  PARA  EL  DESARROLLO  SOCIAL;;Villa  Alemana;CORP  MUNICIPAL  PARA  EL  DESARROLLO  SOCIAL;1911113;LIMPIADOR  DE  PISOS  TREMEX  CONCENTRADO  MULTIUSO  BIDÓN  5000  ML  UNIDAD  REGIÓN  V;LIMPIADOR  DE  PISOS;3767;3766;0;716;2696456;No;SUPERMERCADO  MAYORISTA  B  MÁS  SPA;SUPERMERCADO  MAYORISTA  METROPOLITANO  SPA;77.047.926-6
2239-9-LR22;5800319;Convenio  Marco  de  Artículos  de  Aseo  e  Higiene;1216085-62-CM25;52228166;INSUMOS  Y  ARTICULOS  DE  ASEO.  Gran  Compra:  74955;2025-03-06;2025-02-03;2025-02-03;2025-02-17;Recepción  Conforme;74955;70.983.600-5;Adquisiciones;CORP  MUNICIPAL  PARA  EL  DESARROLLO  SOCIAL;;Villa  Alemana;CORP  MUNICIPAL  PARA  EL  DESARROLLO  SOCIAL;1912490;LÍQUIDO  LIMPIAVIDRIOS  VIRUTEX  BOTELLA  C/PULVERIZADOR  500  CC  UNIDAD  REGIÓN  V;LÍQUIDO  LIMPIAVIDRIOS;963;961;0;291;279651;No;SERVICIOS  INTEGRADOS  SIDAPT  LIMITADA;SERVICIOS  INTEGRADOS  SIDAPT  LIMITADA;76.299.358-9
2239-9-LR22;5800319;Convenio  Marco  de  Artículos  de  Aseo  e  Higiene;1216085-62-CM25;52228166;INSUMOS  Y  ARTICULOS  DE  ASEO.  Gran  Compra:  74955;2025-03-06;2025-02-03;2025-02-03;2025-02-17;Recepción  Conforme;74955;70.983.600-5;Adquisiciones;CORP  MUNICIPAL  PARA  EL  DESARROLLO  SOCIAL;;Villa  Alemana;CORP  MUNICIPAL  PARA  EL  DESARROLLO  SOCIAL;1907662;INSECTICIDA  KILLER  AEROSOL  ARAÑAS/CUCARACHAS  360  CC  UNIDAD  REGIÓN  V;INSECTICIDA;2091;1510;28;363;548130;No;PROVEEDORES  INTEGRALES  PRISA  S  A;PROVEEDORES  INTEGRALES  PRISA  S  A;96.556.940-5
2239-9-LR22;5800319;Convenio  Marco  de  Artículos  de  Aseo  e  Higiene;1216085-62-CM25;52228166;INSUMOS  Y  ARTICULOS  DE  ASEO.  Gran  Compra:  74955;2025-03-06;2025-02-03;2025-02-03;2025-02-17;Recepción  Conforme;74955;70.983.600-5;Adquisiciones;CORP  MUNICIPAL  PARA  EL  DESARROLLO  SOCIAL;;Villa  Alemana;CORP  MUNICIPAL  PARA  EL  DESARROLLO  SOCIAL;1907543;INSECTICIDA  KILLER  1000  AEROSOL  ARAÑAS/CUCARACHAS  360  CC  UNIDAD  REGIÓN  V;INSECTICIDA;1763;1762;0;363;639606;No;MULTINEGOCIOS  MACJ  CHILE  SPA;MULTINEGOCIOS  MACJ  CHILE  SPA;76.225.217-1
2239-9-LR22;5800319;Convenio  Marco  de  Artículos  de  Aseo  e  Higiene;1216085-62-CM25;52228166;INSUMOS  Y  ARTICULOS  DE  ASEO.  Gran  Compra:  74955;2025-03-06;2025-02-03;2025-02-03;2025-02-17;Recepción  Conforme;74955;70.983.600-5;Adquisiciones;CORP  MUNICIPAL  PARA  EL  DESARROLLO  SOCIAL;;Villa  Alemana;CORP  MUNICIPAL  PARA  EL  DESARROLLO  SOCIAL;1919171;PAÑUELOS  DESECHABLES  TORK  FACIAL  DOBLE  HOJA  21X21  CM  30  CAJAS  100  UNIDADES  REGIÓN  V;PAÑUELOS  DESECHABLES;28690;28481;1;169;4813289;No;SERVICIOS  INTEGRADOS  SIDAPT  LIMITADA;SERVICIOS  INTEGRADOS  SIDAPT  LIMITADA;76.299.358-9
2239-9-LR22;5800319;Convenio  Marco  de  Artículos  de  Aseo  e  Higiene;1216085-62-CM25;52228166;INSUMOS  Y  ARTICULOS  DE  ASEO.  Gran  Compra:  74955;2025-03-06;2025-02-03;2025-02-03;2025-02-17;Recepción  Conforme;74955;70.983.600-5;Adquisiciones;CORP  MUNICIPAL  PARA  EL  DESARROLLO  SOCIAL;;Villa  Alemana;CORP  MUNICIPAL  PARA  EL  DESARROLLO  SOCIAL;1909277;LAVALOZAS  CONCENTRADO  LAVADO  MANUAL  TREMEX  ANTIGRASA  CÍTRICO  5000  ML  UNIDAD  REGIÓN  V;LAVALOZAS  CONCENTRADO  LAVADO  MANUAL;6137;5646;8;236;1332456;No;SUPERMERCADO  MAYORISTA  B  MÁS  SPA;SUPERMERCADO  MAYORISTA  METROPOLITANO  SPA;77.047.926-6
2239-9-LR22;5800319;Convenio  Marco  de  Artículos  de  Aseo  e  Higiene;1216085-62-CM25;52228166;INSUMOS  Y  ARTICULOS  DE  ASEO.  Gran  Compra:  74955;2025-03-06;2025-02-03;2025-02-03;2025-02-17;Recepción  Conforme;74955;70.983.600-5;Adquisiciones;CORP  MUNICIPAL  PARA  EL  DESARROLLO  SOCIAL;;Villa  Alemana;CORP  MUNICIPAL  PARA  EL  DESARROLLO  SOCIAL;1918270;PAÑO  ABSORBENTE  MULTIUSO  VIRUTEX  CELULOSA  PAQUETE  DE  3  UNIDADES  REGIÓN  V;PAÑO  ABSORBENTE  MULTIUSO;1751;1650;6;55;90750;No;SERVICIOS  INTEGRADOS  SIDAPT  LIMITADA;SERVICIOS  INTEGRADOS  SIDAPT  LIMITADA;76.299.358-9
2239-9-LR22;5800319;Convenio  Marco  de  Artículos  de  Aseo  e  Higiene;1216085-62-CM25;52228166;INSUMOS  Y  ARTICULOS  DE  ASEO.  Gran  Compra:  74955;2025-03-06;2025-02-03;2025-02-03;2025-02-17;Recepción  Conforme;74955;70.983.600-5;Adquisiciones;CORP  MUNICIPAL  PARA  EL  DESARROLLO  SOCIAL;;Villa  Alemana;CORP  MUNICIPAL  PARA  EL  DESARROLLO  SOCIAL;1912422;LÍQUIDO  LIMPIAVIDRIOS  TREMEX  BIDÓN  5000  CC  UNIDAD  REGIÓN  V;LÍQUIDO  LIMPIAVIDRIOS;4163;3874;7;225;871650;No;SUPERMERCADO  MAYORISTA  B  MÁS  SPA;SUPERMERCADO  MAYORISTA  METROPOLITANO  SPA;77.047.926-6
2239-9-LR22;5800319;Convenio  Marco  de  Artículos  de  Aseo  e  Higiene;1216085-62-CM25;52228166;INSUMOS  Y  ARTICULOS  DE  ASEO.  Gran  Compra:  74955;2025-03-06;2025-02-03;2025-02-03;2025-02-17;Recepción  Conforme;74955;70.983.600-5;Adquisiciones;CORP  MUNICIPAL  PARA  EL  DESARROLLO  SOCIAL;;Villa  Alemana;CORP  MUNICIPAL  PARA  EL  DESARROLLO  SOCIAL;1943607;TOALLA  DE  PAPEL  TORK  SABANILLA  UNIVERSAL  48  M  BOLSA  2  ROLLOS  REGIÓN  V;TOALLA  DE  PAPEL;5320;5108;4;1330;6793640;No;SUPERMERCADO  MAYORISTA  B  MÁS  SPA;SUPERMERCADO  MAYORISTA  METROPOLITANO  SPA;77.047.926-6
2239-9-LR22;5800319;Convenio  Marco  de  Artículos  de  Aseo  e  Higiene;1216085-62-CM25;52228166;INSUMOS  Y  ARTICULOS  DE  ASEO.  Gran  Compra:  74955;2025-03-06;2025-02-03;2025-02-03;2025-02-17;Recepción  Conforme;74955;70.983.600-5;Adquisiciones;CORP  MUNICIPAL  PARA  EL  DESARROLLO  SOCIAL;;Villa  Alemana;CORP  MUNICIPAL  PARA  EL  DESARROLLO  SOCIAL;1924611;TOALLA  DE  PAPEL  PROPAPER  HOJA  SIMPLE  250  M  2  ROLLOS  REGIÓN  V;TOALLA  DE  PAPEL;7026;6820;3;4646;1214652776;Si;CASTILLA  Y  ARAGON  SPA;CASTILLA  Y  ARAGON  SPA;96.989.530-7
2239-9-LR22;5800319;Convenio  Marco  de  Artículos  de  Aseo  e  Higiene;1216085-62-CM25;52228166;INSUMOS  Y  ARTICULOS  DE  ASEO.  Gran  Compra:  74955;2025-03-06;2025-02-03;2025-02-03;2025-02-17;Recepción  Conforme;74955;70.983.600-5;Adquisiciones;CORP  MUNICIPAL  PARA  EL  DESARROLLO  SOCIAL;;Villa  Alemana;CORP  MUNICIPAL  PARA  EL  DESARROLLO  SOCIAL;1919766;PAPEL  HIGIÉNICO  CONFORT  BAJO  METRAJE  HOJA  SIMPLE  4  ROLLOS  50  M  1  PAQUETE  REGIÓN  V;PAPEL  HIGIÉNICO;1403;1399;0;136;26066168;Si;CASTILLA  Y  ARAGON  SPA;CASTILLA  Y  ARAGON  SPA;96.989.530-7
2239-9-LR22;5800319;Convenio  Marco  de  Artículos  de  Aseo  e  Higiene;1216085-62-CM25;52228166;INSUMOS  Y  ARTICULOS  DE  ASEO.  Gran  Compra:  74955;2025-03-06;2025-02-03;2025-02-03;2025-02-17;Recepción  Conforme;74955;70.983.600-5;Adquisiciones;CORP  MUNICIPAL  PARA  EL  DESARROLLO  SOCIAL;;Villa  Alemana;CORP  MUNICIPAL  PARA  EL  DESARROLLO  SOCIAL;1913663;PALA  DE  ASEO  VIRUTEX  PRO  PLÁSTICA  MANGO  LARGO  83.5  CM  UNIDAD  REGIÓN  V;PALA  DE  ASEO;2477;1552;37;711;1103472;No;PROVEEDORES  INTEGRALES  PRISA  S  A;PROVEEDORES  INTEGRALES  PRISA  S  A;96.556.940-5
2239-9-LR22;5800319;Convenio  Marco  de  Artículos  de  Aseo  e  Higiene;1216085-62-CM25;52228166;INSUMOS  Y  ARTICULOS  DE  ASEO.  Gran  Compra:  74955;2025-03-06;2025-02-03;2025-02-03;2025-02-17;Recepción  Conforme;74955;70.983.600-5;Adquisiciones;CORP  MUNICIPAL  PARA  EL  DESARROLLO  SOCIAL;;Villa  Alemana;CORP  MUNICIPAL  PARA  EL  DESARROLLO  SOCIAL;1922078;PAPEL  HIGIÉNICO  WINKLER  ALTO  METRAJE  DOBLE  HOJA  6  ROLLOS  250  M  1  PAQUETE  REGIÓN  V;PAPEL  HIGIÉNICO;8661;8859;-2;686;6077274;No;MULTINEGOCIOS  MACJ  CHILE  SPA;MULTINEGOCIOS  MACJ  CHILE  SPA;76.225.217-1
2239-9-LR22;5800319;Convenio  Marco  de  Artículos  de  Aseo  e  Higiene;1216085-62-CM25;52228166;INSUMOS  Y  ARTICULOS  DE  ASEO.  Gran  Compra:  74955;2025-03-06;2025-02-03;2025-02-03;2025-02-17;Recepción  Conforme;74955;70.983.600-5;Adquisiciones;CORP  MUNICIPAL  PARA  EL  DESARROLLO  SOCIAL;;Villa  Alemana;CORP  MUNICIPAL  PARA  EL  DESARROLLO  SOCIAL;1921840;PAPEL  HIGIÉNICO  TORK  ALTO  METRAJE  HOJA  SIMPLE  6  ROLLOS  600  M  1  PAQUETE  REGIÓN  V;PAPEL  HIGIÉNICO;18082;18067;0;1766;31906322;No;SUPERMERCADO  MAYORISTA  B  MÁS  SPA;SUPERMERCADO  MAYORISTA  METROPOLITANO  SPA;77.047.926-6
2239-9-LR22;5800319;Convenio  Marco  de  Artículos  de  Aseo  e  Higiene;1216085-62-CM25;52228166;INSUMOS  Y  ARTICULOS  DE  ASEO.  Gran  Compra:  74955;2025-03-06;2025-02-03;2025-02-03;2025-02-17;Recepción  Conforme;74955;70.983.600-5;Adquisiciones;CORP  MUNICIPAL  PARA  EL  DESARROLLO  SOCIAL;;Villa  Alemana;CORP  MUNICIPAL  PARA  EL  DESARROLLO  SOCIAL;1918032;PAÑO  ABSORBENTE  MULTIUSO  STKLTDA.  DESINFECTANTE  PAQUETE  DE  90  UNIDADES  REGIÓN  V;PAÑO  ABSORBENTE  MULTIUSO;3349;3348;0;601;2012148;No;MULTINEGOCIOS  MACJ  CHILE  SPA;MULTINEGOCIOS  MACJ  CHILE  SPA;76.225.217-1
2239-9-LR22;5800319;Convenio  Marco  de  Artículos  de  Aseo  e  Higiene;1216085-62-CM25;52228166;INSUMOS  Y  ARTICULOS  DE  ASEO.  Gran  Compra:  74955;2025-03-06;2025-02-03;2025-02-03;2025-02-17;Recepción  Conforme;74955;70.983.600-5;Adquisiciones;CORP  MUNICIPAL  PARA  EL  DESARROLLO  SOCIAL;;Villa  Alemana;CORP  MUNICIPAL  PARA  EL  DESARROLLO  SOCIAL;1918304;PAÑO  ABSORBENTE  MULTIUSO  VIRUTEX  CELULOSA  PAQUETE  DE  UNIDAD  REGIÓN  V;PAÑO  ABSORBENTE  MULTIUSO;882;880;0;1665;1465200;No;SERVICIOS  INTEGRADOS  SIDAPT  LIMITADA;SERVICIOS  INTEGRADOS  SIDAPT  LIMITADA;76.299.358-9
2239-9-LR22;5800319;Convenio  Marco  de  Artículos  de  Aseo  e  Higiene;1216085-62-CM25;52228166;INSUMOS  Y  ARTICULOS  DE  ASEO.  Gran  Compra:  74955;2025-03-06;2025-02-03;2025-02-03;2025-02-17;Recepción  Conforme;74955;70.983.600-5;Adquisiciones;CORP  MUNICIPAL  PARA  EL  DESARROLLO  SOCIAL;;Villa  Alemana;CORP  MUNICIPAL  PARA  EL  DESARROLLO  SOCIAL;1911470;LÍQUIDO  LIMPIAVIDRIOS  AVALCO  BOTELLA  C/PULVERIZADOR  500  CC  UNIDAD  REGIÓN  V;LÍQUIDO  LIMPIAVIDRIOS;700;699;0;291;203409;No;MULTINEGOCIOS  MACJ  CHILE  SPA;MULTINEGOCIOS  MACJ  CHILE  SPA;76.225.217-1
2239-9-LR22;5800319;Convenio  Marco  de  Artículos  de  Aseo  e  Higiene;1216085-62-CM25;52228166;INSUMOS  Y  ARTICULOS  DE  ASEO.  Gran  Compra:  74955;2025-03-06;2025-02-03;2025-02-03;2025-02-17;Recepción  Conforme;74955;70.983.600-5;Adquisiciones;CORP  MUNICIPAL  PARA  EL  DESARROLLO  SOCIAL;;Villa  Alemana;CORP  MUNICIPAL  PARA  EL  DESARROLLO  SOCIAL;1913680;PALA  DE  ASEO  VIRUTEX  PRO  PLÁSTICA  MANGO  LARGO  90  CM  UNIDAD  REGIÓN  V;PALA  DE  ASEO;1646;1645;0;711;1169595;No;MULTINEGOCIOS  MACJ  CHILE  SPA;MULTINEGOCIOS  MACJ  CHILE  SPA;76.225.217-1
2239-9-LR22;5800319;Convenio  Marco  de  Artículos  de  Aseo  e  Higiene;1216085-62-CM25;52228166;INSUMOS  Y  ARTICULOS  DE  ASEO.  Gran  Compra:  74955;2025-03-06;2025-02-03;2025-02-03;2025-02-17;Recepción  Conforme;74955;70.983.600-5;Adquisiciones;CORP  MUNICIPAL  PARA  EL  DESARROLLO  SOCIAL;;Villa  Alemana;CORP  MUNICIPAL  PARA  EL  DESARROLLO  SOCIAL;1907968;INSECTICIDA  TANAX  AEROSOL  ARAÑAS/CUCARACHAS  440  CC  UNIDAD  REGIÓN  V;INSECTICIDA;1832;1832;0;363;242065824;Si;CASTILLA  Y  ARAGON  SPA;CASTILLA  Y  ARAGON  SPA;96.989.530-7
2239-9-LR22;5800319;Convenio  Marco  de  Artículos  de  Aseo  e  Higiene;1216085-62-CM25;52228166;INSUMOS  Y  ARTICULOS  DE  ASEO.  Gran  Compra:  74955;2025-03-06;2025-02-03;2025-02-03;2025-02-17;Recepción  Conforme;74955;70.983.600-5;Adquisiciones;CORP  MUNICIPAL  PARA  EL  DESARROLLO  SOCIAL;;Villa  Alemana;CORP  MUNICIPAL  PARA  EL  DESARROLLO  SOCIAL;1908869;LAVALOZAS  CONCENTRADO  LAVADO  MANUAL  KLAREN  ANTIGRASA  CÍTRICO  5000  ML  UNIDAD  REGIÓN  V;LAVALOZAS  CONCENTRADO  LAVADO  MANUAL;5640;5259;7;236;1241124;No;PROVEEDORES  INTEGRALES  PRISA  S  A;PROVEEDORES  INTEGRALES  PRISA  S  A;96.556.940-5
2239-9-LR22;5800319;Convenio  Marco  de  Artículos  de  Aseo  e  Higiene;1216085-62-CM25;52228166;INSUMOS  Y  ARTICULOS  DE  ASEO.  Gran  Compra:  74955;2025-03-06;2025-02-03;2025-02-03;2025-02-17;Recepción  Conforme;74955;70.983.600-5;Adquisiciones;CORP  MUNICIPAL  PARA  EL  DESARROLLO  SOCIAL;;Villa  Alemana;CORP  MUNICIPAL  PARA  EL  DESARROLLO  SOCIAL;1921075;PAPEL  HIGIÉNICO  PRO  PAPER  ALTO  METRAJE  HOJA  SIMPLE  6  ROLLOS  500  M  1  PAQUETE  REGIÓN  V;PAPEL  HIGIÉNICO;12818;11055;14;1766;137632342;Si;CASTILLA  Y  ARAGON  SPA;CASTILLA  Y  ARAGON  SPA;96.989.530-7
2239-9-LR22;5800319;Convenio  Marco  de  Artículos  de  Aseo  e  Higiene;1216085-62-CM25;52228166;INSUMOS  Y  ARTICULOS  DE  ASEO.  Gran  Compra:  74955;2025-03-06;2025-02-03;2025-02-03;2025-02-17;Recepción  Conforme;74955;70.983.600-5;Adquisiciones;CORP  MUNICIPAL  PARA  EL  DESARROLLO  SOCIAL;;Villa  Alemana;CORP  MUNICIPAL  PARA  EL  DESARROLLO  SOCIAL;1911113;LIMPIADOR  DE  PISOS  TREMEX  CONCENTRADO  MULTIUSO  BIDÓN  5000  ML  UNIDAD  REGIÓN  V;LIMPIADOR  DE  PISOS;3767;3766;0;716;2696456;No;SUPERMERCADO  MAYORISTA  B  MÁS  SPA;SUPERMERCADO  MAYORISTA  METROPOLITANO  SPA;77.047.926-6
2239-9-LR22;5800319;Convenio  Marco  de  Artículos  de  Aseo  e  Higiene;1216085-62-CM25;52228166;INSUMOS  Y  ARTICULOS  DE  ASEO.  Gran  Compra:  74955;2025-03-06;2025-02-03;2025-02-03;2025-02-17;Recepción  Conforme;74955;70.983.600-5;Adquisiciones;CORP  MUNICIPAL  PARA  EL  DESARROLLO  SOCIAL;;Villa  Alemana;CORP  MUNICIPAL  PARA  EL  DESARROLLO  SOCIAL;1918321;PAÑO  ABSORBENTE  MULTIUSO  VIRUTEX  DESINFECTANTE  PAQUETE  DE  35  UNIDADES  REGIÓN  V;PAÑO  ABSORBENTE  MULTIUSO;1540;1539;0;637;980343;No;MULTINEGOCIOS  MACJ  CHILE  SPA;MULTINEGOCIOS  MACJ  CHILE  SPA;76.225.217-1
2239-9-LR22;5800319;Convenio  Marco  de  Artículos  de  Aseo  e  Higiene;1216085-62-CM25;52228166;INSUMOS  Y  ARTICULOS  DE  ASEO.  Gran  Compra:  74955;2025-03-06;2025-02-03;2025-02-03;2025-02-17;Recepción  Conforme;74955;70.983.600-5;Adquisiciones;CORP  MUNICIPAL  PARA  EL  DESARROLLO  SOCIAL;;Villa  Alemana;CORP  MUNICIPAL  PARA  EL  DESARROLLO  SOCIAL;1913680;PALA  DE  ASEO  VIRUTEX  PRO  PLÁSTICA  MANGO  LARGO  90  CM  UNIDAD  REGIÓN  V;PALA  DE  ASEO;1759;1750;1;711;885906000;Si;CASTILLA  Y  ARAGON  SPA;CASTILLA  Y  ARAGON  SPA;96.989.530-7
2239-9-LR22;5800319;Convenio  Marco  de  Artículos  de  Aseo  e  Higiene;1216085-62-CM25;52228166;INSUMOS  Y  ARTICULOS  DE  ASEO.  Gran  Compra:  74955;2025-03-06;2025-02-03;2025-02-03;2025-02-17;Recepción  Conforme;74955;70.983.600-5;Adquisiciones;CORP  MUNICIPAL  PARA  EL  DESARROLLO  SOCIAL;;Villa  Alemana;CORP  MUNICIPAL  PARA  EL  DESARROLLO  SOCIAL;1917505;PAÑO  ABSORBENTE  MULTIUSO  IGENIX  DESINFECTANTE  PAQUETE  DE  90  UNIDADES  REGIÓN  V;PAÑO  ABSORBENTE  MULTIUSO;3002;3002;0;601;1086129604;Si;CASTILLA  Y  ARAGON  SPA;CASTILLA  Y  ARAGON  SPA;96.989.530-7
2239-9-LR22;5800319;Convenio  Marco  de  Artículos  de  Aseo  e  Higiene;1216085-62-CM25;52228166;INSUMOS  Y  ARTICULOS  DE  ASEO.  Gran  Compra:  74955;2025-03-06;2025-02-03;2025-02-03;2025-02-17;Recepción  Conforme;74955;70.983.600-5;Adquisiciones;CORP  MUNICIPAL  PARA  EL  DESARROLLO  SOCIAL;;Villa  Alemana;CORP  MUNICIPAL  PARA  EL  DESARROLLO  SOCIAL;1926940;TRAPERO  REUTILIZABLE  VIRUTEX  REPUESTO  MOPA  MICROFIBRA  PLANA  45  CM  UNIDAD  REGIÓN  V;TRAPERO  REUTILIZABLE;5565;5564;0;287;1596868;No;MULTINEGOCIOS  MACJ  CHILE  SPA;MULTINEGOCIOS  MACJ  CHILE  SPA;76.225.217-1
2239-9-LR22;5800319;Convenio  Marco  de  Artículos  de  Aseo  e  Higiene;1216085-62-CM25;52228166;INSUMOS  Y  ARTICULOS  DE  ASEO.  Gran  Compra:  74955;2025-03-06;2025-02-03;2025-02-03;2025-02-17;Recepción  Conforme;74955;70.983.600-5;Adquisiciones;CORP  MUNICIPAL  PARA  EL  DESARROLLO  SOCIAL;;Villa  Alemana;CORP  MUNICIPAL  PARA  EL  DESARROLLO  SOCIAL;1925291;TRAPERO  REUTILIZABLE  AVALCO  ABSORVENTE  DOBLE  C/OJAL  50X50  CM  UNIDAD  REGIÓN  V;TRAPERO  REUTILIZABLE;1114;1100;1;539;320166000;Si;CASTILLA  Y  ARAGON  SPA;CASTILLA  Y  ARAGON  SPA;96.989.530-7
2239-9-LR22;5800319;Convenio  Marco  de  Artículos  de  Aseo  e  Higiene;1216085-62-CM25;52228166;INSUMOS  Y  ARTICULOS  DE  ASEO.  Gran  Compra:  74955;2025-03-06;2025-02-03;2025-02-03;2025-02-17;Recepción  Conforme;74955;70.983.600-5;Adquisiciones;CORP  MUNICIPAL  PARA  EL  DESARROLLO  SOCIAL;;Villa  Alemana;CORP  MUNICIPAL  PARA  EL  DESARROLLO  SOCIAL;1923234;SERVILLETAS  DESECHABLES  NOVA  CÓCTEL  HOJA  SIMPLE  50  UNIDADES  1  PAQUETE  REGIÓN  V;SERVILLETAS  DESECHABLES;219;263;-20;1980;520740;No;PROVEEDORES  INTEGRALES  PRISA  S  A;PROVEEDORES  INTEGRALES  PRISA  S  A;96.556.940-5
2239-9-LR22;5800319;Convenio  Marco  de  Artículos  de  Aseo  e  Higiene;1216085-62-CM25;52228166;INSUMOS  Y  ARTICULOS  DE  ASEO.  Gran  Compra:  74955;2025-03-06;2025-02-03;2025-02-03;2025-02-17;Recepción  Conforme;74955;70.983.600-5;Adquisiciones;CORP  MUNICIPAL  PARA  EL  DESARROLLO  SOCIAL;;Villa  Alemana;CORP  MUNICIPAL  PARA  EL  DESARROLLO  SOCIAL;1925035;TOALLA  DE  PAPEL  TORK  HOJA  SIMPLE  250  M  2  ROLLOS  REGIÓN  RM;TOALLA  DE  PAPEL;9131;9130;0;4646;42417980;No;SUPERMERCADO  MAYORISTA  B  MÁS  SPA;SUPERMERCADO  MAYORISTA  METROPOLITANO  SPA;77.047.926-6
2239-9-LR22;5800319;Convenio  Marco  de  Artículos  de  Aseo  e  Higiene;1216085-62-CM25;52228166;INSUMOS  Y  ARTICULOS  DE  ASEO.  Gran  Compra:  74955;2025-03-06;2025-02-03;2025-02-03;2025-02-17;Recepción  Conforme;74955;70.983.600-5;Adquisiciones;CORP  MUNICIPAL  PARA  EL  DESARROLLO  SOCIAL;;Villa  Alemana;CORP  MUNICIPAL  PARA  EL  DESARROLLO  SOCIAL;1926056;TRAPERO  REUTILIZABLE  FIBRO  CHILE  REPUESTO  MOPA  MICROFIBRA  PLANA  45  CM  UNIDAD  REGIÓN  V;TRAPERO  REUTILIZABLE;5654;3473;39;536;1861528;No;PROVEEDORES  INTEGRALES  PRISA  S  A;PROVEEDORES  INTEGRALES  PRISA  S  A;96.556.940-5
2239-9-LR22;5800319;Convenio  Marco  de  Artículos  de  Aseo  e  Higiene;1216085-62-CM25;52228166;INSUMOS  Y  ARTICULOS  DE  ASEO.  Gran  Compra:  74955;2025-03-06;2025-02-03;2025-02-03;2025-02-17;Recepción  Conforme;74955;70.983.600-5;Adquisiciones;CORP  MUNICIPAL  PARA  EL  DESARROLLO  SOCIAL;;Villa  Alemana;CORP  MUNICIPAL  PARA  EL  DESARROLLO  SOCIAL;1918355;PAÑO  ABSORBENTE  MULTIUSO  VIRUTEX  DESINFECTANTE  PAQUETE  DE  90  UNIDADES  REGIÓN  V;PAÑO  ABSORBENTE  MULTIUSO;3237;3185;2;2525;8042125;No;SERVICIOS  INTEGRADOS  SIDAPT  LIMITADA;SERVICIOS  INTEGRADOS  SIDAPT  LIMITADA;76.299.358-9
2239-9-LR22;5800319;Convenio  Marco  de  Artículos  de  Aseo  e  Higiene;1216085-62-CM25;52228166;INSUMOS  Y  ARTICULOS  DE  ASEO.  Gran  Compra:  74955;2025-03-06;2025-02-03;2025-02-03;2025-02-17;Recepción  Conforme;74955;70.983.600-5;Adquisiciones;CORP  MUNICIPAL  PARA  EL  DESARROLLO  SOCIAL;;Villa  Alemana;CORP  MUNICIPAL  PARA  EL  DESARROLLO  SOCIAL;1933658;JABÓN  WORKTEEN  AROMATICO  LÍQUIDO  DOYPACK  900  ML  UNIDAD  REGIÓN  V;JABÓN;1284;1250;3;703;878750;No;COMERCIALIZADORA  PRANDELLI  LIMITADA;COMERCIALIZADORA  PRANDELLI  LIMITADA;76.295.342-0
2239-9-LR22;5800319;Convenio  Marco  de  Artículos  de  Aseo  e  Higiene;1216085-62-CM25;52228166;INSUMOS  Y  ARTICULOS  DE  ASEO.  Gran  Compra:  74955;2025-03-06;2025-02-03;2025-02-03;2025-02-17;Recepción  Conforme;74955;70.983.600-5;Adquisiciones;CORP  MUNICIPAL  PARA  EL  DESARROLLO  SOCIAL;;Villa  Alemana;CORP  MUNICIPAL  PARA  EL  DESARROLLO  SOCIAL;1919970;PAPEL  HIGIÉNICO  ECO  ROLL  ALTO  METRAJE  HOJA  SIMPLE  6  ROLLOS  500  M  1  PAQUETE  REGIÓN  V;PAPEL  HIGIÉNICO;10549;12190;-16;1766;21527540;No;PROVEEDORES  INTEGRALES  PRISA  S  A;PROVEEDORES  INTEGRALES  PRISA  S  A;96.556.940-5
2239-9-LR22;5800319;Convenio  Marco  de  Artículos  de  Aseo  e  Higiene;1216085-62-CM25;52228166;INSUMOS  Y  ARTICULOS  DE  ASEO.  Gran  Compra:  74955;2025-03-06;2025-02-03;2025-02-03;2025-02-17;Recepción  Conforme;74955;70.983.600-5;Adquisiciones;CORP  MUNICIPAL  PARA  EL  DESARROLLO  SOCIAL;;Villa  Alemana;CORP  MUNICIPAL  PARA  EL  DESARROLLO  SOCIAL;1918290;PAÑO  ABSORBENTE  MULTIUSO  VIRUTEX  CELULOSA  PAQUETE  DE  6  UNIDADES  REGIÓN  VIII;PAÑO  ABSORBENTE  MULTIUSO;2781;2681;4;55;8257480;Si;CASTILLA  Y  ARAGON  SPA;CASTILLA  Y  ARAGON  SPA;96.989.530-7
2239-9-LR22;5800319;Convenio  Marco  de  Artículos  de  Aseo  e  Higiene;1216085-62-CM25;52228166;INSUMOS  Y  ARTICULOS  DE  ASEO.  Gran  Compra:  74955;2025-03-06;2025-02-03;2025-02-03;2025-02-17;Recepción  Conforme;74955;70.983.600-5;Adquisiciones;CORP  MUNICIPAL  PARA  EL  DESARROLLO  SOCIAL;;Villa  Alemana;CORP  MUNICIPAL  PARA  EL  DESARROLLO  SOCIAL;1908087;JABÓN  D-70  AROMATICO  LÍQUIDO  DOYPACK  900  ML  UNIDAD  REGIÓN  V;JABÓN;1379;1378;0;703;968734;No;MULTINEGOCIOS  MACJ  CHILE  SPA;MULTINEGOCIOS  MACJ  CHILE  SPA;76.225.217-1
2239-9-LR22;5800319;Convenio  Marco  de  Artículos  de  Aseo  e  Higiene;1216085-62-CM25;52228166;INSUMOS  Y  ARTICULOS  DE  ASEO.  Gran  Compra:  74955;2025-03-06;2025-02-03;2025-02-03;2025-02-17;Recepción  Conforme;74955;70.983.600-5;Adquisiciones;CORP  MUNICIPAL  PARA  EL  DESARROLLO  SOCIAL;;Villa  Alemana;CORP  MUNICIPAL  PARA  EL  DESARROLLO  SOCIAL;1912422;LÍQUIDO  LIMPIAVIDRIOS  TREMEX  BIDÓN  5000  CC  UNIDAD  REGIÓN  V;LÍQUIDO  LIMPIAVIDRIOS;4631;4625;0;225;1040625;No;SERVICIOS  INTEGRADOS  SIDAPT  LIMITADA;SERVICIOS  INTEGRADOS  SIDAPT  LIMITADA;76.299.358-9
2239-9-LR22;5800319;Convenio  Marco  de  Artículos  de  Aseo  e  Higiene;1216085-62-CM25;52228166;INSUMOS  Y  ARTICULOS  DE  ASEO.  Gran  Compra:  74955;2025-03-06;2025-02-03;2025-02-03;2025-02-17;Recepción  Conforme;74955;70.983.600-5;Adquisiciones;CORP  MUNICIPAL  PARA  EL  DESARROLLO  SOCIAL;;Villa  Alemana;CORP  MUNICIPAL  PARA  EL  DESARROLLO  SOCIAL;1923846;TOALLA  DE  PAPEL  COPRESER  HOJA  SIMPLE  250  M  2  ROLLOS  REGIÓN  V;TOALLA  DE  PAPEL;8845;8844;0;4646;41089224;No;MULTINEGOCIOS  MACJ  CHILE  SPA;MULTINEGOCIOS  MACJ  CHILE  SPA;76.225.217-1
2239-9-LR22;5800319;Convenio  Marco  de  Artículos  de  Aseo  e  Higiene;1216085-62-CM25;52228166;INSUMOS  Y  ARTICULOS  DE  ASEO.  Gran  Compra:  74955;2025-03-06;2025-02-03;2025-02-03;2025-02-17;Recepción  Conforme;74955;70.983.600-5;Adquisiciones;CORP  MUNICIPAL  PARA  EL  DESARROLLO  SOCIAL;;Villa  Alemana;CORP  MUNICIPAL  PARA  EL  DESARROLLO  SOCIAL;1918270;PAÑO  ABSORBENTE  MULTIUSO  VIRUTEX  CELULOSA  PAQUETE  DE  3  UNIDADES  REGIÓN  V;PAÑO  ABSORBENTE  MULTIUSO;1432;953;33;1665;1586745;No;PROVEEDORES  INTEGRALES  PRISA  S  A;PROVEEDORES  INTEGRALES  PRISA  S  A;96.556.940-5
2239-9-LR22;5800319;Convenio  Marco  de  Artículos  de  Aseo  e  Higiene;1216085-62-CM25;52228166;INSUMOS  Y  ARTICULOS  DE  ASEO.  Gran  Compra:  74955;2025-03-06;2025-02-03;2025-02-03;2025-02-17;Recepción  Conforme;74955;70.983.600-5;Adquisiciones;CORP  MUNICIPAL  PARA  EL  DESARROLLO  SOCIAL;;Villa  Alemana;CORP  MUNICIPAL  PARA  EL  DESARROLLO  SOCIAL;1918321;PAÑO  ABSORBENTE  MULTIUSO  VIRUTEX  DESINFECTANTE  PAQUETE  DE  35  UNIDADES  REGIÓN  V;PAÑO  ABSORBENTE  MULTIUSO;1582;1576;0;637;1003912;No;SERVICIOS  INTEGRADOS  SIDAPT  LIMITADA;SERVICIOS  INTEGRADOS  SIDAPT  LIMITADA;76.299.358-9
2239-9-LR22;5800319;Convenio  Marco  de  Artículos  de  Aseo  e  Higiene;1216085-62-CM25;52228166;INSUMOS  Y  ARTICULOS  DE  ASEO.  Gran  Compra:  74955;2025-03-06;2025-02-03;2025-02-03;2025-02-17;Recepción  Conforme;74955;70.983.600-5;Adquisiciones;CORP  MUNICIPAL  PARA  EL  DESARROLLO  SOCIAL;;Villa  Alemana;CORP  MUNICIPAL  PARA  EL  DESARROLLO  SOCIAL;1916332;PAÑO  ABSORBENTE  MULTIUSO  AKUAN  CELULOSA  PAQUETE  DE  UNIDAD  REGIÓN  V;PAÑO  ABSORBENTE  MULTIUSO;215;214;0;1665;356310;No;MULTINEGOCIOS  MACJ  CHILE  SPA;MULTINEGOCIOS  MACJ  CHILE  SPA;76.225.217-1
2239-9-LR22;5800319;Convenio  Marco  de  Artículos  de  Aseo  e  Higiene;1216085-62-CM25;52228166;INSUMOS  Y  ARTICULOS  DE  ASEO.  Gran  Compra:  74955;2025-03-06;2025-02-03;2025-02-03;2025-02-17;Recepción  Conforme;74955;70.983.600-5;Adquisiciones;CORP  MUNICIPAL  PARA  EL  DESARROLLO  SOCIAL;;Villa  Alemana;CORP  MUNICIPAL  PARA  EL  DESARROLLO  SOCIAL;1926940;TRAPERO  REUTILIZABLE  VIRUTEX  REPUESTO  MOPA  MICROFIBRA  PLANA  45  CM  UNIDAD  REGIÓN  V;TRAPERO  REUTILIZABLE;6023;6004;0;536;3218144;No;SERVICIOS  INTEGRADOS  SIDAPT  LIMITADA;SERVICIOS  INTEGRADOS  SIDAPT  LIMITADA;76.299.358-9
2239-9-LR22;5800319;Convenio  Marco  de  Artículos  de  Aseo  e  Higiene;1216085-62-CM25;52228166;INSUMOS  Y  ARTICULOS  DE  ASEO.  Gran  Compra:  74955;2025-03-06;2025-02-03;2025-02-03;2025-02-17;Recepción  Conforme;74955;70.983.600-5;Adquisiciones;CORP  MUNICIPAL  PARA  EL  DESARROLLO  SOCIAL;;Villa  Alemana;CORP  MUNICIPAL  PARA  EL  DESARROLLO  SOCIAL;1931655;GEL  SANITIZANTE  PARA  MANOS  DOÑA  FRESIA  70%  BIDÓN  5  L  UNIDAD  REGIÓN  V;GEL  SANITIZANTE  PARA  MANOS;9690;9599;1;107;110926044;Si;CASTILLA  Y  ARAGON  SPA;CASTILLA  Y  ARAGON  SPA;96.989.530-7
2239-9-LR22;5800319;Convenio  Marco  de  Artículos  de  Aseo  e  Higiene;1216085-62-CM25;52228166;INSUMOS  Y  ARTICULOS  DE  ASEO.  Gran  Compra:  74955;2025-03-06;2025-02-03;2025-02-03;2025-02-17;Recepción  Conforme;74955;70.983.600-5;Adquisiciones;CORP  MUNICIPAL  PARA  EL  DESARROLLO  SOCIAL;;Villa  Alemana;CORP  MUNICIPAL  PARA  EL  DESARROLLO  SOCIAL;1926056;TRAPERO  REUTILIZABLE  FIBRO  CHILE  REPUESTO  MOPA  MICROFIBRA  PLANA  45  CM  UNIDAD  REGIÓN  V;TRAPERO  REUTILIZABLE;5672;4681;17;536;1347341592;Si;CASTILLA  Y  ARAGON  SPA;CASTILLA  Y  ARAGON  SPA;96.989.530-7
2239-9-LR22;5800319;Convenio  Marco  de  Artículos  de  Aseo  e  Higiene;1216085-62-CM25;52228166;INSUMOS  Y  ARTICULOS  DE  ASEO.  Gran  Compra:  74955;2025-03-06;2025-02-03;2025-02-03;2025-02-17;Recepción  Conforme;74955;70.983.600-5;Adquisiciones;CORP  MUNICIPAL  PARA  EL  DESARROLLO  SOCIAL;;Villa  Alemana;CORP  MUNICIPAL  PARA  EL  DESARROLLO  SOCIAL;1924696;TOALLA  DE  PAPEL  RENDIPEL  PRO  HOJA  SIMPLE  250  M  2  ROLLOS  REGIÓN  V;TOALLA  DE  PAPEL;7830;6225;20;4646;28921350;No;PROVEEDORES  INTEGRALES  PRISA  S  A;PROVEEDORES  INTEGRALES  PRISA  S  A;96.556.940-5
2239-9-LR22;5800319;Convenio  Marco  de  Artículos  de  Aseo  e  Higiene;1216085-62-CM25;52228166;INSUMOS  Y  ARTICULOS  DE  ASEO.  Gran  Compra:  74955;2025-03-06;2025-02-03;2025-02-03;2025-02-17;Recepción  Conforme;74955;70.983.600-5;Adquisiciones;CORP  MUNICIPAL  PARA  EL  DESARROLLO  SOCIAL;;Villa  Alemana;CORP  MUNICIPAL  PARA  EL  DESARROLLO  SOCIAL;1925070;TOALLA  DE  PAPEL  TORK  INTERFOLIADA  HOJA  SIMPLE  250  UN  1  PAQUETE  REGIÓN  V;TOALLA  DE  PAPEL;1512;2510;-66;6609;16588590;No;PROVEEDORES  INTEGRALES  PRISA  S  A;PROVEEDORES  INTEGRALES  PRISA  S  A;96.556.940-5
2239-9-LR22;5800319;Convenio  Marco  de  Artículos  de  Aseo  e  Higiene;1216085-62-CM25;52228166;INSUMOS  Y  ARTICULOS  DE  ASEO.  Gran  Compra:  74955;2025-03-06;2025-02-03;2025-02-03;2025-02-17;Recepción  Conforme;74955;70.983.600-5;Adquisiciones;CORP  MUNICIPAL  PARA  EL  DESARROLLO  SOCIAL;;Villa  Alemana;CORP  MUNICIPAL  PARA  EL  DESARROLLO  SOCIAL;1926855;TRAPERO  REUTILIZABLE  VIRUTEX  DESINFECTANTE  C/  OJAL  40X60  CM  PAQUETE  10  UNIDADES  REGIÓN  V;TRAPERO  REUTILIZABLE;2190;1811;17;120;217320;No;PROVEEDORES  INTEGRALES  PRISA  S  A;PROVEEDORES  INTEGRALES  PRISA  S  A;96.556.940-5
2239-9-LR22;5800319;Convenio  Marco  de  Artículos  de  Aseo  e  Higiene;1216085-62-CM25;52228166;INSUMOS  Y  ARTICULOS  DE  ASEO.  Gran  Compra:  74955;2025-03-06;2025-02-03;2025-02-03;2025-02-17;Recepción  Conforme;74955;70.983.600-5;Adquisiciones;CORP  MUNICIPAL  PARA  EL  DESARROLLO  SOCIAL;;Villa  Alemana;CORP  MUNICIPAL  PARA  EL  DESARROLLO  SOCIAL;1920888;PAPEL  HIGIÉNICO  OVELLA  BAJO  METRAJE  HOJA  DOBLE  4  ROLLOS  30  M  1  PAQUETE  REGIÓN  V;PAPEL  HIGIÉNICO;1146;1145;0;20;22900;No;SERVICIOS  INTEGRADOS  SIDAPT  LIMITADA;SERVICIOS  INTEGRADOS  SIDAPT  LIMITADA;76.299.358-9
2239-9-LR22;5800319;Convenio  Marco  de  Artículos  de  Aseo  e  Higiene;1216085-62-CM25;52228166;INSUMOS  Y  ARTICULOS  DE  ASEO.  Gran  Compra:  74955;2025-03-06;2025-02-03;2025-02-03;2025-02-17;Recepción  Conforme;74955;70.983.600-5;Adquisiciones;CORP  MUNICIPAL  PARA  EL  DESARROLLO  SOCIAL;;Villa  Alemana;CORP  MUNICIPAL  PARA  EL  DESARROLLO  SOCIAL;1942024;BOLSA  DE  BASURA  VIRUTEX  CARGA  PESADA  110X120  CM  200  L  ROLLO  X  5  UNIDADES  REGIÓN  V;BOLSA  DE  BASURA;3182;2295;28;959;2200905;No;PROVEEDORES  INTEGRALES  PRISA  S  A;PROVEEDORES  INTEGRALES  PRISA  S  A;96.556.940-5
2239-9-LR22;5800319;Convenio  Marco  de  Artículos  de  Aseo  e  Higiene;1216085-62-CM25;52228166;INSUMOS  Y  ARTICULOS  DE  ASEO.  Gran  Compra:  74955;2025-03-06;2025-02-03;2025-02-03;2025-02-17;Recepción  Conforme;74955;70.983.600-5;Adquisiciones;CORP  MUNICIPAL  PARA  EL  DESARROLLO  SOCIAL;;Villa  Alemana;CORP  MUNICIPAL  PARA  EL  DESARROLLO  SOCIAL;1926940;TRAPERO  REUTILIZABLE  VIRUTEX  REPUESTO  MOPA  MICROFIBRA  PLANA  45  CM  UNIDAD  REGIÓN  V;TRAPERO  REUTILIZABLE;6025;4694;22;287;1347178;No;PROVEEDORES  INTEGRALES  PRISA  S  A;PROVEEDORES  INTEGRALES  PRISA  S  A;96.556.940-5
2239-9-LR22;5800319;Convenio  Marco  de  Artículos  de  Aseo  e  Higiene;1216085-62-CM25;52228166;INSUMOS  Y  ARTICULOS  DE  ASEO.  Gran  Compra:  74955;2025-03-06;2025-02-03;2025-02-03;2025-02-17;Recepción  Conforme;74955;70.983.600-5;Adquisiciones;CORP  MUNICIPAL  PARA  EL  DESARROLLO  SOCIAL;;Villa  Alemana;CORP  MUNICIPAL  PARA  EL  DESARROLLO  SOCIAL;1918899;PAÑUELOS  DESECHABLES  ELITE  FACIAL  TRIPLE  HOJA  21X21  CM  32  CAJAS  60  UNIDADES  REGIÓN  V;PAÑUELOS  DESECHABLES;30694;28599;7;169;821649270;Si;CASTILLA  Y  ARAGON  SPA;CASTILLA  Y  ARAGON  SPA;96.989.530-7
2239-9-LR22;5800319;Convenio  Marco  de  Artículos  de  Aseo  e  Higiene;1216085-62-CM25;52228166;INSUMOS  Y  ARTICULOS  DE  ASEO.  Gran  Compra:  74955;2025-03-06;2025-02-03;2025-02-03;2025-02-17;Recepción  Conforme;74955;70.983.600-5;Adquisiciones;CORP  MUNICIPAL  PARA  EL  DESARROLLO  SOCIAL;;Villa  Alemana;CORP  MUNICIPAL  PARA  EL  DESARROLLO  SOCIAL;1910450;LIMPIADOR  DE  PISOS  IMPEKE  DESINFECTANTE  BIDÓN  4000  ML  UNIDAD  REGIÓN  V;LIMPIADOR  DE  PISOS;2976;2486;16;716;1779976;No;PROVEEDORES  INTEGRALES  PRISA  S  A;PROVEEDORES  INTEGRALES  PRISA  S  A;96.556.940-5
2239-9-LR22;5800319;Convenio  Marco  de  Artículos  de  Aseo  e  Higiene;1216085-62-CM25;52228166;INSUMOS  Y  ARTICULOS  DE  ASEO.  Gran  Compra:  74955;2025-03-06;2025-02-03;2025-02-03;2025-02-17;Recepción  Conforme;74955;70.983.600-5;Adquisiciones;CORP  MUNICIPAL  PARA  EL  DESARROLLO  SOCIAL;;Villa  Alemana;CORP  MUNICIPAL  PARA  EL  DESARROLLO  SOCIAL;1918355;PAÑO  ABSORBENTE  MULTIUSO  VIRUTEX  DESINFECTANTE  PAQUETE  DE  90  UNIDADES  REGIÓN  V;PAÑO  ABSORBENTE  MULTIUSO;2644;2104;20;2525;5312600;No;PROVEEDORES  INTEGRALES  PRISA  S  A;PROVEEDORES  INTEGRALES  PRISA  S  A;96.556.940-5
2239-9-LR22;5800319;Convenio  Marco  de  Artículos  de  Aseo  e  Higiene;1216085-62-CM25;52228166;INSUMOS  Y  ARTICULOS  DE  ASEO.  Gran  Compra:  74955;2025-03-06;2025-02-03;2025-02-03;2025-02-17;Recepción  Conforme;74955;70.983.600-5;Adquisiciones;CORP  MUNICIPAL  PARA  EL  DESARROLLO  SOCIAL;;Villa  Alemana;CORP  MUNICIPAL  PARA  EL  DESARROLLO  SOCIAL;1926940;TRAPERO  REUTILIZABLE  VIRUTEX  REPUESTO  MOPA  MICROFIBRA  PLANA  45  CM  UNIDAD  REGIÓN  V;TRAPERO  REUTILIZABLE;6023;6004;0;536;3218144;No;SERVICIOS  INTEGRADOS  SIDAPT  LIMITADA;SERVICIOS  INTEGRADOS  SIDAPT  LIMITADA;76.299.358-9
2239-9-LR22;5800319;Convenio  Marco  de  Artículos  de  Aseo  e  Higiene;1216085-62-CM25;52228166;INSUMOS  Y  ARTICULOS  DE  ASEO.  Gran  Compra:  74955;2025-03-06;2025-02-03;2025-02-03;2025-02-17;Recepción  Conforme;74955;70.983.600-5;Adquisiciones;CORP  MUNICIPAL  PARA  EL  DESARROLLO  SOCIAL;;Villa  Alemana;CORP  MUNICIPAL  PARA  EL  DESARROLLO  SOCIAL;1918355;PAÑO  ABSORBENTE  MULTIUSO  VIRUTEX  DESINFECTANTE  PAQUETE  DE  90  UNIDADES  REGIÓN  V;PAÑO  ABSORBENTE  MULTIUSO;3152;2699;14;2525;34757666;Si;CASTILLA  Y  ARAGON  SPA;CASTILLA  Y  ARAGON  SPA;96.989.530-7
2239-9-LR22;5800319;Convenio  Marco  de  Artículos  de  Aseo  e  Higiene;1216085-62-CM25;52228166;INSUMOS  Y  ARTICULOS  DE  ASEO.  Gran  Compra:  74955;2025-03-06;2025-02-03;2025-02-03;2025-02-17;Recepción  Conforme;74955;70.983.600-5;Adquisiciones;CORP  MUNICIPAL  PARA  EL  DESARROLLO  SOCIAL;;Villa  Alemana;CORP  MUNICIPAL  PARA  EL  DESARROLLO  SOCIAL;1920837;PAPEL  HIGIÉNICO  OVELLA  ALTO  METRAJE  HOJA  SIMPLE  6  ROLLOS  500  M  1  PAQUETE  REGIÓN  V;PAPEL  HIGIÉNICO;11293;11292;0;1766;19941672;No;MULTINEGOCIOS  MACJ  CHILE  SPA;MULTINEGOCIOS  MACJ  CHILE  SPA;76.225.217-1
2239-9-LR22;5800319;Convenio  Marco  de  Artículos  de  Aseo  e  Higiene;1216085-62-CM25;52228166;INSUMOS  Y  ARTICULOS  DE  ASEO.  Gran  Compra:  74955;2025-03-06;2025-02-03;2025-02-03;2025-02-17;Recepción  Conforme;74955;70.983.600-5;Adquisiciones;CORP  MUNICIPAL  PARA  EL  DESARROLLO  SOCIAL;;Villa  Alemana;CORP  MUNICIPAL  PARA  EL  DESARROLLO  SOCIAL;1919936;PAPEL  HIGIÉNICO  ECO  ROLL  ALTO  METRAJE  DOBLE  HOJA  6  ROLLOS  250  M  1  PAQUETE  REGIÓN  V;PAPEL  HIGIÉNICO;11108;11099;0;686;935791622;Si;CASTILLA  Y  ARAGON  SPA;CASTILLA  Y  ARAGON  SPA;96.989.530-7
2239-9-LR22;5800319;Convenio  Marco  de  Artículos  de  Aseo  e  Higiene;1216085-62-CM25;52228166;INSUMOS  Y  ARTICULOS  DE  ASEO.  Gran  Compra:  74955;2025-03-06;2025-02-03;2025-02-03;2025-02-17;Recepción  Conforme;74955;70.983.600-5;Adquisiciones;CORP  MUNICIPAL  PARA  EL  DESARROLLO  SOCIAL;;Villa  Alemana;CORP  MUNICIPAL  PARA  EL  DESARROLLO  SOCIAL;1932808;JABÓN  EXCELL  AROMATICO  LÍQUIDO  BIDÓN  5  L  UNIDAD  REGIÓN  V;JABÓN;5602;5975;-7;503;3005425;No;PROVEEDORES  INTEGRALES  PRISA  S  A;PROVEEDORES  INTEGRALES  PRISA  S  A;96.556.940-5
2239-9-LR22;5800319;Convenio  Marco  de  Artículos  de  Aseo  e  Higiene;1216085-62-CM25;52228166;INSUMOS  Y  ARTICULOS  DE  ASEO.  Gran  Compra:  74955;2025-03-06;2025-02-03;2025-02-03;2025-02-17;Recepción  Conforme;74955;70.983.600-5;Adquisiciones;CORP  MUNICIPAL  PARA  EL  DESARROLLO  SOCIAL;;Villa  Alemana;CORP  MUNICIPAL  PARA  EL  DESARROLLO  SOCIAL;1942007;BOLSA  DE  BASURA  VIRUTEX  PRO  CARGA  PESADA  120X130  CM  280  L  ROLLO  X  5  UNIDADES  REGIÓN  V;BOLSA  DE  BASURA;2624;2208;16;901;1989408;No;PROVEEDORES  INTEGRALES  PRISA  S  A;PROVEEDORES  INTEGRALES  PRISA  S  A;96.556.940-5
2239-9-LR22;5800319;Convenio  Marco  de  Artículos  de  Aseo  e  Higiene;1216085-62-CM25;52228166;INSUMOS  Y  ARTICULOS  DE  ASEO.  Gran  Compra:  74955;2025-03-06;2025-02-03;2025-02-03;2025-02-17;Recepción  Conforme;74955;70.983.600-5;Adquisiciones;CORP  MUNICIPAL  PARA  EL  DESARROLLO  SOCIAL;;Villa  Alemana;CORP  MUNICIPAL  PARA  EL  DESARROLLO  SOCIAL;1931417;DESINFECTANTE  SUPERFICIES  EN  AEROSOL  IGENIX  ANTIBACTERIAL  360  ML  UNIDAD  REGIÓN  V;DESINFECTANTE  SUPERFICIES  EN  AEROSOL;1508;1500;1;2339;3508500;No;SERVICIOS  INTEGRADOS  SIDAPT  LIMITADA;SERVICIOS  INTEGRADOS  SIDAPT  LIMITADA;76.299.358-9
2239-9-LR22;5800319;Convenio  Marco  de  Artículos  de  Aseo  e  Higiene;1216085-62-CM25;52228166;INSUMOS  Y  ARTICULOS  DE  ASEO.  Gran  Compra:  74955;2025-03-06;2025-02-03;2025-02-03;2025-02-17;Recepción  Conforme;74955;70.983.600-5;Adquisiciones;CORP  MUNICIPAL  PARA  EL  DESARROLLO  SOCIAL;;Villa  Alemana;CORP  MUNICIPAL  PARA  EL  DESARROLLO  SOCIAL;1932825;JABÓN  TREMEX  AROMATICO  LÍQUIDO  DOYPACK  1000  ML  UNIDAD  REGIÓN  V;JABÓN;1699;1599;6;703;1124097;No;SUPERMERCADO  MAYORISTA  B  MÁS  SPA;SUPERMERCADO  MAYORISTA  METROPOLITANO  SPA;77.047.926-6
2239-9-LR22;5800319;Convenio  Marco  de  Artículos  de  Aseo  e  Higiene;1216085-62-CM25;52228166;INSUMOS  Y  ARTICULOS  DE  ASEO.  Gran  Compra:  74955;2025-03-06;2025-02-03;2025-02-03;2025-02-17;Recepción  Conforme;74955;70.983.600-5;Adquisiciones;CORP  MUNICIPAL  PARA  EL  DESARROLLO  SOCIAL;;Villa  Alemana;CORP  MUNICIPAL  PARA  EL  DESARROLLO  SOCIAL;1942024;BOLSA  DE  BASURA  VIRUTEX  CARGA  PESADA  110X120  CM  200  L  ROLLO  X  5  UNIDADES  REGIÓN  V;BOLSA  DE  BASURA;3392;3390;0;959;-1173997696;Si;CASTILLA  Y  ARAGON  SPA;CASTILLA  Y  ARAGON  SPA;96.989.530-7
2239-9-LR22;5800319;Convenio  Marco  de  Artículos  de  Aseo  e  Higiene;1216085-62-CM25;52228166;INSUMOS  Y  ARTICULOS  DE  ASEO.  Gran  Compra:  74955;2025-03-06;2025-02-03;2025-02-03;2025-02-17;Recepción  Conforme;74955;70.983.600-5;Adquisiciones;CORP  MUNICIPAL  PARA  EL  DESARROLLO  SOCIAL;;Villa  Alemana;CORP  MUNICIPAL  PARA  EL  DESARROLLO  SOCIAL;1932655;JABÓN  TREMEX  NEUTRO-GLICERINA  LÍQUIDO  BIDÓN  5  L  UNIDAD  REGIÓN  V;JABÓN;5502;5501;0;503;2767003;No;SUPERMERCADO  MAYORISTA  B  MÁS  SPA;SUPERMERCADO  MAYORISTA  METROPOLITANO  SPA;77.047.926-6
2239-9-LR22;5800319;Convenio  Marco  de  Artículos  de  Aseo  e  Higiene;1216085-62-CM25;52228166;INSUMOS  Y  ARTICULOS  DE  ASEO.  Gran  Compra:  74955;2025-03-06;2025-02-03;2025-02-03;2025-02-17;Recepción  Conforme;74955;70.983.600-5;Adquisiciones;CORP  MUNICIPAL  PARA  EL  DESARROLLO  SOCIAL;;Villa  Alemana;CORP  MUNICIPAL  PARA  EL  DESARROLLO  SOCIAL;1923965;TOALLA  DE  PAPEL  ELITE  INTERFOLIADA  HOJA  SIMPLE  250  UN  1  PAQUETE  REGIÓN  V;TOALLA  DE  PAPEL;1368;1367;0;6609;9034503;No;MULTINEGOCIOS  MACJ  CHILE  SPA;MULTINEGOCIOS  MACJ  CHILE  SPA;76.225.217-1
2239-9-LR22;5800319;Convenio  Marco  de  Artículos  de  Aseo  e  Higiene;1216085-62-CM25;52228166;INSUMOS  Y  ARTICULOS  DE  ASEO.  Gran  Compra:  74955;2025-03-06;2025-02-03;2025-02-03;2025-02-17;Recepción  Conforme;74955;70.983.600-5;Adquisiciones;CORP  MUNICIPAL  PARA  EL  DESARROLLO  SOCIAL;;Villa  Alemana;CORP  MUNICIPAL  PARA  EL  DESARROLLO  SOCIAL;1945460;LAVALOZAS  CONCENTRADO  LAVADO  MANUAL  TREMEX  ANTIGRASA  CITRICO  750  ML  UNIDAD  REGIÓN  V;LAVALOZAS  CONCENTRADO  LAVADO  MANUAL;1574;1333;15;455;606515;No;SUPERMERCADO  MAYORISTA  B  MÁS  SPA;SUPERMERCADO  MAYORISTA  METROPOLITANO  SPA;77.047.926-6
2239-9-LR22;5800319;Convenio  Marco  de  Artículos  de  Aseo  e  Higiene;1216085-62-CM25;52228166;INSUMOS  Y  ARTICULOS  DE  ASEO.  Gran  Compra:  74955;2025-03-06;2025-02-03;2025-02-03;2025-02-17;Recepción  Conforme;74955;70.983.600-5;Adquisiciones;CORP  MUNICIPAL  PARA  EL  DESARROLLO  SOCIAL;;Villa  Alemana;CORP  MUNICIPAL  PARA  EL  DESARROLLO  SOCIAL;1945409;JABON  TREMEX  AROMATICO  FLORAL  DOYPACK  1000  ML  UNIDAD  REGIÓN  V;JABÓN;5648;1711;70;703;846794432;Si;CASTILLA  Y  ARAGON  SPA;CASTILLA  Y  ARAGON  SPA;96.989.530-7
2239-9-LR22;5800319;Convenio  Marco  de  Artículos  de  Aseo  e  Higiene;1216085-62-CM25;52228166;INSUMOS  Y  ARTICULOS  DE  ASEO.  Gran  Compra:  74955;2025-03-06;2025-02-03;2025-02-03;2025-02-17;Recepción  Conforme;74955;70.983.600-5;Adquisiciones;CORP  MUNICIPAL  PARA  EL  DESARROLLO  SOCIAL;;Villa  Alemana;CORP  MUNICIPAL  PARA  EL  DESARROLLO  SOCIAL;1920038;PAPEL  HIGIÉNICO  ELITE  ALTO  METRAJE  DOBLE  HOJA  6  ROLLOS  250  M  1  PAQUETE  REGIÓN  V;PAPEL  HIGIÉNICO;14419;14375;0;686;9861250;No;PROVEEDORES  INTEGRALES  PRISA  S  A;PROVEEDORES  INTEGRALES  PRISA  S  A;96.556.940-5
2239-9-LR22;5800319;Convenio  Marco  de  Artículos  de  Aseo  e  Higiene;1216085-62-CM25;52228166;INSUMOS  Y  ARTICULOS  DE  ASEO.  Gran  Compra:  74955;2025-03-06;2025-02-03;2025-02-03;2025-02-17;Recepción  Conforme;74955;70.983.600-5;Adquisiciones;CORP  MUNICIPAL  PARA  EL  DESARROLLO  SOCIAL;;Villa  Alemana;CORP  MUNICIPAL  PARA  EL  DESARROLLO  SOCIAL;1910603;LIMPIADOR  DE  PISOS  LIVE  CONCENTRADO  MULTIUSO  BIDÓN  5000  ML  UNIDAD  REGIÓN  V;LIMPIADOR  DE  PISOS;3878;3877;0;80;310160;No;MULTINEGOCIOS  MACJ  CHILE  SPA;MULTINEGOCIOS  MACJ  CHILE  SPA;76.225.217-1
2239-9-LR22;5800319;Convenio  Marco  de  Artículos  de  Aseo  e  Higiene;1216085-62-CM25;52228166;INSUMOS  Y  ARTICULOS  DE  ASEO.  Gran  Compra:  74955;2025-03-06;2025-02-03;2025-02-03;2025-02-17;Recepción  Conforme;74955;70.983.600-5;Adquisiciones;CORP  MUNICIPAL  PARA  EL  DESARROLLO  SOCIAL;;Villa  Alemana;CORP  MUNICIPAL  PARA  EL  DESARROLLO  SOCIAL;1918899;PAÑUELOS  DESECHABLES  ELITE  FACIAL  TRIPLE  HOJA  21X21  CM  32  CAJAS  60  UNIDADES  REGIÓN  V;PAÑUELOS  DESECHABLES;30413;30412;0;169;5139628;No;MULTINEGOCIOS  MACJ  CHILE  SPA;MULTINEGOCIOS  MACJ  CHILE  SPA;76.225.217-1
2239-9-LR22;5800319;Convenio  Marco  de  Artículos  de  Aseo  e  Higiene;1216085-62-CM25;52228166;INSUMOS  Y  ARTICULOS  DE  ASEO.  Gran  Compra:  74955;2025-03-06;2025-02-03;2025-02-03;2025-02-17;Recepción  Conforme;74955;70.983.600-5;Adquisiciones;CORP  MUNICIPAL  PARA  EL  DESARROLLO  SOCIAL;;Villa  Alemana;CORP  MUNICIPAL  PARA  EL  DESARROLLO  SOCIAL;1932841;JABÓN  TREMEX  AROMATICO  LÍQUIDO  BIDÓN  5  L  UNIDAD  REGIÓN  RM;JABÓN;4978;4977;0;503;2503431;No;MULTINEGOCIOS  MACJ  CHILE  SPA;MULTINEGOCIOS  MACJ  CHILE  SPA;76.225.217-1
2239-9-LR22;5800319;Convenio  Marco  de  Artículos  de  Aseo  e  Higiene;1216085-62-CM25;52228166;INSUMOS  Y  ARTICULOS  DE  ASEO.  Gran  Compra:  74955;2025-03-06;2025-02-03;2025-02-03;2025-02-17;Recepción  Conforme;74955;70.983.600-5;Adquisiciones;CORP  MUNICIPAL  PARA  EL  DESARROLLO  SOCIAL;;Villa  Alemana;CORP  MUNICIPAL  PARA  EL  DESARROLLO  SOCIAL;1919715;PAPEL  HIGIÉNICO  CONFORT  BAJO  METRAJE  HOJA  DOBLE  4  ROLLOS  30  M  1  PAQUETE  REGIÓN  V;PAPEL  HIGIÉNICO;1157;1150;1;20;483000;Si;CASTILLA  Y  ARAGON  SPA;CASTILLA  Y  ARAGON  SPA;96.989.530-7
2239-9-LR22;5800319;Convenio  Marco  de  Artículos  de  Aseo  e  Higiene;1216085-62-CM25;52228166;INSUMOS  Y  ARTICULOS  DE  ASEO.  Gran  Compra:  74955;2025-03-06;2025-02-03;2025-02-03;2025-02-17;Recepción  Conforme;74955;70.983.600-5;Adquisiciones;CORP  MUNICIPAL  PARA  EL  DESARROLLO  SOCIAL;;Villa  Alemana;CORP  MUNICIPAL  PARA  EL  DESARROLLO  SOCIAL;1921772;PAPEL  HIGIÉNICO  TORK  ALTO  METRAJE  DOBLE  HOJA  6  ROLLOS  250  M  1  PAQUETE  REGIÓN  V;PAPEL  HIGIÉNICO;14190;14185;0;686;9730910;No;SERVICIOS  INTEGRADOS  SIDAPT  LIMITADA;SERVICIOS  INTEGRADOS  SIDAPT  LIMITADA;76.299.358-9
2239-9-LR22;5800319;Convenio  Marco  de  Artículos  de  Aseo  e  Higiene;1216085-62-CM25;52228166;INSUMOS  Y  ARTICULOS  DE  ASEO.  Gran  Compra:  74955;2025-03-06;2025-02-03;2025-02-03;2025-02-17;Recepción  Conforme;74955;70.983.600-5;Adquisiciones;CORP  MUNICIPAL  PARA  EL  DESARROLLO  SOCIAL;;Villa  Alemana;CORP  MUNICIPAL  PARA  EL  DESARROLLO  SOCIAL;1922129;PAPEL  HIGIÉNICO  ZAFA  ALTO  METRAJE  DOBLE  HOJA  6  ROLLOS  250  M  1  PAQUETE  REGIÓN  V;PAPEL  HIGIÉNICO;10756;9100;15;686;6242600;No;COMERCIALIZADORA  PRANDELLI  LIMITADA;COMERCIALIZADORA  PRANDELLI  LIMITADA;76.295.342-0
2239-9-LR22;5800319;Convenio  Marco  de  Artículos  de  Aseo  e  Higiene;1216085-62-CM25;52228166;INSUMOS  Y  ARTICULOS  DE  ASEO.  Gran  Compra:  74955;2025-03-06;2025-02-03;2025-02-03;2025-02-17;Recepción  Conforme;74955;70.983.600-5;Adquisiciones;CORP  MUNICIPAL  PARA  EL  DESARROLLO  SOCIAL;;Villa  Alemana;CORP  MUNICIPAL  PARA  EL  DESARROLLO  SOCIAL;1945375;DESENGRASANTE  COCINA  TREMEX  MULTIUSO  CREMA  ANTIGRASA  750  ML  UNIDAD  REGIÓN  V;DESENGRASANTE  COCINA;1755;1750;0;622;1088500;No;SERVICIOS  INTEGRADOS  SIDAPT  LIMITADA;SERVICIOS  INTEGRADOS  SIDAPT  LIMITADA;76.299.358-9
2239-9-LR22;5800319;Convenio  Marco  de  Artículos  de  Aseo  e  Higiene;1216085-62-CM25;52228166;INSUMOS  Y  ARTICULOS  DE  ASEO.  Gran  Compra:  74955;2025-03-06;2025-02-03;2025-02-03;2025-02-17;Recepción  Conforme;74955;70.983.600-5;Adquisiciones;CORP  MUNICIPAL  PARA  EL  DESARROLLO  SOCIAL;;Villa  Alemana;CORP  MUNICIPAL  PARA  EL  DESARROLLO  SOCIAL;1945324;BOLSA  DE  BASURA  TREMEX  EXTRA  GRANDE  90X120  140  L  ROLLO  UNIDAD  REGIÓN  V;BOLSA  DE  BASURA;3066;2363;23;1094;2585122;No;PROVEEDORES  INTEGRALES  PRISA  S  A;PROVEEDORES  INTEGRALES  PRISA  S  A;96.556.940-5
2239-9-LR22;5800319;Convenio  Marco  de  Artículos  de  Aseo  e  Higiene;1216085-62-CM25;52228166;INSUMOS  Y  ARTICULOS  DE  ASEO.  Gran  Compra:  74955;2025-03-06;2025-02-03;2025-02-03;2025-02-17;Recepción  Conforme;74955;70.983.600-5;Adquisiciones;CORP  MUNICIPAL  PARA  EL  DESARROLLO  SOCIAL;;Villa  Alemana;CORP  MUNICIPAL  PARA  EL  DESARROLLO  SOCIAL;1934066;JABÓN  WORKTEEN  AROMATICO  LÍQUIDO  BIDÓN  5  L  UNIDAD  REGIÓN  V;JABÓN;6042;5350;11;503;2691050;No;COMERCIALIZADORA  PRANDELLI  LIMITADA;COMERCIALIZADORA  PRANDELLI  LIMITADA;76.295.342-0
2239-9-LR22;5800319;Convenio  Marco  de  Artículos  de  Aseo  e  Higiene;1216085-62-CM25;52228166;INSUMOS  Y  ARTICULOS  DE  ASEO.  Gran  Compra:  74955;2025-03-06;2025-02-03;2025-02-03;2025-02-17;Recepción  Conforme;74955;70.983.600-5;Adquisiciones;CORP  MUNICIPAL  PARA  EL  DESARROLLO  SOCIAL;;Villa  Alemana;CORP  MUNICIPAL  PARA  EL  DESARROLLO  SOCIAL;1943607;TOALLA  DE  PAPEL  TORK  SABANILLA  UNIVERSAL  48  M  BOLSA  2  ROLLOS  REGIÓN  V;TOALLA  DE  PAPEL;7456;5465;27;1330;1084372358;Si;CASTILLA  Y  ARAGON  SPA;CASTILLA  Y  ARAGON  SPA;96.989.530-7
2239-9-LR22;5800319;Convenio  Marco  de  Artículos  de  Aseo  e  Higiene;1216085-62-CM25;52228166;INSUMOS  Y  ARTICULOS  DE  ASEO.  Gran  Compra:  74955;2025-03-06;2025-02-03;2025-02-03;2025-02-17;Recepción  Conforme;74955;70.983.600-5;Adquisiciones;CORP  MUNICIPAL  PARA  EL  DESARROLLO  SOCIAL;;Villa  Alemana;CORP  MUNICIPAL  PARA  EL  DESARROLLO  SOCIAL;1925070;TOALLA  DE  PAPEL  TORK  INTERFOLIADA  HOJA  SIMPLE  250  UN  1  PAQUETE  REGIÓN  V;TOALLA  DE  PAPEL;1351;1346;0;6609;8895714;No;SERVICIOS  INTEGRADOS  SIDAPT  LIMITADA;SERVICIOS  INTEGRADOS  SIDAPT  LIMITADA;76.299.358-9
2239-9-LR22;5800319;Convenio  Marco  de  Artículos  de  Aseo  e  Higiene;1216085-62-CM25;52228166;INSUMOS  Y  ARTICULOS  DE  ASEO.  Gran  Compra:  74955;2025-03-06;2025-02-03;2025-02-03;2025-02-17;Recepción  Conforme;74955;70.983.600-5;Adquisiciones;CORP  MUNICIPAL  PARA  EL  DESARROLLO  SOCIAL;;Villa  Alemana;CORP  MUNICIPAL  PARA  EL  DESARROLLO  SOCIAL;1943607;TOALLA  DE  PAPEL  TORK  SABANILLA  UNIVERSAL  48  M  BOLSA  2  ROLLOS  REGIÓN  V;TOALLA  DE  PAPEL;6066;5183;15;1330;6893390;No;SERVICIOS  INTEGRADOS  SIDAPT  LIMITADA;SERVICIOS  INTEGRADOS  SIDAPT  LIMITADA;76.299.358-9
2239-9-LR22;5800319;Convenio  Marco  de  Artículos  de  Aseo  e  Higiene;1216085-62-CM25;52228166;INSUMOS  Y  ARTICULOS  DE  ASEO.  Gran  Compra:  74955;2025-03-06;2025-02-03;2025-02-03;2025-02-17;Recepción  Conforme;74955;70.983.600-5;Adquisiciones;CORP  MUNICIPAL  PARA  EL  DESARROLLO  SOCIAL;;Villa  Alemana;CORP  MUNICIPAL  PARA  EL  DESARROLLO  SOCIAL;1912489;LÍQUIDO  LIMPIAVIDRIOS  VIRUTEX  BOTELLA  C/PULVERIZADOR  500  CC  UNIDAD  REGIÓN  RM;LÍQUIDO  LIMPIAVIDRIOS;917;4150;-353;225;933750;No;MULTINEGOCIOS  MACJ  CHILE  SPA;MULTINEGOCIOS  MACJ  CHILE  SPA;76.225.217-1
2239-9-LR22;5800319;Convenio  Marco  de  Artículos  de  Aseo  e  Higiene;1216085-62-CM25;52228166;INSUMOS  Y  ARTICULOS  DE  ASEO.  Gran  Compra:  74955;2025-03-06;2025-02-03;2025-02-03;2025-02-17;Recepción  Conforme;74955;70.983.600-5;Adquisiciones;CORP  MUNICIPAL  PARA  EL  DESARROLLO  SOCIAL;;Villa  Alemana;CORP  MUNICIPAL  PARA  EL  DESARROLLO  SOCIAL;1926940;TRAPERO  REUTILIZABLE  VIRUTEX  REPUESTO  MOPA  MICROFIBRA  PLANA  45  CM  UNIDAD  REGIÓN  V;TRAPERO  REUTILIZABLE;7136;5873;18;287;485438688;Si;CASTILLA  Y  ARAGON  SPA;CASTILLA  Y  ARAGON  SPA;96.989.530-7
2239-9-LR22;5800319;Convenio  Marco  de  Artículos  de  Aseo  e  Higiene;1216085-62-CM25;52228166;INSUMOS  Y  ARTICULOS  DE  ASEO.  Gran  Compra:  74955;2025-03-06;2025-02-03;2025-02-03;2025-02-17;Recepción  Conforme;74955;70.983.600-5;Adquisiciones;CORP  MUNICIPAL  PARA  EL  DESARROLLO  SOCIAL;;Villa  Alemana;CORP  MUNICIPAL  PARA  EL  DESARROLLO  SOCIAL;1923064;SERVILLETAS  DESECHABLES  ELITE  PROFESSIONAL  MESA  HOJA  SIMPLE  200  UNIDADES  1  PAQUETE  REGIÓN  V;SERVILLETAS  DESECHABLES;2096;2087;0;1980;4132260;No;SERVICIOS  INTEGRADOS  SIDAPT  LIMITADA;SERVICIOS  INTEGRADOS  SIDAPT  LIMITADA;76.299.358-9
2239-9-LR22;5800319;Convenio  Marco  de  Artículos  de  Aseo  e  Higiene;1216085-62-CM25;52228166;INSUMOS  Y  ARTICULOS  DE  ASEO.  Gran  Compra:  74955;2025-03-06;2025-02-03;2025-02-03;2025-02-17;Recepción  Conforme;74955;70.983.600-5;Adquisiciones;CORP  MUNICIPAL  PARA  EL  DESARROLLO  SOCIAL;;Villa  Alemana;CORP  MUNICIPAL  PARA  EL  DESARROLLO  SOCIAL;1921840;PAPEL  HIGIÉNICO  TORK  ALTO  METRAJE  HOJA  SIMPLE  6  ROLLOS  600  M  1  PAQUETE  REGIÓN  V;PAPEL  HIGIÉNICO;18333;18221;1;1766;32178286;No;SERVICIOS  INTEGRADOS  SIDAPT  LIMITADA;SERVICIOS  INTEGRADOS  SIDAPT  LIMITADA;76.299.358-9
2239-9-LR22;5800319;Convenio  Marco  de  Artículos  de  Aseo  e  Higiene;1216085-62-CM25;52228166;INSUMOS  Y  ARTICULOS  DE  ASEO.  Gran  Compra:  74955;2025-03-06;2025-02-03;2025-02-03;2025-02-17;Recepción  Conforme;74955;70.983.600-5;Adquisiciones;CORP  MUNICIPAL  PARA  EL  DESARROLLO  SOCIAL;;Villa  Alemana;CORP  MUNICIPAL  PARA  EL  DESARROLLO  SOCIAL;1945341;CLORO  GEL    TREMEX  SIN  AROMA  BOTELLA  900  ML  UNIDAD  REGIÓN  V;CLORO  GEL;1518;1517;0;1074;1629258;No;MULTINEGOCIOS  MACJ  CHILE  SPA;MULTINEGOCIOS  MACJ  CHILE  SPA;76.225.217-1
2239-9-LR22;5800319;Convenio  Marco  de  Artículos  de  Aseo  e  Higiene;1216085-62-CM25;52228166;INSUMOS  Y  ARTICULOS  DE  ASEO.  Gran  Compra:  74955;2025-03-06;2025-02-03;2025-02-03;2025-02-17;Recepción  Conforme;74955;70.983.600-5;Adquisiciones;CORP  MUNICIPAL  PARA  EL  DESARROLLO  SOCIAL;;Villa  Alemana;CORP  MUNICIPAL  PARA  EL  DESARROLLO  SOCIAL;1918916;PAÑUELOS  DESECHABLES  ELITE  FACIAL  TRIPLE  HOJA  21X21  CM  36  CAJAS  60  UNIDADES  REGIÓN  V;PAÑUELOS  DESECHABLES;43564;1293;97;169;218517;No;PROVEEDORES  INTEGRALES  PRISA  S  A;PROVEEDORES  INTEGRALES  PRISA  S  A;96.556.940-5
2239-9-LR22;5800319;Convenio  Marco  de  Artículos  de  Aseo  e  Higiene;1216085-62-CM25;52228166;INSUMOS  Y  ARTICULOS  DE  ASEO.  Gran  Compra:  74955;2025-03-06;2025-02-03;2025-02-03;2025-02-17;Recepción  Conforme;74955;70.983.600-5;Adquisiciones;CORP  MUNICIPAL  PARA  EL  DESARROLLO  SOCIAL;;Villa  Alemana;CORP  MUNICIPAL  PARA  EL  DESARROLLO  SOCIAL;1925189;TOALLA  DE  PAPEL  ZAFA  HOJA  SIMPLE  250  M  2  ROLLOS  REGIÓN  V;TOALLA  DE  PAPEL;7106;5600;21;4646;26017600;No;COMERCIALIZADORA  PRANDELLI  LIMITADA;COMERCIALIZADORA  PRANDELLI  LIMITADA;76.295.342-0
2239-9-LR22;5800319;Convenio  Marco  de  Artículos  de  Aseo  e  Higiene;1216085-62-CM25;52228166;INSUMOS  Y  ARTICULOS  DE  ASEO.  Gran  Compra:  74955;2025-03-06;2025-02-03;2025-02-03;2025-02-17;Recepción  Conforme;74955;70.983.600-5;Adquisiciones;CORP  MUNICIPAL  PARA  EL  DESARROLLO  SOCIAL;;Villa  Alemana;CORP  MUNICIPAL  PARA  EL  DESARROLLO  SOCIAL;1926192;TRAPERO  REUTILIZABLE  GAUMED  REPUESTO  MOPA  MICROFIBRA  PLANA  45  CM  UNIDAD  REGIÓN  V;TRAPERO  REUTILIZABLE;5235;5234;0;536;2805424;No;MULTINEGOCIOS  MACJ  CHILE  SPA;MULTINEGOCIOS  MACJ  CHILE  SPA;76.225.217-1
2239-9-LR22;5800319;Convenio  Marco  de  Artículos  de  Aseo  e  Higiene;1216085-62-CM25;52228166;INSUMOS  Y  ARTICULOS  DE  ASEO.  Gran  Compra:  74955;2025-03-06;2025-02-03;2025-02-03;2025-02-17;Recepción  Conforme;74955;70.983.600-5;Adquisiciones;CORP  MUNICIPAL  PARA  EL  DESARROLLO  SOCIAL;;Villa  Alemana;CORP  MUNICIPAL  PARA  EL  DESARROLLO  SOCIAL;1918321;PAÑO  ABSORBENTE  MULTIUSO  VIRUTEX  DESINFECTANTE  PAQUETE  DE  35  UNIDADES  REGIÓN  V;PAÑO  ABSORBENTE  MULTIUSO;1779;1440;19;637;917280;No;PROVEEDORES  INTEGRALES  PRISA  S  A;PROVEEDORES  INTEGRALES  PRISA  S  A;96.556.940-5
2239-9-LR22;5800319;Convenio  Marco  de  Artículos  de  Aseo  e  Higiene;1216085-62-CM25;52228166;INSUMOS  Y  ARTICULOS  DE  ASEO.  Gran  Compra:  74955;2025-03-06;2025-02-03;2025-02-03;2025-02-17;Recepción  Conforme;74955;70.983.600-5;Adquisiciones;CORP  MUNICIPAL  PARA  EL  DESARROLLO  SOCIAL;;Villa  Alemana;CORP  MUNICIPAL  PARA  EL  DESARROLLO  SOCIAL;1945324;BOLSA  DE  BASURA  TREMEX  EXTRA  GRANDE  90X120  140  L  ROLLO  UNIDAD  REGIÓN  V;BOLSA  DE  BASURA;3057;2880;6;1094;-844928896;Si;CASTILLA  Y  ARAGON  SPA;CASTILLA  Y  ARAGON  SPA;96.989.530-7
2239-9-LR22;5800319;Convenio  Marco  de  Artículos  de  Aseo  e  Higiene;1216085-62-CM25;52228166;INSUMOS  Y  ARTICULOS  DE  ASEO.  Gran  Compra:  74955;2025-03-06;2025-02-03;2025-02-03;2025-02-17;Recepción  Conforme;74955;70.983.600-5;Adquisiciones;CORP  MUNICIPAL  PARA  EL  DESARROLLO  SOCIAL;;Villa  Alemana;CORP  MUNICIPAL  PARA  EL  DESARROLLO  SOCIAL;1925036;TOALLA  DE  PAPEL  TORK  HOJA  SIMPLE  250  M  2  ROLLOS  REGIÓN  V;TOALLA  DE  PAPEL;8764;8745;0;4646;40629270;No;SERVICIOS  INTEGRADOS  SIDAPT  LIMITADA;SERVICIOS  INTEGRADOS  SIDAPT  LIMITADA;76.299.358-9
2239-9-LR22;5800319;Convenio  Marco  de  Artículos  de  Aseo  e  Higiene;1216085-62-CM25;52228166;INSUMOS  Y  ARTICULOS  DE  ASEO.  Gran  Compra:  74955;2025-03-06;2025-02-03;2025-02-03;2025-02-17;Recepción  Conforme;74955;70.983.600-5;Adquisiciones;CORP  MUNICIPAL  PARA  EL  DESARROLLO  SOCIAL;;Villa  Alemana;CORP  MUNICIPAL  PARA  EL  DESARROLLO  SOCIAL;1945460;LAVALOZAS  CONCENTRADO  LAVADO  MANUAL  TREMEX  ANTIGRASA  CITRICO  750  ML  UNIDAD  REGIÓN  V;LAVALOZAS  CONCENTRADO  LAVADO  MANUAL;1589;1194;25;455;543270;No;PROVEEDORES  INTEGRALES  PRISA  S  A;PROVEEDORES  INTEGRALES  PRISA  S  A;96.556.940-5
2239-9-LR22;5800319;Convenio  Marco  de  Artículos  de  Aseo  e  Higiene;1216085-62-CM25;52228166;INSUMOS  Y  ARTICULOS  DE  ASEO.  Gran  Compra:  74955;2025-03-06;2025-02-03;2025-02-03;2025-02-17;Recepción  Conforme;74955;70.983.600-5;Adquisiciones;CORP  MUNICIPAL  PARA  EL  DESARROLLO  SOCIAL;;Villa  Alemana;CORP  MUNICIPAL  PARA  EL  DESARROLLO  SOCIAL;1945375;DESENGRASANTE  COCINA  TREMEX  MULTIUSO  CREMA  ANTIGRASA  750  ML  UNIDAD  REGIÓN  V;DESENGRASANTE  COCINA;1771;1259;29;622;783098;No;PROVEEDORES  INTEGRALES  PRISA  S  A;PROVEEDORES  INTEGRALES  PRISA  S  A;96.556.940-5
2239-9-LR22;5800319;Convenio  Marco  de  Artículos  de  Aseo  e  Higiene;1216085-62-CM25;52228166;INSUMOS  Y  ARTICULOS  DE  ASEO.  Gran  Compra:  74955;2025-03-06;2025-02-03;2025-02-03;2025-02-17;Recepción  Conforme;74955;70.983.600-5;Adquisiciones;CORP  MUNICIPAL  PARA  EL  DESARROLLO  SOCIAL;;Villa  Alemana;CORP  MUNICIPAL  PARA  EL  DESARROLLO  SOCIAL;1964741;GEL  SANITIZANTE  PARA  MANOS  WORKTEEN  PANTENOL  70%  BIDÓN  5  L  UNIDAD  REGIÓN  V;GEL  SANITIZANTE  PARA  MANOS;11746;11745;0;107;1256715;No;MULTINEGOCIOS  MACJ  CHILE  SPA;MULTINEGOCIOS  MACJ  CHILE  SPA;76.225.217-1
2239-9-LR22;5800319;Convenio  Marco  de  Artículos  de  Aseo  e  Higiene;1216085-62-CM25;52228166;INSUMOS  Y  ARTICULOS  DE  ASEO.  Gran  Compra:  74955;2025-03-06;2025-02-03;2025-02-03;2025-02-17;Recepción  Conforme;74955;70.983.600-5;Adquisiciones;CORP  MUNICIPAL  PARA  EL  DESARROLLO  SOCIAL;;Villa  Alemana;CORP  MUNICIPAL  PARA  EL  DESARROLLO  SOCIAL;1932893;JABÓN  TREMEX  AROMATICO  LÍQUIDO  DOYPACK  950  ML  UNIDAD  REGIÓN  V;JABÓN;1994;1470;26;703;1033410;No;PROVEEDORES  INTEGRALES  PRISA  S  A;PROVEEDORES  INTEGRALES  PRISA  S  A;96.556.940-5
2239-9-LR22;5800319;Convenio  Marco  de  Artículos  de  Aseo  e  Higiene;1216085-62-CM25;52228166;INSUMOS  Y  ARTICULOS  DE  ASEO.  Gran  Compra:  74955;2025-03-06;2025-02-03;2025-02-03;2025-02-17;Recepción  Conforme;74955;70.983.600-5;Adquisiciones;CORP  MUNICIPAL  PARA  EL  DESARROLLO  SOCIAL;;Villa  Alemana;CORP  MUNICIPAL  PARA  EL  DESARROLLO  SOCIAL;1946807;PAPEL  HIGIENICO  TORK  ALTO  METRAJE  SMARTONE  DOBLE  HOJA  207  METROS  6  ROLLOS  1  PAQUETE  REGIÓN  V;PAPEL  HIGIÉNICO;27823;26529;5;686;18198894;No;SUPERMERCADO  MAYORISTA  B  MÁS  SPA;SUPERMERCADO  MAYORISTA  METROPOLITANO  SPA;77.047.926-6
2239-9-LR22;5800319;Convenio  Marco  de  Artículos  de  Aseo  e  Higiene;1216085-62-CM25;52228166;INSUMOS  Y  ARTICULOS  DE  ASEO.  Gran  Compra:  74955;2025-03-06;2025-02-03;2025-02-03;2025-02-17;Recepción  Conforme;74955;70.983.600-5;Adquisiciones;CORP  MUNICIPAL  PARA  EL  DESARROLLO  SOCIAL;;Villa  Alemana;CORP  MUNICIPAL  PARA  EL  DESARROLLO  SOCIAL;1919715;PAPEL  HIGIÉNICO  CONFORT  BAJO  METRAJE  HOJA  DOBLE  4  ROLLOS  30  M  1  PAQUETE  REGIÓN  V;PAPEL  HIGIÉNICO;1182;1181;0;20;23620;No;MULTINEGOCIOS  MACJ  CHILE  SPA;MULTINEGOCIOS  MACJ  CHILE  SPA;76.225.217-1
2239-9-LR22;5800319;Convenio  Marco  de  Artículos  de  Aseo  e  Higiene;1216085-62-CM25;52228166;INSUMOS  Y  ARTICULOS  DE  ASEO.  Gran  Compra:  74955;2025-03-06;2025-02-03;2025-02-03;2025-02-17;Recepción  Conforme;74955;70.983.600-5;Adquisiciones;CORP  MUNICIPAL  PARA  EL  DESARROLLO  SOCIAL;;Villa  Alemana;CORP  MUNICIPAL  PARA  EL  DESARROLLO  SOCIAL;1945341;CLORO  GEL    TREMEX  SIN  AROMA  BOTELLA  900  ML  UNIDAD  REGIÓN  V;CLORO  GEL;1762;1299;26;1074;1395126;No;SUPERMERCADO  MAYORISTA  B  MÁS  SPA;SUPERMERCADO  MAYORISTA  METROPOLITANO  SPA;77.047.926-6
2239-9-LR22;5800319;Convenio  Marco  de  Artículos  de  Aseo  e  Higiene;1216085-62-CM25;52228166;INSUMOS  Y  ARTICULOS  DE  ASEO.  Gran  Compra:  74955;2025-03-06;2025-02-03;2025-02-03;2025-02-17;Recepción  Conforme;74955;70.983.600-5;Adquisiciones;CORP  MUNICIPAL  PARA  EL  DESARROLLO  SOCIAL;;Villa  Alemana;CORP  MUNICIPAL  PARA  EL  DESARROLLO  SOCIAL;1926838;TRAPERO  REUTILIZABLE  VIRUTEX  ALGODÓN  SIMPLE  C/OJAL  50X50  CM  UNIDAD  REGIÓN  V;TRAPERO  REUTILIZABLE;879;873;1;539;470547;No;SERVICIOS  INTEGRADOS  SIDAPT  LIMITADA;SERVICIOS  INTEGRADOS  SIDAPT  LIMITADA;76.299.358-9
2239-9-LR22;5800319;Convenio  Marco  de  Artículos  de  Aseo  e  Higiene;1216085-62-CM25;52228166;INSUMOS  Y  ARTICULOS  DE  ASEO.  Gran  Compra:  74955;2025-03-06;2025-02-03;2025-02-03;2025-02-17;Recepción  Conforme;74955;70.983.600-5;Adquisiciones;CORP  MUNICIPAL  PARA  EL  DESARROLLO  SOCIAL;;Villa  Alemana;CORP  MUNICIPAL  PARA  EL  DESARROLLO  SOCIAL;1925291;TRAPERO  REUTILIZABLE  AVALCO  ABSORVENTE  DOBLE  C/OJAL  50X50  CM  UNIDAD  REGIÓN  V;TRAPERO  REUTILIZABLE;1110;1109;0;539;597751;No;MULTINEGOCIOS  MACJ  CHILE  SPA;MULTINEGOCIOS  MACJ  CHILE  SPA;76.225.217-1
2239-9-LR22;5800319;Convenio  Marco  de  Artículos  de  Aseo  e  Higiene;1216085-62-CM25;52228166;INSUMOS  Y  ARTICULOS  DE  ASEO.  Gran  Compra:  74955;2025-03-06;2025-02-03;2025-02-03;2025-02-17;Recepción  Conforme;74955;70.983.600-5;Adquisiciones;CORP  MUNICIPAL  PARA  EL  DESARROLLO  SOCIAL;;Villa  Alemana;CORP  MUNICIPAL  PARA  EL  DESARROLLO  SOCIAL;1945460;LAVALOZAS  CONCENTRADO  LAVADO  MANUAL  TREMEX  ANTIGRASA  CITRICO  750  ML  UNIDAD  REGIÓN  V;LAVALOZAS  CONCENTRADO  LAVADO  MANUAL;1549;1548;0;455;704340;No;MULTINEGOCIOS  MACJ  CHILE  SPA;MULTINEGOCIOS  MACJ  CHILE  SPA;76.225.217-1
2239-9-LR22;5800319;Convenio  Marco  de  Artículos  de  Aseo  e  Higiene;1216085-62-CM25;52228166;INSUMOS  Y  ARTICULOS  DE  ASEO.  Gran  Compra:  74955;2025-03-06;2025-02-03;2025-02-03;2025-02-17;Recepción  Conforme;74955;70.983.600-5;Adquisiciones;CORP  MUNICIPAL  PARA  EL  DESARROLLO  SOCIAL;;Villa  Alemana;CORP  MUNICIPAL  PARA  EL  DESARROLLO  SOCIAL;1923234;SERVILLETAS  DESECHABLES  NOVA  CÓCTEL  HOJA  SIMPLE  50  UNIDADES  1  PAQUETE  REGIÓN  V;SERVILLETAS  DESECHABLES;273;270;1;1980;1059042600;Si;CASTILLA  Y  ARAGON  SPA;CASTILLA  Y  ARAGON  SPA;96.989.530-7
2239-9-LR22;5800319;Convenio  Marco  de  Artículos  de  Aseo  e  Higiene;1216085-62-CM25;52228166;INSUMOS  Y  ARTICULOS  DE  ASEO.  Gran  Compra:  74955;2025-03-06;2025-02-03;2025-02-03;2025-02-17;Recepción  Conforme;74955;70.983.600-5;Adquisiciones;CORP  MUNICIPAL  PARA  EL  DESARROLLO  SOCIAL;;Villa  Alemana;CORP  MUNICIPAL  PARA  EL  DESARROLLO  SOCIAL;1942024;BOLSA  DE  BASURA  VIRUTEX  CARGA  PESADA  110X120  CM  200  L  ROLLO  X  5  UNIDADES  REGIÓN  V;BOLSA  DE  BASURA;3186;3183;0;959;3052497;No;SERVICIOS  INTEGRADOS  SIDAPT  LIMITADA;SERVICIOS  INTEGRADOS  SIDAPT  LIMITADA;76.299.358-9
2239-9-LR22;5800319;Convenio  Marco  de  Artículos  de  Aseo  e  Higiene;1216085-62-CM25;52228166;INSUMOS  Y  ARTICULOS  DE  ASEO.  Gran  Compra:  74955;2025-03-06;2025-02-03;2025-02-03;2025-02-17;Recepción  Conforme;74955;70.983.600-5;Adquisiciones;CORP  MUNICIPAL  PARA  EL  DESARROLLO  SOCIAL;;Villa  Alemana;CORP  MUNICIPAL  PARA  EL  DESARROLLO  SOCIAL;1926838;TRAPERO  REUTILIZABLE  VIRUTEX  ALGODÓN  SIMPLE  C/OJAL  50X50  CM  UNIDAD  REGIÓN  V;TRAPERO  REUTILIZABLE;969;725;25;644;466900;No;PROVEEDORES  INTEGRALES  PRISA  S  A;PROVEEDORES  INTEGRALES  PRISA  S  A;96.556.940-5
2239-9-LR22;5800319;Convenio  Marco  de  Artículos  de  Aseo  e  Higiene;1216085-62-CM25;52228166;INSUMOS  Y  ARTICULOS  DE  ASEO.  Gran  Compra:  74955;2025-03-06;2025-02-03;2025-02-03;2025-02-17;Recepción  Conforme;74955;70.983.600-5;Adquisiciones;CORP  MUNICIPAL  PARA  EL  DESARROLLO  SOCIAL;;Villa  Alemana;CORP  MUNICIPAL  PARA  EL  DESARROLLO  SOCIAL;1919715;PAPEL  HIGIÉNICO  CONFORT  BAJO  METRAJE  HOJA  DOBLE  4  ROLLOS  30  M  1  PAQUETE  REGIÓN  V;PAPEL  HIGIÉNICO;1259;1594;-27;20;31880;No;PROVEEDORES  INTEGRALES  PRISA  S  A;PROVEEDORES  INTEGRALES  PRISA  S  A;96.556.940-5
2239-9-LR22;5800319;Convenio  Marco  de  Artículos  de  Aseo  e  Higiene;1216085-62-CM25;52228166;INSUMOS  Y  ARTICULOS  DE  ASEO.  Gran  Compra:  74955;2025-03-06;2025-02-03;2025-02-03;2025-02-17;Recepción  Conforme;74955;70.983.600-5;Adquisiciones;CORP  MUNICIPAL  PARA  EL  DESARROLLO  SOCIAL;;Villa  Alemana;CORP  MUNICIPAL  PARA  EL  DESARROLLO  SOCIAL;1945341;CLORO  GEL    TREMEX  SIN  AROMA  BOTELLA  900  ML  UNIDAD  REGIÓN  V;CLORO  GEL;1771;1390;22;1074;1604824500;Si;CASTILLA  Y  ARAGON  SPA;CASTILLA  Y  ARAGON  SPA;96.989.530-7
2239-9-LR22;5800319;Convenio  Marco  de  Artículos  de  Aseo  e  Higiene;1216085-62-CM25;52228166;INSUMOS  Y  ARTICULOS  DE  ASEO.  Gran  Compra:  74955;2025-03-06;2025-02-03;2025-02-03;2025-02-17;Recepción  Conforme;74955;70.983.600-5;Adquisiciones;CORP  MUNICIPAL  PARA  EL  DESARROLLO  SOCIAL;;Villa  Alemana;CORP  MUNICIPAL  PARA  EL  DESARROLLO  SOCIAL;1926838;TRAPERO  REUTILIZABLE  VIRUTEX  ALGODÓN  SIMPLE  C/OJAL  50X50  CM  UNIDAD  REGIÓN  V;TRAPERO  REUTILIZABLE;962;960;0;644;398764800;Si;CASTILLA  Y  ARAGON  SPA;CASTILLA  Y  ARAGON  SPA;96.989.530-7
2239-9-LR22;5800319;Convenio  Marco  de  Artículos  de  Aseo  e  Higiene;1216085-62-CM25;52228166;INSUMOS  Y  ARTICULOS  DE  ASEO.  Gran  Compra:  74955;2025-03-06;2025-02-03;2025-02-03;2025-02-17;Recepción  Conforme;74955;70.983.600-5;Adquisiciones;CORP  MUNICIPAL  PARA  EL  DESARROLLO  SOCIAL;;Villa  Alemana;CORP  MUNICIPAL  PARA  EL  DESARROLLO  SOCIAL;1945477;LIMPIADOR  DE  PISOS  TREMEX  AMONIACLORO  BIDÓN  5000  ML  UNIDAD  REGIÓN  V;LIMPIADOR  DE  PISOS;5078;5077;0;360;1827720;No;MULTINEGOCIOS  MACJ  CHILE  SPA;MULTINEGOCIOS  MACJ  CHILE  SPA;76.225.217-1
2239-9-LR22;5800319;Convenio  Marco  de  Artículos  de  Aseo  e  Higiene;1216085-62-CM25;52228166;INSUMOS  Y  ARTICULOS  DE  ASEO.  Gran  Compra:  74955;2025-03-06;2025-02-03;2025-02-03;2025-02-17;Recepción  Conforme;74955;70.983.600-5;Adquisiciones;CORP  MUNICIPAL  PARA  EL  DESARROLLO  SOCIAL;;Villa  Alemana;CORP  MUNICIPAL  PARA  EL  DESARROLLO  SOCIAL;1945477;LIMPIADOR  DE  PISOS  TREMEX  AMONIACLORO  BIDÓN  5000  ML  UNIDAD  REGIÓN  V;LIMPIADOR  DE  PISOS;7062;5991;15;360;778590360;Si;CASTILLA  Y  ARAGON  SPA;CASTILLA  Y  ARAGON  SPA;96.989.530-7
2239-9-LR22;5800319;Convenio  Marco  de  Artículos  de  Aseo  e  Higiene;1216085-62-CM25;52228166;INSUMOS  Y  ARTICULOS  DE  ASEO.  Gran  Compra:  74955;2025-03-06;2025-02-03;2025-02-03;2025-02-17;Recepción  Conforme;74955;70.983.600-5;Adquisiciones;CORP  MUNICIPAL  PARA  EL  DESARROLLO  SOCIAL;;Villa  Alemana;CORP  MUNICIPAL  PARA  EL  DESARROLLO  SOCIAL;1924900;TOALLA  DE  PAPEL  TECNOPAPEL  INTERFOLIADA  HOJA  SIMPLE  250  UN  1  PAQUETE  REGIÓN  V;TOALLA  DE  PAPEL;962;962;0;6609;-924231580;Si;CASTILLA  Y  ARAGON  SPA;CASTILLA  Y  ARAGON  SPA;96.989.530-7
2239-9-LR22;5800319;Convenio  Marco  de  Artículos  de  Aseo  e  Higiene;1216085-62-CM25;52228166;INSUMOS  Y  ARTICULOS  DE  ASEO.  Gran  Compra:  74955;2025-03-06;2025-02-03;2025-02-03;2025-02-17;Recepción  Conforme;74955;70.983.600-5;Adquisiciones;CORP  MUNICIPAL  PARA  EL  DESARROLLO  SOCIAL;;Villa  Alemana;CORP  MUNICIPAL  PARA  EL  DESARROLLO  SOCIAL;1945307;BOLSA  DE  BASURA  TREMEX  GRANDE  80X110  CM  120  L  ROLLO  UNIDAD  REGIÓN  V;BOLSA  DE  BASURA;1805;1316;27;2408;3168928;No;SUPERMERCADO  MAYORISTA  B  MÁS  SPA;SUPERMERCADO  MAYORISTA  METROPOLITANO  SPA;77.047.926-6
2239-9-LR22;5800319;Convenio  Marco  de  Artículos  de  Aseo  e  Higiene;1216085-62-CM25;52228166;INSUMOS  Y  ARTICULOS  DE  ASEO.  Gran  Compra:  74955;2025-03-06;2025-02-03;2025-02-03;2025-02-17;Recepción  Conforme;74955;70.983.600-5;Adquisiciones;CORP  MUNICIPAL  PARA  EL  DESARROLLO  SOCIAL;;Villa  Alemana;CORP  MUNICIPAL  PARA  EL  DESARROLLO  SOCIAL;1931859;CLORO  CONCENTRADO  SMF  5%  1000  ML  UNIDAD  REGIÓN  V;CLORO  CONCENTRADO;683;3649;-434;376;1372024;No;MULTINEGOCIOS  MACJ  CHILE  SPA;MULTINEGOCIOS  MACJ  CHILE  SPA;76.225.217-1
2239-9-LR22;5800319;Convenio  Marco  de  Artículos  de  Aseo  e  Higiene;1216085-62-CM25;52228166;INSUMOS  Y  ARTICULOS  DE  ASEO.  Gran  Compra:  74955;2025-03-06;2025-02-03;2025-02-03;2025-02-17;Recepción  Conforme;74955;70.983.600-5;Adquisiciones;CORP  MUNICIPAL  PARA  EL  DESARROLLO  SOCIAL;;Villa  Alemana;CORP  MUNICIPAL  PARA  EL  DESARROLLO  SOCIAL;1922163;PAPEL  HIGIÉNICO  ZAFA  ALTO  METRAJE  HOJA  SIMPLE  6  ROLLOS  500  M  1  PAQUETE  REGIÓN  V;PAPEL  HIGIÉNICO;11590;9990;14;1766;17642340;No;COMERCIALIZADORA  PRANDELLI  LIMITADA;COMERCIALIZADORA  PRANDELLI  LIMITADA;76.295.342-0
2239-9-LR22;5800319;Convenio  Marco  de  Artículos  de  Aseo  e  Higiene;1216085-62-CM25;52228166;INSUMOS  Y  ARTICULOS  DE  ASEO.  Gran  Compra:  74955;2025-03-06;2025-02-03;2025-02-03;2025-02-17;Recepción  Conforme;74955;70.983.600-5;Adquisiciones;CORP  MUNICIPAL  PARA  EL  DESARROLLO  SOCIAL;;Villa  Alemana;CORP  MUNICIPAL  PARA  EL  DESARROLLO  SOCIAL;1926447;TRAPERO  REUTILIZABLE  NOVA  DESINFECTANTE  C/  OJAL  40X60  CM  PAQUETE  10  UNIDADES  REGIÓN  V;TRAPERO  REUTILIZABLE;3161;2952;7;120;42863040;Si;CASTILLA  Y  ARAGON  SPA;CASTILLA  Y  ARAGON  SPA;96.989.530-7
2239-9-LR22;5800319;Convenio  Marco  de  Artículos  de  Aseo  e  Higiene;1216085-62-CM25;52228166;INSUMOS  Y  ARTICULOS  DE  ASEO.  Gran  Compra:  74955;2025-03-06;2025-02-03;2025-02-03;2025-02-17;Recepción  Conforme;74955;70.983.600-5;Adquisiciones;CORP  MUNICIPAL  PARA  EL  DESARROLLO  SOCIAL;;Villa  Alemana;CORP  MUNICIPAL  PARA  EL  DESARROLLO  SOCIAL;1943607;TOALLA  DE  PAPEL  TORK  SABANILLA  UNIVERSAL  48  M  BOLSA  2  ROLLOS  REGIÓN  V;TOALLA  DE  PAPEL;4139;4138;0;1330;5503540;No;MULTINEGOCIOS  MACJ  CHILE  SPA;MULTINEGOCIOS  MACJ  CHILE  SPA;76.225.217-1
2239-9-LR22;5800319;Convenio  Marco  de  Artículos  de  Aseo  e  Higiene;1216085-62-CM25;52228166;INSUMOS  Y  ARTICULOS  DE  ASEO.  Gran  Compra:  74955;2025-03-06;2025-02-03;2025-02-03;2025-02-17;Recepción  Conforme;74955;70.983.600-5;Adquisiciones;CORP  MUNICIPAL  PARA  EL  DESARROLLO  SOCIAL;;Villa  Alemana;CORP  MUNICIPAL  PARA  EL  DESARROLLO  SOCIAL;1925818;TRAPERO  REUTILIZABLE  EXCELL  ALGODÓN  SIMPLE  C/OJAL  50X50  CM  UNIDAD  REGIÓN  V;TRAPERO  REUTILIZABLE;587;586;0;644;377384;No;MULTINEGOCIOS  MACJ  CHILE  SPA;MULTINEGOCIOS  MACJ  CHILE  SPA;76.225.217-1
2239-9-LR22;5800319;Convenio  Marco  de  Artículos  de  Aseo  e  Higiene;1216085-62-CM25;52228166;INSUMOS  Y  ARTICULOS  DE  ASEO.  Gran  Compra:  74955;2025-03-06;2025-02-03;2025-02-03;2025-02-17;Recepción  Conforme;74955;70.983.600-5;Adquisiciones;CORP  MUNICIPAL  PARA  EL  DESARROLLO  SOCIAL;;Villa  Alemana;CORP  MUNICIPAL  PARA  EL  DESARROLLO  SOCIAL;1923506;SERVILLETAS  DESECHABLES  TORK  MESA  TRIPLE  HOJA  50  UNIDADES  1  PAQUETE  REGIÓN  V;SERVILLETAS  DESECHABLES;1260;1259;0;1980;2492820;No;MULTINEGOCIOS  MACJ  CHILE  SPA;MULTINEGOCIOS  MACJ  CHILE  SPA;76.225.217-1
2239-9-LR22;5800319;Convenio  Marco  de  Artículos  de  Aseo  e  Higiene;1216085-62-CM25;52228166;INSUMOS  Y  ARTICULOS  DE  ASEO.  Gran  Compra:  74955;2025-03-06;2025-02-03;2025-02-03;2025-02-17;Recepción  Conforme;74955;70.983.600-5;Adquisiciones;CORP  MUNICIPAL  PARA  EL  DESARROLLO  SOCIAL;;Villa  Alemana;CORP  MUNICIPAL  PARA  EL  DESARROLLO  SOCIAL;1932655;JABÓN  TREMEX  NEUTRO-GLICERINA  LÍQUIDO  BIDÓN  5  L  UNIDAD  REGIÓN  V;JABÓN;5795;5736;1;503;2885208;No;SERVICIOS  INTEGRADOS  SIDAPT  LIMITADA;SERVICIOS  INTEGRADOS  SIDAPT  LIMITADA;76.299.358-9
2239-9-LR22;5800319;Convenio  Marco  de  Artículos  de  Aseo  e  Higiene;1216085-62-CM25;52228166;INSUMOS  Y  ARTICULOS  DE  ASEO.  Gran  Compra:  74955;2025-03-06;2025-02-03;2025-02-03;2025-02-17;Recepción  Conforme;74955;70.983.600-5;Adquisiciones;CORP  MUNICIPAL  PARA  EL  DESARROLLO  SOCIAL;;Villa  Alemana;CORP  MUNICIPAL  PARA  EL  DESARROLLO  SOCIAL;1945324;BOLSA  DE  BASURA  TREMEX  EXTRA  GRANDE  90X120  140  L  ROLLO  UNIDAD  REGIÓN  V;BOLSA  DE  BASURA;2075;2074;0;1094;2268956;No;MULTINEGOCIOS  MACJ  CHILE  SPA;MULTINEGOCIOS  MACJ  CHILE  SPA;76.225.217-1
2239-9-LR22;5800319;Convenio  Marco  de  Artículos  de  Aseo  e  Higiene;1216085-62-CM25;52228166;INSUMOS  Y  ARTICULOS  DE  ASEO.  Gran  Compra:  74955;2025-03-06;2025-02-03;2025-02-03;2025-02-17;Recepción  Conforme;74955;70.983.600-5;Adquisiciones;CORP  MUNICIPAL  PARA  EL  DESARROLLO  SOCIAL;;Villa  Alemana;CORP  MUNICIPAL  PARA  EL  DESARROLLO  SOCIAL;1943607;TOALLA  DE  PAPEL  TORK  SABANILLA  UNIVERSAL  48  M  BOLSA  2  ROLLOS  REGIÓN  V;TOALLA  DE  PAPEL;7365;5565;24;1330;7401450;No;PROVEEDORES  INTEGRALES  PRISA  S  A;PROVEEDORES  INTEGRALES  PRISA  S  A;96.556.940-5
2239-9-LR22;5800319;Convenio  Marco  de  Artículos  de  Aseo  e  Higiene;1216085-62-CM25;52228166;INSUMOS  Y  ARTICULOS  DE  ASEO.  Gran  Compra:  74955;2025-03-06;2025-02-03;2025-02-03;2025-02-17;Recepción  Conforme;74955;70.983.600-5;Adquisiciones;CORP  MUNICIPAL  PARA  EL  DESARROLLO  SOCIAL;;Villa  Alemana;CORP  MUNICIPAL  PARA  EL  DESARROLLO  SOCIAL;1931417;DESINFECTANTE  SUPERFICIES  EN  AEROSOL  IGENIX  ANTIBACTERIAL  360  ML  UNIDAD  REGIÓN  V;DESINFECTANTE  SUPERFICIES  EN  AEROSOL;1588;1563;2;2339;3655857;No;PROVEEDORES  INTEGRALES  PRISA  S  A;PROVEEDORES  INTEGRALES  PRISA  S  A;96.556.940-5
2239-9-LR22;5800319;Convenio  Marco  de  Artículos  de  Aseo  e  Higiene;1216085-62-CM25;52228166;INSUMOS  Y  ARTICULOS  DE  ASEO.  Gran  Compra:  74955;2025-03-06;2025-02-03;2025-02-03;2025-02-17;Recepción  Conforme;74955;70.983.600-5;Adquisiciones;CORP  MUNICIPAL  PARA  EL  DESARROLLO  SOCIAL;;Villa  Alemana;CORP  MUNICIPAL  PARA  EL  DESARROLLO  SOCIAL;1945324;BOLSA  DE  BASURA  TREMEX  EXTRA  GRANDE  90X120  140  L  ROLLO  UNIDAD  REGIÓN  V;BOLSA  DE  BASURA;3049;3048;0;1094;3334512;No;SERVICIOS  INTEGRADOS  SIDAPT  LIMITADA;SERVICIOS  INTEGRADOS  SIDAPT  LIMITADA;76.299.358-9
2239-9-LR22;5800319;Convenio  Marco  de  Artículos  de  Aseo  e  Higiene;1216085-62-CM25;52228166;INSUMOS  Y  ARTICULOS  DE  ASEO.  Gran  Compra:  74955;2025-03-06;2025-02-03;2025-02-03;2025-02-17;Recepción  Conforme;74955;70.983.600-5;Adquisiciones;CORP  MUNICIPAL  PARA  EL  DESARROLLO  SOCIAL;;Villa  Alemana;CORP  MUNICIPAL  PARA  EL  DESARROLLO  SOCIAL;1945477;LIMPIADOR  DE  PISOS  TREMEX  AMONIACLORO  BIDÓN  5000  ML  UNIDAD  REGIÓN  V;LIMPIADOR  DE  PISOS;7072;5599;21;360;2015640;No;PROVEEDORES  INTEGRALES  PRISA  S  A;PROVEEDORES  INTEGRALES  PRISA  S  A;96.556.940-5
2239-9-LR22;5800319;Convenio  Marco  de  Artículos  de  Aseo  e  Higiene;1216085-62-CM25;52228166;INSUMOS  Y  ARTICULOS  DE  ASEO.  Gran  Compra:  74955;2025-03-06;2025-02-03;2025-02-03;2025-02-17;Recepción  Conforme;74955;70.983.600-5;Adquisiciones;CORP  MUNICIPAL  PARA  EL  DESARROLLO  SOCIAL;;Villa  Alemana;CORP  MUNICIPAL  PARA  EL  DESARROLLO  SOCIAL;1946943;PAPEL  HIGIENICO    TORK  BAJO  METRAJE  DOBLE  HOJA  50  METROS  4  ROLLOS  1  PAQUETE  REGIÓN  V;PAPEL  HIGIÉNICO;3086;2509;19;136;341224;No;SUPERMERCADO  MAYORISTA  B  MÁS  SPA;SUPERMERCADO  MAYORISTA  METROPOLITANO  SPA;77.047.926-6
2239-9-LR22;5800319;Convenio  Marco  de  Artículos  de  Aseo  e  Higiene;1216085-62-CM25;52228166;INSUMOS  Y  ARTICULOS  DE  ASEO.  Gran  Compra:  74955;2025-03-06;2025-02-03;2025-02-03;2025-02-17;Recepción  Conforme;74955;70.983.600-5;Adquisiciones;CORP  MUNICIPAL  PARA  EL  DESARROLLO  SOCIAL;;Villa  Alemana;CORP  MUNICIPAL  PARA  EL  DESARROLLO  SOCIAL;1945341;CLORO  GEL    TREMEX  SIN  AROMA  BOTELLA  900  ML  UNIDAD  REGIÓN  V;CLORO  GEL;1781;1299;27;1074;1395126;No;PROVEEDORES  INTEGRALES  PRISA  S  A;PROVEEDORES  INTEGRALES  PRISA  S  A;96.556.940-5
2239-9-LR22;5800319;Convenio  Marco  de  Artículos  de  Aseo  e  Higiene;1216085-62-CM25;52228166;INSUMOS  Y  ARTICULOS  DE  ASEO.  Gran  Compra:  74955;2025-03-06;2025-02-03;2025-02-03;2025-02-17;Recepción  Conforme;74955;70.983.600-5;Adquisiciones;CORP  MUNICIPAL  PARA  EL  DESARROLLO  SOCIAL;;Villa  Alemana;CORP  MUNICIPAL  PARA  EL  DESARROLLO  SOCIAL;1945375;DESENGRASANTE  COCINA  TREMEX  MULTIUSO  CREMA  ANTIGRASA  750  ML  UNIDAD  REGIÓN  V;DESENGRASANTE  COCINA;1756;1236;30;622;768792;No;SUPERMERCADO  MAYORISTA  B  MÁS  SPA;SUPERMERCADO  MAYORISTA  METROPOLITANO  SPA;77.047.926-6
2239-9-LR22;5800319;Convenio  Marco  de  Artículos  de  Aseo  e  Higiene;1216085-62-CM25;52228166;INSUMOS  Y  ARTICULOS  DE  ASEO.  Gran  Compra:  74955;2025-03-06;2025-02-03;2025-02-03;2025-02-17;Recepción  Conforme;74955;70.983.600-5;Adquisiciones;CORP  MUNICIPAL  PARA  EL  DESARROLLO  SOCIAL;;Villa  Alemana;CORP  MUNICIPAL  PARA  EL  DESARROLLO  SOCIAL;1945341;CLORO  GEL    TREMEX  SIN  AROMA  BOTELLA  900  ML  UNIDAD  REGIÓN  V;CLORO  GEL;1761;1755;0;1074;1884870;No;SERVICIOS  INTEGRADOS  SIDAPT  LIMITADA;SERVICIOS  INTEGRADOS  SIDAPT  LIMITADA;76.299.358-9
2239-9-LR22;5800319;Convenio  Marco  de  Artículos  de  Aseo  e  Higiene;1216085-62-CM25;52228166;INSUMOS  Y  ARTICULOS  DE  ASEO.  Gran  Compra:  74955;2025-03-06;2025-02-03;2025-02-03;2025-02-17;Recepción  Conforme;74955;70.983.600-5;Adquisiciones;CORP  MUNICIPAL  PARA  EL  DESARROLLO  SOCIAL;;Villa  Alemana;CORP  MUNICIPAL  PARA  EL  DESARROLLO  SOCIAL;1926753;TRAPERO  REUTILIZABLE  VIRGINIA  DESINFECTANTE  C/  OJAL  40X60  CM  PAQUETE  10  UNIDADES  REGIÓN  V;TRAPERO  REUTILIZABLE;2199;2167;1;120;260040;No;SERVICIOS  INTEGRADOS  SIDAPT  LIMITADA;SERVICIOS  INTEGRADOS  SIDAPT  LIMITADA;76.299.358-9
2239-9-LR22;5800319;Convenio  Marco  de  Artículos  de  Aseo  e  Higiene;1216085-62-CM25;52228166;INSUMOS  Y  ARTICULOS  DE  ASEO.  Gran  Compra:  74955;2025-03-06;2025-02-03;2025-02-03;2025-02-17;Recepción  Conforme;74955;70.983.600-5;Adquisiciones;CORP  MUNICIPAL  PARA  EL  DESARROLLO  SOCIAL;;Villa  Alemana;CORP  MUNICIPAL  PARA  EL  DESARROLLO  SOCIAL;1945477;LIMPIADOR  DE  PISOS  TREMEX  AMONIACLORO  BIDÓN  5000  ML  UNIDAD  REGIÓN  V;LIMPIADOR  DE  PISOS;7052;7031;0;360;2531160;No;SERVICIOS  INTEGRADOS  SIDAPT  LIMITADA;SERVICIOS  INTEGRADOS  SIDAPT  LIMITADA;76.299.358-9
2239-9-LR22;5800319;Convenio  Marco  de  Artículos  de  Aseo  e  Higiene;1216085-62-CM25;52228166;INSUMOS  Y  ARTICULOS  DE  ASEO.  Gran  Compra:  74955;2025-03-06;2025-02-03;2025-02-03;2025-02-17;Recepción  Conforme;74955;70.983.600-5;Adquisiciones;CORP  MUNICIPAL  PARA  EL  DESARROLLO  SOCIAL;;Villa  Alemana;CORP  MUNICIPAL  PARA  EL  DESARROLLO  SOCIAL;1946943;PAPEL  HIGIENICO    TORK  BAJO  METRAJE  DOBLE  HOJA  50  METROS  4  ROLLOS  1  PAQUETE  REGIÓN  V;PAPEL  HIGIÉNICO;3088;3087;0;136;419832;No;MULTINEGOCIOS  MACJ  CHILE  SPA;MULTINEGOCIOS  MACJ  CHILE  SPA;76.225.217-1
2239-9-LR22;5800319;Convenio  Marco  de  Artículos  de  Aseo  e  Higiene;1216085-62-CM25;52228166;INSUMOS  Y  ARTICULOS  DE  ASEO.  Gran  Compra:  74955;2025-03-06;2025-02-03;2025-02-03;2025-02-17;Recepción  Conforme;74955;70.983.600-5;Adquisiciones;CORP  MUNICIPAL  PARA  EL  DESARROLLO  SOCIAL;;Villa  Alemana;CORP  MUNICIPAL  PARA  EL  DESARROLLO  SOCIAL;1946943;PAPEL  HIGIENICO    TORK  BAJO  METRAJE  DOBLE  HOJA  50  METROS  4  ROLLOS  1  PAQUETE  REGIÓN  V;PAPEL  HIGIÉNICO;3055;3026;1;136;411536;No;SERVICIOS  INTEGRADOS  SIDAPT  LIMITADA;SERVICIOS  INTEGRADOS  SIDAPT  LIMITADA;76.299.358-9
2239-9-LR22;5800319;Convenio  Marco  de  Artículos  de  Aseo  e  Higiene;1216085-62-CM25;52228166;INSUMOS  Y  ARTICULOS  DE  ASEO.  Gran  Compra:  74955;2025-03-06;2025-02-03;2025-02-03;2025-02-17;Recepción  Conforme;74955;70.983.600-5;Adquisiciones;CORP  MUNICIPAL  PARA  EL  DESARROLLO  SOCIAL;;Villa  Alemana;CORP  MUNICIPAL  PARA  EL  DESARROLLO  SOCIAL;1946943;PAPEL  HIGIENICO    TORK  BAJO  METRAJE  DOBLE  HOJA  50  METROS  4  ROLLOS  1  PAQUETE  REGIÓN  V;PAPEL  HIGIÉNICO;3236;2730;16;136;371280;No;PROVEEDORES  INTEGRALES  PRISA  S  A;PROVEEDORES  INTEGRALES  PRISA  S  A;96.556.940-5
2239-9-LR22;5800319;Convenio  Marco  de  Artículos  de  Aseo  e  Higiene;1216085-62-CM25;52228166;INSUMOS  Y  ARTICULOS  DE  ASEO.  Gran  Compra:  74955;2025-03-06;2025-02-03;2025-02-03;2025-02-17;Recepción  Conforme;74955;70.983.600-5;Adquisiciones;CORP  MUNICIPAL  PARA  EL  DESARROLLO  SOCIAL;;Villa  Alemana;CORP  MUNICIPAL  PARA  EL  DESARROLLO  SOCIAL;1945477;LIMPIADOR  DE  PISOS  TREMEX  AMONIACLORO  BIDÓN  5000  ML  UNIDAD  REGIÓN  V;LIMPIADOR  DE  PISOS;7053;5972;15;360;2149920;No;SUPERMERCADO  MAYORISTA  B  MÁS  SPA;SUPERMERCADO  MAYORISTA  METROPOLITANO  SPA;77.047.926-6
2239-9-LR22;5800319;Convenio  Marco  de  Artículos  de  Aseo  e  Higiene;1216085-62-CM25;52228166;INSUMOS  Y  ARTICULOS  DE  ASEO.  Gran  Compra:  74955;2025-03-06;2025-02-03;2025-02-03;2025-02-17;Recepción  Conforme;74955;70.983.600-5;Adquisiciones;CORP  MUNICIPAL  PARA  EL  DESARROLLO  SOCIAL;;Villa  Alemana;CORP  MUNICIPAL  PARA  EL  DESARROLLO  SOCIAL;1926855;TRAPERO  REUTILIZABLE  VIRUTEX  DESINFECTANTE  C/  OJAL  40X60  CM  PAQUETE  10  UNIDADES  REGIÓN  V;TRAPERO  REUTILIZABLE;2167;2166;0;120;259920;No;MULTINEGOCIOS  MACJ  CHILE  SPA;MULTINEGOCIOS  MACJ  CHILE  SPA;76.225.217-1
2239-9-LR22;5800319;Convenio  Marco  de  Artículos  de  Aseo  e  Higiene;1216085-62-CM25;52228166;INSUMOS  Y  ARTICULOS  DE  ASEO.  Gran  Compra:  74955;2025-03-06;2025-02-03;2025-02-03;2025-02-17;Recepción  Conforme;74955;70.983.600-5;Adquisiciones;CORP  MUNICIPAL  PARA  EL  DESARROLLO  SOCIAL;;Villa  Alemana;CORP  MUNICIPAL  PARA  EL  DESARROLLO  SOCIAL;1946943;PAPEL  HIGIENICO    TORK  BAJO  METRAJE  DOBLE  HOJA  50  METROS  4  ROLLOS  1  PAQUETE  REGIÓN  V;PAPEL  HIGIÉNICO;3086;2509;19;136;341224;No;SUPERMERCADO  MAYORISTA  B  MÁS  SPA;SUPERMERCADO  MAYORISTA  METROPOLITANO  SPA;77.047.926-6
2239-9-LR22;5800319;Convenio  Marco  de  Artículos  de  Aseo  e  Higiene;1216085-62-CM25;52228166;INSUMOS  Y  ARTICULOS  DE  ASEO.  Gran  Compra:  74955;2025-03-06;2025-02-03;2025-02-03;2025-02-17;Recepción  Conforme;74955;70.983.600-5;Adquisiciones;CORP  MUNICIPAL  PARA  EL  DESARROLLO  SOCIAL;;Villa  Alemana;CORP  MUNICIPAL  PARA  EL  DESARROLLO  SOCIAL;1926872;TRAPERO  REUTILIZABLE  VIRUTEX  PRO  ABSORVENTE  DOBLE  C/OJAL  50X50  CM  UNIDAD  REGIÓN  V;TRAPERO  REUTILIZABLE;1254;1019;19;539;549241;No;PROVEEDORES  INTEGRALES  PRISA  S  A;PROVEEDORES  INTEGRALES  PRISA  S  A;96.556.940-5
2239-9-LR22;5800319;Convenio  Marco  de  Artículos  de  Aseo  e  Higiene;1216085-62-CM25;52228166;INSUMOS  Y  ARTICULOS  DE  ASEO.  Gran  Compra:  74955;2025-03-06;2025-02-03;2025-02-03;2025-02-17;Recepción  Conforme;74955;70.983.600-5;Adquisiciones;CORP  MUNICIPAL  PARA  EL  DESARROLLO  SOCIAL;;Villa  Alemana;CORP  MUNICIPAL  PARA  EL  DESARROLLO  SOCIAL;1932689;JABÓN  KLAREN  AROMATICO  LÍQUIDO  BIDÓN  5  L  UNIDAD  REGIÓN  V;JABÓN;5052;4345;14;503;1101509640;Si;CASTILLA  Y  ARAGON  SPA;CASTILLA  Y  ARAGON  SPA;96.989.530-7
2239-9-LR22;5800319;Convenio  Marco  de  Artículos  de  Aseo  e  Higiene;1216085-62-CM25;52228166;INSUMOS  Y  ARTICULOS  DE  ASEO.  Gran  Compra:  74955;2025-03-06;2025-02-03;2025-02-03;2025-02-17;Recepción  Conforme;74955;70.983.600-5;Adquisiciones;CORP  MUNICIPAL  PARA  EL  DESARROLLO  SOCIAL;;Villa  Alemana;CORP  MUNICIPAL  PARA  EL  DESARROLLO  SOCIAL;1945324;BOLSA  DE  BASURA  TREMEX  EXTRA  GRANDE  90X120  140  L  ROLLO  UNIDAD  REGIÓN  V;BOLSA  DE  BASURA;3054;2363;23;1094;2585122;No;SUPERMERCADO  MAYORISTA  B  MÁS  SPA;SUPERMERCADO  MAYORISTA  METROPOLITANO  SPA;77.047.926-6
2239-9-LR23;5802338;Convenio  Marco  Productos  de  Ferreteria  y  Servicios  (Magento);1305560-52-CM25;52237793;ADQUISICIÓN  DE  PELLET  DE  MADERA  BOLSA  DE  15  KILOS  PARA  ESTABLECIMIENTOS  EDUCACIONALES  Y  JARDINES  INFANTILES  DEPENDIENTES  DEL  SERVICIO  LOCAL  DE  EDUCACIÓN  PÚBLICA  DE  VALDIVIA;2025-03-03;2024-12-12;2024-12-16;2024-12-31;Recepción  Conforme;74325;61.981.110-0;COMPRAS  Y  LICITACIONES;SERVICIO  LOCAL  DE  EDUCACIÓN  PÚBLICA  DE  VALDIVIA;Yerbas  Buenas  N°389,  Valdivia;Valdivia;SERVICIO  LOCAL  DE  EDUCACIÓN  PÚBLICA  DE  VALDIVIA;2169059;PELLET  MADERA  GAUMED  BOLSA  15KG  UNIDAD  REGIÓN  XIV;PELLET  MADERA;4254;4180;2;20000;83600000;Si;SOCIEDAD  COMERCIAL  SERI  SPA;SOCIEDAD  COMERCIAL  SERI  SPA;76.148.628-4
2239-6-LR23;5802336;Convenio  Marco  Gas  Licuado  de  Petróleo;2048-2939-CM24;51544132;Orden  de  Compra  generada  por  la  Gran  Compra:  71477;2025-03-14;2024-03-18;2024-03-25;2024-04-09;Enviada  a  Proveedor;71477;61.975.800-5;Hospital  de  Ancud;Hospital  de  Ancud;Almirante  Latorre  301;Ancud;SERVICIO  DE  SALUD  CHILOE;1945008;GAS  LICUADO  GRANEL  LITRO  X  REGIÓN;GAS  LICUADO  GRANEL;368;361;2;1350000;487350000;Si;GASCO  GLP  S  A;GASCO  GLP  S.A.;96.568.740-8
2239-6-LR23;5802336;Convenio  Marco  Gas  Licuado  de  Petróleo;2048-2939-CM24;51544132;Orden  de  Compra  generada  por  la  Gran  Compra:  71477;2025-03-14;2024-03-18;2024-03-25;2024-04-09;Enviada  a  Proveedor;71477;61.975.800-5;Hospital  de  Ancud;Hospital  de  Ancud;Almirante  Latorre  301;Ancud;SERVICIO  DE  SALUD  CHILOE;1945008;GAS  LICUADO  GRANEL  LITRO  X  REGIÓN;GAS  LICUADO  GRANEL;383;371;3;1350000;500850000;No;EMPRESAS  LIPIGAS  S  A;EMPRESAS  LIPIGAS  S.A.;96.928.510-k
2239-6-LR23;5802336;Convenio  Marco  Gas  Licuado  de  Petróleo;2048-2939-CM24;51544132;Orden  de  Compra  generada  por  la  Gran  Compra:  71477;2025-03-14;2024-03-18;2024-03-25;2024-04-09;Enviada  a  Proveedor;71477;61.975.800-5;Hospital  de  Ancud;Hospital  de  Ancud;Almirante  Latorre  301;Ancud;SERVICIO  DE  SALUD  CHILOE;1945008;GAS  LICUADO  GRANEL  LITRO  X  REGIÓN;GAS  LICUADO  GRANEL;389;489;-26;1350000;660150000;No;ABASTIBLE  S.A.;ABASTECEDORA  DE  COMBUSTIBLES  S  A;91.806.000-6
2239-3-LR24;5802326;Convenio  Marco  para  suministro  de  combustibles  (Magento);2403-234-CM25;52426442;Adquisición  de  combustible  para  suministro  de  flota  municipal,  Gran  Compra:  75096;2025-03-28;2025-02-05;2025-02-05;2025-02-19;Aceptada;75096;69.254.000-k;I.MUNICIPALIDAD  DE  PEÑALOLEN;I  MUNICIPALIDAD  DE  PENALOLEN;Avenida  Grecia      Nº  8735    Región  Metropolitana.;Peñalolén;I  MUNICIPALIDAD  DE  PENALOLEN;2237138;ESTACIÓN  DE  SERVICIO  DIESEL  -  REGIÓN  METROPOLITANA  DESCUENTO  PESOS  POR  LITRO;ESTACIÓN  DE  SERVICIO  DIESEL;0;59;0;4593317;271005703;Si;EMPRESA  NACIONAL  DE  ENERGIA  ENEX  S.A.;EMPRESA  NACIONAL  DE  ENERGIA  ENEX  SA;92.011.000-2
2239-3-LR24;5802326;Convenio  Marco  para  suministro  de  combustibles  (Magento);2403-234-CM25;52426442;Adquisición  de  combustible  para  suministro  de  flota  municipal,  Gran  Compra:  75096;2025-03-28;2025-02-05;2025-02-05;2025-02-19;Aceptada;75096;69.254.000-k;I.MUNICIPALIDAD  DE  PEÑALOLEN;I  MUNICIPALIDAD  DE  PENALOLEN;Avenida  Grecia      Nº  8735    Región  Metropolitana.;Peñalolén;I  MUNICIPALIDAD  DE  PENALOLEN;2237122;ESTACIÓN  DE  SERVICIO  GASOLINA  -  REGIÓN  METROPOLITANA  DESCUENTO  PESOS  POR  LITRO;ESTACIÓN  DE  SERVICIO  GASOLINA;0;50;0;54;2700;Si;EMPRESA  NACIONAL  DE  ENERGIA  ENEX  S.A.;EMPRESA  NACIONAL  DE  ENERGIA  ENEX  SA;92.011.000-2
2239-3-LR24;5802326;Convenio  Marco  para  suministro  de  combustibles  (Magento);2403-234-CM25;52426442;Adquisición  de  combustible  para  suministro  de  flota  municipal,  Gran  Compra:  75096;2025-03-28;2025-02-05;2025-02-05;2025-02-19;Aceptada;75096;69.254.000-k;I.MUNICIPALIDAD  DE  PEÑALOLEN;I  MUNICIPALIDAD  DE  PENALOLEN;Avenida  Grecia      Nº  8735    Región  Metropolitana.;Peñalolén;I  MUNICIPALIDAD  DE  PENALOLEN;2237122;ESTACIÓN  DE  SERVICIO  GASOLINA  -  REGIÓN  METROPOLITANA  DESCUENTO  PESOS  POR  LITRO;ESTACIÓN  DE  SERVICIO  GASOLINA;0;50;0;1;50;No;COPEC  S.A.;COPEC  S.A.;99.520.000-7
2239-3-LR24;5802326;Convenio  Marco  para  suministro  de  combustibles  (Magento);2403-234-CM25;52426442;Adquisición  de  combustible  para  suministro  de  flota  municipal,  Gran  Compra:  75096;2025-03-28;2025-02-05;2025-02-05;2025-02-19;Aceptada;75096;69.254.000-k;I.MUNICIPALIDAD  DE  PEÑALOLEN;I  MUNICIPALIDAD  DE  PENALOLEN;Avenida  Grecia      Nº  8735    Región  Metropolitana.;Peñalolén;I  MUNICIPALIDAD  DE  PENALOLEN;2237138;ESTACIÓN  DE  SERVICIO  DIESEL  -  REGIÓN  METROPOLITANA  DESCUENTO  PESOS  POR  LITRO;ESTACIÓN  DE  SERVICIO  DIESEL;0;55;0;1;55;No;COPEC  S.A.;COPEC  S.A.;99.520.000-7
2239-7-LR17;5800279;ALIMENTOS;2422-238-CM25;52321486;SOL.  942969,  ALIMENTOS;2025-03-11;2025-02-17;2025-02-17;2025-03-03;Recepción  Conforme;75380;69.072.100-7;I  MUNICIPALIDAD  DE  PUENTE  ALTO;I  MUNICIPALIDAD  DE  PUENTE  ALTO;TOCORNAL  GREZ  047;Puente  Alto;I  MUNICIPALIDAD  DE  PUENTE  ALTO;1433187;ACEITE  VEGETAL  BELMONT  BOTELLA  1  L  UNIDAD  RM;ACEITE  VEGETAL;3286;3263;1;27200;88753600;No;ROBERTO  ALEJANDRO  VALENZUELA  VALENZUELA;Roberto  Alejandro;14.019.332-1
2239-7-LR17;5800279;ALIMENTOS;2422-238-CM25;52321486;SOL.  942969,  ALIMENTOS;2025-03-11;2025-02-17;2025-02-17;2025-03-03;Recepción  Conforme;75380;69.072.100-7;I  MUNICIPALIDAD  DE  PUENTE  ALTO;I  MUNICIPALIDAD  DE  PUENTE  ALTO;TOCORNAL  GREZ  047;Puente  Alto;I  MUNICIPALIDAD  DE  PUENTE  ALTO;1449987;SPAGHETTI  CAROZZI  N  °  5  INTEGRAL  CAROZZI  BOLSA  400  G  UNIDAD  RM;SPAGHETTI;1179;940;20;27200;25568000;Si;SERVICIOS  INTEGRADOS  SIDAPT  LIMITADA;SERVICIOS  INTEGRADOS  SIDAPT  LIMITADA;76.299.358-9
2239-7-LR17;5800279;ALIMENTOS;2422-238-CM25;52321486;SOL.  942969,  ALIMENTOS;2025-03-11;2025-02-17;2025-02-17;2025-03-03;Recepción  Conforme;75380;69.072.100-7;I  MUNICIPALIDAD  DE  PUENTE  ALTO;I  MUNICIPALIDAD  DE  PUENTE  ALTO;TOCORNAL  GREZ  047;Puente  Alto;I  MUNICIPALIDAD  DE  PUENTE  ALTO;1444722;POROTO  BANQUETE  ESPAÑOL  BOLSA  1K  UNIDAD  RM;POROTO;3465;3240;6;27200;88128000;Si;SERVICIOS  INTEGRADOS  SIDAPT  LIMITADA;SERVICIOS  INTEGRADOS  SIDAPT  LIMITADA;76.299.358-9
2239-7-LR17;5800279;ALIMENTOS;2422-238-CM25;52321486;SOL.  942969,  ALIMENTOS;2025-03-11;2025-02-17;2025-02-17;2025-03-03;Recepción  Conforme;75380;69.072.100-7;I  MUNICIPALIDAD  DE  PUENTE  ALTO;I  MUNICIPALIDAD  DE  PUENTE  ALTO;TOCORNAL  GREZ  047;Puente  Alto;I  MUNICIPALIDAD  DE  PUENTE  ALTO;1433187;ACEITE  VEGETAL  BELMONT  BOTELLA  1  L  UNIDAD  RM;ACEITE  VEGETAL;2635;2635;0;27200;71672000;No;DIMERC  S  A;DIMERC  S.  A.;96.670.840-9
2239-7-LR17;5800279;ALIMENTOS;2422-238-CM25;52321486;SOL.  942969,  ALIMENTOS;2025-03-11;2025-02-17;2025-02-17;2025-03-03;Recepción  Conforme;75380;69.072.100-7;I  MUNICIPALIDAD  DE  PUENTE  ALTO;I  MUNICIPALIDAD  DE  PUENTE  ALTO;TOCORNAL  GREZ  047;Puente  Alto;I  MUNICIPALIDAD  DE  PUENTE  ALTO;1433187;ACEITE  VEGETAL  BELMONT  BOTELLA  1  L  UNIDAD  RM;ACEITE  VEGETAL;2900;2899;0;27200;78852800;No;ALIMENTOS  Y  CONGELADOS  SANTA  BARBARA  SPA;ALIMENTOS  SANTA  BARBARA;76.339.858-7
2239-7-LR17;5800279;ALIMENTOS;2422-238-CM25;52321486;SOL.  942969,  ALIMENTOS;2025-03-11;2025-02-17;2025-02-17;2025-03-03;Recepción  Conforme;75380;69.072.100-7;I  MUNICIPALIDAD  DE  PUENTE  ALTO;I  MUNICIPALIDAD  DE  PUENTE  ALTO;TOCORNAL  GREZ  047;Puente  Alto;I  MUNICIPALIDAD  DE  PUENTE  ALTO;1429257;SALSA  DE  TOMATE  SAN  REMO  BOLSA  200  G  UNIDAD  RM;SALSA  DE  TOMATE;407;286;30;81600;23337600;No;COMERCIAL  SOLO  FRESCO  S.A;SOLO  FRESCO  LTDA;76.102.347-0
2239-7-LR17;5800279;ALIMENTOS;2422-238-CM25;52321486;SOL.  942969,  ALIMENTOS;2025-03-11;2025-02-17;2025-02-17;2025-03-03;Recepción  Conforme;75380;69.072.100-7;I  MUNICIPALIDAD  DE  PUENTE  ALTO;I  MUNICIPALIDAD  DE  PUENTE  ALTO;TOCORNAL  GREZ  047;Puente  Alto;I  MUNICIPALIDAD  DE  PUENTE  ALTO;1429257;SALSA  DE  TOMATE  SAN  REMO  BOLSA  200  G  UNIDAD  RM;SALSA  DE  TOMATE;487;355;27;81600;28968000;No;ROBERTO  ALEJANDRO  VALENZUELA  VALENZUELA;Roberto  Alejandro;14.019.332-1
2239-7-LR17;5800279;ALIMENTOS;2422-238-CM25;52321486;SOL.  942969,  ALIMENTOS;2025-03-11;2025-02-17;2025-02-17;2025-03-03;Recepción  Conforme;75380;69.072.100-7;I  MUNICIPALIDAD  DE  PUENTE  ALTO;I  MUNICIPALIDAD  DE  PUENTE  ALTO;TOCORNAL  GREZ  047;Puente  Alto;I  MUNICIPALIDAD  DE  PUENTE  ALTO;1444722;POROTO  BANQUETE  ESPAÑOL  BOLSA  1K  UNIDAD  RM;POROTO;3473;3473;0;27200;94465600;No;DIMERC  S  A;DIMERC  S.  A.;96.670.840-9
2239-7-LR17;5800279;ALIMENTOS;2422-238-CM25;52321486;SOL.  942969,  ALIMENTOS;2025-03-11;2025-02-17;2025-02-17;2025-03-03;Recepción  Conforme;75380;69.072.100-7;I  MUNICIPALIDAD  DE  PUENTE  ALTO;I  MUNICIPALIDAD  DE  PUENTE  ALTO;TOCORNAL  GREZ  047;Puente  Alto;I  MUNICIPALIDAD  DE  PUENTE  ALTO;1449987;SPAGHETTI  CAROZZI  N  °  5  INTEGRAL  CAROZZI  BOLSA  400  G  UNIDAD  RM;SPAGHETTI;1013;964;5;27200;26220800;No;ROBERTO  ALEJANDRO  VALENZUELA  VALENZUELA;Roberto  Alejandro;14.019.332-1
2239-7-LR17;5800279;ALIMENTOS;2422-238-CM25;52321486;SOL.  942969,  ALIMENTOS;2025-03-11;2025-02-17;2025-02-17;2025-03-03;Recepción  Conforme;75380;69.072.100-7;I  MUNICIPALIDAD  DE  PUENTE  ALTO;I  MUNICIPALIDAD  DE  PUENTE  ALTO;TOCORNAL  GREZ  047;Puente  Alto;I  MUNICIPALIDAD  DE  PUENTE  ALTO;1433187;ACEITE  VEGETAL  BELMONT  BOTELLA  1  L  UNIDAD  RM;ACEITE  VEGETAL;2558;2500;2;27200;68000000;No;COMERCIAL  SOLO  FRESCO  S.A;SOLO  FRESCO  LTDA;76.102.347-0
2239-7-LR17;5800279;ALIMENTOS;2422-238-CM25;52321486;SOL.  942969,  ALIMENTOS;2025-03-11;2025-02-17;2025-02-17;2025-03-03;Recepción  Conforme;75380;69.072.100-7;I  MUNICIPALIDAD  DE  PUENTE  ALTO;I  MUNICIPALIDAD  DE  PUENTE  ALTO;TOCORNAL  GREZ  047;Puente  Alto;I  MUNICIPALIDAD  DE  PUENTE  ALTO;1445547;LEVADURA  LEFERSA  POLVO  DOYPACK  125  G  UNIDAD  RM;LEVADURA;1677;1676;0;27200;45587200;No;ALIMENTOS  Y  CONGELADOS  SANTA  BARBARA  SPA;ALIMENTOS  SANTA  BARBARA;76.339.858-7
2239-7-LR17;5800279;ALIMENTOS;2422-238-CM25;52321486;SOL.  942969,  ALIMENTOS;2025-03-11;2025-02-17;2025-02-17;2025-03-03;Recepción  Conforme;75380;69.072.100-7;I  MUNICIPALIDAD  DE  PUENTE  ALTO;I  MUNICIPALIDAD  DE  PUENTE  ALTO;TOCORNAL  GREZ  047;Puente  Alto;I  MUNICIPALIDAD  DE  PUENTE  ALTO;1437057;TE  SUPREMO  LA  RENDIDORA  CAJA  100  BOLSAS  UNIDAD  RM;TE;1999;1999;0;27200;54372800;No;DIMERC  S  A;DIMERC  S.  A.;96.670.840-9
2239-7-LR17;5800279;ALIMENTOS;2422-238-CM25;52321486;SOL.  942969,  ALIMENTOS;2025-03-11;2025-02-17;2025-02-17;2025-03-03;Recepción  Conforme;75380;69.072.100-7;I  MUNICIPALIDAD  DE  PUENTE  ALTO;I  MUNICIPALIDAD  DE  PUENTE  ALTO;TOCORNAL  GREZ  047;Puente  Alto;I  MUNICIPALIDAD  DE  PUENTE  ALTO;1437057;TE  SUPREMO  LA  RENDIDORA  CAJA  100  BOLSAS  UNIDAD  RM;TE;2068;2067;0;27200;56222400;No;ALIMENTOS  Y  CONGELADOS  SANTA  BARBARA  SPA;ALIMENTOS  SANTA  BARBARA;76.339.858-7
2239-7-LR17;5800279;ALIMENTOS;2422-238-CM25;52321486;SOL.  942969,  ALIMENTOS;2025-03-11;2025-02-17;2025-02-17;2025-03-03;Recepción  Conforme;75380;69.072.100-7;I  MUNICIPALIDAD  DE  PUENTE  ALTO;I  MUNICIPALIDAD  DE  PUENTE  ALTO;TOCORNAL  GREZ  047;Puente  Alto;I  MUNICIPALIDAD  DE  PUENTE  ALTO;1429257;SALSA  DE  TOMATE  SAN  REMO  BOLSA  200  G  UNIDAD  RM;SALSA  DE  TOMATE;362;361;0;81600;29457600;No;ALIMENTOS  Y  CONGELADOS  SANTA  BARBARA  SPA;ALIMENTOS  SANTA  BARBARA;76.339.858-7
2239-7-LR17;5800279;ALIMENTOS;2422-238-CM25;52321486;SOL.  942969,  ALIMENTOS;2025-03-11;2025-02-17;2025-02-17;2025-03-03;Recepción  Conforme;75380;69.072.100-7;I  MUNICIPALIDAD  DE  PUENTE  ALTO;I  MUNICIPALIDAD  DE  PUENTE  ALTO;TOCORNAL  GREZ  047;Puente  Alto;I  MUNICIPALIDAD  DE  PUENTE  ALTO;1437057;TE  SUPREMO  LA  RENDIDORA  CAJA  100  BOLSAS  UNIDAD  RM;TE;2710;2660;2;27200;72352000;No;ROBERTO  ALEJANDRO  VALENZUELA  VALENZUELA;Roberto  Alejandro;14.019.332-1
2239-7-LR17;5800279;ALIMENTOS;2422-238-CM25;52321486;SOL.  942969,  ALIMENTOS;2025-03-11;2025-02-17;2025-02-17;2025-03-03;Recepción  Conforme;75380;69.072.100-7;I  MUNICIPALIDAD  DE  PUENTE  ALTO;I  MUNICIPALIDAD  DE  PUENTE  ALTO;TOCORNAL  GREZ  047;Puente  Alto;I  MUNICIPALIDAD  DE  PUENTE  ALTO;1488357;HARINA  SIN  POLVOS  MONT  BLANC  BOLSA  1K  UNIDAD  RM;HARINA  SIN  POLVOS;1303;1090;16;27200;29648000;Si;SERVICIOS  INTEGRADOS  SIDAPT  LIMITADA;SERVICIOS  INTEGRADOS  SIDAPT  LIMITADA;76.299.358-9
2239-7-LR17;5800279;ALIMENTOS;2422-238-CM25;52321486;SOL.  942969,  ALIMENTOS;2025-03-11;2025-02-17;2025-02-17;2025-03-03;Recepción  Conforme;75380;69.072.100-7;I  MUNICIPALIDAD  DE  PUENTE  ALTO;I  MUNICIPALIDAD  DE  PUENTE  ALTO;TOCORNAL  GREZ  047;Puente  Alto;I  MUNICIPALIDAD  DE  PUENTE  ALTO;1433292;AVENA  SELECTA  INSTANTANEA  CAJA  500  G  UNIDAD  RM;AVENA;1165;1165;0;1360;1584400;No;DIMERC  S  A;DIMERC  S.  A.;96.670.840-9
2239-7-LR17;5800279;ALIMENTOS;2422-238-CM25;52321486;SOL.  942969,  ALIMENTOS;2025-03-11;2025-02-17;2025-02-17;2025-03-03;Recepción  Conforme;75380;69.072.100-7;I  MUNICIPALIDAD  DE  PUENTE  ALTO;I  MUNICIPALIDAD  DE  PUENTE  ALTO;TOCORNAL  GREZ  047;Puente  Alto;I  MUNICIPALIDAD  DE  PUENTE  ALTO;1493982;PURE  INSTANTANEO  ALCAFOOD  TRADICIONAL  CAJA  250  G  UNIDAD  RM;PURE  INSTANTANEO;1450;1402;3;27200;38134400;No;ROBERTO  ALEJANDRO  VALENZUELA  VALENZUELA;Roberto  Alejandro;14.019.332-1
2239-7-LR17;5800279;ALIMENTOS;2422-238-CM25;52321486;SOL.  942969,  ALIMENTOS;2025-03-11;2025-02-17;2025-02-17;2025-03-03;Recepción  Conforme;75380;69.072.100-7;I  MUNICIPALIDAD  DE  PUENTE  ALTO;I  MUNICIPALIDAD  DE  PUENTE  ALTO;TOCORNAL  GREZ  047;Puente  Alto;I  MUNICIPALIDAD  DE  PUENTE  ALTO;1445547;LEVADURA  LEFERSA  POLVO  DOYPACK  125  G  UNIDAD  RM;LEVADURA;1678;1589;5;27200;43220800;No;ROBERTO  ALEJANDRO  VALENZUELA  VALENZUELA;Roberto  Alejandro;14.019.332-1
2239-7-LR17;5800279;ALIMENTOS;2422-238-CM25;52321486;SOL.  942969,  ALIMENTOS;2025-03-11;2025-02-17;2025-02-17;2025-03-03;Recepción  Conforme;75380;69.072.100-7;I  MUNICIPALIDAD  DE  PUENTE  ALTO;I  MUNICIPALIDAD  DE  PUENTE  ALTO;TOCORNAL  GREZ  047;Puente  Alto;I  MUNICIPALIDAD  DE  PUENTE  ALTO;1449987;SPAGHETTI  CAROZZI  N  °  5  INTEGRAL  CAROZZI  BOLSA  400  G  UNIDAD  RM;SPAGHETTI;1109;893;19;27200;24289600;No;COMERCIAL  SOLO  FRESCO  S.A;SOLO  FRESCO  LTDA;76.102.347-0
2239-7-LR17;5800279;ALIMENTOS;2422-238-CM25;52321486;SOL.  942969,  ALIMENTOS;2025-03-11;2025-02-17;2025-02-17;2025-03-03;Recepción  Conforme;75380;69.072.100-7;I  MUNICIPALIDAD  DE  PUENTE  ALTO;I  MUNICIPALIDAD  DE  PUENTE  ALTO;TOCORNAL  GREZ  047;Puente  Alto;I  MUNICIPALIDAD  DE  PUENTE  ALTO;1445547;LEVADURA  LEFERSA  POLVO  DOYPACK  125  G  UNIDAD  RM;LEVADURA;1676;1676;0;27200;45587200;No;DIMERC  S  A;DIMERC  S.  A.;96.670.840-9
2239-7-LR17;5800279;ALIMENTOS;2422-238-CM25;52321486;SOL.  942969,  ALIMENTOS;2025-03-11;2025-02-17;2025-02-17;2025-03-03;Recepción  Conforme;75380;69.072.100-7;I  MUNICIPALIDAD  DE  PUENTE  ALTO;I  MUNICIPALIDAD  DE  PUENTE  ALTO;TOCORNAL  GREZ  047;Puente  Alto;I  MUNICIPALIDAD  DE  PUENTE  ALTO;1454457;JUREL  CONSERVA  AL  NATURAL  SAN  JOSE  MEDALLON  TARRO  425  G  UNIDAD  RM;JUREL  CONSERVA  AL  NATURAL;1534;1390;9;54400;75616000;Si;SERVICIOS  INTEGRADOS  SIDAPT  LIMITADA;SERVICIOS  INTEGRADOS  SIDAPT  LIMITADA;76.299.358-9
2239-7-LR17;5800279;ALIMENTOS;2422-238-CM25;52321486;SOL.  942969,  ALIMENTOS;2025-03-11;2025-02-17;2025-02-17;2025-03-03;Recepción  Conforme;75380;69.072.100-7;I  MUNICIPALIDAD  DE  PUENTE  ALTO;I  MUNICIPALIDAD  DE  PUENTE  ALTO;TOCORNAL  GREZ  047;Puente  Alto;I  MUNICIPALIDAD  DE  PUENTE  ALTO;1433187;ACEITE  VEGETAL  BELMONT  BOTELLA  1  L  UNIDAD  RM;ACEITE  VEGETAL;2669;2590;3;27200;70448000;Si;SERVICIOS  INTEGRADOS  SIDAPT  LIMITADA;SERVICIOS  INTEGRADOS  SIDAPT  LIMITADA;76.299.358-9
2239-7-LR17;5800279;ALIMENTOS;2422-238-CM25;52321486;SOL.  942969,  ALIMENTOS;2025-03-11;2025-02-17;2025-02-17;2025-03-03;Recepción  Conforme;75380;69.072.100-7;I  MUNICIPALIDAD  DE  PUENTE  ALTO;I  MUNICIPALIDAD  DE  PUENTE  ALTO;TOCORNAL  GREZ  047;Puente  Alto;I  MUNICIPALIDAD  DE  PUENTE  ALTO;1562332;SALSA  DE  TOMATE  COLISEO  ITALIANA  DOYPACK  200  G  UNIDAD  RM;SALSA  DE  TOMATE;348;348;0;81600;28396800;No;DIMERC  S  A;DIMERC  S.  A.;96.670.840-9
2239-7-LR17;5800279;ALIMENTOS;2422-238-CM25;52321486;SOL.  942969,  ALIMENTOS;2025-03-11;2025-02-17;2025-02-17;2025-03-03;Recepción  Conforme;75380;69.072.100-7;I  MUNICIPALIDAD  DE  PUENTE  ALTO;I  MUNICIPALIDAD  DE  PUENTE  ALTO;TOCORNAL  GREZ  047;Puente  Alto;I  MUNICIPALIDAD  DE  PUENTE  ALTO;1450032;SPAGHETTI  CAROZZI  N  °  5  VITAMINIZADA  BOLSA  1K    UNIDAD  RM;SPAGHETTI;2059;2058;0;27200;55977600;No;ALIMENTOS  Y  CONGELADOS  SANTA  BARBARA  SPA;ALIMENTOS  SANTA  BARBARA;76.339.858-7
2239-7-LR17;5800279;ALIMENTOS;2422-238-CM25;52321486;SOL.  942969,  ALIMENTOS;2025-03-11;2025-02-17;2025-02-17;2025-03-03;Recepción  Conforme;75380;69.072.100-7;I  MUNICIPALIDAD  DE  PUENTE  ALTO;I  MUNICIPALIDAD  DE  PUENTE  ALTO;TOCORNAL  GREZ  047;Puente  Alto;I  MUNICIPALIDAD  DE  PUENTE  ALTO;1446897;AZUCAR  DAMA  BLANCA  BLANCA  GRANULADA  BOLSA  1K  UNIDAD  RM;AZUCAR;1042;1041;0;27200;28315200;No;ALIMENTOS  Y  CONGELADOS  SANTA  BARBARA  SPA;ALIMENTOS  SANTA  BARBARA;76.339.858-7
2239-7-LR17;5800279;ALIMENTOS;2422-238-CM25;52321486;SOL.  942969,  ALIMENTOS;2025-03-11;2025-02-17;2025-02-17;2025-03-03;Recepción  Conforme;75380;69.072.100-7;I  MUNICIPALIDAD  DE  PUENTE  ALTO;I  MUNICIPALIDAD  DE  PUENTE  ALTO;TOCORNAL  GREZ  047;Puente  Alto;I  MUNICIPALIDAD  DE  PUENTE  ALTO;1468122;LENTEJA  -  6  MM  BOLSA  1K  UNIDAD  RM;LENTEJA;2845;2844;0;27200;77356800;No;ALIMENTOS  Y  CONGELADOS  SANTA  BARBARA  SPA;ALIMENTOS  SANTA  BARBARA;76.339.858-7
2239-7-LR17;5800279;ALIMENTOS;2422-238-CM25;52321486;SOL.  942969,  ALIMENTOS;2025-03-11;2025-02-17;2025-02-17;2025-03-03;Recepción  Conforme;75380;69.072.100-7;I  MUNICIPALIDAD  DE  PUENTE  ALTO;I  MUNICIPALIDAD  DE  PUENTE  ALTO;TOCORNAL  GREZ  047;Puente  Alto;I  MUNICIPALIDAD  DE  PUENTE  ALTO;1438452;LECHE  EN  POLVO  SEMIDESCREMADA  MACROFOOD  12%  MG  BOLSA  1  K  UNIDAD  RM;LECHE  EN  POLVO  SEMIDESCREMADA;6316;6316;0;27200;171795200;No;DIMERC  S  A;DIMERC  S.  A.;96.670.840-9
2239-7-LR17;5800279;ALIMENTOS;2422-238-CM25;52321486;SOL.  942969,  ALIMENTOS;2025-03-11;2025-02-17;2025-02-17;2025-03-03;Recepción  Conforme;75380;69.072.100-7;I  MUNICIPALIDAD  DE  PUENTE  ALTO;I  MUNICIPALIDAD  DE  PUENTE  ALTO;TOCORNAL  GREZ  047;Puente  Alto;I  MUNICIPALIDAD  DE  PUENTE  ALTO;1437057;TE  SUPREMO  LA  RENDIDORA  CAJA  100  BOLSAS  UNIDAD  RM;TE;2704;2276;16;27200;61907200;No;COMERCIAL  SOLO  FRESCO  S.A;SOLO  FRESCO  LTDA;76.102.347-0
2239-7-LR17;5800279;ALIMENTOS;2422-238-CM25;52321486;SOL.  942969,  ALIMENTOS;2025-03-11;2025-02-17;2025-02-17;2025-03-03;Recepción  Conforme;75380;69.072.100-7;I  MUNICIPALIDAD  DE  PUENTE  ALTO;I  MUNICIPALIDAD  DE  PUENTE  ALTO;TOCORNAL  GREZ  047;Puente  Alto;I  MUNICIPALIDAD  DE  PUENTE  ALTO;1429257;SALSA  DE  TOMATE  SAN  REMO  BOLSA  200  G  UNIDAD  RM;SALSA  DE  TOMATE;407;290;29;81600;23664000;Si;SERVICIOS  INTEGRADOS  SIDAPT  LIMITADA;SERVICIOS  INTEGRADOS  SIDAPT  LIMITADA;76.299.358-9
2239-7-LR17;5800279;ALIMENTOS;2422-238-CM25;52321486;SOL.  942969,  ALIMENTOS;2025-03-11;2025-02-17;2025-02-17;2025-03-03;Recepción  Conforme;75380;69.072.100-7;I  MUNICIPALIDAD  DE  PUENTE  ALTO;I  MUNICIPALIDAD  DE  PUENTE  ALTO;TOCORNAL  GREZ  047;Puente  Alto;I  MUNICIPALIDAD  DE  PUENTE  ALTO;1444677;LENTEJA  BANQUETE  6  MM  BOLSA  1K  UNIDAD  RM;LENTEJA;2541;2390;6;27200;65008000;Si;SERVICIOS  INTEGRADOS  SIDAPT  LIMITADA;SERVICIOS  INTEGRADOS  SIDAPT  LIMITADA;76.299.358-9
2239-7-LR17;5800279;ALIMENTOS;2422-238-CM25;52321486;SOL.  942969,  ALIMENTOS;2025-03-11;2025-02-17;2025-02-17;2025-03-03;Recepción  Conforme;75380;69.072.100-7;I  MUNICIPALIDAD  DE  PUENTE  ALTO;I  MUNICIPALIDAD  DE  PUENTE  ALTO;TOCORNAL  GREZ  047;Puente  Alto;I  MUNICIPALIDAD  DE  PUENTE  ALTO;1569412;CAJA  DE  CARTON  NORMAL  -  ESTÁNDAR  RM;CAJA  DE  CARTON  NORMAL;600;600;0;27200;16320000;No;DIMERC  S  A;DIMERC  S.  A.;96.670.840-9
2239-7-LR17;5800279;ALIMENTOS;2422-238-CM25;52321486;SOL.  942969,  ALIMENTOS;2025-03-11;2025-02-17;2025-02-17;2025-03-03;Recepción  Conforme;75380;69.072.100-7;I  MUNICIPALIDAD  DE  PUENTE  ALTO;I  MUNICIPALIDAD  DE  PUENTE  ALTO;TOCORNAL  GREZ  047;Puente  Alto;I  MUNICIPALIDAD  DE  PUENTE  ALTO;1433412;POROTO  SELECTA  ESPAÑOL  BOLSA  1K  UNIDAD  RM;POROTO;3245;2908;10;27200;79097600;No;ROBERTO  ALEJANDRO  VALENZUELA  VALENZUELA;Roberto  Alejandro;14.019.332-1
2239-7-LR17;5800279;ALIMENTOS;2422-238-CM25;52321486;SOL.  942969,  ALIMENTOS;2025-03-11;2025-02-17;2025-02-17;2025-03-03;Recepción  Conforme;75380;69.072.100-7;I  MUNICIPALIDAD  DE  PUENTE  ALTO;I  MUNICIPALIDAD  DE  PUENTE  ALTO;TOCORNAL  GREZ  047;Puente  Alto;I  MUNICIPALIDAD  DE  PUENTE  ALTO;1562640;JUREL  CONSERVA  AL  NATURAL  DEYCO  TARRO  425  G  UNIDAD  VI  REGION;JUREL  CONSERVA  AL  NATURAL;1296;950;27;54400;51680000;No;COMERCIAL  SOLO  FRESCO  S.A;SOLO  FRESCO  LTDA;76.102.347-0
2239-7-LR17;5800279;ALIMENTOS;2422-238-CM25;52321486;SOL.  942969,  ALIMENTOS;2025-03-11;2025-02-17;2025-02-17;2025-03-03;Recepción  Conforme;75380;69.072.100-7;I  MUNICIPALIDAD  DE  PUENTE  ALTO;I  MUNICIPALIDAD  DE  PUENTE  ALTO;TOCORNAL  GREZ  047;Puente  Alto;I  MUNICIPALIDAD  DE  PUENTE  ALTO;1445547;LEVADURA  LEFERSA  POLVO  DOYPACK  125  G  UNIDAD  RM;LEVADURA;2042;1490;27;27200;40528000;Si;SERVICIOS  INTEGRADOS  SIDAPT  LIMITADA;SERVICIOS  INTEGRADOS  SIDAPT  LIMITADA;76.299.358-9
2239-7-LR17;5800279;ALIMENTOS;2422-238-CM25;52321486;SOL.  942969,  ALIMENTOS;2025-03-11;2025-02-17;2025-02-17;2025-03-03;Recepción  Conforme;75380;69.072.100-7;I  MUNICIPALIDAD  DE  PUENTE  ALTO;I  MUNICIPALIDAD  DE  PUENTE  ALTO;TOCORNAL  GREZ  047;Puente  Alto;I  MUNICIPALIDAD  DE  PUENTE  ALTO;1451825;ARROZ  MIRAFLORES  GRADO  1    BOLSA  1K  UNIDAD  VI  REGION;ARROZ;1921;1600;17;27200;43520000;No;COMERCIAL  SOLO  FRESCO  S.A;SOLO  FRESCO  LTDA;76.102.347-0
2239-7-LR17;5800279;ALIMENTOS;2422-238-CM25;52321486;SOL.  942969,  ALIMENTOS;2025-03-11;2025-02-17;2025-02-17;2025-03-03;Recepción  Conforme;75380;69.072.100-7;I  MUNICIPALIDAD  DE  PUENTE  ALTO;I  MUNICIPALIDAD  DE  PUENTE  ALTO;TOCORNAL  GREZ  047;Puente  Alto;I  MUNICIPALIDAD  DE  PUENTE  ALTO;1446897;AZUCAR  DAMA  BLANCA  BLANCA  GRANULADA  BOLSA  1K  UNIDAD  RM;AZUCAR;1292;1292;0;27200;35142400;No;DIMERC  S  A;DIMERC  S.  A.;96.670.840-9
2239-7-LR17;5800279;ALIMENTOS;2422-238-CM25;52321486;SOL.  942969,  ALIMENTOS;2025-03-11;2025-02-17;2025-02-17;2025-03-03;Recepción  Conforme;75380;69.072.100-7;I  MUNICIPALIDAD  DE  PUENTE  ALTO;I  MUNICIPALIDAD  DE  PUENTE  ALTO;TOCORNAL  GREZ  047;Puente  Alto;I  MUNICIPALIDAD  DE  PUENTE  ALTO;1562794;LECHE  EN  POLVO  SEMIDESCREMADA  DAFOOD  12%  MG  BOLSA  1  K  UNIDAD  RM;LECHE  EN  POLVO  SEMIDESCREMADA;6600;5390;18;27200;146608000;Si;SERVICIOS  INTEGRADOS  SIDAPT  LIMITADA;SERVICIOS  INTEGRADOS  SIDAPT  LIMITADA;76.299.358-9
2239-7-LR17;5800279;ALIMENTOS;2422-238-CM25;52321486;SOL.  942969,  ALIMENTOS;2025-03-11;2025-02-17;2025-02-17;2025-03-03;Recepción  Conforme;75380;69.072.100-7;I  MUNICIPALIDAD  DE  PUENTE  ALTO;I  MUNICIPALIDAD  DE  PUENTE  ALTO;TOCORNAL  GREZ  047;Puente  Alto;I  MUNICIPALIDAD  DE  PUENTE  ALTO;1437057;TE  SUPREMO  LA  RENDIDORA  CAJA  100  BOLSAS  UNIDAD  RM;TE;2067;2060;0;27200;56032000;Si;SERVICIOS  INTEGRADOS  SIDAPT  LIMITADA;SERVICIOS  INTEGRADOS  SIDAPT  LIMITADA;76.299.358-9
2239-7-LR17;5800279;ALIMENTOS;2422-238-CM25;52321486;SOL.  942969,  ALIMENTOS;2025-03-11;2025-02-17;2025-02-17;2025-03-03;Recepción  Conforme;75380;69.072.100-7;I  MUNICIPALIDAD  DE  PUENTE  ALTO;I  MUNICIPALIDAD  DE  PUENTE  ALTO;TOCORNAL  GREZ  047;Puente  Alto;I  MUNICIPALIDAD  DE  PUENTE  ALTO;1802942;HARINA  SIN  POLVOS  YANINE  BOLSA  1K  UNIDAD  RM;HARINA  SIN  POLVOS;1342;765;43;27200;20808000;No;ROBERTO  ALEJANDRO  VALENZUELA  VALENZUELA;Roberto  Alejandro;14.019.332-1
2239-7-LR17;5800279;ALIMENTOS;2422-238-CM25;52321486;SOL.  942969,  ALIMENTOS;2025-03-11;2025-02-17;2025-02-17;2025-03-03;Recepción  Conforme;75380;69.072.100-7;I  MUNICIPALIDAD  DE  PUENTE  ALTO;I  MUNICIPALIDAD  DE  PUENTE  ALTO;TOCORNAL  GREZ  047;Puente  Alto;I  MUNICIPALIDAD  DE  PUENTE  ALTO;1450842;PURE  INSTANTANEO  HOFFMANN  CAJA  250  G  UNIDAD  RM;PURE  INSTANTANEO;1483;1483;0;27200;40337600;No;DIMERC  S  A;DIMERC  S.  A.;96.670.840-9
2239-7-LR17;5800279;ALIMENTOS;2422-238-CM25;52321486;SOL.  942969,  ALIMENTOS;2025-03-11;2025-02-17;2025-02-17;2025-03-03;Recepción  Conforme;75380;69.072.100-7;I  MUNICIPALIDAD  DE  PUENTE  ALTO;I  MUNICIPALIDAD  DE  PUENTE  ALTO;TOCORNAL  GREZ  047;Puente  Alto;I  MUNICIPALIDAD  DE  PUENTE  ALTO;1563867;AZUCAR  BONANZA  BLANCA  BOLSA  1  KG  UNIDAD  VI  REGION;AZUCAR;1040;1000;4;27200;27200000;No;COMERCIAL  SOLO  FRESCO  S.A;SOLO  FRESCO  LTDA;76.102.347-0
2239-7-LR17;5800279;ALIMENTOS;2422-238-CM25;52321486;SOL.  942969,  ALIMENTOS;2025-03-11;2025-02-17;2025-02-17;2025-03-03;Recepción  Conforme;75380;69.072.100-7;I  MUNICIPALIDAD  DE  PUENTE  ALTO;I  MUNICIPALIDAD  DE  PUENTE  ALTO;TOCORNAL  GREZ  047;Puente  Alto;I  MUNICIPALIDAD  DE  PUENTE  ALTO;1488357;HARINA  SIN  POLVOS  MONT  BLANC  BOLSA  1K  UNIDAD  RM;HARINA  SIN  POLVOS;1172;1172;0;27200;31878400;No;DIMERC  S  A;DIMERC  S.  A.;96.670.840-9
2239-7-LR17;5800279;ALIMENTOS;2422-238-CM25;52321486;SOL.  942969,  ALIMENTOS;2025-03-11;2025-02-17;2025-02-17;2025-03-03;Recepción  Conforme;75380;69.072.100-7;I  MUNICIPALIDAD  DE  PUENTE  ALTO;I  MUNICIPALIDAD  DE  PUENTE  ALTO;TOCORNAL  GREZ  047;Puente  Alto;I  MUNICIPALIDAD  DE  PUENTE  ALTO;1444722;POROTO  BANQUETE  ESPAÑOL  BOLSA  1K  UNIDAD  RM;POROTO;2911;2910;0;27200;79152000;No;ALIMENTOS  Y  CONGELADOS  SANTA  BARBARA  SPA;ALIMENTOS  SANTA  BARBARA;76.339.858-7
2239-7-LR17;5800279;ALIMENTOS;2422-238-CM25;52321486;SOL.  942969,  ALIMENTOS;2025-03-11;2025-02-17;2025-02-17;2025-03-03;Recepción  Conforme;75380;69.072.100-7;I  MUNICIPALIDAD  DE  PUENTE  ALTO;I  MUNICIPALIDAD  DE  PUENTE  ALTO;TOCORNAL  GREZ  047;Puente  Alto;I  MUNICIPALIDAD  DE  PUENTE  ALTO;1444602;ARROZ  BANQUETE  GRADO  1  BOLSA  1K  UNIDAD  RM;ARROZ;1876;1876;0;27200;51027200;No;DIMERC  S  A;DIMERC  S.  A.;96.670.840-9
2239-7-LR17;5800279;ALIMENTOS;2422-238-CM25;52321486;SOL.  942969,  ALIMENTOS;2025-03-11;2025-02-17;2025-02-17;2025-03-03;Recepción  Conforme;75380;69.072.100-7;I  MUNICIPALIDAD  DE  PUENTE  ALTO;I  MUNICIPALIDAD  DE  PUENTE  ALTO;TOCORNAL  GREZ  047;Puente  Alto;I  MUNICIPALIDAD  DE  PUENTE  ALTO;1450032;SPAGHETTI  CAROZZI  N  °  5  VITAMINIZADA  BOLSA  1K    UNIDAD  RM;SPAGHETTI;2368;2368;0;27200;64409600;No;DIMERC  S  A;DIMERC  S.  A.;96.670.840-9
2239-7-LR17;5800279;ALIMENTOS;2422-238-CM25;52321486;SOL.  942969,  ALIMENTOS;2025-03-11;2025-02-17;2025-02-17;2025-03-03;Recepción  Conforme;75380;69.072.100-7;I  MUNICIPALIDAD  DE  PUENTE  ALTO;I  MUNICIPALIDAD  DE  PUENTE  ALTO;TOCORNAL  GREZ  047;Puente  Alto;I  MUNICIPALIDAD  DE  PUENTE  ALTO;1445541;LEVADURA  LEFERSA  POLVO  DOYPACK  125  G  UNIDAD  VII  REGION;LEVADURA;1882;689;63;27200;18740800;No;COMERCIAL  SOLO  FRESCO  S.A;SOLO  FRESCO  LTDA;76.102.347-0
2239-7-LR17;5800279;ALIMENTOS;2422-238-CM25;52321486;SOL.  942969,  ALIMENTOS;2025-03-11;2025-02-17;2025-02-17;2025-03-03;Recepción  Conforme;75380;69.072.100-7;I  MUNICIPALIDAD  DE  PUENTE  ALTO;I  MUNICIPALIDAD  DE  PUENTE  ALTO;TOCORNAL  GREZ  047;Puente  Alto;I  MUNICIPALIDAD  DE  PUENTE  ALTO;1454457;JUREL  CONSERVA  AL  NATURAL  SAN  JOSE  MEDALLON  TARRO  425  G  UNIDAD  RM;JUREL  CONSERVA  AL  NATURAL;1691;1544;9;54400;83993600;No;ROBERTO  ALEJANDRO  VALENZUELA  VALENZUELA;Roberto  Alejandro;14.019.332-1
2239-7-LR17;5800279;ALIMENTOS;2422-238-CM25;52321486;SOL.  942969,  ALIMENTOS;2025-03-11;2025-02-17;2025-02-17;2025-03-03;Recepción  Conforme;75380;69.072.100-7;I  MUNICIPALIDAD  DE  PUENTE  ALTO;I  MUNICIPALIDAD  DE  PUENTE  ALTO;TOCORNAL  GREZ  047;Puente  Alto;I  MUNICIPALIDAD  DE  PUENTE  ALTO;1450032;SPAGHETTI  CAROZZI  N  °  5  VITAMINIZADA  BOLSA  1K    UNIDAD  RM;SPAGHETTI;2300;1690;27;27200;45968000;Si;SERVICIOS  INTEGRADOS  SIDAPT  LIMITADA;SERVICIOS  INTEGRADOS  SIDAPT  LIMITADA;76.299.358-9
2239-7-LR17;5800279;ALIMENTOS;2422-238-CM25;52321486;SOL.  942969,  ALIMENTOS;2025-03-11;2025-02-17;2025-02-17;2025-03-03;Recepción  Conforme;75380;69.072.100-7;I  MUNICIPALIDAD  DE  PUENTE  ALTO;I  MUNICIPALIDAD  DE  PUENTE  ALTO;TOCORNAL  GREZ  047;Puente  Alto;I  MUNICIPALIDAD  DE  PUENTE  ALTO;1562794;LECHE  EN  POLVO  SEMIDESCREMADA  DAFOOD  12%  MG  BOLSA  1  K  UNIDAD  RM;LECHE  EN  POLVO  SEMIDESCREMADA;6639;4500;32;27200;122400000;No;COMERCIAL  SOLO  FRESCO  S.A;SOLO  FRESCO  LTDA;76.102.347-0
2239-7-LR17;5800279;ALIMENTOS;2422-238-CM25;52321486;SOL.  942969,  ALIMENTOS;2025-03-11;2025-02-17;2025-02-17;2025-03-03;Recepción  Conforme;75380;69.072.100-7;I  MUNICIPALIDAD  DE  PUENTE  ALTO;I  MUNICIPALIDAD  DE  PUENTE  ALTO;TOCORNAL  GREZ  047;Puente  Alto;I  MUNICIPALIDAD  DE  PUENTE  ALTO;1450842;PURE  INSTANTANEO  HOFFMANN  CAJA  250  G  UNIDAD  RM;PURE  INSTANTANEO;1850;1849;0;27200;50292800;No;ALIMENTOS  Y  CONGELADOS  SANTA  BARBARA  SPA;ALIMENTOS  SANTA  BARBARA;76.339.858-7
2239-7-LR17;5800279;ALIMENTOS;2422-238-CM25;52321486;SOL.  942969,  ALIMENTOS;2025-03-11;2025-02-17;2025-02-17;2025-03-03;Recepción  Conforme;75380;69.072.100-7;I  MUNICIPALIDAD  DE  PUENTE  ALTO;I  MUNICIPALIDAD  DE  PUENTE  ALTO;TOCORNAL  GREZ  047;Puente  Alto;I  MUNICIPALIDAD  DE  PUENTE  ALTO;1450842;PURE  INSTANTANEO  HOFFMANN  CAJA  250  G  UNIDAD  RM;PURE  INSTANTANEO;1484;1390;6;27200;37808000;Si;SERVICIOS  INTEGRADOS  SIDAPT  LIMITADA;SERVICIOS  INTEGRADOS  SIDAPT  LIMITADA;76.299.358-9
2239-7-LR17;5800279;ALIMENTOS;2422-238-CM25;52321486;SOL.  942969,  ALIMENTOS;2025-03-11;2025-02-17;2025-02-17;2025-03-03;Recepción  Conforme;75380;69.072.100-7;I  MUNICIPALIDAD  DE  PUENTE  ALTO;I  MUNICIPALIDAD  DE  PUENTE  ALTO;TOCORNAL  GREZ  047;Puente  Alto;I  MUNICIPALIDAD  DE  PUENTE  ALTO;1449987;SPAGHETTI  CAROZZI  N  °  5  INTEGRAL  CAROZZI  BOLSA  400  G  UNIDAD  RM;SPAGHETTI;1012;1011;0;27200;27499200;No;ALIMENTOS  Y  CONGELADOS  SANTA  BARBARA  SPA;ALIMENTOS  SANTA  BARBARA;76.339.858-7
2239-7-LR17;5800279;ALIMENTOS;2422-238-CM25;52321486;SOL.  942969,  ALIMENTOS;2025-03-11;2025-02-17;2025-02-17;2025-03-03;Recepción  Conforme;75380;69.072.100-7;I  MUNICIPALIDAD  DE  PUENTE  ALTO;I  MUNICIPALIDAD  DE  PUENTE  ALTO;TOCORNAL  GREZ  047;Puente  Alto;I  MUNICIPALIDAD  DE  PUENTE  ALTO;1450737;ARROZ  TUCAPEL  GRADO  1  BOLSA  1K  UNIDAD  RM;ARROZ;1695;1449;15;27200;39412800;No;ALIMENTOS  Y  CONGELADOS  SANTA  BARBARA  SPA;ALIMENTOS  SANTA  BARBARA;76.339.858-7
2239-7-LR17;5800279;ALIMENTOS;2422-238-CM25;52321486;SOL.  942969,  ALIMENTOS;2025-03-11;2025-02-17;2025-02-17;2025-03-03;Recepción  Conforme;75380;69.072.100-7;I  MUNICIPALIDAD  DE  PUENTE  ALTO;I  MUNICIPALIDAD  DE  PUENTE  ALTO;TOCORNAL  GREZ  047;Puente  Alto;I  MUNICIPALIDAD  DE  PUENTE  ALTO;1563109;AVENA  OSO  INSTANTANEA  BOLSA  500  G  20  UNIDADES  RM;AVENA;16650;16600;0;1360;22576000;Si;SERVICIOS  INTEGRADOS  SIDAPT  LIMITADA;SERVICIOS  INTEGRADOS  SIDAPT  LIMITADA;76.299.358-9
2239-7-LR17;5800279;ALIMENTOS;2422-238-CM25;52321486;SOL.  942969,  ALIMENTOS;2025-03-11;2025-02-17;2025-02-17;2025-03-03;Recepción  Conforme;75380;69.072.100-7;I  MUNICIPALIDAD  DE  PUENTE  ALTO;I  MUNICIPALIDAD  DE  PUENTE  ALTO;TOCORNAL  GREZ  047;Puente  Alto;I  MUNICIPALIDAD  DE  PUENTE  ALTO;1490067;SAL  SIRENA  BOLSA  1K  UNIDAD  RM;SAL;428;428;0;27200;11641600;No;DIMERC  S  A;DIMERC  S.  A.;96.670.840-9
2239-7-LR17;5800279;ALIMENTOS;2422-238-CM25;52321486;SOL.  942969,  ALIMENTOS;2025-03-11;2025-02-17;2025-02-17;2025-03-03;Recepción  Conforme;75380;69.072.100-7;I  MUNICIPALIDAD  DE  PUENTE  ALTO;I  MUNICIPALIDAD  DE  PUENTE  ALTO;TOCORNAL  GREZ  047;Puente  Alto;I  MUNICIPALIDAD  DE  PUENTE  ALTO;1496322;LENTEJA  COLISEO  6  MM  BOLSA  1K  UNIDAD  RM;LENTEJA;1906;1829;4;27200;49748800;No;ROBERTO  ALEJANDRO  VALENZUELA  VALENZUELA;Roberto  Alejandro;14.019.332-1
2239-7-LR17;5800279;ALIMENTOS;2422-238-CM25;52321486;SOL.  942969,  ALIMENTOS;2025-03-11;2025-02-17;2025-02-17;2025-03-03;Recepción  Conforme;75380;69.072.100-7;I  MUNICIPALIDAD  DE  PUENTE  ALTO;I  MUNICIPALIDAD  DE  PUENTE  ALTO;TOCORNAL  GREZ  047;Puente  Alto;I  MUNICIPALIDAD  DE  PUENTE  ALTO;1569412;CAJA  DE  CARTON  NORMAL  -  ESTÁNDAR  RM;CAJA  DE  CARTON  NORMAL;600;590;2;27200;16048000;Si;SERVICIOS  INTEGRADOS  SIDAPT  LIMITADA;SERVICIOS  INTEGRADOS  SIDAPT  LIMITADA;76.299.358-9
2239-7-LR17;5800279;ALIMENTOS;2422-238-CM25;52321486;SOL.  942969,  ALIMENTOS;2025-03-11;2025-02-17;2025-02-17;2025-03-03;Recepción  Conforme;75380;69.072.100-7;I  MUNICIPALIDAD  DE  PUENTE  ALTO;I  MUNICIPALIDAD  DE  PUENTE  ALTO;TOCORNAL  GREZ  047;Puente  Alto;I  MUNICIPALIDAD  DE  PUENTE  ALTO;1488357;HARINA  SIN  POLVOS  MONT  BLANC  BOLSA  1K  UNIDAD  RM;HARINA  SIN  POLVOS;1303;1200;8;27200;32640000;No;COMERCIAL  SOLO  FRESCO  S.A;SOLO  FRESCO  LTDA;76.102.347-0
2239-7-LR17;5800279;ALIMENTOS;2422-238-CM25;52321486;SOL.  942969,  ALIMENTOS;2025-03-11;2025-02-17;2025-02-17;2025-03-03;Recepción  Conforme;75380;69.072.100-7;I  MUNICIPALIDAD  DE  PUENTE  ALTO;I  MUNICIPALIDAD  DE  PUENTE  ALTO;TOCORNAL  GREZ  047;Puente  Alto;I  MUNICIPALIDAD  DE  PUENTE  ALTO;1490532;SAL  VENUS  BOLSA  1K  UNIDAD  RM;SAL;332;312;6;27200;8486400;No;ROBERTO  ALEJANDRO  VALENZUELA  VALENZUELA;Roberto  Alejandro;14.019.332-1
2239-7-LR17;5800279;ALIMENTOS;2422-238-CM25;52321486;SOL.  942969,  ALIMENTOS;2025-03-11;2025-02-17;2025-02-17;2025-03-03;Recepción  Conforme;75380;69.072.100-7;I  MUNICIPALIDAD  DE  PUENTE  ALTO;I  MUNICIPALIDAD  DE  PUENTE  ALTO;TOCORNAL  GREZ  047;Puente  Alto;I  MUNICIPALIDAD  DE  PUENTE  ALTO;1446897;AZUCAR  DAMA  BLANCA  BLANCA  GRANULADA  BOLSA  1K  UNIDAD  RM;AZUCAR;1291;1223;5;27200;33265600;Si;SERVICIOS  INTEGRADOS  SIDAPT  LIMITADA;SERVICIOS  INTEGRADOS  SIDAPT  LIMITADA;76.299.358-9
2239-7-LR17;5800279;ALIMENTOS;2422-238-CM25;52321486;SOL.  942969,  ALIMENTOS;2025-03-11;2025-02-17;2025-02-17;2025-03-03;Recepción  Conforme;75380;69.072.100-7;I  MUNICIPALIDAD  DE  PUENTE  ALTO;I  MUNICIPALIDAD  DE  PUENTE  ALTO;TOCORNAL  GREZ  047;Puente  Alto;I  MUNICIPALIDAD  DE  PUENTE  ALTO;1450842;PURE  INSTANTANEO  HOFFMANN  CAJA  250  G  UNIDAD  RM;PURE  INSTANTANEO;1854;1190;36;27200;32368000;No;COMERCIAL  SOLO  FRESCO  S.A;SOLO  FRESCO  LTDA;76.102.347-0
2239-7-LR17;5800279;ALIMENTOS;2422-238-CM25;52321486;SOL.  942969,  ALIMENTOS;2025-03-11;2025-02-17;2025-02-17;2025-03-03;Recepción  Conforme;75380;69.072.100-7;I  MUNICIPALIDAD  DE  PUENTE  ALTO;I  MUNICIPALIDAD  DE  PUENTE  ALTO;TOCORNAL  GREZ  047;Puente  Alto;I  MUNICIPALIDAD  DE  PUENTE  ALTO;1450032;SPAGHETTI  CAROZZI  N  °  5  VITAMINIZADA  BOLSA  1K    UNIDAD  RM;SPAGHETTI;2059;1852;10;27200;50374400;No;ROBERTO  ALEJANDRO  VALENZUELA  VALENZUELA;Roberto  Alejandro;14.019.332-1
2239-7-LR17;5800279;ALIMENTOS;2422-238-CM25;52321486;SOL.  942969,  ALIMENTOS;2025-03-11;2025-02-17;2025-02-17;2025-03-03;Recepción  Conforme;75380;69.072.100-7;I  MUNICIPALIDAD  DE  PUENTE  ALTO;I  MUNICIPALIDAD  DE  PUENTE  ALTO;TOCORNAL  GREZ  047;Puente  Alto;I  MUNICIPALIDAD  DE  PUENTE  ALTO;1496322;LENTEJA  COLISEO  6  MM  BOLSA  1K  UNIDAD  RM;LENTEJA;2065;2065;0;27200;56168000;No;DIMERC  S  A;DIMERC  S.  A.;96.670.840-9
2239-7-LR17;5800279;ALIMENTOS;2422-238-CM25;52321486;SOL.  942969,  ALIMENTOS;2025-03-11;2025-02-17;2025-02-17;2025-03-03;Recepción  Conforme;75380;69.072.100-7;I  MUNICIPALIDAD  DE  PUENTE  ALTO;I  MUNICIPALIDAD  DE  PUENTE  ALTO;TOCORNAL  GREZ  047;Puente  Alto;I  MUNICIPALIDAD  DE  PUENTE  ALTO;1450737;ARROZ  TUCAPEL  GRADO  1  BOLSA  1K  UNIDAD  RM;ARROZ;1640;1628;1;27200;44281600;No;ROBERTO  ALEJANDRO  VALENZUELA  VALENZUELA;Roberto  Alejandro;14.019.332-1
2239-7-LR17;5800279;ALIMENTOS;2422-238-CM25;52321486;SOL.  942969,  ALIMENTOS;2025-03-11;2025-02-17;2025-02-17;2025-03-03;Recepción  Conforme;75380;69.072.100-7;I  MUNICIPALIDAD  DE  PUENTE  ALTO;I  MUNICIPALIDAD  DE  PUENTE  ALTO;TOCORNAL  GREZ  047;Puente  Alto;I  MUNICIPALIDAD  DE  PUENTE  ALTO;1563109;AVENA  OSO  INSTANTANEA  BOLSA  500  G  20  UNIDADES  RM;AVENA;16746;16745;0;1360;22773200;No;ALIMENTOS  Y  CONGELADOS  SANTA  BARBARA  SPA;ALIMENTOS  SANTA  BARBARA;76.339.858-7
2239-7-LR17;5800279;ALIMENTOS;2422-238-CM25;52321486;SOL.  942969,  ALIMENTOS;2025-03-11;2025-02-17;2025-02-17;2025-03-03;Recepción  Conforme;75380;69.072.100-7;I  MUNICIPALIDAD  DE  PUENTE  ALTO;I  MUNICIPALIDAD  DE  PUENTE  ALTO;TOCORNAL  GREZ  047;Puente  Alto;I  MUNICIPALIDAD  DE  PUENTE  ALTO;1564343;POROTO  RIO  GRANDE  NEGRO  BOLSA  1K  10  UNIDADES  V  REGION;POROTO;44700;2140;95;27200;58208000;No;COMERCIAL  SOLO  FRESCO  S.A;SOLO  FRESCO  LTDA;76.102.347-0
2239-7-LR17;5800279;ALIMENTOS;2422-238-CM25;52321486;SOL.  942969,  ALIMENTOS;2025-03-11;2025-02-17;2025-02-17;2025-03-03;Recepción  Conforme;75380;69.072.100-7;I  MUNICIPALIDAD  DE  PUENTE  ALTO;I  MUNICIPALIDAD  DE  PUENTE  ALTO;TOCORNAL  GREZ  047;Puente  Alto;I  MUNICIPALIDAD  DE  PUENTE  ALTO;1562794;LECHE  EN  POLVO  SEMIDESCREMADA  DAFOOD  12%  MG  BOLSA  1  K  UNIDAD  RM;LECHE  EN  POLVO  SEMIDESCREMADA;6640;5800;13;27200;157760000;No;ALIMENTOS  Y  CONGELADOS  SANTA  BARBARA  SPA;ALIMENTOS  SANTA  BARBARA;76.339.858-7
2239-7-LR17;5800279;ALIMENTOS;2422-238-CM25;52321486;SOL.  942969,  ALIMENTOS;2025-03-11;2025-02-17;2025-02-17;2025-03-03;Recepción  Conforme;75380;69.072.100-7;I  MUNICIPALIDAD  DE  PUENTE  ALTO;I  MUNICIPALIDAD  DE  PUENTE  ALTO;TOCORNAL  GREZ  047;Puente  Alto;I  MUNICIPALIDAD  DE  PUENTE  ALTO;1449987;SPAGHETTI  CAROZZI  N  °  5  INTEGRAL  CAROZZI  BOLSA  400  G  UNIDAD  RM;SPAGHETTI;1198;1198;0;27200;32585600;No;DIMERC  S  A;DIMERC  S.  A.;96.670.840-9
2239-7-LR17;5800279;ALIMENTOS;2422-238-CM25;52321486;SOL.  942969,  ALIMENTOS;2025-03-11;2025-02-17;2025-02-17;2025-03-03;Recepción  Conforme;75380;69.072.100-7;I  MUNICIPALIDAD  DE  PUENTE  ALTO;I  MUNICIPALIDAD  DE  PUENTE  ALTO;TOCORNAL  GREZ  047;Puente  Alto;I  MUNICIPALIDAD  DE  PUENTE  ALTO;1564267;AZUCAR  BONANZA  BLANCA  BOLSA  1  KG  UNIDAD  RM;AZUCAR;1064;1041;2;27200;28315200;No;ROBERTO  ALEJANDRO  VALENZUELA  VALENZUELA;Roberto  Alejandro;14.019.332-1
2239-7-LR17;5800279;ALIMENTOS;2422-238-CM25;52321486;SOL.  942969,  ALIMENTOS;2025-03-11;2025-02-17;2025-02-17;2025-03-03;Recepción  Conforme;75380;69.072.100-7;I  MUNICIPALIDAD  DE  PUENTE  ALTO;I  MUNICIPALIDAD  DE  PUENTE  ALTO;TOCORNAL  GREZ  047;Puente  Alto;I  MUNICIPALIDAD  DE  PUENTE  ALTO;1563109;AVENA  OSO  INSTANTANEA  BOLSA  500  G  20  UNIDADES  RM;AVENA;16749;15184;9;1360;20650240;No;ROBERTO  ALEJANDRO  VALENZUELA  VALENZUELA;Roberto  Alejandro;14.019.332-1
2239-7-LR17;5800279;ALIMENTOS;2422-238-CM25;52321486;SOL.  942969,  ALIMENTOS;2025-03-11;2025-02-17;2025-02-17;2025-03-03;Recepción  Conforme;75380;69.072.100-7;I  MUNICIPALIDAD  DE  PUENTE  ALTO;I  MUNICIPALIDAD  DE  PUENTE  ALTO;TOCORNAL  GREZ  047;Puente  Alto;I  MUNICIPALIDAD  DE  PUENTE  ALTO;1490067;SAL  SIRENA  BOLSA  1K  UNIDAD  RM;SAL;371;370;0;27200;10064000;No;ALIMENTOS  Y  CONGELADOS  SANTA  BARBARA  SPA;ALIMENTOS  SANTA  BARBARA;76.339.858-7
2239-7-LR17;5800279;ALIMENTOS;2422-238-CM25;52321486;SOL.  942969,  ALIMENTOS;2025-03-11;2025-02-17;2025-02-17;2025-03-03;Recepción  Conforme;75380;69.072.100-7;I  MUNICIPALIDAD  DE  PUENTE  ALTO;I  MUNICIPALIDAD  DE  PUENTE  ALTO;TOCORNAL  GREZ  047;Puente  Alto;I  MUNICIPALIDAD  DE  PUENTE  ALTO;1454457;JUREL  CONSERVA  AL  NATURAL  SAN  JOSE  MEDALLON  TARRO  425  G  UNIDAD  RM;JUREL  CONSERVA  AL  NATURAL;1689;1688;0;54400;91827200;No;ALIMENTOS  Y  CONGELADOS  SANTA  BARBARA  SPA;ALIMENTOS  SANTA  BARBARA;76.339.858-7
2239-7-LR17;5800279;ALIMENTOS;2422-238-CM25;52321486;SOL.  942969,  ALIMENTOS;2025-03-11;2025-02-17;2025-02-17;2025-03-03;Recepción  Conforme;75380;69.072.100-7;I  MUNICIPALIDAD  DE  PUENTE  ALTO;I  MUNICIPALIDAD  DE  PUENTE  ALTO;TOCORNAL  GREZ  047;Puente  Alto;I  MUNICIPALIDAD  DE  PUENTE  ALTO;1450032;SPAGHETTI  CAROZZI  N  °  5  VITAMINIZADA  BOLSA  1K    UNIDAD  RM;SPAGHETTI;2367;1400;41;27200;38080000;No;COMERCIAL  SOLO  FRESCO  S.A;SOLO  FRESCO  LTDA;76.102.347-0
2239-7-LR17;5800279;ALIMENTOS;2422-238-CM25;52321486;SOL.  942969,  ALIMENTOS;2025-03-11;2025-02-17;2025-02-17;2025-03-03;Recepción  Conforme;75380;69.072.100-7;I  MUNICIPALIDAD  DE  PUENTE  ALTO;I  MUNICIPALIDAD  DE  PUENTE  ALTO;TOCORNAL  GREZ  047;Puente  Alto;I  MUNICIPALIDAD  DE  PUENTE  ALTO;1450737;ARROZ  TUCAPEL  GRADO  1  BOLSA  1K  UNIDAD  RM;ARROZ;1645;1490;9;27200;40528000;Si;SERVICIOS  INTEGRADOS  SIDAPT  LIMITADA;SERVICIOS  INTEGRADOS  SIDAPT  LIMITADA;76.299.358-9
2239-7-LR17;5800279;ALIMENTOS;2422-238-CM25;52321486;SOL.  942969,  ALIMENTOS;2025-03-11;2025-02-17;2025-02-17;2025-03-03;Recepción  Conforme;75380;69.072.100-7;I  MUNICIPALIDAD  DE  PUENTE  ALTO;I  MUNICIPALIDAD  DE  PUENTE  ALTO;TOCORNAL  GREZ  047;Puente  Alto;I  MUNICIPALIDAD  DE  PUENTE  ALTO;1563723;HARINA  SIN  POLVOS  LINDEROS  BOLSA  1K  UNIDAD  RM;HARINA  SIN  POLVOS;1139;1138;0;27200;30953600;No;ALIMENTOS  Y  CONGELADOS  SANTA  BARBARA  SPA;ALIMENTOS  SANTA  BARBARA;76.339.858-7
2239-7-LR17;5800279;ALIMENTOS;2422-238-CM25;52321486;SOL.  942969,  ALIMENTOS;2025-03-11;2025-02-17;2025-02-17;2025-03-03;Recepción  Conforme;75380;69.072.100-7;I  MUNICIPALIDAD  DE  PUENTE  ALTO;I  MUNICIPALIDAD  DE  PUENTE  ALTO;TOCORNAL  GREZ  047;Puente  Alto;I  MUNICIPALIDAD  DE  PUENTE  ALTO;1490067;SAL  SIRENA  BOLSA  1K  UNIDAD  RM;SAL;430;415;3;27200;11288000;Si;SERVICIOS  INTEGRADOS  SIDAPT  LIMITADA;SERVICIOS  INTEGRADOS  SIDAPT  LIMITADA;76.299.358-9
2239-7-LR17;5800279;ALIMENTOS;2422-238-CM25;52321486;SOL.  942969,  ALIMENTOS;2025-03-11;2025-02-17;2025-02-17;2025-03-03;Recepción  Conforme;75380;69.072.100-7;I  MUNICIPALIDAD  DE  PUENTE  ALTO;I  MUNICIPALIDAD  DE  PUENTE  ALTO;TOCORNAL  GREZ  047;Puente  Alto;I  MUNICIPALIDAD  DE  PUENTE  ALTO;2032773;AVENA  QUAKER  TRADICIONAL  CAJA  400  G  UNIDAD  V  REGION;AVENA;2049;809;61;1360;1100240;No;COMERCIAL  SOLO  FRESCO  S.A;SOLO  FRESCO  LTDA;76.102.347-0
2239-7-LR17;5800279;ALIMENTOS;2422-238-CM25;52321486;SOL.  942969,  ALIMENTOS;2025-03-11;2025-02-17;2025-02-17;2025-03-03;Recepción  Conforme;75380;69.072.100-7;I  MUNICIPALIDAD  DE  PUENTE  ALTO;I  MUNICIPALIDAD  DE  PUENTE  ALTO;TOCORNAL  GREZ  047;Puente  Alto;I  MUNICIPALIDAD  DE  PUENTE  ALTO;1468122;LENTEJA  -  6  MM  BOLSA  1K  UNIDAD  RM;LENTEJA;2024;1900;6;27200;51680000;No;COMERCIAL  SOLO  FRESCO  S.A;SOLO  FRESCO  LTDA;76.102.347-0
2239-7-LR17;5800279;ALIMENTOS;2422-238-CM25;52321486;SOL.  942969,  ALIMENTOS;2025-03-11;2025-02-17;2025-02-17;2025-03-03;Recepción  Conforme;75380;69.072.100-7;I  MUNICIPALIDAD  DE  PUENTE  ALTO;I  MUNICIPALIDAD  DE  PUENTE  ALTO;TOCORNAL  GREZ  047;Puente  Alto;I  MUNICIPALIDAD  DE  PUENTE  ALTO;1569412;CAJA  DE  CARTON  NORMAL  -  ESTÁNDAR  RM;CAJA  DE  CARTON  NORMAL;600;599;0;27200;16292800;No;ALIMENTOS  Y  CONGELADOS  SANTA  BARBARA  SPA;ALIMENTOS  SANTA  BARBARA;76.339.858-7
2239-7-LR17;5800279;ALIMENTOS;2422-238-CM25;52321486;SOL.  942969,  ALIMENTOS;2025-03-11;2025-02-17;2025-02-17;2025-03-03;Recepción  Conforme;75380;69.072.100-7;I  MUNICIPALIDAD  DE  PUENTE  ALTO;I  MUNICIPALIDAD  DE  PUENTE  ALTO;TOCORNAL  GREZ  047;Puente  Alto;I  MUNICIPALIDAD  DE  PUENTE  ALTO;1493907;LECHE  EN  POLVO  SEMIDESCREMADA  ALCAFOOD  INSTANTANEA  12%  MG  BOLSA  1  K  UNIDAD  RM;LECHE  EN  POLVO  SEMIDESCREMADA;4700;4595;2;27200;124984000;No;ROBERTO  ALEJANDRO  VALENZUELA  VALENZUELA;Roberto  Alejandro;14.019.332-1
2239-7-LR17;5800279;ALIMENTOS;2422-238-CM25;52321486;SOL.  942969,  ALIMENTOS;2025-03-11;2025-02-17;2025-02-17;2025-03-03;Recepción  Conforme;75380;69.072.100-7;I  MUNICIPALIDAD  DE  PUENTE  ALTO;I  MUNICIPALIDAD  DE  PUENTE  ALTO;TOCORNAL  GREZ  047;Puente  Alto;I  MUNICIPALIDAD  DE  PUENTE  ALTO;1569412;CAJA  DE  CARTON  NORMAL  -  ESTÁNDAR  RM;CAJA  DE  CARTON  NORMAL;600;486;19;27200;13219200;No;ROBERTO  ALEJANDRO  VALENZUELA  VALENZUELA;Roberto  Alejandro;14.019.332-1
2239-7-LR17;5800279;ALIMENTOS;2422-238-CM25;52321486;SOL.  942969,  ALIMENTOS;2025-03-11;2025-02-17;2025-02-17;2025-03-03;Recepción  Conforme;75380;69.072.100-7;I  MUNICIPALIDAD  DE  PUENTE  ALTO;I  MUNICIPALIDAD  DE  PUENTE  ALTO;TOCORNAL  GREZ  047;Puente  Alto;I  MUNICIPALIDAD  DE  PUENTE  ALTO;1490067;SAL  SIRENA  BOLSA  1K  UNIDAD  RM;SAL;442;280;37;27200;7616000;No;COMERCIAL  SOLO  FRESCO  S.A;SOLO  FRESCO  LTDA;76.102.347-0
2239-7-LR17;5800279;ALIMENTOS;2422-238-CM25;52321486;SOL.  942969,  ALIMENTOS;2025-03-11;2025-02-17;2025-02-17;2025-03-03;Recepción  Conforme;75380;69.072.100-7;I  MUNICIPALIDAD  DE  PUENTE  ALTO;I  MUNICIPALIDAD  DE  PUENTE  ALTO;TOCORNAL  GREZ  047;Puente  Alto;I  MUNICIPALIDAD  DE  PUENTE  ALTO;1569412;CAJA  DE  CARTON  NORMAL  -  ESTÁNDAR  RM;CAJA  DE  CARTON  NORMAL;600;600;0;27200;16320000;No;COMERCIAL  SOLO  FRESCO  S.A;SOLO  FRESCO  LTDA;76.102.347-0
2239-7-LR17;5800279;ALIMENTOS;2422-238-CM25;52321486;SOL.  942969,  ALIMENTOS;2025-03-11;2025-02-17;2025-02-17;2025-03-03;Recepción  Conforme;75380;69.072.100-7;I  MUNICIPALIDAD  DE  PUENTE  ALTO;I  MUNICIPALIDAD  DE  PUENTE  ALTO;TOCORNAL  GREZ  047;Puente  Alto;I  MUNICIPALIDAD  DE  PUENTE  ALTO;1496307;JUREL  CONSERVA  AL  NATURAL  COLISEO  TARRO  425  G    UNIDAD  RM;JUREL  CONSERVA  AL  NATURAL;1266;1266;0;54400;68870400;No;DIMERC  S  A;DIMERC  S.  A.;96.670.840-9
2239-3-LR24;5802326;Convenio  Marco  para  suministro  de  combustibles  (Magento);2426-19-CM25;52431938;SUMINISTRO  DE  COMBUSTIBLE  PARA  MUNICIPALIDAD  DE  VALPARAÍSO;2025-03-28;2025-02-07;2025-02-25;2025-03-11;Aceptada;75188;69.060.900-2;ADQUISICIONES  MAYORES;I  MUNICIPALIDAD  DE  VALPARAISO;Avda.  Argentina  N°864;Valparaíso;I  MUNICIPALIDAD  DE  VALPARAISO;2237130;ESTACIÓN  DE  SERVICIO  DIESEL  -  REGIÓN  VALPARAÍSO  DESCUENTO  PESOS  POR  LITRO;ESTACIÓN  DE  SERVICIO  DIESEL;0;48;0;932756;44772288;No;COPEC  S.A.;COPEC  S.A.;99.520.000-7
2239-3-LR24;5802326;Convenio  Marco  para  suministro  de  combustibles  (Magento);2426-19-CM25;52431938;SUMINISTRO  DE  COMBUSTIBLE  PARA  MUNICIPALIDAD  DE  VALPARAÍSO;2025-03-28;2025-02-07;2025-02-25;2025-03-11;Aceptada;75188;69.060.900-2;ADQUISICIONES  MAYORES;I  MUNICIPALIDAD  DE  VALPARAISO;Avda.  Argentina  N°864;Valparaíso;I  MUNICIPALIDAD  DE  VALPARAISO;2237114;ESTACIÓN  DE  SERVICIO  GASOLINA  -  REGIÓN  VALPARAÍSO  DESCUENTO  PESOS  POR  LITRO;ESTACIÓN  DE  SERVICIO  GASOLINA;0;40;0;58483;2339320;No;COPEC  S.A.;COPEC  S.A.;99.520.000-7
2239-3-LR24;5802326;Convenio  Marco  para  suministro  de  combustibles  (Magento);2426-19-CM25;52431938;SUMINISTRO  DE  COMBUSTIBLE  PARA  MUNICIPALIDAD  DE  VALPARAÍSO;2025-03-28;2025-02-07;2025-02-25;2025-03-11;Aceptada;75188;69.060.900-2;ADQUISICIONES  MAYORES;I  MUNICIPALIDAD  DE  VALPARAISO;Avda.  Argentina  N°864;Valparaíso;I  MUNICIPALIDAD  DE  VALPARAISO;2237114;ESTACIÓN  DE  SERVICIO  GASOLINA  -  REGIÓN  VALPARAÍSO  DESCUENTO  PESOS  POR  LITRO;ESTACIÓN  DE  SERVICIO  GASOLINA;0;40;0;58483;390257059;Si;EMPRESA  NACIONAL  DE  ENERGIA  ENEX  S.A.;EMPRESA  NACIONAL  DE  ENERGIA  ENEX  SA;92.011.000-2
2239-3-LR24;5802326;Convenio  Marco  para  suministro  de  combustibles  (Magento);2426-19-CM25;52431938;SUMINISTRO  DE  COMBUSTIBLE  PARA  MUNICIPALIDAD  DE  VALPARAÍSO;2025-03-28;2025-02-07;2025-02-25;2025-03-11;Aceptada;75188;69.060.900-2;ADQUISICIONES  MAYORES;I  MUNICIPALIDAD  DE  VALPARAISO;Avda.  Argentina  N°864;Valparaíso;I  MUNICIPALIDAD  DE  VALPARAISO;2237130;ESTACIÓN  DE  SERVICIO  DIESEL  -  REGIÓN  VALPARAÍSO  DESCUENTO  PESOS  POR  LITRO;ESTACIÓN  DE  SERVICIO  DIESEL;0;60;0;932756;522343360;Si;EMPRESA  NACIONAL  DE  ENERGIA  ENEX  S.A.;EMPRESA  NACIONAL  DE  ENERGIA  ENEX  SA;92.011.000-2
2239-3-LR24;5802326;Convenio  Marco  para  suministro  de  combustibles  (Magento);2428-359-CM25;52328463;COMBUSTIBLE  -  VEHICULOS  Y  MAQUINARIA  MUNICIPALIDAD  DE  QUILPUE;2025-03-12;2025-01-30;2025-01-30;2025-02-13;Recepción  Conforme;74914;69.061.300-K;I.  MUNICIPALIDAD  DE  QUILPUE;I  MUNICIPALIDAD  DE  QUILPUE;Augusto  Carozzi  841,  Quilpué;Quilpué;I.  MUNICIPALIDAD  DE  QUILPUE;2237130;ESTACIÓN  DE  SERVICIO  DIESEL  -  REGIÓN  VALPARAÍSO  DESCUENTO  PESOS  POR  LITRO;ESTACIÓN  DE  SERVICIO  DIESEL;0;48;0;1;198319328;Si;COPEC  S.A.;COPEC  S.A.;99.520.000-7
2239-3-LR24;5802326;Convenio  Marco  para  suministro  de  combustibles  (Magento);2428-359-CM25;52328463;COMBUSTIBLE  -  VEHICULOS  Y  MAQUINARIA  MUNICIPALIDAD  DE  QUILPUE;2025-03-12;2025-01-30;2025-01-30;2025-02-13;Recepción  Conforme;74914;69.061.300-K;I.  MUNICIPALIDAD  DE  QUILPUE;I  MUNICIPALIDAD  DE  QUILPUE;Augusto  Carozzi  841,  Quilpué;Quilpué;I.  MUNICIPALIDAD  DE  QUILPUE;2237114;ESTACIÓN  DE  SERVICIO  GASOLINA  -  REGIÓN  VALPARAÍSO  DESCUENTO  PESOS  POR  LITRO;ESTACIÓN  DE  SERVICIO  GASOLINA;0;40;0;1;39495798;Si;COPEC  S.A.;COPEC  S.A.;99.520.000-7
2239-3-LR24;5802326;Convenio  Marco  para  suministro  de  combustibles  (Magento);2428-359-CM25;52328463;COMBUSTIBLE  -  VEHICULOS  Y  MAQUINARIA  MUNICIPALIDAD  DE  QUILPUE;2025-03-12;2025-01-30;2025-01-30;2025-02-13;Recepción  Conforme;74914;69.061.300-K;I.  MUNICIPALIDAD  DE  QUILPUE;I  MUNICIPALIDAD  DE  QUILPUE;Augusto  Carozzi  841,  Quilpué;Quilpué;I.  MUNICIPALIDAD  DE  QUILPUE;2237130;ESTACIÓN  DE  SERVICIO  DIESEL  -  REGIÓN  VALPARAÍSO  DESCUENTO  PESOS  POR  LITRO;ESTACIÓN  DE  SERVICIO  DIESEL;0;50;0;1;50;No;EMPRESA  NACIONAL  DE  ENERGIA  ENEX  S.A.;EMPRESA  NACIONAL  DE  ENERGIA  ENEX  SA;92.011.000-2
2239-3-LR24;5802326;Convenio  Marco  para  suministro  de  combustibles  (Magento);2428-359-CM25;52328463;COMBUSTIBLE  -  VEHICULOS  Y  MAQUINARIA  MUNICIPALIDAD  DE  QUILPUE;2025-03-12;2025-01-30;2025-01-30;2025-02-13;Recepción  Conforme;74914;69.061.300-K;I.  MUNICIPALIDAD  DE  QUILPUE;I  MUNICIPALIDAD  DE  QUILPUE;Augusto  Carozzi  841,  Quilpué;Quilpué;I.  MUNICIPALIDAD  DE  QUILPUE;2237114;ESTACIÓN  DE  SERVICIO  GASOLINA  -  REGIÓN  VALPARAÍSO  DESCUENTO  PESOS  POR  LITRO;ESTACIÓN  DE  SERVICIO  GASOLINA;0;35;0;1;35;No;EMPRESA  NACIONAL  DE  ENERGIA  ENEX  S.A.;EMPRESA  NACIONAL  DE  ENERGIA  ENEX  SA;92.011.000-2
2239-3-LR24;5802326;Convenio  Marco  para  suministro  de  combustibles  (Magento);2446-347-CM25;52386252;Orden  de  Compra  generada  por  la  Gran  Compra:  75093;2025-03-31;2025-02-05;2025-02-05;2025-02-19;Recepción  Conforme;75093;69.040.300-5;IMUNI_COQUIMBO;I  MUNICIPALIDAD  DE  COQUIMBO;Bilbao    348;Coquimbo;I  MUNICIPALIDAD  DE  COQUIMBO;2237113;ESTACIÓN  DE  SERVICIO  GASOLINA  -  REGIÓN  COQUIMBO  DESCUENTO  PESOS  POR  LITRO;ESTACIÓN  DE  SERVICIO  GASOLINA;0;40;0;1;40;No;COPEC  S.A.;COPEC  S.A.;99.520.000-7
2239-3-LR24;5802326;Convenio  Marco  para  suministro  de  combustibles  (Magento);2446-347-CM25;52386252;Orden  de  Compra  generada  por  la  Gran  Compra:  75093;2025-03-31;2025-02-05;2025-02-05;2025-02-19;Recepción  Conforme;75093;69.040.300-5;IMUNI_COQUIMBO;I  MUNICIPALIDAD  DE  COQUIMBO;Bilbao    348;Coquimbo;I  MUNICIPALIDAD  DE  COQUIMBO;2237113;ESTACIÓN  DE  SERVICIO  GASOLINA  -  REGIÓN  COQUIMBO  DESCUENTO  PESOS  POR  LITRO;ESTACIÓN  DE  SERVICIO  GASOLINA;0;42;0;1;88235250;Si;EMPRESA  NACIONAL  DE  ENERGIA  ENEX  S.A.;EMPRESA  NACIONAL  DE  ENERGIA  ENEX  SA;92.011.000-2
2239-3-LR24;5802326;Convenio  Marco  para  suministro  de  combustibles  (Magento);2446-347-CM25;52386252;Orden  de  Compra  generada  por  la  Gran  Compra:  75093;2025-03-31;2025-02-05;2025-02-05;2025-02-19;Recepción  Conforme;75093;69.040.300-5;IMUNI_COQUIMBO;I  MUNICIPALIDAD  DE  COQUIMBO;Bilbao    348;Coquimbo;I  MUNICIPALIDAD  DE  COQUIMBO;2237129;ESTACIÓN  DE  SERVICIO  DIESEL  -  REGIÓN  COQUIMBO  DESCUENTO  PESOS  POR  LITRO;ESTACIÓN  DE  SERVICIO  DIESEL;0;53;0;1;53;No;COPEC  S.A.;COPEC  S.A.;99.520.000-7
2239-3-LR24;5802326;Convenio  Marco  para  suministro  de  combustibles  (Magento);2446-347-CM25;52386252;Orden  de  Compra  generada  por  la  Gran  Compra:  75093;2025-03-31;2025-02-05;2025-02-05;2025-02-19;Recepción  Conforme;75093;69.040.300-5;IMUNI_COQUIMBO;I  MUNICIPALIDAD  DE  COQUIMBO;Bilbao    348;Coquimbo;I  MUNICIPALIDAD  DE  COQUIMBO;2237129;ESTACIÓN  DE  SERVICIO  DIESEL  -  REGIÓN  COQUIMBO  DESCUENTO  PESOS  POR  LITRO;ESTACIÓN  DE  SERVICIO  DIESEL;0;55;0;1;504201725;Si;EMPRESA  NACIONAL  DE  ENERGIA  ENEX  S.A.;EMPRESA  NACIONAL  DE  ENERGIA  ENEX  SA;92.011.000-2
2239-3-LR24;5802326;Convenio  Marco  para  suministro  de  combustibles  (Magento);2483-159-CM25;52321506;Orden  de  Compra  generada  por  la  Gran  Compra:  74329;2025-03-11;2024-12-13;2025-01-02;2025-01-16;Aceptada;74329;69.071.300-4;DEPARTAMENTO  COMPRAS  PÚBLICAS;I  MUNICIPALIDAD  DE  QUILICURA;José  Francisco  Vergara  #450,  Municipalidad;Quilicura;I  MUNICIPALIDAD  DE  QUILICURA;2237138;ESTACIÓN  DE  SERVICIO  DIESEL  -  REGIÓN  METROPOLITANA  DESCUENTO  PESOS  POR  LITRO;ESTACIÓN  DE  SERVICIO  DIESEL;0;59;0;1;171131361;Si;EMPRESA  NACIONAL  DE  ENERGIA  ENEX  S.A.;EMPRESA  NACIONAL  DE  ENERGIA  ENEX  SA;92.011.000-2
2239-3-LR24;5802326;Convenio  Marco  para  suministro  de  combustibles  (Magento);2483-159-CM25;52321506;Orden  de  Compra  generada  por  la  Gran  Compra:  74329;2025-03-11;2024-12-13;2025-01-02;2025-01-16;Aceptada;74329;69.071.300-4;DEPARTAMENTO  COMPRAS  PÚBLICAS;I  MUNICIPALIDAD  DE  QUILICURA;José  Francisco  Vergara  #450,  Municipalidad;Quilicura;I  MUNICIPALIDAD  DE  QUILICURA;2237138;ESTACIÓN  DE  SERVICIO  DIESEL  -  REGIÓN  METROPOLITANA  DESCUENTO  PESOS  POR  LITRO;ESTACIÓN  DE  SERVICIO  DIESEL;0;55;0;1;55;No;COPEC  S.A.;COPEC  S.A.;99.520.000-7
2239-3-LR24;5802326;Convenio  Marco  para  suministro  de  combustibles  (Magento);2483-159-CM25;52321506;Orden  de  Compra  generada  por  la  Gran  Compra:  74329;2025-03-11;2024-12-13;2025-01-02;2025-01-16;Aceptada;74329;69.071.300-4;DEPARTAMENTO  COMPRAS  PÚBLICAS;I  MUNICIPALIDAD  DE  QUILICURA;José  Francisco  Vergara  #450,  Municipalidad;Quilicura;I  MUNICIPALIDAD  DE  QUILICURA;2237122;ESTACIÓN  DE  SERVICIO  GASOLINA  -  REGIÓN  METROPOLITANA  DESCUENTO  PESOS  POR  LITRO;ESTACIÓN  DE  SERVICIO  GASOLINA;0;50;0;1;161199420;Si;EMPRESA  NACIONAL  DE  ENERGIA  ENEX  S.A.;EMPRESA  NACIONAL  DE  ENERGIA  ENEX  SA;92.011.000-2
2239-3-LR24;5802326;Convenio  Marco  para  suministro  de  combustibles  (Magento);2483-159-CM25;52321506;Orden  de  Compra  generada  por  la  Gran  Compra:  74329;2025-03-11;2024-12-13;2025-01-02;2025-01-16;Aceptada;74329;69.071.300-4;DEPARTAMENTO  COMPRAS  PÚBLICAS;I  MUNICIPALIDAD  DE  QUILICURA;José  Francisco  Vergara  #450,  Municipalidad;Quilicura;I  MUNICIPALIDAD  DE  QUILICURA;2237122;ESTACIÓN  DE  SERVICIO  GASOLINA  -  REGIÓN  METROPOLITANA  DESCUENTO  PESOS  POR  LITRO;ESTACIÓN  DE  SERVICIO  GASOLINA;0;50;0;1;50;No;COPEC  S.A.;COPEC  S.A.;99.520.000-7
2239-11-LR24;5802370;Convenio  Marco  para  la  adquisición  de  licencias  de  software  de  ofimática  (Magento);2673-44-CM25;52283705;Gran  Compra:  74629  Licencias  Google  I.  Municipalidad  Melipilla;2025-03-04;2025-01-13;2025-01-13;2025-01-27;Aceptada;74629;69.072.900-8;SECRETARIA  PLANIFICACION;ILUSTRE  MUNICIPALIDAD  DE  MELIPILLA;SILVA  CHAVEZ      480;Melipilla;ILUSTRE  MUNICIPALIDAD  DE  MELIPILLA;4193083;LICENCIA  GOOGLE  WORKSPACE  ENTERPRISE  STANDARD  GAMA  3E  VALOR  ANUAL;LICENCIA;137;130;5;650;84604;No;ORION  2000  SPA;ORION  2000  SPA;96.899.890-0
2239-11-LR24;5802370;Convenio  Marco  para  la  adquisición  de  licencias  de  software  de  ofimática  (Magento);2673-44-CM25;52283705;Gran  Compra:  74629  Licencias  Google  I.  Municipalidad  Melipilla;2025-03-04;2025-01-13;2025-01-13;2025-01-27;Aceptada;74629;69.072.900-8;SECRETARIA  PLANIFICACION;ILUSTRE  MUNICIPALIDAD  DE  MELIPILLA;SILVA  CHAVEZ      480;Melipilla;ILUSTRE  MUNICIPALIDAD  DE  MELIPILLA;4193083;LICENCIA  GOOGLE  WORKSPACE  ENTERPRISE  STANDARD  GAMA  3E  VALOR  ANUAL;LICENCIA;129;129;0;650;83850;Si;TECNOLOGIA  BS  SPA;TECNOLOGIA  BS  SPA;76.852.815-2
2239-11-LR24;5802370;Convenio  Marco  para  la  adquisición  de  licencias  de  software  de  ofimática  (Magento);2673-44-CM25;52283705;Gran  Compra:  74629  Licencias  Google  I.  Municipalidad  Melipilla;2025-03-04;2025-01-13;2025-01-13;2025-01-27;Aceptada;74629;69.072.900-8;SECRETARIA  PLANIFICACION;ILUSTRE  MUNICIPALIDAD  DE  MELIPILLA;SILVA  CHAVEZ      480;Melipilla;ILUSTRE  MUNICIPALIDAD  DE  MELIPILLA;4193083;LICENCIA  GOOGLE  WORKSPACE  ENTERPRISE  STANDARD  GAMA  3E  VALOR  ANUAL;LICENCIA;146;129;12;650;84071;No;SNOOP  CONSULTING  SPA;SNOOP  CONSULTING  SPA;76.133.792-0
2239-8-LR23;5802342;Convenio  Marco  de    Adquisición  de  Vehículos;4374-1-CM25;51978783;ADQUISICION  DE  3  MINIBUSES  PARA  LA  SECCION  DE  INVESTIGACION  POLICIAL  Y  APOYO  LOGISTICO  Orden  de  Compra  generada  por  la  Gran  Compra:  73741;2025-03-13;2024-10-21;2024-10-21;2024-11-07;Recepción  Conforme;73741;72.240.400-9;Gobierno  Regional  Libertador  Bdo.  O´Higgins;GOBIERNO  REGIONAL  VI  REGION  DEL  LI  BERTADOR  B  O"HIGGINS;Plaza  Los  Héroes  S/n;Rancagua;GOBIERNO  REGIONAL  VI  REGION  DEL  LI  BERTADOR  B  O"HIGGINS;2044389;MINIBUS  HYUNDAI  STARIA  MB  2.2  CEDI  11P  2024  REGIÓN  VI;MINIBUS;27108900;27771235;-2;3;83313705;No;MEDITERRANEO  AUTOMOTORES  S  A;MEDITERRANEO  AUTOMOTORES  S.  A.;96.889.440-4
2239-8-LR23;5802342;Convenio  Marco  de    Adquisición  de  Vehículos;4374-1-CM25;51978783;ADQUISICION  DE  3  MINIBUSES  PARA  LA  SECCION  DE  INVESTIGACION  POLICIAL  Y  APOYO  LOGISTICO  Orden  de  Compra  generada  por  la  Gran  Compra:  73741;2025-03-13;2024-10-21;2024-10-21;2024-11-07;Recepción  Conforme;73741;72.240.400-9;Gobierno  Regional  Libertador  Bdo.  O´Higgins;GOBIERNO  REGIONAL  VI  REGION  DEL  LI  BERTADOR  B  O"HIGGINS;Plaza  Los  Héroes  S/n;Rancagua;GOBIERNO  REGIONAL  VI  REGION  DEL  LI  BERTADOR  B  O"HIGGINS;2044387;MINIBUS  HYUNDAI  STARIA  MB  2.2  CEDI  11P  2024  REGIÓN  RM;MINIBUS;27689076;27771235;0;3;83313705;Si;MEDITERRANEO  AUTOMOTORES  S  A;MEDITERRANEO  AUTOMOTORES  S.  A.;96.889.440-4
2239-6-LR23;5802336;Convenio  Marco  Gas  Licuado  de  Petróleo;4451-187-CM25;52416565;Orden  de  Compra  generada  por  la  Gran  Compra:  75809;2025-03-26;2025-03-11;2025-03-11;2025-03-25;Recepción  Conforme;75809;69.110.500-8;UNIDAD  DE  COMPRAS  MUNICIPALES;I  MUNICIPALIDAD  DE  SAN  CLEMENTE;Calle  Carlos  Silva  Renard  N°792;San  Clemente;I  MUNICIPALIDAD  DE  SAN  CLEMENTE;1944971;GAS  LICUADO  CILINDRO  MEDIANTE  VALE  DE  RECARGA  15  KG  VII  REGIÓN;GAS  LICUADO  CILINDRO  MEDIANTE  VALE  DE  RECARGA;12869;13073;-2;43000;562139000;Si;GASCO  GLP  S  A;GASCO  GLP  S.A.;96.568.740-8
2239-3-LR24;5802326;Convenio  Marco  para  suministro  de  combustibles  (Magento);4594-192-CM25;52398892;Orden  de  Compra  generada  por  la  Gran  Compra:  75616;2025-03-25;2025-02-26;2025-02-26;2025-03-12;Aceptada;75616;69.141.102-8;Departamento  de  Salud;Salud;Av.  Prat  1688;Coihueco;I  MUNICIPALIDAD  DE  COIHUECO;2237125;ESTACIÓN  DE  SERVICIO  GASOLINA  -  REGIÓN  ÑUBLE  DESCUENTO  PESOS  POR  LITRO;ESTACIÓN  DE  SERVICIO  GASOLINA;0;1323;0;1;25000000;Si;COPEC  S.A.;COPEC  S.A.;99.520.000-7
2239-3-LR24;5802326;Convenio  Marco  para  suministro  de  combustibles  (Magento);4594-192-CM25;52398892;Orden  de  Compra  generada  por  la  Gran  Compra:  75616;2025-03-25;2025-02-26;2025-02-26;2025-03-12;Aceptada;75616;69.141.102-8;Departamento  de  Salud;Salud;Av.  Prat  1688;Coihueco;I  MUNICIPALIDAD  DE  COIHUECO;2237141;ESTACIÓN  DE  SERVICIO  DIESEL  -  REGIÓN  ÑUBLE  DESCUENTO  PESOS  POR  LITRO;ESTACIÓN  DE  SERVICIO  DIESEL;0;1024;0;1;65000000;Si;COPEC  S.A.;COPEC  S.A.;99.520.000-7
2239-3-LR24;5802326;Convenio  Marco  para  suministro  de  combustibles  (Magento);4937-13-CM25;52423128;Orden  de  Compra  generada  por  la  Gran  Compra:  75478;2025-03-28;2025-02-19;2025-02-19;2025-03-05;Recepción  Conforme;75478;69.061.400-6;ADMINISTRACION  DE  VEHICULOS;I  MUNICIPALIDAD  DE  CASABLANCA;AV.  CONSTITUCION  111;Casablanca;I  MUNICIPALIDAD  DE  CASABLANCA;2237130;ESTACIÓN  DE  SERVICIO  DIESEL  -  REGIÓN  VALPARAÍSO  DESCUENTO  PESOS  POR  LITRO;ESTACIÓN  DE  SERVICIO  DIESEL;0;48;0;1;229411765;Si;COPEC  S.A.;COPEC  S.A.;99.520.000-7
2239-3-LR24;5802326;Convenio  Marco  para  suministro  de  combustibles  (Magento);4937-13-CM25;52423128;Orden  de  Compra  generada  por  la  Gran  Compra:  75478;2025-03-28;2025-02-19;2025-02-19;2025-03-05;Recepción  Conforme;75478;69.061.400-6;ADMINISTRACION  DE  VEHICULOS;I  MUNICIPALIDAD  DE  CASABLANCA;AV.  CONSTITUCION  111;Casablanca;I  MUNICIPALIDAD  DE  CASABLANCA;2237114;ESTACIÓN  DE  SERVICIO  GASOLINA  -  REGIÓN  VALPARAÍSO  DESCUENTO  PESOS  POR  LITRO;ESTACIÓN  DE  SERVICIO  GASOLINA;0;40;0;1;12605042;Si;COPEC  S.A.;COPEC  S.A.;99.520.000-7
2239-13-LR23;5802346;CM  Administración,Entrega  de  Beneficios  y  Tarjetas  de  Beneficios  Institucionales  y  Sociales(Magento);517903-23-CM25;52416998;ALIMENTACIÓN  CCA  por  la  Gran  Compra:  75496;2025-03-26;2025-02-20;2025-02-20;2025-03-06;Recepción  Conforme;75496;61.114.000-2;Comando  Conjunto  Austral;EMDN-RMA;PSJE.  JUAN  PEDRALS  GILI  Nº  797;Punta  Arenas;ESTADO  MAYOR  CONJUNTO;1964920;ALIMENTACIÓN  -;ALIMENTACIÓN;0;67857143;0;1;67857143;Si;EDENRED  CHILE  SOCIEDAD  ANONIMA;Edenred  Chile  S.A.;96.781.350-8
2239-8-LR23;5802342;Convenio  Marco  de    Adquisición  de  Vehículos;5240-33-CM25;52242616;ADQUISICIÓN  DE  CAMIONETAS  4X4  COLOR  FÁBRICA;2025-03-19;2024-12-16;2024-12-17;2025-01-02;Recepción  Conforme;74365;61.938.500-4;Direccion  de  Compras  Publicas  de  Carabineros;DIRECCION  DE  LOGISTICA  DE  CARABINEROS;Av.  Lib.  Bernardo  OHiggins  N°  1449,torre  7,PISO  11;Santiago;DIRECCION  DE  LOGISTICA  DE  CARABINEROS;2042636;CAMIONETA  DFSK  D1  LUXURY  4X4  AT  2024  REGIÓN  RM;CAMIONETA;17644900;17451000;1;7;122157000;No;SERVIMAQ  SPA;SERVIMAQ  SPA;79.649.970-2
2239-8-LR23;5802342;Convenio  Marco  de    Adquisición  de  Vehículos;5240-33-CM25;52242616;ADQUISICIÓN  DE  CAMIONETAS  4X4  COLOR  FÁBRICA;2025-03-19;2024-12-16;2024-12-17;2025-01-02;Recepción  Conforme;74365;61.938.500-4;Direccion  de  Compras  Publicas  de  Carabineros;DIRECCION  DE  LOGISTICA  DE  CARABINEROS;Av.  Lib.  Bernardo  OHiggins  N°  1449,torre  7,PISO  11;Santiago;DIRECCION  DE  LOGISTICA  DE  CARABINEROS;2250322;CAMIONETA  GREAT  WALL  POER  PLUS  4X4  ELITE  AT  2025  REGIÓN  RM;CAMIONETA;22806800;22806800;0;7;159647600;Si;COMERCIAL  ANFRUNS  Y  COMPANIA  SPA;COMERCIAL  ANFRUNS  Y  COMPAÑÍA  SPA;86.385.500-4
2239-8-LR23;5802342;Convenio  Marco  de    Adquisición  de  Vehículos;5240-33-CM25;52242616;ADQUISICIÓN  DE  CAMIONETAS  4X4  COLOR  FÁBRICA;2025-03-19;2024-12-16;2024-12-17;2025-01-02;Recepción  Conforme;74365;61.938.500-4;Direccion  de  Compras  Publicas  de  Carabineros;DIRECCION  DE  LOGISTICA  DE  CARABINEROS;Av.  Lib.  Bernardo  OHiggins  N°  1449,torre  7,PISO  11;Santiago;DIRECCION  DE  LOGISTICA  DE  CARABINEROS;2253365;CAMIONETA  MITSUBISHI  L200  DAKAR  XR  AT  2025  REGIÓN  RM;CAMIONETA;34191000;34191000;0;7;239337000;No;ASTARA  RETAIL  CHILE  SPA;ASTARA  RETAIL  CHILE  SPA;96.928.530-4
2239-8-LR23;5802342;Convenio  Marco  de    Adquisición  de  Vehículos;5908-17-CM25;52444541;ADQUISICIÓN  2  CAMIONETAS  MUNICIPALES  Y  REPOSICIÓN  4  CAMIONETAS  MUNICIPALES  PARA  HUARA;2025-03-31;2025-02-06;2025-02-06;2025-02-20;Aceptada;75169;69.010.200-5;SECPLAC;ILUSTRE  MUNICIPALIDAD  DE  HUARA;AVENIDA  VICUÑA  MACKENNA  S/N;Huara;ILUSTRE  MUNICIPALIDAD  DE  HUARA;2256148;SUV  TOYOTA  FORTUNER  SRX  4X4  TDI  2.8  AT  2025  REGIÓN  I;SUV;38364454;43184340;-13;1;43184340;Si;MARITANO  Y  EBENSPERGER  LTDA;MARITANO  Y  EBENSPERGER  LIMITADA;86.519.000-K
2239-8-LR23;5802342;Convenio  Marco  de    Adquisición  de  Vehículos;5908-17-CM25;52444541;ADQUISICIÓN  2  CAMIONETAS  MUNICIPALES  Y  REPOSICIÓN  4  CAMIONETAS  MUNICIPALES  PARA  HUARA;2025-03-31;2025-02-06;2025-02-06;2025-02-20;Aceptada;75169;69.010.200-5;SECPLAC;ILUSTRE  MUNICIPALIDAD  DE  HUARA;AVENIDA  VICUÑA  MACKENNA  S/N;Huara;ILUSTRE  MUNICIPALIDAD  DE  HUARA;2056573;SUV  TOYOTA  FORTUNER  SRX  4X4  TDI  2.8  AT  2024  REGIÓN  I;SUV;38364454;43184340;-13;1;43184340;No;MARITANO  Y  EBENSPERGER  LTDA;MARITANO  Y  EBENSPERGER  LIMITADA;86.519.000-K
2239-13-LR23;5802346;CM  Administración,Entrega  de  Beneficios  y  Tarjetas  de  Beneficios  Institucionales  y  Sociales(Magento);604944-14-CM25;52276507;ADQUISICIÓN  DEL  SERVICIO  BENEFICIO  DE  ALIMENTACIÓN;2025-03-25;2025-02-05;2025-02-05;2025-02-19;Recepción  Conforme;75129;61.979.870-8;Subsecretaría  de  Defensa;SUBSECRETARIA  DE  DEFENSA;Zenteno  N°  45,  Quinto  Piso;Santiago;SUBSECRETARIA  DE  DEFENSA;1964920;ALIMENTACIÓN  -;ALIMENTACIÓN;0;92014257;0;1;92014258;Si;EDENRED  CHILE  SOCIEDAD  ANONIMA;Edenred  Chile  S.A.;96.781.350-8
2239-9-LR22;5800319;Convenio  Marco  de  Artículos  de  Aseo  e  Higiene;707423-15-CM25;52301458;Orden  de  Compra  generada  por  la  Gran  Compra:  74815;2025-03-28;1900-01-01;2025-01-24;2025-02-07;Recepción  Conforme;74815;70.574.900-0;Regional  Araucania;FUNDACION  EDUCACIONAL  PARA  EL  DESAROLLO  INTEGRAL  DE  LA  NIÑEZ;Claro  Solar  Nº  1148;Temuco;FUNDACION  EDUCACIONAL  PARA  EL  DESAROLLO  INTEGRAL  DE  LA  NIÑEZ;1918846;PAÑUELOS  DESECHABLES  ELITE  FACIAL  DOBLE  HOJA  21X14  CM  42  CAJAS  50  UNIDADES  REGIÓN  IX;PAÑUELOS  DESECHABLES;21429;19194;10;1030;19769820;No;PROVEEDORES  INTEGRALES  PRISA  S  A;PROVEEDORES  INTEGRALES  PRISA  S  A;96.556.940-5
2239-9-LR22;5800319;Convenio  Marco  de  Artículos  de  Aseo  e  Higiene;707423-15-CM25;52301458;Orden  de  Compra  generada  por  la  Gran  Compra:  74815;2025-03-28;1900-01-01;2025-01-24;2025-02-07;Recepción  Conforme;74815;70.574.900-0;Regional  Araucania;FUNDACION  EDUCACIONAL  PARA  EL  DESAROLLO  INTEGRAL  DE  LA  NIÑEZ;Claro  Solar  Nº  1148;Temuco;FUNDACION  EDUCACIONAL  PARA  EL  DESAROLLO  INTEGRAL  DE  LA  NIÑEZ;1912488;LÍQUIDO  LIMPIAVIDRIOS  VIRUTEX  BOTELLA  C/PULVERIZADOR  500  CC  UNIDAD  REGIÓN  IX;LÍQUIDO  LIMPIAVIDRIOS;1202;1200;0;790;948000;No;CASTILLA  Y  ARAGON  SPA;CASTILLA  Y  ARAGON  SPA;96.989.530-7
2239-9-LR22;5800319;Convenio  Marco  de  Artículos  de  Aseo  e  Higiene;707423-15-CM25;52301458;Orden  de  Compra  generada  por  la  Gran  Compra:  74815;2025-03-28;1900-01-01;2025-01-24;2025-02-07;Recepción  Conforme;74815;70.574.900-0;Regional  Araucania;FUNDACION  EDUCACIONAL  PARA  EL  DESAROLLO  INTEGRAL  DE  LA  NIÑEZ;Claro  Solar  Nº  1148;Temuco;FUNDACION  EDUCACIONAL  PARA  EL  DESAROLLO  INTEGRAL  DE  LA  NIÑEZ;1902033;ESCOBILLÓN  VIRUTEX  PRO  USO  INTERIOR  FIBRA  MEDIA  MANGO  METÁLICO  30  CM  UNIDAD  REGIÓN  IX;ESCOBILLÓN;1768;1639;7;1000;1639000;No;SERVICIOS  INTEGRADOS  SIDAPT  LIMITADA;SERVICIOS  INTEGRADOS  SIDAPT  LIMITADA;76.299.358-9
2239-9-LR22;5800319;Convenio  Marco  de  Artículos  de  Aseo  e  Higiene;707423-15-CM25;52301458;Orden  de  Compra  generada  por  la  Gran  Compra:  74815;2025-03-28;1900-01-01;2025-01-24;2025-02-07;Recepción  Conforme;74815;70.574.900-0;Regional  Araucania;FUNDACION  EDUCACIONAL  PARA  EL  DESAROLLO  INTEGRAL  DE  LA  NIÑEZ;Claro  Solar  Nº  1148;Temuco;FUNDACION  EDUCACIONAL  PARA  EL  DESAROLLO  INTEGRAL  DE  LA  NIÑEZ;1902033;ESCOBILLÓN  VIRUTEX  PRO  USO  INTERIOR  FIBRA  MEDIA  MANGO  METÁLICO  30  CM  UNIDAD  REGIÓN  IX;ESCOBILLÓN;1881;1680;11;1000;1680000;No;COMERCIAL  MUNOZ  Y  COMPANIA  LIMITADA;COMERCIAL  MUNOZ  Y  COMPANIA  LIMITADA;78.906.980-8
2239-9-LR22;5800319;Convenio  Marco  de  Artículos  de  Aseo  e  Higiene;707423-15-CM25;52301458;Orden  de  Compra  generada  por  la  Gran  Compra:  74815;2025-03-28;1900-01-01;2025-01-24;2025-02-07;Recepción  Conforme;74815;70.574.900-0;Regional  Araucania;FUNDACION  EDUCACIONAL  PARA  EL  DESAROLLO  INTEGRAL  DE  LA  NIÑEZ;Claro  Solar  Nº  1148;Temuco;FUNDACION  EDUCACIONAL  PARA  EL  DESAROLLO  INTEGRAL  DE  LA  NIÑEZ;1903750;ESPONJA  VIRUTEX  ACANALADA  C/FIBRA  ABRASIVA  UNIDAD  REGIÓN  IX;ESPONJA;317;455;-44;1600;728000;No;MARYUN  SEGURIDAD  INDUSTRIAL  SPA;MARYUN  SEGURIDAD  INDUSTRIAL  SPA;77.084.730-3
2239-9-LR22;5800319;Convenio  Marco  de  Artículos  de  Aseo  e  Higiene;707423-15-CM25;52301458;Orden  de  Compra  generada  por  la  Gran  Compra:  74815;2025-03-28;1900-01-01;2025-01-24;2025-02-07;Recepción  Conforme;74815;70.574.900-0;Regional  Araucania;FUNDACION  EDUCACIONAL  PARA  EL  DESAROLLO  INTEGRAL  DE  LA  NIÑEZ;Claro  Solar  Nº  1148;Temuco;FUNDACION  EDUCACIONAL  PARA  EL  DESAROLLO  INTEGRAL  DE  LA  NIÑEZ;1902033;ESCOBILLÓN  VIRUTEX  PRO  USO  INTERIOR  FIBRA  MEDIA  MANGO  METÁLICO  30  CM  UNIDAD  REGIÓN  IX;ESCOBILLÓN;1805;1802;0;1000;1802000;No;CASTILLA  Y  ARAGON  SPA;CASTILLA  Y  ARAGON  SPA;96.989.530-7
2239-9-LR22;5800319;Convenio  Marco  de  Artículos  de  Aseo  e  Higiene;707423-15-CM25;52301458;Orden  de  Compra  generada  por  la  Gran  Compra:  74815;2025-03-28;1900-01-01;2025-01-24;2025-02-07;Recepción  Conforme;74815;70.574.900-0;Regional  Araucania;FUNDACION  EDUCACIONAL  PARA  EL  DESAROLLO  INTEGRAL  DE  LA  NIÑEZ;Claro  Solar  Nº  1148;Temuco;FUNDACION  EDUCACIONAL  PARA  EL  DESAROLLO  INTEGRAL  DE  LA  NIÑEZ;1902033;ESCOBILLÓN  VIRUTEX  PRO  USO  INTERIOR  FIBRA  MEDIA  MANGO  METÁLICO  30  CM  UNIDAD  REGIÓN  IX;ESCOBILLÓN;1779;1186;33;1000;1186000;Si;PROVEEDORES  INTEGRALES  PRISA  S  A;PROVEEDORES  INTEGRALES  PRISA  S  A;96.556.940-5
2239-9-LR22;5800319;Convenio  Marco  de  Artículos  de  Aseo  e  Higiene;707423-15-CM25;52301458;Orden  de  Compra  generada  por  la  Gran  Compra:  74815;2025-03-28;1900-01-01;2025-01-24;2025-02-07;Recepción  Conforme;74815;70.574.900-0;Regional  Araucania;FUNDACION  EDUCACIONAL  PARA  EL  DESAROLLO  INTEGRAL  DE  LA  NIÑEZ;Claro  Solar  Nº  1148;Temuco;FUNDACION  EDUCACIONAL  PARA  EL  DESAROLLO  INTEGRAL  DE  LA  NIÑEZ;1903427;ESPONJA  MANLAC  ANATÓMICA  C/FIBRA  ABRASIVA  UNIDAD  REGIÓN  IX;ESPONJA;157;143;9;1600;228800;No;SERVICIOS  INTEGRADOS  SIDAPT  LIMITADA;SERVICIOS  INTEGRADOS  SIDAPT  LIMITADA;76.299.358-9
2239-9-LR22;5800319;Convenio  Marco  de  Artículos  de  Aseo  e  Higiene;707423-15-CM25;52301458;Orden  de  Compra  generada  por  la  Gran  Compra:  74815;2025-03-28;1900-01-01;2025-01-24;2025-02-07;Recepción  Conforme;74815;70.574.900-0;Regional  Araucania;FUNDACION  EDUCACIONAL  PARA  EL  DESAROLLO  INTEGRAL  DE  LA  NIÑEZ;Claro  Solar  Nº  1148;Temuco;FUNDACION  EDUCACIONAL  PARA  EL  DESAROLLO  INTEGRAL  DE  LA  NIÑEZ;1924405;TOALLA  DE  PAPEL  OVELLA  HOJA  SIMPLE  250  M  2  ROLLOS  REGIÓN  IX;TOALLA  DE  PAPEL;6970;7551;-8;13500;101938500;No;DISTRIBUIDORA  PAPELES  INDUSTRIALES  SPA;Distribuidora  Papeles  Industriales  S.A.;93.558.000-5
2239-9-LR22;5800319;Convenio  Marco  de  Artículos  de  Aseo  e  Higiene;707423-15-CM25;52301458;Orden  de  Compra  generada  por  la  Gran  Compra:  74815;2025-03-28;1900-01-01;2025-01-24;2025-02-07;Recepción  Conforme;74815;70.574.900-0;Regional  Araucania;FUNDACION  EDUCACIONAL  PARA  EL  DESAROLLO  INTEGRAL  DE  LA  NIÑEZ;Claro  Solar  Nº  1148;Temuco;FUNDACION  EDUCACIONAL  PARA  EL  DESAROLLO  INTEGRAL  DE  LA  NIÑEZ;1945339;CLORO  GEL    TREMEX  SIN  AROMA  BOTELLA  900  ML  UNIDAD  REGIÓN  IX;CLORO  GEL;1764;1259;29;270;339930;No;SERVICIOS  INTEGRADOS  SIDAPT  LIMITADA;SERVICIOS  INTEGRADOS  SIDAPT  LIMITADA;76.299.358-9
2239-9-LR22;5800319;Convenio  Marco  de  Artículos  de  Aseo  e  Higiene;707423-15-CM25;52301458;Orden  de  Compra  generada  por  la  Gran  Compra:  74815;2025-03-28;1900-01-01;2025-01-24;2025-02-07;Recepción  Conforme;74815;70.574.900-0;Regional  Araucania;FUNDACION  EDUCACIONAL  PARA  EL  DESAROLLO  INTEGRAL  DE  LA  NIÑEZ;Claro  Solar  Nº  1148;Temuco;FUNDACION  EDUCACIONAL  PARA  EL  DESAROLLO  INTEGRAL  DE  LA  NIÑEZ;1908850;LAVALOZAS  CONCENTRADO  LAVADO  MANUAL  IMPEKE  ANTIGRASA  CÍTRICO  750  ML  UNIDAD  REGIÓN  IX;LAVALOZAS  CONCENTRADO  LAVADO  MANUAL;1148;1196;-4;750;897000;No;COMERCIAL  MUNOZ  Y  COMPANIA  LIMITADA;COMERCIAL  MUNOZ  Y  COMPANIA  LIMITADA;78.906.980-8
2239-9-LR22;5800319;Convenio  Marco  de  Artículos  de  Aseo  e  Higiene;707423-15-CM25;52301458;Orden  de  Compra  generada  por  la  Gran  Compra:  74815;2025-03-28;1900-01-01;2025-01-24;2025-02-07;Recepción  Conforme;74815;70.574.900-0;Regional  Araucania;FUNDACION  EDUCACIONAL  PARA  EL  DESAROLLO  INTEGRAL  DE  LA  NIÑEZ;Claro  Solar  Nº  1148;Temuco;FUNDACION  EDUCACIONAL  PARA  EL  DESAROLLO  INTEGRAL  DE  LA  NIÑEZ;1903070;ESPONJA  FIBRO  ANTIBACTERIAL  C/FIBRA  ABRASIVA  UNIDAD  REGIÓN  IX;ESPONJA;557;280;50;1600;448000;Si;PROVEEDORES  INTEGRALES  PRISA  S  A;PROVEEDORES  INTEGRALES  PRISA  S  A;96.556.940-5
2239-9-LR22;5800319;Convenio  Marco  de  Artículos  de  Aseo  e  Higiene;707423-15-CM25;52301458;Orden  de  Compra  generada  por  la  Gran  Compra:  74815;2025-03-28;1900-01-01;2025-01-24;2025-02-07;Recepción  Conforme;74815;70.574.900-0;Regional  Araucania;FUNDACION  EDUCACIONAL  PARA  EL  DESAROLLO  INTEGRAL  DE  LA  NIÑEZ;Claro  Solar  Nº  1148;Temuco;FUNDACION  EDUCACIONAL  PARA  EL  DESAROLLO  INTEGRAL  DE  LA  NIÑEZ;1902033;ESCOBILLÓN  VIRUTEX  PRO  USO  INTERIOR  FIBRA  MEDIA  MANGO  METÁLICO  30  CM  UNIDAD  REGIÓN  IX;ESCOBILLÓN;1767;2150;-22;1000;2150000;No;MARYUN  SEGURIDAD  INDUSTRIAL  SPA;MARYUN  SEGURIDAD  INDUSTRIAL  SPA;77.084.730-3
2239-9-LR22;5800319;Convenio  Marco  de  Artículos  de  Aseo  e  Higiene;707423-15-CM25;52301458;Orden  de  Compra  generada  por  la  Gran  Compra:  74815;2025-03-28;1900-01-01;2025-01-24;2025-02-07;Recepción  Conforme;74815;70.574.900-0;Regional  Araucania;FUNDACION  EDUCACIONAL  PARA  EL  DESAROLLO  INTEGRAL  DE  LA  NIÑEZ;Claro  Solar  Nº  1148;Temuco;FUNDACION  EDUCACIONAL  PARA  EL  DESAROLLO  INTEGRAL  DE  LA  NIÑEZ;1912488;LÍQUIDO  LIMPIAVIDRIOS  VIRUTEX  BOTELLA  C/PULVERIZADOR  500  CC  UNIDAD  REGIÓN  IX;LÍQUIDO  LIMPIAVIDRIOS;1200;1472;-23;790;1162880;Si;PROVEEDORES  INTEGRALES  PRISA  S  A;PROVEEDORES  INTEGRALES  PRISA  S  A;96.556.940-5
2239-9-LR22;5800319;Convenio  Marco  de  Artículos  de  Aseo  e  Higiene;707423-15-CM25;52301458;Orden  de  Compra  generada  por  la  Gran  Compra:  74815;2025-03-28;1900-01-01;2025-01-24;2025-02-07;Recepción  Conforme;74815;70.574.900-0;Regional  Araucania;FUNDACION  EDUCACIONAL  PARA  EL  DESAROLLO  INTEGRAL  DE  LA  NIÑEZ;Claro  Solar  Nº  1148;Temuco;FUNDACION  EDUCACIONAL  PARA  EL  DESAROLLO  INTEGRAL  DE  LA  NIÑEZ;1912488;LÍQUIDO  LIMPIAVIDRIOS  VIRUTEX  BOTELLA  C/PULVERIZADOR  500  CC  UNIDAD  REGIÓN  IX;LÍQUIDO  LIMPIAVIDRIOS;1168;1170;0;790;924300;No;COMERCIAL  MUNOZ  Y  COMPANIA  LIMITADA;COMERCIAL  MUNOZ  Y  COMPANIA  LIMITADA;78.906.980-8
2239-9-LR22;5800319;Convenio  Marco  de  Artículos  de  Aseo  e  Higiene;707423-15-CM25;52301458;Orden  de  Compra  generada  por  la  Gran  Compra:  74815;2025-03-28;1900-01-01;2025-01-24;2025-02-07;Recepción  Conforme;74815;70.574.900-0;Regional  Araucania;FUNDACION  EDUCACIONAL  PARA  EL  DESAROLLO  INTEGRAL  DE  LA  NIÑEZ;Claro  Solar  Nº  1148;Temuco;FUNDACION  EDUCACIONAL  PARA  EL  DESAROLLO  INTEGRAL  DE  LA  NIÑEZ;1908850;LAVALOZAS  CONCENTRADO  LAVADO  MANUAL  IMPEKE  ANTIGRASA  CÍTRICO  750  ML  UNIDAD  REGIÓN  IX;LAVALOZAS  CONCENTRADO  LAVADO  MANUAL;1018;736;28;750;552000;No;SERVICIOS  INTEGRADOS  SIDAPT  LIMITADA;SERVICIOS  INTEGRADOS  SIDAPT  LIMITADA;76.299.358-9
2239-9-LR22;5800319;Convenio  Marco  de  Artículos  de  Aseo  e  Higiene;707423-15-CM25;52301458;Orden  de  Compra  generada  por  la  Gran  Compra:  74815;2025-03-28;1900-01-01;2025-01-24;2025-02-07;Recepción  Conforme;74815;70.574.900-0;Regional  Araucania;FUNDACION  EDUCACIONAL  PARA  EL  DESAROLLO  INTEGRAL  DE  LA  NIÑEZ;Claro  Solar  Nº  1148;Temuco;FUNDACION  EDUCACIONAL  PARA  EL  DESAROLLO  INTEGRAL  DE  LA  NIÑEZ;1918948;PAÑUELOS  DESECHABLES  ELITE  PROFESSIONAL  FACIAL  DOBLE  HOJA  21X14  CM  42  CAJAS  50  UNIDADES  REGIÓN  IX;PAÑUELOS  DESECHABLES;20546;20545;0;1030;21161350;No;CASTILLA  Y  ARAGON  SPA;CASTILLA  Y  ARAGON  SPA;96.989.530-7
2239-9-LR22;5800319;Convenio  Marco  de  Artículos  de  Aseo  e  Higiene;707423-15-CM25;52301458;Orden  de  Compra  generada  por  la  Gran  Compra:  74815;2025-03-28;1900-01-01;2025-01-24;2025-02-07;Recepción  Conforme;74815;70.574.900-0;Regional  Araucania;FUNDACION  EDUCACIONAL  PARA  EL  DESAROLLO  INTEGRAL  DE  LA  NIÑEZ;Claro  Solar  Nº  1148;Temuco;FUNDACION  EDUCACIONAL  PARA  EL  DESAROLLO  INTEGRAL  DE  LA  NIÑEZ;1946907;TOALLA  DE  PAPEL  ELITE  EVOLUTION+  250  METROS  2  ROLLOS  1  PAQUETE  REGIÓN  IX;TOALLA  DE  PAPEL;18406;9428;49;13500;127278000;No;DISTRIBUIDORA  Y  COMERCIAL  DIMAK  LIMITADA;DISTRIBUIDORA  Y  COMERCIAL  DIMAK  LIMITADA;78.809.560-0
2239-9-LR22;5800319;Convenio  Marco  de  Artículos  de  Aseo  e  Higiene;707423-15-CM25;52301458;Orden  de  Compra  generada  por  la  Gran  Compra:  74815;2025-03-28;1900-01-01;2025-01-24;2025-02-07;Recepción  Conforme;74815;70.574.900-0;Regional  Araucania;FUNDACION  EDUCACIONAL  PARA  EL  DESAROLLO  INTEGRAL  DE  LA  NIÑEZ;Claro  Solar  Nº  1148;Temuco;FUNDACION  EDUCACIONAL  PARA  EL  DESAROLLO  INTEGRAL  DE  LA  NIÑEZ;1912488;LÍQUIDO  LIMPIAVIDRIOS  VIRUTEX  BOTELLA  C/PULVERIZADOR  500  CC  UNIDAD  REGIÓN  IX;LÍQUIDO  LIMPIAVIDRIOS;997;959;4;790;757610;No;SERVICIOS  INTEGRADOS  SIDAPT  LIMITADA;SERVICIOS  INTEGRADOS  SIDAPT  LIMITADA;76.299.358-9
2239-9-LR22;5800319;Convenio  Marco  de  Artículos  de  Aseo  e  Higiene;707423-15-CM25;52301458;Orden  de  Compra  generada  por  la  Gran  Compra:  74815;2025-03-28;1900-01-01;2025-01-24;2025-02-07;Recepción  Conforme;74815;70.574.900-0;Regional  Araucania;FUNDACION  EDUCACIONAL  PARA  EL  DESAROLLO  INTEGRAL  DE  LA  NIÑEZ;Claro  Solar  Nº  1148;Temuco;FUNDACION  EDUCACIONAL  PARA  EL  DESAROLLO  INTEGRAL  DE  LA  NIÑEZ;1919169;PAÑUELOS  DESECHABLES  TORK  FACIAL  DOBLE  HOJA  21X21  CM  30  CAJAS  100  UNIDADES  REGIÓN  IX;PAÑUELOS  DESECHABLES;28700;28472;1;1030;29326160;No;SERVICIOS  INTEGRADOS  SIDAPT  LIMITADA;SERVICIOS  INTEGRADOS  SIDAPT  LIMITADA;76.299.358-9
2239-9-LR22;5800319;Convenio  Marco  de  Artículos  de  Aseo  e  Higiene;707423-15-CM25;52301458;Orden  de  Compra  generada  por  la  Gran  Compra:  74815;2025-03-28;1900-01-01;2025-01-24;2025-02-07;Recepción  Conforme;74815;70.574.900-0;Regional  Araucania;FUNDACION  EDUCACIONAL  PARA  EL  DESAROLLO  INTEGRAL  DE  LA  NIÑEZ;Claro  Solar  Nº  1148;Temuco;FUNDACION  EDUCACIONAL  PARA  EL  DESAROLLO  INTEGRAL  DE  LA  NIÑEZ;1913678;PALA  DE  ASEO  VIRUTEX  PRO  PLÁSTICA  MANGO  LARGO  90  CM  UNIDAD  REGIÓN  IX;PALA  DE  ASEO;1612;1890;-17;500;945000;No;MARYUN  SEGURIDAD  INDUSTRIAL  SPA;MARYUN  SEGURIDAD  INDUSTRIAL  SPA;77.084.730-3
2239-9-LR22;5800319;Convenio  Marco  de  Artículos  de  Aseo  e  Higiene;707423-15-CM25;52301458;Orden  de  Compra  generada  por  la  Gran  Compra:  74815;2025-03-28;1900-01-01;2025-01-24;2025-02-07;Recepción  Conforme;74815;70.574.900-0;Regional  Araucania;FUNDACION  EDUCACIONAL  PARA  EL  DESAROLLO  INTEGRAL  DE  LA  NIÑEZ;Claro  Solar  Nº  1148;Temuco;FUNDACION  EDUCACIONAL  PARA  EL  DESAROLLO  INTEGRAL  DE  LA  NIÑEZ;1918880;PAÑUELOS  DESECHABLES  ELITE  FACIAL  DOBLE  HOJA  21X21  CM  42  CAJAS  50  UNIDADES  REGIÓN  IX;PAÑUELOS  DESECHABLES;14911;19500;-31;1030;20085000;No;MARYUN  SEGURIDAD  INDUSTRIAL  SPA;MARYUN  SEGURIDAD  INDUSTRIAL  SPA;77.084.730-3
2239-9-LR22;5800319;Convenio  Marco  de  Artículos  de  Aseo  e  Higiene;707423-15-CM25;52301458;Orden  de  Compra  generada  por  la  Gran  Compra:  74815;2025-03-28;1900-01-01;2025-01-24;2025-02-07;Recepción  Conforme;74815;70.574.900-0;Regional  Araucania;FUNDACION  EDUCACIONAL  PARA  EL  DESAROLLO  INTEGRAL  DE  LA  NIÑEZ;Claro  Solar  Nº  1148;Temuco;FUNDACION  EDUCACIONAL  PARA  EL  DESAROLLO  INTEGRAL  DE  LA  NIÑEZ;1908850;LAVALOZAS  CONCENTRADO  LAVADO  MANUAL  IMPEKE  ANTIGRASA  CÍTRICO  750  ML  UNIDAD  REGIÓN  IX;LAVALOZAS  CONCENTRADO  LAVADO  MANUAL;1149;883;23;750;662250;Si;PROVEEDORES  INTEGRALES  PRISA  S  A;PROVEEDORES  INTEGRALES  PRISA  S  A;96.556.940-5
2239-9-LR22;5800319;Convenio  Marco  de  Artículos  de  Aseo  e  Higiene;707423-15-CM25;52301458;Orden  de  Compra  generada  por  la  Gran  Compra:  74815;2025-03-28;1900-01-01;2025-01-24;2025-02-07;Recepción  Conforme;74815;70.574.900-0;Regional  Araucania;FUNDACION  EDUCACIONAL  PARA  EL  DESAROLLO  INTEGRAL  DE  LA  NIÑEZ;Claro  Solar  Nº  1148;Temuco;FUNDACION  EDUCACIONAL  PARA  EL  DESAROLLO  INTEGRAL  DE  LA  NIÑEZ;1943605;TOALLA  DE  PAPEL  TORK  SABANILLA  UNIVERSAL  48  M  BOLSA  2  ROLLOS  REGIÓN  IX;TOALLA  DE  PAPEL;7444;3760;49;200;752000;No;SERVICIOS  INTEGRADOS  SIDAPT  LIMITADA;SERVICIOS  INTEGRADOS  SIDAPT  LIMITADA;76.299.358-9
2239-9-LR22;5800319;Convenio  Marco  de  Artículos  de  Aseo  e  Higiene;707423-15-CM25;52301458;Orden  de  Compra  generada  por  la  Gran  Compra:  74815;2025-03-28;1900-01-01;2025-01-24;2025-02-07;Recepción  Conforme;74815;70.574.900-0;Regional  Araucania;FUNDACION  EDUCACIONAL  PARA  EL  DESAROLLO  INTEGRAL  DE  LA  NIÑEZ;Claro  Solar  Nº  1148;Temuco;FUNDACION  EDUCACIONAL  PARA  EL  DESAROLLO  INTEGRAL  DE  LA  NIÑEZ;1945339;CLORO  GEL    TREMEX  SIN  AROMA  BOTELLA  900  ML  UNIDAD  REGIÓN  IX;CLORO  GEL;1772;1559;12;270;420930;No;CASTILLA  Y  ARAGON  SPA;CASTILLA  Y  ARAGON  SPA;96.989.530-7
2239-9-LR22;5800319;Convenio  Marco  de  Artículos  de  Aseo  e  Higiene;707423-15-CM25;52301458;Orden  de  Compra  generada  por  la  Gran  Compra:  74815;2025-03-28;1900-01-01;2025-01-24;2025-02-07;Recepción  Conforme;74815;70.574.900-0;Regional  Araucania;FUNDACION  EDUCACIONAL  PARA  EL  DESAROLLO  INTEGRAL  DE  LA  NIÑEZ;Claro  Solar  Nº  1148;Temuco;FUNDACION  EDUCACIONAL  PARA  EL  DESAROLLO  INTEGRAL  DE  LA  NIÑEZ;1923470;SERVILLETAS  DESECHABLES  TORK  CÓCTEL  HOJA  SIMPLE  200  UNIDADES  1  PAQUETE  REGIÓN  IX;SERVILLETAS  DESECHABLES;943;798;15;16650;13286700;Si;PROVEEDORES  INTEGRALES  PRISA  S  A;PROVEEDORES  INTEGRALES  PRISA  S  A;96.556.940-5
2239-9-LR22;5800319;Convenio  Marco  de  Artículos  de  Aseo  e  Higiene;707423-15-CM25;52301458;Orden  de  Compra  generada  por  la  Gran  Compra:  74815;2025-03-28;1900-01-01;2025-01-24;2025-02-07;Recepción  Conforme;74815;70.574.900-0;Regional  Araucania;FUNDACION  EDUCACIONAL  PARA  EL  DESAROLLO  INTEGRAL  DE  LA  NIÑEZ;Claro  Solar  Nº  1148;Temuco;FUNDACION  EDUCACIONAL  PARA  EL  DESAROLLO  INTEGRAL  DE  LA  NIÑEZ;1913678;PALA  DE  ASEO  VIRUTEX  PRO  PLÁSTICA  MANGO  LARGO  90  CM  UNIDAD  REGIÓN  IX;PALA  DE  ASEO;1611;1610;0;500;805000;No;SERVICIOS  INTEGRADOS  SIDAPT  LIMITADA;SERVICIOS  INTEGRADOS  SIDAPT  LIMITADA;76.299.358-9
2239-9-LR22;5800319;Convenio  Marco  de  Artículos  de  Aseo  e  Higiene;707423-15-CM25;52301458;Orden  de  Compra  generada  por  la  Gran  Compra:  74815;2025-03-28;1900-01-01;2025-01-24;2025-02-07;Recepción  Conforme;74815;70.574.900-0;Regional  Araucania;FUNDACION  EDUCACIONAL  PARA  EL  DESAROLLO  INTEGRAL  DE  LA  NIÑEZ;Claro  Solar  Nº  1148;Temuco;FUNDACION  EDUCACIONAL  PARA  EL  DESAROLLO  INTEGRAL  DE  LA  NIÑEZ;1920036;PAPEL  HIGIÉNICO  ELITE  ALTO  METRAJE  DOBLE  HOJA  6  ROLLOS  250  M  1  PAQUETE  REGIÓN  IX;PAPEL  HIGIÉNICO;17499;16499;6;2520;41577480;No;CASTILLA  Y  ARAGON  SPA;CASTILLA  Y  ARAGON  SPA;96.989.530-7
2239-9-LR22;5800319;Convenio  Marco  de  Artículos  de  Aseo  e  Higiene;707423-15-CM25;52301458;Orden  de  Compra  generada  por  la  Gran  Compra:  74815;2025-03-28;1900-01-01;2025-01-24;2025-02-07;Recepción  Conforme;74815;70.574.900-0;Regional  Araucania;FUNDACION  EDUCACIONAL  PARA  EL  DESAROLLO  INTEGRAL  DE  LA  NIÑEZ;Claro  Solar  Nº  1148;Temuco;FUNDACION  EDUCACIONAL  PARA  EL  DESAROLLO  INTEGRAL  DE  LA  NIÑEZ;1903750;ESPONJA  VIRUTEX  ACANALADA  C/FIBRA  ABRASIVA  UNIDAD  REGIÓN  IX;ESPONJA;325;325;0;1600;520000;No;CASTILLA  Y  ARAGON  SPA;CASTILLA  Y  ARAGON  SPA;96.989.530-7
2239-9-LR22;5800319;Convenio  Marco  de  Artículos  de  Aseo  e  Higiene;707423-15-CM25;52301458;Orden  de  Compra  generada  por  la  Gran  Compra:  74815;2025-03-28;1900-01-01;2025-01-24;2025-02-07;Recepción  Conforme;74815;70.574.900-0;Regional  Araucania;FUNDACION  EDUCACIONAL  PARA  EL  DESAROLLO  INTEGRAL  DE  LA  NIÑEZ;Claro  Solar  Nº  1148;Temuco;FUNDACION  EDUCACIONAL  PARA  EL  DESAROLLO  INTEGRAL  DE  LA  NIÑEZ;1946890;TOALLA  DE  PAPEL  ELITE  SABANILLA  PLUS  48  METROS  2  ROLLOS  UNIDAD  REGIÓN  IX;TOALLA  DE  PAPEL;4590;5250;-14;200;1050000;No;MARYUN  SEGURIDAD  INDUSTRIAL  SPA;MARYUN  SEGURIDAD  INDUSTRIAL  SPA;77.084.730-3
2239-9-LR22;5800319;Convenio  Marco  de  Artículos  de  Aseo  e  Higiene;707423-15-CM25;52301458;Orden  de  Compra  generada  por  la  Gran  Compra:  74815;2025-03-28;1900-01-01;2025-01-24;2025-02-07;Recepción  Conforme;74815;70.574.900-0;Regional  Araucania;FUNDACION  EDUCACIONAL  PARA  EL  DESAROLLO  INTEGRAL  DE  LA  NIÑEZ;Claro  Solar  Nº  1148;Temuco;FUNDACION  EDUCACIONAL  PARA  EL  DESAROLLO  INTEGRAL  DE  LA  NIÑEZ;1945339;CLORO  GEL    TREMEX  SIN  AROMA  BOTELLA  900  ML  UNIDAD  REGIÓN  IX;CLORO  GEL;1785;1385;22;270;373950;No;COMERCIAL  MUNOZ  Y  COMPANIA  LIMITADA;COMERCIAL  MUNOZ  Y  COMPANIA  LIMITADA;78.906.980-8
2239-9-LR22;5800319;Convenio  Marco  de  Artículos  de  Aseo  e  Higiene;707423-15-CM25;52301458;Orden  de  Compra  generada  por  la  Gran  Compra:  74815;2025-03-28;1900-01-01;2025-01-24;2025-02-07;Recepción  Conforme;74815;70.574.900-0;Regional  Araucania;FUNDACION  EDUCACIONAL  PARA  EL  DESAROLLO  INTEGRAL  DE  LA  NIÑEZ;Claro  Solar  Nº  1148;Temuco;FUNDACION  EDUCACIONAL  PARA  EL  DESAROLLO  INTEGRAL  DE  LA  NIÑEZ;1913066;PALA  DE  ASEO  LIVE  PLÁSTICA  MANGO  CORTO  74  CM  UNIDAD  REGIÓN  IX;PALA  DE  ASEO;2058;990;52;500;495000;No;COMERCIAL  MUNOZ  Y  COMPANIA  LIMITADA;COMERCIAL  MUNOZ  Y  COMPANIA  LIMITADA;78.906.980-8
2239-9-LR22;5800319;Convenio  Marco  de  Artículos  de  Aseo  e  Higiene;707423-15-CM25;52301458;Orden  de  Compra  generada  por  la  Gran  Compra:  74815;2025-03-28;1900-01-01;2025-01-24;2025-02-07;Recepción  Conforme;74815;70.574.900-0;Regional  Araucania;FUNDACION  EDUCACIONAL  PARA  EL  DESAROLLO  INTEGRAL  DE  LA  NIÑEZ;Claro  Solar  Nº  1148;Temuco;FUNDACION  EDUCACIONAL  PARA  EL  DESAROLLO  INTEGRAL  DE  LA  NIÑEZ;1945339;CLORO  GEL    TREMEX  SIN  AROMA  BOTELLA  900  ML  UNIDAD  REGIÓN  IX;CLORO  GEL;1781;1195;33;270;322650;Si;PROVEEDORES  INTEGRALES  PRISA  S  A;PROVEEDORES  INTEGRALES  PRISA  S  A;96.556.940-5
2239-9-LR22;5800319;Convenio  Marco  de  Artículos  de  Aseo  e  Higiene;707423-15-CM25;52301458;Orden  de  Compra  generada  por  la  Gran  Compra:  74815;2025-03-28;1900-01-01;2025-01-24;2025-02-07;Recepción  Conforme;74815;70.574.900-0;Regional  Araucania;FUNDACION  EDUCACIONAL  PARA  EL  DESAROLLO  INTEGRAL  DE  LA  NIÑEZ;Claro  Solar  Nº  1148;Temuco;FUNDACION  EDUCACIONAL  PARA  EL  DESAROLLO  INTEGRAL  DE  LA  NIÑEZ;1946907;TOALLA  DE  PAPEL  ELITE  EVOLUTION+  250  METROS  2  ROLLOS  1  PAQUETE  REGIÓN  IX;TOALLA  DE  PAPEL;15423;10390;33;13500;140265000;No;COMERCIAL  MUNOZ  Y  COMPANIA  LIMITADA;COMERCIAL  MUNOZ  Y  COMPANIA  LIMITADA;78.906.980-8
2239-9-LR22;5800319;Convenio  Marco  de  Artículos  de  Aseo  e  Higiene;707423-15-CM25;52301458;Orden  de  Compra  generada  por  la  Gran  Compra:  74815;2025-03-28;1900-01-01;2025-01-24;2025-02-07;Recepción  Conforme;74815;70.574.900-0;Regional  Araucania;FUNDACION  EDUCACIONAL  PARA  EL  DESAROLLO  INTEGRAL  DE  LA  NIÑEZ;Claro  Solar  Nº  1148;Temuco;FUNDACION  EDUCACIONAL  PARA  EL  DESAROLLO  INTEGRAL  DE  LA  NIÑEZ;1918846;PAÑUELOS  DESECHABLES  ELITE  FACIAL  DOBLE  HOJA  21X14  CM  42  CAJAS  50  UNIDADES  REGIÓN  IX;PAÑUELOS  DESECHABLES;22500;20320;10;1030;20929600;No;COMERCIAL  MUNOZ  Y  COMPANIA  LIMITADA;COMERCIAL  MUNOZ  Y  COMPANIA  LIMITADA;78.906.980-8
2239-9-LR22;5800319;Convenio  Marco  de  Artículos  de  Aseo  e  Higiene;707423-15-CM25;52301458;Orden  de  Compra  generada  por  la  Gran  Compra:  74815;2025-03-28;1900-01-01;2025-01-24;2025-02-07;Recepción  Conforme;74815;70.574.900-0;Regional  Araucania;FUNDACION  EDUCACIONAL  PARA  EL  DESAROLLO  INTEGRAL  DE  LA  NIÑEZ;Claro  Solar  Nº  1148;Temuco;FUNDACION  EDUCACIONAL  PARA  EL  DESAROLLO  INTEGRAL  DE  LA  NIÑEZ;1923878;TOALLA  DE  PAPEL  ECO  ROLL  HOJA  SIMPLE  250  M  2  ROLLOS  REGIÓN  IX;TOALLA  DE  PAPEL;7506;7399;1;13500;99886500;No;CASTILLA  Y  ARAGON  SPA;CASTILLA  Y  ARAGON  SPA;96.989.530-7
2239-9-LR22;5800319;Convenio  Marco  de  Artículos  de  Aseo  e  Higiene;707423-15-CM25;52301458;Orden  de  Compra  generada  por  la  Gran  Compra:  74815;2025-03-28;1900-01-01;2025-01-24;2025-02-07;Recepción  Conforme;74815;70.574.900-0;Regional  Araucania;FUNDACION  EDUCACIONAL  PARA  EL  DESAROLLO  INTEGRAL  DE  LA  NIÑEZ;Claro  Solar  Nº  1148;Temuco;FUNDACION  EDUCACIONAL  PARA  EL  DESAROLLO  INTEGRAL  DE  LA  NIÑEZ;1920801;PAPEL  HIGIÉNICO  OVELLA  ALTO  METRAJE  DOBLE  HOJA  6  ROLLOS  250  M  1  PAQUETE  REGIÓN  IX;PAPEL  HIGIÉNICO;12530;13059;-4;2520;32908680;No;DISTRIBUIDORA  PAPELES  INDUSTRIALES  SPA;Distribuidora  Papeles  Industriales  S.A.;93.558.000-5
2239-9-LR22;5800319;Convenio  Marco  de  Artículos  de  Aseo  e  Higiene;707423-15-CM25;52301458;Orden  de  Compra  generada  por  la  Gran  Compra:  74815;2025-03-28;1900-01-01;2025-01-24;2025-02-07;Recepción  Conforme;74815;70.574.900-0;Regional  Araucania;FUNDACION  EDUCACIONAL  PARA  EL  DESAROLLO  INTEGRAL  DE  LA  NIÑEZ;Claro  Solar  Nº  1148;Temuco;FUNDACION  EDUCACIONAL  PARA  EL  DESAROLLO  INTEGRAL  DE  LA  NIÑEZ;1920036;PAPEL  HIGIÉNICO  ELITE  ALTO  METRAJE  DOBLE  HOJA  6  ROLLOS  250  M  1  PAQUETE  REGIÓN  IX;PAPEL  HIGIÉNICO;16512;13206;20;2520;33279120;No;DISTRIBUIDORA  Y  COMERCIAL  DIMAK  LIMITADA;DISTRIBUIDORA  Y  COMERCIAL  DIMAK  LIMITADA;78.809.560-0
2239-9-LR22;5800319;Convenio  Marco  de  Artículos  de  Aseo  e  Higiene;707423-15-CM25;52301458;Orden  de  Compra  generada  por  la  Gran  Compra:  74815;2025-03-28;1900-01-01;2025-01-24;2025-02-07;Recepción  Conforme;74815;70.574.900-0;Regional  Araucania;FUNDACION  EDUCACIONAL  PARA  EL  DESAROLLO  INTEGRAL  DE  LA  NIÑEZ;Claro  Solar  Nº  1148;Temuco;FUNDACION  EDUCACIONAL  PARA  EL  DESAROLLO  INTEGRAL  DE  LA  NIÑEZ;1913644;PALA  DE  ASEO  VIRUTEX  PRO  PLÁSTICA  MANGO  LARGO  80  CM  UNIDAD  REGIÓN  IX;PALA  DE  ASEO;1778;1567;12;500;783500;Si;PROVEEDORES  INTEGRALES  PRISA  S  A;PROVEEDORES  INTEGRALES  PRISA  S  A;96.556.940-5
2239-9-LR22;5800319;Convenio  Marco  de  Artículos  de  Aseo  e  Higiene;707423-15-CM25;52301458;Orden  de  Compra  generada  por  la  Gran  Compra:  74815;2025-03-28;1900-01-01;2025-01-24;2025-02-07;Recepción  Conforme;74815;70.574.900-0;Regional  Araucania;FUNDACION  EDUCACIONAL  PARA  EL  DESAROLLO  INTEGRAL  DE  LA  NIÑEZ;Claro  Solar  Nº  1148;Temuco;FUNDACION  EDUCACIONAL  PARA  EL  DESAROLLO  INTEGRAL  DE  LA  NIÑEZ;1920036;PAPEL  HIGIÉNICO  ELITE  ALTO  METRAJE  DOBLE  HOJA  6  ROLLOS  250  M  1  PAQUETE  REGIÓN  IX;PAPEL  HIGIÉNICO;17501;12990;26;2520;32734800;No;COMERCIAL  MUNOZ  Y  COMPANIA  LIMITADA;COMERCIAL  MUNOZ  Y  COMPANIA  LIMITADA;78.906.980-8
2239-9-LR22;5800319;Convenio  Marco  de  Artículos  de  Aseo  e  Higiene;707423-15-CM25;52301458;Orden  de  Compra  generada  por  la  Gran  Compra:  74815;2025-03-28;1900-01-01;2025-01-24;2025-02-07;Recepción  Conforme;74815;70.574.900-0;Regional  Araucania;FUNDACION  EDUCACIONAL  PARA  EL  DESAROLLO  INTEGRAL  DE  LA  NIÑEZ;Claro  Solar  Nº  1148;Temuco;FUNDACION  EDUCACIONAL  PARA  EL  DESAROLLO  INTEGRAL  DE  LA  NIÑEZ;1946907;TOALLA  DE  PAPEL  ELITE  EVOLUTION+  250  METROS  2  ROLLOS  1  PAQUETE  REGIÓN  IX;TOALLA  DE  PAPEL;15328;8905;42;13500;120217500;Si;PROVEEDORES  INTEGRALES  PRISA  S  A;PROVEEDORES  INTEGRALES  PRISA  S  A;96.556.940-5
2239-9-LR22;5800319;Convenio  Marco  de  Artículos  de  Aseo  e  Higiene;707423-15-CM25;52301458;Orden  de  Compra  generada  por  la  Gran  Compra:  74815;2025-03-28;1900-01-01;2025-01-24;2025-02-07;Recepción  Conforme;74815;70.574.900-0;Regional  Araucania;FUNDACION  EDUCACIONAL  PARA  EL  DESAROLLO  INTEGRAL  DE  LA  NIÑEZ;Claro  Solar  Nº  1148;Temuco;FUNDACION  EDUCACIONAL  PARA  EL  DESAROLLO  INTEGRAL  DE  LA  NIÑEZ;1923470;SERVILLETAS  DESECHABLES  TORK  CÓCTEL  HOJA  SIMPLE  200  UNIDADES  1  PAQUETE  REGIÓN  IX;SERVILLETAS  DESECHABLES;964;805;16;16650;13403250;No;COMERCIAL  MUNOZ  Y  COMPANIA  LIMITADA;COMERCIAL  MUNOZ  Y  COMPANIA  LIMITADA;78.906.980-8
2239-9-LR22;5800319;Convenio  Marco  de  Artículos  de  Aseo  e  Higiene;707423-15-CM25;52301458;Orden  de  Compra  generada  por  la  Gran  Compra:  74815;2025-03-28;1900-01-01;2025-01-24;2025-02-07;Recepción  Conforme;74815;70.574.900-0;Regional  Araucania;FUNDACION  EDUCACIONAL  PARA  EL  DESAROLLO  INTEGRAL  DE  LA  NIÑEZ;Claro  Solar  Nº  1148;Temuco;FUNDACION  EDUCACIONAL  PARA  EL  DESAROLLO  INTEGRAL  DE  LA  NIÑEZ;1918846;PAÑUELOS  DESECHABLES  ELITE  FACIAL  DOBLE  HOJA  21X14  CM  42  CAJAS  50  UNIDADES  REGIÓN  IX;PAÑUELOS  DESECHABLES;21745;18774;14;1030;19337220;No;DISTRIBUIDORA  Y  COMERCIAL  DIMAK  LIMITADA;DISTRIBUIDORA  Y  COMERCIAL  DIMAK  LIMITADA;78.809.560-0
2239-9-LR22;5800319;Convenio  Marco  de  Artículos  de  Aseo  e  Higiene;707423-15-CM25;52301458;Orden  de  Compra  generada  por  la  Gran  Compra:  74815;2025-03-28;1900-01-01;2025-01-24;2025-02-07;Recepción  Conforme;74815;70.574.900-0;Regional  Araucania;FUNDACION  EDUCACIONAL  PARA  EL  DESAROLLO  INTEGRAL  DE  LA  NIÑEZ;Claro  Solar  Nº  1148;Temuco;FUNDACION  EDUCACIONAL  PARA  EL  DESAROLLO  INTEGRAL  DE  LA  NIÑEZ;1923470;SERVILLETAS  DESECHABLES  TORK  CÓCTEL  HOJA  SIMPLE  200  UNIDADES  1  PAQUETE  REGIÓN  IX;SERVILLETAS  DESECHABLES;876;985;-12;16650;16400250;No;MARYUN  SEGURIDAD  INDUSTRIAL  SPA;MARYUN  SEGURIDAD  INDUSTRIAL  SPA;77.084.730-3
2239-9-LR22;5800319;Convenio  Marco  de  Artículos  de  Aseo  e  Higiene;707423-15-CM25;52301458;Orden  de  Compra  generada  por  la  Gran  Compra:  74815;2025-03-28;1900-01-01;2025-01-24;2025-02-07;Recepción  Conforme;74815;70.574.900-0;Regional  Araucania;FUNDACION  EDUCACIONAL  PARA  EL  DESAROLLO  INTEGRAL  DE  LA  NIÑEZ;Claro  Solar  Nº  1148;Temuco;FUNDACION  EDUCACIONAL  PARA  EL  DESAROLLO  INTEGRAL  DE  LA  NIÑEZ;1903750;ESPONJA  VIRUTEX  ACANALADA  C/FIBRA  ABRASIVA  UNIDAD  REGIÓN  IX;ESPONJA;357;300;16;1600;480000;No;COMERCIAL  MUNOZ  Y  COMPANIA  LIMITADA;COMERCIAL  MUNOZ  Y  COMPANIA  LIMITADA;78.906.980-8
2239-9-LR22;5800319;Convenio  Marco  de  Artículos  de  Aseo  e  Higiene;707423-15-CM25;52301458;Orden  de  Compra  generada  por  la  Gran  Compra:  74815;2025-03-28;1900-01-01;2025-01-24;2025-02-07;Recepción  Conforme;74815;70.574.900-0;Regional  Araucania;FUNDACION  EDUCACIONAL  PARA  EL  DESAROLLO  INTEGRAL  DE  LA  NIÑEZ;Claro  Solar  Nº  1148;Temuco;FUNDACION  EDUCACIONAL  PARA  EL  DESAROLLO  INTEGRAL  DE  LA  NIÑEZ;1946873;TOALLA  DE  PAPEL    LIVE  SABANILLA  48  METROS  2  ROLLOS  UNIDAD  REGIÓN  IX;TOALLA  DE  PAPEL;7504;3690;51;200;738000;No;COMERCIAL  MUNOZ  Y  COMPANIA  LIMITADA;COMERCIAL  MUNOZ  Y  COMPANIA  LIMITADA;78.906.980-8
2239-9-LR22;5800319;Convenio  Marco  de  Artículos  de  Aseo  e  Higiene;707423-15-CM25;52301458;Orden  de  Compra  generada  por  la  Gran  Compra:  74815;2025-03-28;1900-01-01;2025-01-24;2025-02-07;Recepción  Conforme;74815;70.574.900-0;Regional  Araucania;FUNDACION  EDUCACIONAL  PARA  EL  DESAROLLO  INTEGRAL  DE  LA  NIÑEZ;Claro  Solar  Nº  1148;Temuco;FUNDACION  EDUCACIONAL  PARA  EL  DESAROLLO  INTEGRAL  DE  LA  NIÑEZ;1946907;TOALLA  DE  PAPEL  ELITE  EVOLUTION+  250  METROS  2  ROLLOS  1  PAQUETE  REGIÓN  IX;TOALLA  DE  PAPEL;9503;11470;-21;13500;154845000;No;MARYUN  SEGURIDAD  INDUSTRIAL  SPA;MARYUN  SEGURIDAD  INDUSTRIAL  SPA;77.084.730-3
2239-9-LR22;5800319;Convenio  Marco  de  Artículos  de  Aseo  e  Higiene;707423-15-CM25;52301458;Orden  de  Compra  generada  por  la  Gran  Compra:  74815;2025-03-28;1900-01-01;2025-01-24;2025-02-07;Recepción  Conforme;74815;70.574.900-0;Regional  Araucania;FUNDACION  EDUCACIONAL  PARA  EL  DESAROLLO  INTEGRAL  DE  LA  NIÑEZ;Claro  Solar  Nº  1148;Temuco;FUNDACION  EDUCACIONAL  PARA  EL  DESAROLLO  INTEGRAL  DE  LA  NIÑEZ;1946890;TOALLA  DE  PAPEL  ELITE  SABANILLA  PLUS  48  METROS  2  ROLLOS  UNIDAD  REGIÓN  IX;TOALLA  DE  PAPEL;6307;4644;26;200;928800;Si;PROVEEDORES  INTEGRALES  PRISA  S  A;PROVEEDORES  INTEGRALES  PRISA  S  A;96.556.940-5
2239-9-LR22;5800319;Convenio  Marco  de  Artículos  de  Aseo  e  Higiene;707423-15-CM25;52301458;Orden  de  Compra  generada  por  la  Gran  Compra:  74815;2025-03-28;1900-01-01;2025-01-24;2025-02-07;Recepción  Conforme;74815;70.574.900-0;Regional  Araucania;FUNDACION  EDUCACIONAL  PARA  EL  DESAROLLO  INTEGRAL  DE  LA  NIÑEZ;Claro  Solar  Nº  1148;Temuco;FUNDACION  EDUCACIONAL  PARA  EL  DESAROLLO  INTEGRAL  DE  LA  NIÑEZ;1923266;SERVILLETAS  DESECHABLES  REGIO  CÓCTEL  HOJA  SIMPLE  200  UNIDADES  1  PAQUETE  REGIÓN  IX;SERVILLETAS  DESECHABLES;937;870;7;16650;14485500;No;CASTILLA  Y  ARAGON  SPA;CASTILLA  Y  ARAGON  SPA;96.989.530-7
2239-9-LR22;5800319;Convenio  Marco  de  Artículos  de  Aseo  e  Higiene;707423-15-CM25;52301458;Orden  de  Compra  generada  por  la  Gran  Compra:  74815;2025-03-28;1900-01-01;2025-01-24;2025-02-07;Recepción  Conforme;74815;70.574.900-0;Regional  Araucania;FUNDACION  EDUCACIONAL  PARA  EL  DESAROLLO  INTEGRAL  DE  LA  NIÑEZ;Claro  Solar  Nº  1148;Temuco;FUNDACION  EDUCACIONAL  PARA  EL  DESAROLLO  INTEGRAL  DE  LA  NIÑEZ;1946890;TOALLA  DE  PAPEL  ELITE  SABANILLA  PLUS  48  METROS  2  ROLLOS  UNIDAD  REGIÓN  IX;TOALLA  DE  PAPEL;7147;5999;16;200;1199800;No;CASTILLA  Y  ARAGON  SPA;CASTILLA  Y  ARAGON  SPA;96.989.530-7
2239-9-LR22;5800319;Convenio  Marco  de  Artículos  de  Aseo  e  Higiene;707423-15-CM25;52301458;Orden  de  Compra  generada  por  la  Gran  Compra:  74815;2025-03-28;1900-01-01;2025-01-24;2025-02-07;Recepción  Conforme;74815;70.574.900-0;Regional  Araucania;FUNDACION  EDUCACIONAL  PARA  EL  DESAROLLO  INTEGRAL  DE  LA  NIÑEZ;Claro  Solar  Nº  1148;Temuco;FUNDACION  EDUCACIONAL  PARA  EL  DESAROLLO  INTEGRAL  DE  LA  NIÑEZ;1923470;SERVILLETAS  DESECHABLES  TORK  CÓCTEL  HOJA  SIMPLE  200  UNIDADES  1  PAQUETE  REGIÓN  IX;SERVILLETAS  DESECHABLES;914;780;15;16650;12987000;No;SERVICIOS  INTEGRADOS  SIDAPT  LIMITADA;SERVICIOS  INTEGRADOS  SIDAPT  LIMITADA;76.299.358-9
2239-9-LR22;5800319;Convenio  Marco  de  Artículos  de  Aseo  e  Higiene;707423-15-CM25;52301458;Orden  de  Compra  generada  por  la  Gran  Compra:  74815;2025-03-28;1900-01-01;2025-01-24;2025-02-07;Recepción  Conforme;74815;70.574.900-0;Regional  Araucania;FUNDACION  EDUCACIONAL  PARA  EL  DESAROLLO  INTEGRAL  DE  LA  NIÑEZ;Claro  Solar  Nº  1148;Temuco;FUNDACION  EDUCACIONAL  PARA  EL  DESAROLLO  INTEGRAL  DE  LA  NIÑEZ;1908850;LAVALOZAS  CONCENTRADO  LAVADO  MANUAL  IMPEKE  ANTIGRASA  CÍTRICO  750  ML  UNIDAD  REGIÓN  IX;LAVALOZAS  CONCENTRADO  LAVADO  MANUAL;1069;1069;0;750;801750;No;CASTILLA  Y  ARAGON  SPA;CASTILLA  Y  ARAGON  SPA;96.989.530-7
2239-9-LR22;5800319;Convenio  Marco  de  Artículos  de  Aseo  e  Higiene;707423-15-CM25;52301458;Orden  de  Compra  generada  por  la  Gran  Compra:  74815;2025-03-28;1900-01-01;2025-01-24;2025-02-07;Recepción  Conforme;74815;70.574.900-0;Regional  Araucania;FUNDACION  EDUCACIONAL  PARA  EL  DESAROLLO  INTEGRAL  DE  LA  NIÑEZ;Claro  Solar  Nº  1148;Temuco;FUNDACION  EDUCACIONAL  PARA  EL  DESAROLLO  INTEGRAL  DE  LA  NIÑEZ;1913678;PALA  DE  ASEO  VIRUTEX  PRO  PLÁSTICA  MANGO  LARGO  90  CM  UNIDAD  REGIÓN  IX;PALA  DE  ASEO;1758;1755;0;500;877500;No;CASTILLA  Y  ARAGON  SPA;CASTILLA  Y  ARAGON  SPA;96.989.530-7
2239-9-LR22;5800319;Convenio  Marco  de  Artículos  de  Aseo  e  Higiene;707423-15-CM25;52301458;Orden  de  Compra  generada  por  la  Gran  Compra:  74815;2025-03-28;1900-01-01;2025-01-24;2025-02-07;Recepción  Conforme;74815;70.574.900-0;Regional  Araucania;FUNDACION  EDUCACIONAL  PARA  EL  DESAROLLO  INTEGRAL  DE  LA  NIÑEZ;Claro  Solar  Nº  1148;Temuco;FUNDACION  EDUCACIONAL  PARA  EL  DESAROLLO  INTEGRAL  DE  LA  NIÑEZ;1920036;PAPEL  HIGIÉNICO  ELITE  ALTO  METRAJE  DOBLE  HOJA  6  ROLLOS  250  M  1  PAQUETE  REGIÓN  IX;PAPEL  HIGIÉNICO;16622;13026;22;2520;32825520;Si;PROVEEDORES  INTEGRALES  PRISA  S  A;PROVEEDORES  INTEGRALES  PRISA  S  A;96.556.940-5
2239-9-LR22;5800319;Convenio  Marco  de  Artículos  de  Aseo  e  Higiene;707423-15-CM25;52301458;Orden  de  Compra  generada  por  la  Gran  Compra:  74815;2025-03-28;1900-01-01;2025-01-24;2025-02-07;Recepción  Conforme;74815;70.574.900-0;Regional  Araucania;FUNDACION  EDUCACIONAL  PARA  EL  DESAROLLO  INTEGRAL  DE  LA  NIÑEZ;Claro  Solar  Nº  1148;Temuco;FUNDACION  EDUCACIONAL  PARA  EL  DESAROLLO  INTEGRAL  DE  LA  NIÑEZ;1925034;TOALLA  DE  PAPEL  TORK  HOJA  SIMPLE  250  M  2  ROLLOS  REGIÓN  IX;TOALLA  DE  PAPEL;8967;7748;14;13500;104598000;No;SERVICIOS  INTEGRADOS  SIDAPT  LIMITADA;SERVICIOS  INTEGRADOS  SIDAPT  LIMITADA;76.299.358-9
2239-9-LR22;5800319;Convenio  Marco  de  Artículos  de  Aseo  e  Higiene;707423-15-CM25;52301458;Orden  de  Compra  generada  por  la  Gran  Compra:  74815;2025-03-28;1900-01-01;2025-01-24;2025-02-07;Recepción  Conforme;74815;70.574.900-0;Regional  Araucania;FUNDACION  EDUCACIONAL  PARA  EL  DESAROLLO  INTEGRAL  DE  LA  NIÑEZ;Claro  Solar  Nº  1148;Temuco;FUNDACION  EDUCACIONAL  PARA  EL  DESAROLLO  INTEGRAL  DE  LA  NIÑEZ;1921770;PAPEL  HIGIÉNICO  TORK  ALTO  METRAJE  DOBLE  HOJA  6  ROLLOS  250  M  1  PAQUETE  REGIÓN  IX;PAPEL  HIGIÉNICO;15662;11770;25;2520;29660400;No;SERVICIOS  INTEGRADOS  SIDAPT  LIMITADA;SERVICIOS  INTEGRADOS  SIDAPT  LIMITADA;76.299.358-9
2239-9-LR22;5800319;Convenio  Marco  de  Artículos  de  Aseo  e  Higiene;707423-15-CM25;52301458;Orden  de  Compra  generada  por  la  Gran  Compra:  74815;2025-03-28;1900-01-01;2025-01-24;2025-02-07;Recepción  Conforme;74815;70.574.900-0;Regional  Araucania;FUNDACION  EDUCACIONAL  PARA  EL  DESAROLLO  INTEGRAL  DE  LA  NIÑEZ;Claro  Solar  Nº  1148;Temuco;FUNDACION  EDUCACIONAL  PARA  EL  DESAROLLO  INTEGRAL  DE  LA  NIÑEZ;1946890;TOALLA  DE  PAPEL  ELITE  SABANILLA  PLUS  48  METROS  2  ROLLOS  UNIDAD  REGIÓN  IX;TOALLA  DE  PAPEL;5332;4156;22;200;831200;No;DISTRIBUIDORA  Y  COMERCIAL  DIMAK  LIMITADA;DISTRIBUIDORA  Y  COMERCIAL  DIMAK  LIMITADA;78.809.560-0
